/**
 * generated by fontconvert.py
 * name: notosans_8_regular
 * size: 8
 * mode: 1-bit
 * Command used: fontconvert.py notosans_8_regular 8 ../builtinFonts/source/NotoSans/NotoSans-Regular.ttf ../builtinFonts/source/NotoSansJP/NotoSansJP-Regular-jp-only.ttf --no-kerning --additional-intervals=0x3000,0x303F --additional-intervals=0x3040,0x309F --additional-intervals=0x30A0,0x30FF --additional-intervals=0x4E00,0x4E00 --additional-intervals=0x4E0A,0x4E0B --additional-intervals=0x4E21,0x4E21 --additional-intervals=0x4E2D,0x4E2D --additional-intervals=0x4E86,0x4E86 --additional-intervals=0x4ED6,0x4ED6 --additional-intervals=0x4ED8,0x4ED8 --additional-intervals=0x4EF6,0x4EF6 --additional-intervals=0x4F4D,0x4F4D --additional-intervals=0x4F53,0x4F53 --additional-intervals=0x4F59,0x4F59 --additional-intervals=0x4F5C,0x4F5C --additional-intervals=0x4F7F,0x4F7F --additional-intervals=0x4FDD,0x4FDD --additional-intervals=0x4FE1,0x4FE1 --additional-intervals=0x5099,0x5099 --additional-intervals=0x50BE,0x50BE --additional-intervals=0x50CF,0x50CF --additional-intervals=0x5148,0x5149 --additional-intervals=0x5165,0x5165 --additional-intervals=0x5168,0x5168 --additional-intervals=0x5185,0x5185 --additional-intervals=0x518D,0x518D --additional-intervals=0x51FA,0x51FA --additional-intervals=0x5206,0x5207 --additional-intervals=0x523B,0x523B --additional-intervals=0x524A,0x524A --additional-intervals=0x524D,0x524D --additional-intervals=0x526F,0x526F --additional-intervals=0x5272,0x5272 --additional-intervals=0x529B,0x529B --additional-intervals=0x529F,0x52A0 --additional-intervals=0x52B9,0x52B9 --additional-intervals=0x52D5,0x52D5 --additional-intervals=0x5316,0x5316 --additional-intervals=0x539F,0x539F --additional-intervals=0x53BB,0x53BB --additional-intervals=0x53CD,0x53CE --additional-intervals=0x53D6,0x53D7 --additional-intervals=0x53F3,0x53F3 --additional-intervals=0x53F7,0x53F7 --additional-intervals=0x5404,0x5404 --additional-intervals=0x5408,0x5408 --additional-intervals=0x540C,0x540D --additional-intervals=0x5411,0x5411 --additional-intervals=0x544A,0x544A --additional-intervals=0x56DE,0x56DE --additional-intervals=0x56E0,0x56E0 --additional-intervals=0x56F2,0x56F2 --additional-intervals=0x5728,0x5728 --additional-intervals=0x57CB,0x57CB --additional-intervals=0x5831,0x5831 --additional-intervals=0x5834,0x5834 --additional-intervals=0x5909,0x5909 --additional-intervals=0x5916,0x5916 --additional-intervals=0x5927,0x5927 --additional-intervals=0x592A,0x592A --additional-intervals=0x592E,0x592E --additional-intervals=0x5931,0x5931 --additional-intervals=0x5B57,0x5B58 --additional-intervals=0x5B8C,0x5B8C --additional-intervals=0x5B9A,0x5B9B --additional-intervals=0x5BB3,0x5BB3 --additional-intervals=0x5C0E,0x5C0F --additional-intervals=0x5C3E,0x5C3E --additional-intervals=0x5DE6,0x5DE6 --additional-intervals=0x5E38,0x5E38 --additional-intervals=0x5E83,0x5E83 --additional-intervals=0x5EA6,0x5EA6 --additional-intervals=0x5F53,0x5F53 --additional-intervals=0x5F79,0x5F79 --additional-intervals=0x5F97,0x5F97 --additional-intervals=0x5FC5,0x5FC5 --additional-intervals=0x60C5,0x60C5 --additional-intervals=0x614B,0x614B --additional-intervals=0x6210,0x6210 --additional-intervals=0x623B,0x623B --additional-intervals=0x629C,0x629C --additional-intervals=0x629E,0x629E --additional-intervals=0x62BC,0x62BC --additional-intervals=0x6357,0x6357 --additional-intervals=0x63A5,0x63A5 --additional-intervals=0x63C3,0x63C3 --additional-intervals=0x64CD,0x64CD --additional-intervals=0x6557,0x6557 --additional-intervals=0x6570,0x6570 --additional-intervals=0x6587,0x6587 --additional-intervals=0x65B0,0x65B0 --additional-intervals=0x65E2,0x65E2 --additional-intervals=0x65E5,0x65E5 --additional-intervals=0x6642,0x6642 --additional-intervals=0x6697,0x6697 --additional-intervals=0x66F4,0x66F4 --additional-intervals=0x66F8,0x66F8 --additional-intervals=0x66FF,0x6700 --additional-intervals=0x671F,0x671F --additional-intervals=0x672A,0x672C --additional-intervals=0x6790,0x6790 --additional-intervals=0x691C,0x691C --additional-intervals=0x69CB,0x69CB --additional-intervals=0x6A19,0x6A19 --additional-intervals=0x6A2A,0x6A2A --additional-intervals=0x6B21,0x6B21 --additional-intervals=0x6B62,0x6B63 --additional-intervals=0x6B8B,0x6B8B --additional-intervals=0x6BB5,0x6BB5 --additional-intervals=0x6BCE,0x6BCE --additional-intervals=0x6C7A,0x6C7A --additional-intervals=0x6CE8,0x6CE8 --additional-intervals=0x6D88,0x6D88 --additional-intervals=0x6DFB,0x6DFB --additional-intervals=0x6E08,0x6E08 --additional-intervals=0x6E90,0x6E90 --additional-intervals=0x6E96,0x6E96 --additional-intervals=0x7121,0x7121 --additional-intervals=0x7167,0x7167 --additional-intervals=0x7279,0x7279 --additional-intervals=0x72B6,0x72B6 --additional-intervals=0x72ED,0x72ED --additional-intervals=0x7387,0x7387 --additional-intervals=0x73FE,0x73FE --additional-intervals=0x7528,0x7528 --additional-intervals=0x753B,0x753B --additional-intervals=0x756A,0x756A --additional-intervals=0x767D,0x767D --additional-intervals=0x7684,0x7684 --additional-intervals=0x76EE,0x76EE --additional-intervals=0x77ED,0x77ED --additional-intervals=0x78BA,0x78BA --additional-intervals=0x793A,0x793A --additional-intervals=0x79D2,0x79D2 --additional-intervals=0x79FB,0x79FB --additional-intervals=0x7A7A,0x7A7A --additional-intervals=0x7AE0,0x7AE0 --additional-intervals=0x7AEF,0x7AEF --additional-intervals=0x7B2C,0x7B2C --additional-intervals=0x7B97,0x7B97 --additional-intervals=0x7BC4,0x7BC4 --additional-intervals=0x7C4D,0x7C4D --additional-intervals=0x7D19,0x7D19 --additional-intervals=0x7D22,0x7D22 --additional-intervals=0x7D30,0x7D30 --additional-intervals=0x7D42,0x7D42 --additional-intervals=0x7D9A,0x7D9A --additional-intervals=0x7DE8,0x7DE8 --additional-intervals=0x7E26,0x7E26 --additional-intervals=0x7F6E,0x7F6E --additional-intervals=0x811A,0x811A --additional-intervals=0x81EA,0x81EA --additional-intervals=0x822C,0x822C --additional-intervals=0x8272,0x8272 --additional-intervals=0x843D,0x843D --additional-intervals=0x884C,0x884C --additional-intervals=0x8868,0x8868 --additional-intervals=0x88DC,0x88DC --additional-intervals=0x8981,0x8981 --additional-intervals=0x898B,0x898B --additional-intervals=0x8996,0x8996 --additional-intervals=0x89E3,0x89E3 --additional-intervals=0x8A00,0x8A00 --additional-intervals=0x8A08,0x8A08 --additional-intervals=0x8A18,0x8A18 --additional-intervals=0x8A2D,0x8A2D --additional-intervals=0x8A3C,0x8A3C --additional-intervals=0x8A66,0x8A66 --additional-intervals=0x8A73,0x8A73 --additional-intervals=0x8A8D,0x8A8D --additional-intervals=0x8A9E,0x8A9E --additional-intervals=0x8AAD,0x8AAD --additional-intervals=0x8D77,0x8D77 --additional-intervals=0x8EE2,0x8EE2 --additional-intervals=0x8FBC,0x8FBC --additional-intervals=0x8FD1,0x8FD1 --additional-intervals=0x8FFD,0x8FFD --additional-intervals=0x9000,0x9001 --additional-intervals=0x9006,0x9006 --additional-intervals=0x9032,0x9032 --additional-intervals=0x9069,0x9069 --additional-intervals=0x9078,0x9078 --additional-intervals=0x914D,0x914D --additional-intervals=0x91CF,0x91CF --additional-intervals=0x9332,0x9332 --additional-intervals=0x9577,0x9577 --additional-intervals=0x958B,0x958B --additional-intervals=0x9593,0x9593 --additional-intervals=0x9664,0x9664 --additional-intervals=0x969B,0x969C --additional-intervals=0x96A0,0x96A0 --additional-intervals=0x96C6,0x96C6 --additional-intervals=0x96FB,0x96FB --additional-intervals=0x975E,0x975E --additional-intervals=0x9762,0x9762 --additional-intervals=0x9805,0x9805 --additional-intervals=0x983B,0x983B
 */
#pragma once
#include "EpdFontData.h"

static const uint8_t notosans_8_regularBitmaps[28421] = {
    0xDB, 0x6D, 0xB6, 0xC3, 0xF4, 0xDE, 0xF7, 0xBD, 0x80, 0x0D, 0x83, 0x30, 0x66, 0x3F, 0xF7, 0xFE,
    0x36, 0x04, 0xC7, 0xFE, 0xFF, 0xC6, 0x40, 0xD8, 0x1B, 0x00, 0x18, 0x18, 0xFE, 0xFE, 0xD8, 0xF8,
    0xFC, 0x3E, 0x1F, 0x1B, 0xFF, 0xFE, 0x38, 0x18, 0x00, 0x01, 0xE1, 0x86, 0xCC, 0x13, 0x30, 0xCD,
    0x83, 0x36, 0x86, 0xFF, 0x9F, 0xF6, 0x36, 0xD8, 0x1B, 0x60, 0xCD, 0x87, 0x36, 0x18, 0x78, 0x00,
    0x80, 0x00, 0x01, 0xF8, 0x0F, 0xC0, 0x66, 0x03, 0x30, 0x1F, 0x80, 0x70, 0x0F, 0xCE, 0x67, 0x63,
    0x1F, 0x18, 0x70, 0xFF, 0xC3, 0xF7, 0x04, 0x00, 0xFF, 0xC0, 0x39, 0x9C, 0xC6, 0x73, 0x9C, 0xE7,
    0x18, 0xC7, 0x18, 0x60, 0xE3, 0x1C, 0x63, 0x1C, 0xE7, 0x39, 0xCC, 0x67, 0x33, 0x00, 0x1C, 0x0E,
    0x13, 0x5F, 0xF7, 0xF1, 0xF0, 0xD8, 0x6C, 0x0C, 0x06, 0x03, 0x0F, 0xFF, 0xF8, 0x60, 0x30, 0x18,
    0x08, 0x00, 0x66, 0x6C, 0x40, 0x77, 0xDE, 0x1F, 0xA0, 0x0C, 0x18, 0x70, 0xC1, 0x86, 0x0C, 0x38,
    0x60, 0xC3, 0x86, 0x00, 0x00, 0x1F, 0x1F, 0xCC, 0x76, 0x1B, 0x0F, 0x87, 0xC3, 0x61, 0xB0, 0xD8,
    0xEE, 0xE3, 0xE0, 0x40, 0x1B, 0xFE, 0xB1, 0x8C, 0x63, 0x18, 0xC6, 0x30, 0x00, 0x3F, 0x1F, 0xC0,
    0x70, 0x38, 0x18, 0x1C, 0x0C, 0x0C, 0x0C, 0x0C, 0x0F, 0xFF, 0xF8, 0x00, 0x3F, 0x9F, 0xC0, 0x70,
    0x38, 0x38, 0xF8, 0x7E, 0x03, 0x80, 0xC0, 0xFC, 0xEF, 0xF0, 0xC0, 0x07, 0x03, 0xC0, 0xF0, 0x6C,
    0x3B, 0x0C, 0xC6, 0x33, 0x8C, 0xFF, 0xFF, 0xE0, 0x30, 0x0C, 0xFE, 0xFE, 0xC0, 0xC0, 0xF8, 0xFE,
    0x0F, 0x03, 0x03, 0x07, 0xEE, 0xFC, 0x30, 0x00, 0x0F, 0x8F, 0xCE, 0x06, 0x03, 0x71, 0xFC, 0xE7,
    0x61, 0xB0, 0xD8, 0x6E, 0xF3, 0xF0, 0x60, 0xFF, 0xBF, 0xC0, 0xE0, 0x60, 0x70, 0x30, 0x38, 0x18,
    0x1C, 0x0C, 0x06, 0x07, 0x00, 0x00, 0x1F, 0x9F, 0xCC, 0x76, 0x3B, 0xB8, 0xF8, 0x7E, 0x63, 0xF0,
    0xF8, 0x6E, 0x73, 0xF0, 0x40, 0x00, 0x1F, 0x1F, 0xCC, 0x7E, 0x1F, 0x0D, 0x8E, 0xFF, 0x3D, 0x81,
    0xC0, 0xC1, 0xE7, 0xE1, 0x80, 0x1F, 0x80, 0x00, 0xFD, 0x00, 0x07, 0x60, 0x00, 0x00, 0x66, 0x6C,
    0x00, 0x00, 0x00, 0xC1, 0xE3, 0xC7, 0x83, 0x80, 0xF8, 0x1F, 0x01, 0x80, 0x00, 0x7F, 0x3F, 0xC0,
    0x00, 0x07, 0xFB, 0xFC, 0x00, 0x70, 0x1E, 0x03, 0xC0, 0x78, 0x3C, 0x7C, 0xF0, 0xE0, 0x00, 0x00,
    0x01, 0xFB, 0xF8, 0x30, 0x61, 0xC7, 0x1C, 0x30, 0x60, 0x01, 0x83, 0x00, 0x00, 0x07, 0xE0, 0x3F,
    0xF0, 0xE0, 0x63, 0x9F, 0x66, 0x7E, 0xCD, 0x8D, 0x9B, 0x1B, 0x36, 0x76, 0x6C, 0xEC, 0xCF, 0xF1,
    0x88, 0x41, 0xC1, 0x01, 0xFE, 0x00, 0xF8, 0x00, 0x0E, 0x01, 0xC0, 0x78, 0x0D, 0x81, 0xB0, 0x67,
    0x0C, 0x63, 0xFC, 0x7F, 0xCC, 0x1B, 0x03, 0x60, 0x30, 0xFF, 0x7F, 0xF8, 0xFC, 0x3E, 0x3F, 0xFB,
    0xFF, 0xC3, 0xE1, 0xF0, 0xFF, 0xFF, 0xE0, 0x00, 0x0F, 0xE7, 0xFB, 0x80, 0xC0, 0x30, 0x0C, 0x03,
    0x00, 0xC0, 0x30, 0x0E, 0x01, 0xFE, 0x3F, 0x81, 0x80, 0xFF, 0x1F, 0xF3, 0x87, 0x70, 0x6E, 0x0D,
    0xC1, 0xF8, 0x3F, 0x06, 0xE0, 0xDC, 0x3B, 0xFE, 0x7F, 0x80, 0xFF, 0xFE, 0xE0, 0xE0, 0xE0, 0xFE,
    0xFE, 0xE0, 0xE0, 0xE0, 0xFE, 0xFF, 0xFF, 0xFE, 0xE0, 0xE0, 0xE0, 0xFE, 0xFE, 0xE0, 0xE0, 0xE0,
    0xE0, 0xE0, 0x00, 0x07, 0xF7, 0xFD, 0x80, 0xE0, 0x30, 0x0C, 0x3F, 0x1F, 0xC0, 0xF0, 0x3E, 0x0D,
    0xFF, 0x3F, 0xC1, 0x80, 0xC0, 0xF8, 0x3E, 0x0F, 0x83, 0xE0, 0xFF, 0xFF, 0xFF, 0x83, 0xE0, 0xF8,
    0x3E, 0x0F, 0x83, 0xFB, 0x8C, 0x63, 0x18, 0xC6, 0x31, 0x8D, 0xF0, 0x18, 0x61, 0x86, 0x18, 0x61,
    0x86, 0x18, 0x61, 0x86, 0x19, 0xEF, 0x90, 0xC1, 0xB8, 0xCE, 0x63, 0xB8, 0xFC, 0x3E, 0x0F, 0xC3,
    0xB0, 0xE6, 0x39, 0xCE, 0x3B, 0x86, 0xC0, 0xE0, 0xE0, 0xE0, 0xE0, 0xE0, 0xE0, 0xE0, 0xE0, 0xE0,
    0xFE, 0xFF, 0xE0, 0x3F, 0x83, 0xFC, 0x1F, 0xE0, 0xFD, 0x8D, 0xEC, 0x6F, 0x77, 0x79, 0xB3, 0xCD,
    0x9E, 0x38, 0xF1, 0xC7, 0x8E, 0x30, 0xE0, 0xDE, 0x1B, 0xC3, 0x7C, 0x6D, 0xCD, 0x99, 0xB3, 0xB6,
    0x3E, 0xC3, 0xD8, 0x7B, 0x07, 0x60, 0x60, 0x00, 0x07, 0xF1, 0xFF, 0x70, 0x7C, 0x07, 0x80, 0xF0,
    0x1E, 0x03, 0xC0, 0x78, 0x0F, 0x83, 0xBF, 0xE3, 0xF8, 0x08, 0x00, 0xFE, 0x7F, 0xB8, 0xDC, 0x7E,
    0x37, 0x3B, 0xF9, 0xF0, 0xE0, 0x70, 0x38, 0x1C, 0x00, 0x00, 0x07, 0xF1, 0xFF, 0x70, 0x7C, 0x07,
    0x80, 0xF0, 0x1E, 0x03, 0xC0, 0x78, 0x0F, 0x83, 0xBF, 0xE3, 0xF8, 0x0F, 0x00, 0x70, 0x0E, 0xFE,
    0x3F, 0xCE, 0x33, 0x8E, 0xE3, 0x3F, 0xCF, 0xE3, 0xB8, 0xE6, 0x39, 0xCE, 0x3B, 0x86, 0x00, 0x1F,
    0x9F, 0xCC, 0x06, 0x03, 0x80, 0xF0, 0x3E, 0x03, 0x81, 0xC0, 0xFF, 0xE7, 0xE0, 0xC0, 0xFF, 0xBF,
    0xE0, 0xC0, 0x30, 0x0C, 0x03, 0x00, 0xC0, 0x30, 0x0C, 0x03, 0x00, 0xC0, 0x30, 0xC0, 0xF0, 0x3C,
    0x0F, 0x03, 0xC0, 0xF0, 0x3C, 0x0F, 0x03, 0xC0, 0xF8, 0x77, 0xF8, 0xFC, 0x0C, 0x00, 0xC0, 0xF0,
    0x3E, 0x1D, 0x86, 0x63, 0x8C, 0xC3, 0x30, 0xFC, 0x1E, 0x07, 0x81, 0xE0, 0x30, 0xC3, 0x87, 0xE3,
    0x86, 0xE3, 0xC6, 0x63, 0xCE, 0x66, 0xCC, 0x76, 0xCC, 0x36, 0x6C, 0x3E, 0x7C, 0x3C, 0x78, 0x3C,
    0x78, 0x1C, 0x38, 0x18, 0x38, 0xE1, 0xD8, 0x67, 0x30, 0xFC, 0x1E, 0x07, 0x01, 0xE0, 0x78, 0x37,
    0x1C, 0xE6, 0x1B, 0x07, 0xC1, 0xF8, 0x66, 0x39, 0xCC, 0x36, 0x07, 0x81, 0xC0, 0x30, 0x0C, 0x03,
    0x00, 0xC0, 0x30, 0xFF, 0xBF, 0xC0, 0xC0, 0xE0, 0xE0, 0x60, 0x70, 0x70, 0x30, 0x38, 0x3F, 0xFF,
    0xF0, 0xF7, 0xB1, 0x8C, 0x63, 0x18, 0xC6, 0x31, 0x8C, 0x7B, 0xC0, 0xC1, 0xC1, 0x83, 0x07, 0x06,
    0x0C, 0x0C, 0x18, 0x30, 0x30, 0x60, 0xFF, 0xCE, 0x73, 0x9C, 0xE7, 0x39, 0xCE, 0x73, 0xFF, 0xC0,
    0x0C, 0x0E, 0x07, 0x86, 0xC3, 0x33, 0x19, 0x87, 0x83, 0x7F, 0xBF, 0xC0, 0xE3, 0x8C, 0x00, 0x3F,
    0x37, 0x03, 0x1F, 0x7F, 0x63, 0xE3, 0x67, 0x7F, 0x10, 0xC0, 0x60, 0x30, 0x18, 0x0F, 0xE7, 0xFB,
    0x8D, 0x87, 0xC3, 0xE1, 0xF8, 0xDE, 0xEF, 0xE0, 0x40, 0x00, 0x3F, 0x7E, 0x60, 0x60, 0x60, 0x60,
    0x60, 0x7F, 0x3F, 0x0C, 0x01, 0x80, 0xC0, 0x60, 0x33, 0xFB, 0xFD, 0x86, 0xC3, 0x61, 0xB0, 0xD8,
    0x6E, 0xF3, 0xF8, 0x40, 0x00, 0x1F, 0x9F, 0xCC, 0x77, 0xFB, 0xFD, 0x80, 0xC0, 0x7B, 0x1F, 0x81,
    0x00, 0x1E, 0x7C, 0xC3, 0x8F, 0xDF, 0x1C, 0x38, 0x70, 0xE1, 0xC3, 0x87, 0x00, 0x00, 0x1F, 0xDF,
    0xEC, 0x36, 0x1B, 0x0D, 0x86, 0xC3, 0x73, 0x9F, 0xC2, 0x60, 0x37, 0xFB, 0xF8, 0xC0, 0xC0, 0xC0,
    0xC0, 0xFE, 0xFF, 0xE3, 0xC3, 0xC3, 0xC3, 0xC3, 0xC3, 0xC3, 0x5B, 0x0D, 0xB6, 0xDB, 0x6C, 0x11,
    0x8C, 0x03, 0x18, 0xC6, 0x31, 0x8C, 0x63, 0x18, 0xDE, 0xF0, 0xC0, 0xC0, 0xC0, 0xC0, 0xC7, 0xCE,
    0xDC, 0xF8, 0xF8, 0xFC, 0xCC, 0xCE, 0xC7, 0xFF, 0xFF, 0xFF, 0xC0, 0x00, 0x03, 0xFB, 0xEF, 0xFF,
    0xB8, 0xC7, 0xC3, 0x1F, 0x0C, 0x7C, 0x31, 0xF0, 0xC7, 0xC3, 0x1F, 0x0C, 0x70, 0x00, 0xFE, 0xFF,
    0xE3, 0xC3, 0xC3, 0xC3, 0xC3, 0xC3, 0xC3, 0x00, 0x0F, 0xC7, 0xF9, 0x86, 0x61, 0x98, 0x76, 0x19,
    0x86, 0x73, 0x8F, 0xC0, 0xC0, 0x00, 0x7F, 0x3F, 0xDC, 0x6C, 0x3E, 0x1F, 0x0F, 0xC6, 0xF7, 0x7F,
    0x32, 0x18, 0x0C, 0x06, 0x00, 0x00, 0x1F, 0xDF, 0xEC, 0x36, 0x1B, 0x0D, 0x86, 0xC3, 0x73, 0x9F,
    0xC2, 0x60, 0x30, 0x18, 0x0C, 0x03, 0xFF, 0xF8, 0xC3, 0x0C, 0x30, 0xC3, 0x00, 0x00, 0x7E, 0x7E,
    0xE0, 0x78, 0x3E, 0x0E, 0x07, 0x66, 0x7E, 0x10, 0x21, 0x8F, 0xFE, 0x61, 0x86, 0x18, 0x61, 0xC3,
    0xC2, 0xC3, 0xC3, 0xC3, 0xC3, 0xC3, 0xC3, 0xC3, 0xEF, 0x7F, 0x10, 0xC3, 0xE1, 0x98, 0xCC, 0xE7,
    0x61, 0xB0, 0xF0, 0x78, 0x1C, 0x00, 0xC7, 0x1E, 0x38, 0xF9, 0xCE, 0xDB, 0x66, 0xDB, 0x36, 0xD8,
    0xE3, 0xC7, 0x1C, 0x38, 0xE0, 0xE3, 0x3B, 0x8D, 0x87, 0x81, 0xC1, 0xE0, 0xD8, 0xCE, 0xE3, 0x80,
    0xC3, 0xF1, 0x98, 0xCC, 0xE7, 0x61, 0xB0, 0xF0, 0x38, 0x1C, 0x0C, 0x06, 0x1E, 0x0F, 0x00, 0x7E,
    0x7E, 0x0E, 0x1C, 0x18, 0x30, 0x70, 0x7E, 0xFF, 0x1C, 0xF3, 0x0C, 0x30, 0xCF, 0x38, 0x70, 0xC3,
    0x0C, 0x30, 0x70, 0xC0, 0x6D, 0xB6, 0xDB, 0x6D, 0xB6, 0xDB, 0x60, 0xE3, 0xC3, 0x0C, 0x30, 0xC3,
    0xC7, 0x38, 0xC3, 0x0C, 0x33, 0xCE, 0x00, 0x7D, 0xFF, 0xC0, 0x80, 0x1F, 0x8D, 0xB6, 0xDB, 0x6C,
    0x00, 0x00, 0x18, 0x3E, 0x7E, 0x60, 0xE0, 0xC0, 0xC0, 0xE0, 0x60, 0x7E, 0x3E, 0x18, 0x08, 0x00,
    0x0F, 0xCF, 0xE6, 0x03, 0x01, 0x83, 0xF9, 0xFC, 0x30, 0x18, 0x0C, 0x1F, 0xFF, 0xF8, 0x49, 0x3F,
    0xCC, 0xCC, 0x66, 0x13, 0x99, 0xFC, 0xDB, 0xC1, 0x98, 0x66, 0x30, 0xCC, 0x36, 0x07, 0x87, 0xF1,
    0xFC, 0x3F, 0x1F, 0xC0, 0xC0, 0x30, 0x6D, 0xB6, 0xD8, 0x01, 0x36, 0xDB, 0x60, 0x3E, 0x7E, 0x60,
    0x78, 0x3E, 0x6F, 0x63, 0x73, 0x3E, 0x0E, 0x03, 0x67, 0x7E, 0x00, 0x03, 0x6C, 0x80, 0x00, 0x00,
    0x7F, 0x03, 0x87, 0x1D, 0xEC, 0x6F, 0x99, 0x30, 0x2C, 0xC0, 0xB3, 0x02, 0x4C, 0x09, 0xBE, 0x66,
    0x7B, 0x0E, 0x1C, 0x1F, 0xE0, 0x0C, 0x00, 0x01, 0xE0, 0x9F, 0xCF, 0xF7, 0x80, 0x1B, 0x37, 0x7E,
    0xEC, 0x6E, 0x37, 0x1B, 0x00, 0x7F, 0xFF, 0xC0, 0x60, 0x30, 0x18, 0x77, 0xDE, 0x00, 0x00, 0x7F,
    0x03, 0x87, 0x1F, 0xEC, 0x6F, 0xD9, 0x33, 0x2C, 0xFC, 0xB3, 0xE2, 0x4D, 0x89, 0xB3, 0x66, 0xCF,
    0x0E, 0x1C, 0x1F, 0xE0, 0x0C, 0x00, 0x7F, 0xDF, 0xF0, 0x00, 0xF9, 0xB2, 0x36, 0xCF, 0x80, 0x00,
    0x0C, 0x06, 0x03, 0x0F, 0xF7, 0xF8, 0x60, 0x30, 0x18, 0x7F, 0xFF, 0xC0, 0x33, 0xE5, 0x86, 0x18,
    0xC6, 0x3E, 0x00, 0x33, 0xE1, 0x86, 0x78, 0x30, 0xFE, 0x20, 0x33, 0xB8, 0xC3, 0xC3, 0xC3, 0xC3,
    0xC3, 0xC3, 0xC3, 0xE7, 0xFF, 0xD0, 0xC0, 0xC0, 0xC0, 0x3F, 0x9F, 0xF7, 0xED, 0xFB, 0x7E, 0xDF,
    0xB7, 0xED, 0xFB, 0x3E, 0xC1, 0xB0, 0x6C, 0x1B, 0x06, 0xC1, 0xB0, 0x6C, 0x00, 0x1F, 0xA0, 0x67,
    0x3E, 0x07, 0xF3, 0x33, 0x33, 0x00, 0x01, 0xEC, 0xF3, 0xCD, 0xF7, 0x80, 0x4C, 0x6E, 0x36, 0x3B,
    0x37, 0x6E, 0x6C, 0x00, 0x30, 0x67, 0x86, 0x1C, 0x70, 0x63, 0x03, 0x32, 0x19, 0xB8, 0xDB, 0xC3,
    0xDE, 0x0D, 0xB0, 0xDF, 0xC6, 0x7C, 0x60, 0x60, 0x70, 0xC7, 0x86, 0x0C, 0x60, 0x66, 0x03, 0x36,
    0x1B, 0xF8, 0xDA, 0x43, 0x86, 0x18, 0x30, 0xC3, 0x0C, 0x30, 0xE3, 0xF0, 0x00, 0x07, 0xC3, 0x36,
    0x18, 0x31, 0x87, 0x8C, 0x0E, 0xC8, 0x3C, 0xDF, 0x6E, 0x76, 0xF0, 0x37, 0x83, 0x7E, 0x33, 0xF1,
    0x83, 0x00, 0x00, 0x38, 0x70, 0x01, 0x83, 0x06, 0x38, 0x61, 0x83, 0x07, 0x77, 0xE3, 0x00, 0x18,
    0x01, 0x80, 0x18, 0x00, 0x00, 0xE0, 0x1C, 0x07, 0x80, 0xD8, 0x1B, 0x06, 0x70, 0xC6, 0x3F, 0xC7,
    0xFC, 0xC1, 0xB0, 0x36, 0x03, 0x07, 0x00, 0xC0, 0x30, 0x00, 0x00, 0xE0, 0x1C, 0x07, 0x80, 0xD8,
    0x1B, 0x06, 0x70, 0xC6, 0x3F, 0xC7, 0xFC, 0xC1, 0xB0, 0x36, 0x03, 0x0E, 0x03, 0xC0, 0xEC, 0x00,
    0x00, 0xE0, 0x1C, 0x07, 0x80, 0xD8, 0x1B, 0x06, 0x70, 0xC6, 0x3F, 0xC7, 0xFC, 0xC1, 0xB0, 0x36,
    0x03, 0x09, 0x07, 0xF0, 0xDC, 0x00, 0x00, 0xE0, 0x1C, 0x07, 0x80, 0xD8, 0x1B, 0x06, 0x70, 0xC6,
    0x3F, 0xC7, 0xFC, 0xC1, 0xB0, 0x36, 0x03, 0x00, 0x03, 0x60, 0x6C, 0x00, 0x00, 0xE0, 0x1C, 0x07,
    0x80, 0xD8, 0x1B, 0x06, 0x70, 0xC6, 0x3F, 0xC7, 0xFC, 0xC1, 0xB0, 0x36, 0x03, 0x0E, 0x03, 0xC0,
    0x68, 0x07, 0x00, 0xE0, 0x3C, 0x06, 0xC0, 0xD8, 0x33, 0x86, 0x31, 0xFE, 0x3F, 0xE6, 0x0D, 0x81,
    0xB0, 0x18, 0x03, 0xFE, 0x07, 0xFC, 0x1B, 0x00, 0x36, 0x00, 0xCC, 0x01, 0x9F, 0xC7, 0x3F, 0x8F,
    0xE0, 0x3F, 0xC0, 0x61, 0x81, 0xC3, 0xFB, 0x07, 0xF0, 0x00, 0x0F, 0xE7, 0xFB, 0x80, 0xC0, 0x30,
    0x0C, 0x03, 0x00, 0xC0, 0x30, 0x0E, 0x01, 0xFE, 0x3F, 0x83, 0x80, 0xE0, 0x18, 0x1E, 0x00, 0x30,
    0x38, 0x18, 0x00, 0xFF, 0xFE, 0xE0, 0xE0, 0xE0, 0xFE, 0xFE, 0xE0, 0xE0, 0xE0, 0xFE, 0xFF, 0x0E,
    0x0C, 0x18, 0x00, 0xFF, 0xFE, 0xE0, 0xE0, 0xE0, 0xFE, 0xFE, 0xE0, 0xE0, 0xE0, 0xFE, 0xFF, 0x18,
    0x3C, 0x66, 0x00, 0xFF, 0xFE, 0xE0, 0xE0, 0xE0, 0xFE, 0xFE, 0xE0, 0xE0, 0xE0, 0xFE, 0xFF, 0x00,
    0x76, 0x24, 0x00, 0xFF, 0xFE, 0xE0, 0xE0, 0xE0, 0xFE, 0xFE, 0xE0, 0xE0, 0xE0, 0xFE, 0xFF, 0xE3,
    0x8C, 0x0F, 0xB8, 0xC6, 0x31, 0x8C, 0x63, 0x18, 0xDF, 0x18, 0xE3, 0x00, 0xF9, 0xC3, 0x0C, 0x30,
    0xC3, 0x0C, 0x30, 0xC3, 0x3E, 0x71, 0xED, 0xC0, 0xF9, 0xC3, 0x0C, 0x30, 0xC3, 0x0C, 0x30, 0xC3,
    0x3E, 0x03, 0x74, 0x80, 0xF9, 0xC3, 0x0C, 0x30, 0xC3, 0x0C, 0x30, 0xC3, 0x3E, 0x7F, 0x87, 0xFC,
    0x70, 0xE7, 0x06, 0x70, 0x6F, 0xC7, 0xFE, 0x77, 0x06, 0x70, 0x67, 0x0E, 0x7F, 0xC7, 0xF8, 0x08,
    0x07, 0xF0, 0xDC, 0x00, 0x0E, 0x0D, 0xE1, 0xBC, 0x37, 0xC6, 0xDC, 0xD9, 0x9B, 0x3B, 0x63, 0xEC,
    0x3D, 0x87, 0xB0, 0x76, 0x06, 0x1C, 0x01, 0x80, 0x18, 0x00, 0x03, 0xF8, 0xFF, 0xB8, 0x3E, 0x03,
    0xC0, 0x78, 0x0F, 0x01, 0xE0, 0x3C, 0x07, 0xC1, 0xDF, 0xF1, 0xFC, 0x04, 0x00, 0x03, 0x00, 0xE0,
    0x38, 0x00, 0x03, 0xF8, 0xFF, 0xB8, 0x3E, 0x03, 0xC0, 0x78, 0x0F, 0x01, 0xE0, 0x3C, 0x07, 0xC1,
    0xDF, 0xF1, 0xFC, 0x04, 0x00, 0x0E, 0x03, 0xE0, 0x6C, 0x00, 0x03, 0xF8, 0xFF, 0xB8, 0x3E, 0x03,
    0xC0, 0x78, 0x0F, 0x01, 0xE0, 0x3C, 0x07, 0xC1, 0xDF, 0xF1, 0xFC, 0x04, 0x00, 0x08, 0x83, 0xF0,
    0xDC, 0x00, 0x03, 0xF8, 0xFF, 0xB8, 0x3E, 0x03, 0xC0, 0x78, 0x0F, 0x01, 0xE0, 0x3C, 0x07, 0xC1,
    0xDF, 0xF1, 0xFC, 0x04, 0x00, 0x00, 0x03, 0x60, 0x6C, 0x00, 0x03, 0xF8, 0xFF, 0xB8, 0x3E, 0x03,
    0xC0, 0x78, 0x0F, 0x01, 0xE0, 0x3C, 0x07, 0xC1, 0xDF, 0xF1, 0xFC, 0x04, 0x00, 0xC2, 0xC7, 0x6E,
    0x3C, 0x38, 0x7C, 0xE6, 0xC2, 0x00, 0x47, 0xF9, 0xFF, 0x70, 0xFC, 0x3F, 0x8E, 0xF1, 0x9E, 0x63,
    0xDC, 0x7F, 0x0F, 0xC3, 0xBF, 0xEF, 0xF8, 0x88, 0x00, 0x18, 0x07, 0x00, 0xC0, 0x00, 0xC0, 0xF0,
    0x3C, 0x0F, 0x03, 0xC0, 0xF0, 0x3C, 0x0F, 0x03, 0xC0, 0xF8, 0x77, 0xF8, 0xFC, 0x0C, 0x00, 0x07,
    0x01, 0x80, 0xC0, 0x00, 0xC0, 0xF0, 0x3C, 0x0F, 0x03, 0xC0, 0xF0, 0x3C, 0x0F, 0x03, 0xC0, 0xF8,
    0x77, 0xF8, 0xFC, 0x0C, 0x00, 0x0C, 0x07, 0x83, 0x30, 0x00, 0xC0, 0xF0, 0x3C, 0x0F, 0x03, 0xC0,
    0xF0, 0x3C, 0x0F, 0x03, 0xC0, 0xF8, 0x77, 0xF8, 0xFC, 0x0C, 0x00, 0x00, 0x0E, 0xC1, 0x20, 0x00,
    0xC0, 0xF0, 0x3C, 0x0F, 0x03, 0xC0, 0xF0, 0x3C, 0x0F, 0x03, 0xC0, 0xF8, 0x77, 0xF8, 0xFC, 0x0C,
    0x00, 0x06, 0x03, 0x80, 0xC0, 0x00, 0xC1, 0xF8, 0x66, 0x39, 0xCC, 0x36, 0x07, 0x81, 0xC0, 0x30,
    0x0C, 0x03, 0x00, 0xC0, 0x30, 0xC0, 0x70, 0x3F, 0x9F, 0xEE, 0x37, 0x1F, 0x8F, 0xCE, 0xFE, 0x7E,
    0x38, 0x1C, 0x00, 0x7E, 0x7F, 0xB0, 0xD8, 0x6C, 0xE6, 0x63, 0x31, 0x9C, 0xC7, 0x61, 0xF0, 0x7B,
    0x7D, 0xF0, 0x20, 0x38, 0x18, 0x0C, 0x00, 0x3F, 0x37, 0x03, 0x1F, 0x7F, 0x63, 0xE3, 0x67, 0x7F,
    0x10, 0x06, 0x0E, 0x0C, 0x00, 0x3F, 0x37, 0x03, 0x1F, 0x7F, 0x63, 0xE3, 0x67, 0x7F, 0x10, 0x1C,
    0x3E, 0x37, 0x00, 0x3F, 0x37, 0x03, 0x1F, 0x7F, 0x63, 0xE3, 0x67, 0x7F, 0x10, 0x11, 0x3F, 0x6E,
    0x00, 0x3F, 0x37, 0x03, 0x1F, 0x7F, 0x63, 0xE3, 0x67, 0x7F, 0x10, 0x00, 0x36, 0x36, 0x00, 0x3F,
    0x37, 0x03, 0x1F, 0x7F, 0x63, 0xE3, 0x67, 0x7F, 0x10, 0x1C, 0x1E, 0x16, 0x1C, 0x00, 0x3F, 0x37,
    0x03, 0x1F, 0x7F, 0x63, 0xE3, 0x67, 0x7F, 0x10, 0x00, 0x01, 0xFB, 0xE7, 0x7F, 0x80, 0xC7, 0x1F,
    0xFD, 0xFF, 0xF6, 0x30, 0x38, 0xE0, 0x67, 0xD9, 0xF3, 0xE1, 0x02, 0x00, 0x00, 0x3F, 0x7E, 0x60,
    0x60, 0x60, 0x60, 0x60, 0x7F, 0x3F, 0x0C, 0x0C, 0x06, 0x1C, 0x38, 0x0E, 0x03, 0x00, 0x03, 0xF3,
    0xF9, 0x8E, 0xFF, 0x7F, 0xB0, 0x18, 0x0F, 0x63, 0xF0, 0x20, 0x06, 0x07, 0x03, 0x00, 0x03, 0xF3,
    0xF9, 0x8E, 0xFF, 0x7F, 0xB0, 0x18, 0x0F, 0x63, 0xF0, 0x20, 0x1C, 0x0F, 0x0D, 0xC0, 0x03, 0xF3,
    0xF9, 0x8E, 0xFF, 0x7F, 0xB0, 0x18, 0x0F, 0x63, 0xF0, 0x20, 0x00, 0x1B, 0x0C, 0x80, 0x03, 0xF3,
    0xF9, 0x8E, 0xFF, 0x7F, 0xB0, 0x18, 0x0F, 0x63, 0xF0, 0x20, 0x63, 0x8E, 0x03, 0x18, 0xC6, 0x31,
    0x8C, 0x63, 0x00, 0x76, 0xC0, 0xCC, 0xCC, 0xCC, 0xCC, 0xC0, 0x31, 0xEC, 0xC0, 0x30, 0xC3, 0x0C,
    0x30, 0xC3, 0x0C, 0x30, 0x03, 0xB4, 0x80, 0x30, 0xC3, 0x0C, 0x30, 0xC3, 0x0C, 0x30, 0x19, 0x07,
    0xC1, 0xE0, 0xEC, 0x03, 0x8F, 0xE7, 0xF9, 0x87, 0x61, 0xD8, 0x66, 0x19, 0xCE, 0x3F, 0x03, 0x00,
    0x22, 0x7E, 0x7E, 0x00, 0xFE, 0xFF, 0xE3, 0xC3, 0xC3, 0xC3, 0xC3, 0xC3, 0xC3, 0x18, 0x07, 0x00,
    0xC0, 0x00, 0x3F, 0x1F, 0xE6, 0x19, 0x86, 0x61, 0xD8, 0x66, 0x19, 0xCE, 0x3F, 0x03, 0x00, 0x07,
    0x01, 0x80, 0xC0, 0x00, 0x3F, 0x1F, 0xE6, 0x19, 0x86, 0x61, 0xD8, 0x66, 0x19, 0xCE, 0x3F, 0x03,
    0x00, 0x0C, 0x07, 0x83, 0x30, 0x00, 0x3F, 0x1F, 0xE6, 0x19, 0x86, 0x61, 0xD8, 0x66, 0x19, 0xCE,
    0x3F, 0x03, 0x00, 0x11, 0x0F, 0xC2, 0xF0, 0x00, 0x3F, 0x1F, 0xE6, 0x19, 0x86, 0x61, 0xD8, 0x66,
    0x19, 0xCE, 0x3F, 0x03, 0x00, 0x00, 0x0E, 0xC1, 0x20, 0x00, 0x3F, 0x1F, 0xE6, 0x19, 0x86, 0x61,
    0xD8, 0x66, 0x19, 0xCE, 0x3F, 0x03, 0x00, 0x0C, 0x0E, 0x02, 0x0F, 0xFF, 0xF8, 0x00, 0x30, 0x18,
    0x00, 0x0F, 0xE7, 0xF9, 0x9E, 0x67, 0x9B, 0x77, 0xD9, 0xE6, 0x73, 0x9F, 0xC6, 0xC0, 0x30, 0x38,
    0x1C, 0x00, 0xC3, 0xC3, 0xC3, 0xC3, 0xC3, 0xC3, 0xC3, 0xEF, 0x7F, 0x10, 0x0E, 0x0C, 0x18, 0x00,
    0xC3, 0xC3, 0xC3, 0xC3, 0xC3, 0xC3, 0xC3, 0xEF, 0x7F, 0x10, 0x18, 0x3C, 0x66, 0x00, 0xC3, 0xC3,
    0xC3, 0xC3, 0xC3, 0xC3, 0xC3, 0xEF, 0x7F, 0x10, 0x00, 0x76, 0x24, 0x00, 0xC3, 0xC3, 0xC3, 0xC3,
    0xC3, 0xC3, 0xC3, 0xEF, 0x7F, 0x10, 0x0E, 0x06, 0x06, 0x00, 0x0C, 0x3F, 0x19, 0x8C, 0xCE, 0x76,
    0x1B, 0x0F, 0x03, 0x81, 0xC0, 0xC0, 0x61, 0xE0, 0xF0, 0x00, 0xC0, 0x60, 0x30, 0x18, 0x0F, 0xE7,
    0xFB, 0x8D, 0x87, 0xC3, 0xE1, 0xF8, 0xDE, 0xEF, 0xE6, 0x43, 0x01, 0x80, 0xC0, 0x00, 0x00, 0x1B,
    0x09, 0x80, 0x0C, 0x3F, 0x19, 0x8C, 0xCE, 0x76, 0x1B, 0x0F, 0x03, 0x81, 0xC0, 0xC0, 0x61, 0xE0,
    0xF0, 0x00, 0x1F, 0x07, 0xE0, 0x00, 0x07, 0x00, 0xE0, 0x3C, 0x06, 0xC0, 0xD8, 0x33, 0x86, 0x31,
    0xFE, 0x3F, 0xE6, 0x0D, 0x81, 0xB0, 0x18, 0x3E, 0x3F, 0x00, 0x3F, 0x37, 0x03, 0x1F, 0x7F, 0x63,
    0xE3, 0x67, 0x7F, 0x10, 0x11, 0x03, 0xE0, 0x78, 0x00, 0x00, 0xE0, 0x1C, 0x07, 0x80, 0xD8, 0x1B,
    0x06, 0x70, 0xC6, 0x3F, 0xC7, 0xFC, 0xC1, 0xB0, 0x36, 0x03, 0x22, 0x3E, 0x1E, 0x00, 0x3F, 0x37,
    0x03, 0x1F, 0x7F, 0x63, 0xE3, 0x67, 0x7F, 0x10, 0x0E, 0x01, 0xC0, 0x78, 0x0D, 0x81, 0xB0, 0x67,
    0x0C, 0x63, 0xFC, 0x7F, 0xCC, 0x1B, 0x03, 0x60, 0x30, 0x0C, 0x01, 0x80, 0x38, 0x07, 0x00, 0x1F,
    0x8D, 0xC0, 0x61, 0xF3, 0xF9, 0x8D, 0xC6, 0x67, 0x3F, 0x84, 0xC0, 0xC0, 0x78, 0x1C, 0x07, 0x01,
    0x80, 0xC0, 0x00, 0x3F, 0x9F, 0xEE, 0x03, 0x00, 0xC0, 0x30, 0x0C, 0x03, 0x00, 0xC0, 0x38, 0x07,
    0xF8, 0xFE, 0x06, 0x00, 0x06, 0x0E, 0x0C, 0x00, 0x3F, 0x7E, 0x60, 0x60, 0x60, 0x60, 0x60, 0x7F,
    0x3F, 0x0C, 0x0E, 0x07, 0xC3, 0xB0, 0x00, 0x3F, 0x9F, 0xEE, 0x03, 0x00, 0xC0, 0x30, 0x0C, 0x03,
    0x00, 0xC0, 0x38, 0x07, 0xF8, 0xFE, 0x06, 0x00, 0x1C, 0x1E, 0x37, 0x00, 0x3F, 0x7E, 0x60, 0x60,
    0x60, 0x60, 0x60, 0x7F, 0x3F, 0x0C, 0x04, 0x03, 0x80, 0xC0, 0x00, 0x3F, 0x9F, 0xEE, 0x03, 0x00,
    0xC0, 0x30, 0x0C, 0x03, 0x00, 0xC0, 0x38, 0x07, 0xF8, 0xFE, 0x06, 0x00, 0x08, 0x0C, 0x0C, 0x00,
    0x3F, 0x7E, 0x60, 0x60, 0x60, 0x60, 0x60, 0x7F, 0x3F, 0x0C, 0x33, 0x07, 0xC0, 0xE0, 0x00, 0x3F,
    0x9F, 0xEE, 0x03, 0x00, 0xC0, 0x30, 0x0C, 0x03, 0x00, 0xC0, 0x38, 0x07, 0xF8, 0xFE, 0x06, 0x00,
    0x33, 0x3E, 0x1C, 0x00, 0x3F, 0x7E, 0x60, 0x60, 0x60, 0x60, 0x60, 0x7F, 0x3F, 0x0C, 0x33, 0x03,
    0xC0, 0x30, 0x00, 0x0F, 0xF1, 0xFF, 0x38, 0x77, 0x06, 0xE0, 0xDC, 0x1F, 0x83, 0xF0, 0x6E, 0x0D,
    0xC3, 0xBF, 0xE7, 0xF8, 0x01, 0xB0, 0x1E, 0x01, 0xE0, 0x18, 0x3F, 0x87, 0xF8, 0x61, 0x86, 0x18,
    0x61, 0x86, 0x18, 0x61, 0x87, 0x78, 0x3F, 0x80, 0x80, 0x7F, 0x87, 0xFC, 0x70, 0xE7, 0x06, 0x70,
    0x6F, 0xC7, 0xFE, 0x77, 0x06, 0x70, 0x67, 0x0E, 0x7F, 0xC7, 0xF8, 0x01, 0x81, 0xF8, 0x7F, 0x00,
    0xC3, 0xF8, 0xFF, 0x18, 0x63, 0x0C, 0x61, 0x8C, 0x31, 0x86, 0x39, 0xC3, 0xF8, 0x10, 0x00, 0x3E,
    0x7E, 0x00, 0xFF, 0xFE, 0xE0, 0xE0, 0xE0, 0xFE, 0xFE, 0xE0, 0xE0, 0xE0, 0xFE, 0xFF, 0x3E, 0x1F,
    0x80, 0x07, 0xE7, 0xF3, 0x1D, 0xFE, 0xFF, 0x60, 0x30, 0x1E, 0xC7, 0xE0, 0x40, 0x62, 0x7E, 0x3C,
    0x00, 0xFF, 0xFE, 0xE0, 0xE0, 0xE0, 0xFE, 0xFE, 0xE0, 0xE0, 0xE0, 0xFE, 0xFF, 0x22, 0x1F, 0x87,
    0x80, 0x03, 0xF3, 0xF9, 0x8E, 0xFF, 0x7F, 0xB0, 0x18, 0x0F, 0x63, 0xF0, 0x20, 0x08, 0x18, 0x18,
    0x00, 0xFF, 0xFE, 0xE0, 0xE0, 0xE0, 0xFE, 0xFE, 0xE0, 0xE0, 0xE0, 0xFE, 0xFF, 0x08, 0x06, 0x03,
    0x00, 0x03, 0xF3, 0xF9, 0x8E, 0xFF, 0x7F, 0xB0, 0x18, 0x0F, 0x63, 0xF0, 0x20, 0xFF, 0xFE, 0xE0,
    0xE0, 0xE0, 0xFE, 0xFE, 0xE0, 0xE0, 0xE0, 0xFE, 0xFF, 0x06, 0x0C, 0x0E, 0x06, 0x00, 0x1F, 0x9F,
    0xCC, 0x77, 0xFB, 0xFD, 0x80, 0xC0, 0x7B, 0x1F, 0x81, 0xC0, 0xC0, 0x70, 0x38, 0x66, 0x3C, 0x1C,
    0x00, 0xFF, 0xFE, 0xE0, 0xE0, 0xE0, 0xFE, 0xFE, 0xE0, 0xE0, 0xE0, 0xFE, 0xFF, 0x33, 0x1F, 0x07,
    0x00, 0x03, 0xF3, 0xF9, 0x8E, 0xFF, 0x7F, 0xB0, 0x18, 0x0F, 0x63, 0xF0, 0x20, 0x0E, 0x03, 0xC1,
    0xB8, 0x00, 0x1F, 0xDF, 0xF6, 0x03, 0x80, 0xC0, 0x30, 0xFC, 0x7F, 0x03, 0xC0, 0xF8, 0x37, 0xFC,
    0xFF, 0x06, 0x00, 0x0C, 0x0F, 0x0C, 0xC0, 0x03, 0xFB, 0xFD, 0x86, 0xC3, 0x61, 0xB0, 0xD8, 0x6E,
    0x73, 0xF8, 0x4C, 0x06, 0xFF, 0x7F, 0x00, 0x11, 0x07, 0xE0, 0xF0, 0x00, 0x1F, 0xDF, 0xF6, 0x03,
    0x80, 0xC0, 0x30, 0xFC, 0x7F, 0x03, 0xC0, 0xF8, 0x37, 0xFC, 0xFF, 0x06, 0x00, 0x23, 0x1F, 0x87,
    0x80, 0x03, 0xFB, 0xFD, 0x86, 0xC3, 0x61, 0xB0, 0xD8, 0x6E, 0x73, 0xF8, 0x4C, 0x06, 0xFF, 0x7F,
    0x00, 0x04, 0x01, 0x80, 0x60, 0x00, 0x1F, 0xDF, 0xF6, 0x03, 0x80, 0xC0, 0x30, 0xFC, 0x7F, 0x03,
    0xC0, 0xF8, 0x37, 0xFC, 0xFF, 0x06, 0x00, 0x08, 0x06, 0x03, 0x00, 0x03, 0xFB, 0xFD, 0x86, 0xC3,
    0x61, 0xB0, 0xD8, 0x6E, 0x73, 0xF8, 0x4C, 0x06, 0xFF, 0x7F, 0x00, 0x00, 0x07, 0xF7, 0xFD, 0x80,
    0xE0, 0x30, 0x0C, 0x3F, 0x1F, 0xC0, 0xF0, 0x3E, 0x0D, 0xFF, 0x3F, 0xC1, 0x80, 0x60, 0x18, 0x0C,
    0x00, 0x04, 0x06, 0x03, 0x00, 0x03, 0xFB, 0xFD, 0x86, 0xC3, 0x61, 0xB0, 0xD8, 0x6E, 0x73, 0xF8,
    0x4C, 0x06, 0xFF, 0x7F, 0x00, 0x0E, 0x07, 0x83, 0x30, 0x00, 0xC0, 0xF8, 0x3E, 0x0F, 0x83, 0xE0,
    0xFF, 0xFF, 0xFF, 0x83, 0xE0, 0xF8, 0x3E, 0x0F, 0x83, 0x38, 0x1E, 0x0C, 0xC0, 0x00, 0x30, 0x0C,
    0x03, 0x00, 0xC0, 0x3F, 0x8F, 0xF3, 0x8C, 0xC3, 0x30, 0xCC, 0x33, 0x0C, 0xC3, 0x30, 0xC0, 0x60,
    0x63, 0x83, 0x3F, 0xFF, 0xFF, 0xE7, 0x06, 0x3F, 0xF1, 0xFF, 0x8E, 0x0C, 0x70, 0x63, 0x83, 0x1C,
    0x18, 0xE0, 0xC0, 0x60, 0x7E, 0x3F, 0x8C, 0x06, 0xF3, 0xFD, 0xC6, 0xC3, 0x61, 0xB0, 0xD8, 0x6C,
    0x36, 0x18, 0x22, 0xFF, 0x78, 0x07, 0xC7, 0x06, 0x0C, 0x18, 0x30, 0x60, 0xC1, 0x83, 0x06, 0x3E,
    0x45, 0xFB, 0xF0, 0x03, 0x06, 0x0C, 0x18, 0x30, 0x60, 0xC1, 0x83, 0x00, 0xFB, 0xF0, 0x3E, 0x70,
    0xC3, 0x0C, 0x30, 0xC3, 0x0C, 0x30, 0xCF, 0x80, 0x7F, 0xF0, 0x0C, 0x30, 0xC3, 0x0C, 0x30, 0xC3,
    0x0C, 0x8F, 0xF7, 0x80, 0xF9, 0xC3, 0x0C, 0x30, 0xC3, 0x0C, 0x30, 0xC3, 0x3E, 0xC7, 0xF7, 0x80,
    0x30, 0xC3, 0x0C, 0x30, 0xC3, 0x0C, 0x30, 0xFB, 0x8C, 0x63, 0x18, 0xC6, 0x31, 0x8D, 0xF3, 0x98,
    0xE7, 0x26, 0x60, 0x66, 0x66, 0x66, 0x66, 0x66, 0xCE, 0x60, 0x21, 0x8C, 0x0F, 0xB8, 0xC6, 0x31,
    0x8C, 0x63, 0x18, 0xDF, 0xFF, 0xFF, 0xC0, 0xF9, 0xB8, 0xCC, 0x66, 0x33, 0x19, 0x8C, 0xC6, 0x63,
    0x31, 0x98, 0xCC, 0x7F, 0x30, 0x18, 0x7C, 0x3C, 0x08, 0x45, 0x9F, 0x10, 0x0C, 0xF9, 0xF3, 0xE7,
    0xCF, 0x9F, 0x3E, 0x7C, 0xE1, 0xC3, 0x9E, 0x3C, 0x1C, 0x3C, 0x76, 0x00, 0x18, 0x18, 0x18, 0x18,
    0x18, 0x18, 0x18, 0x18, 0x18, 0x18, 0x18, 0x18, 0x18, 0x78, 0xF8, 0x40, 0x31, 0xEC, 0xC0, 0x30,
    0xC3, 0x0C, 0x30, 0xC3, 0x0C, 0x30, 0xC3, 0x3C, 0xF0, 0xC1, 0xB8, 0xCE, 0x63, 0xB8, 0xFC, 0x3E,
    0x0F, 0xC3, 0xB0, 0xE6, 0x39, 0xCE, 0x3B, 0x86, 0x00, 0x03, 0x01, 0x80, 0x60, 0xC0, 0xC0, 0xC0,
    0xC0, 0xC7, 0xCE, 0xDC, 0xF8, 0xF8, 0xFC, 0xCC, 0xCE, 0xC7, 0x00, 0x18, 0x30, 0x30, 0xC7, 0xCE,
    0xDC, 0xF8, 0xF8, 0xFC, 0xCC, 0xCE, 0xC7, 0x70, 0x60, 0xC0, 0x00, 0xC0, 0xE0, 0xE0, 0xE0, 0xE0,
    0xE0, 0xE0, 0xE0, 0xE0, 0xE0, 0xFE, 0xFF, 0x76, 0xC0, 0xCC, 0xCC, 0xCC, 0xCC, 0xCC, 0xCC, 0xC0,
    0xC0, 0xE0, 0xE0, 0xE0, 0xE0, 0xE0, 0xE0, 0xE0, 0xE0, 0xE0, 0xFE, 0xFF, 0x00, 0x18, 0x18, 0x10,
    0xDB, 0x6D, 0xB6, 0xDB, 0x6C, 0x36, 0x80, 0xC7, 0xE6, 0xE6, 0xE0, 0xE0, 0xE0, 0xE0, 0xE0, 0xE0,
    0xE0, 0xFE, 0xFF, 0xDE, 0xFD, 0x8C, 0x63, 0x18, 0xC6, 0x31, 0x8C, 0x00, 0xC0, 0xE0, 0xE0, 0xE0,
    0xE4, 0xEE, 0xEC, 0xE0, 0xE0, 0xE0, 0xFE, 0xFF, 0xC6, 0x31, 0x8C, 0x6B, 0xFE, 0xC6, 0x31, 0x8C,
    0x00, 0x60, 0x38, 0x1C, 0x0E, 0x07, 0xC3, 0xE1, 0xE1, 0xE0, 0x70, 0x38, 0x1F, 0xCF, 0xF0, 0x30,
    0xC3, 0x0C, 0x30, 0xE3, 0xDC, 0x70, 0xC3, 0x0C, 0x30, 0x07, 0x00, 0xC0, 0x30, 0x00, 0x0E, 0x0D,
    0xE1, 0xBC, 0x37, 0xC6, 0xDC, 0xD9, 0x9B, 0x3B, 0x63, 0xEC, 0x3D, 0x87, 0xB0, 0x76, 0x06, 0x0E,
    0x0C, 0x18, 0x00, 0xFE, 0xFF, 0xE3, 0xC3, 0xC3, 0xC3, 0xC3, 0xC3, 0xC3, 0xE0, 0xDE, 0x1B, 0xC3,
    0x7C, 0x6D, 0xCD, 0x99, 0xB3, 0xB6, 0x3E, 0xC3, 0xD8, 0x7B, 0x07, 0x60, 0x60, 0x00, 0x1C, 0x03,
    0x00, 0x60, 0x00, 0xFE, 0xFF, 0xE3, 0xC3, 0xC3, 0xC3, 0xC3, 0xC3, 0xC3, 0x00, 0x18, 0x18, 0x10,
    0x33, 0x03, 0xE0, 0x38, 0x00, 0x0E, 0x0D, 0xE1, 0xBC, 0x37, 0xC6, 0xDC, 0xD9, 0x9B, 0x3B, 0x63,
    0xEC, 0x3D, 0x87, 0xB0, 0x76, 0x06, 0x66, 0x3C, 0x1C, 0x00, 0xFE, 0xFF, 0xE3, 0xC3, 0xC3, 0xC3,
    0xC3, 0xC3, 0xC3, 0xE0, 0x1C, 0x03, 0x00, 0x7F, 0xEB, 0xFC, 0x71, 0x8C, 0x39, 0x87, 0x30, 0xE6,
    0x1C, 0xC3, 0x98, 0x70, 0xE0, 0xDE, 0x1B, 0xC3, 0x7C, 0x6D, 0xCD, 0x99, 0xB3, 0xB6, 0x3E, 0xC3,
    0xD8, 0x3B, 0x07, 0x60, 0x60, 0x0C, 0x07, 0x81, 0xF0, 0x10, 0x00, 0xFE, 0xFF, 0xE3, 0xC3, 0xC3,
    0xC3, 0xC3, 0xC3, 0xC3, 0x03, 0x03, 0x0F, 0x0F, 0x1F, 0x03, 0xE0, 0x00, 0x1F, 0xC7, 0xFD, 0xC1,
    0xF0, 0x1E, 0x03, 0xC0, 0x78, 0x0F, 0x01, 0xE0, 0x3E, 0x0E, 0xFF, 0x8F, 0xE0, 0x20, 0x1F, 0x0F,
    0xC0, 0x00, 0xFC, 0x7F, 0x98, 0x66, 0x19, 0x87, 0x61, 0x98, 0x67, 0x38, 0xFC, 0x0C, 0x00, 0x11,
    0x03, 0xE0, 0x7C, 0x00, 0x03, 0xF8, 0xFF, 0xB8, 0x3E, 0x03, 0xC0, 0x78, 0x0F, 0x01, 0xE0, 0x3C,
    0x07, 0xC1, 0xDF, 0xF1, 0xFC, 0x04, 0x00, 0x31, 0x0F, 0xC1, 0xE0, 0x00, 0x3F, 0x1F, 0xE6, 0x19,
    0x86, 0x61, 0xD8, 0x66, 0x19, 0xCE, 0x3F, 0x03, 0x00, 0x1F, 0x83, 0x60, 0xD8, 0x00, 0x03, 0xF8,
    0xFF, 0xB8, 0x3E, 0x03, 0xC0, 0x78, 0x0F, 0x01, 0xE0, 0x3C, 0x07, 0xC1, 0xDF, 0xF1, 0xFC, 0x04,
    0x00, 0x1B, 0x0F, 0xC3, 0x60, 0x00, 0x3F, 0x1F, 0xE6, 0x19, 0x86, 0x61, 0xD8, 0x66, 0x19, 0xCE,
    0x3F, 0x03, 0x00, 0x00, 0x00, 0xFF, 0xF7, 0xFF, 0xF8, 0x60, 0xC1, 0x83, 0x06, 0x0C, 0x1F, 0xF0,
    0x7E, 0xC1, 0x83, 0x06, 0x0E, 0x18, 0x1F, 0xFF, 0x3F, 0xFC, 0x10, 0x00, 0x00, 0x00, 0x7E, 0xF9,
    0xFF, 0xFB, 0x0E, 0x36, 0x1F, 0xEC, 0x3F, 0xD8, 0x60, 0x30, 0xE0, 0x73, 0xEE, 0x7E, 0xFC, 0x20,
    0x40, 0x0E, 0x03, 0x01, 0x80, 0x00, 0xFE, 0x3F, 0xCE, 0x33, 0x8E, 0xE3, 0x3F, 0xCF, 0xE3, 0xB8,
    0xE6, 0x39, 0xCE, 0x3B, 0x86, 0x1C, 0x63, 0x00, 0xFF, 0xFE, 0x30, 0xC3, 0x0C, 0x30, 0xC0, 0xFE,
    0x3F, 0xCE, 0x33, 0x8E, 0xE3, 0x3F, 0xCF, 0xE3, 0xB8, 0xE6, 0x39, 0xCE, 0x3B, 0x86, 0x00, 0x03,
    0x01, 0x80, 0x60, 0x03, 0xFF, 0xF8, 0xC3, 0x0C, 0x30, 0xC3, 0x00, 0x30, 0xC2, 0x00, 0x66, 0x0F,
    0x01, 0xC0, 0x00, 0xFE, 0x3F, 0xCE, 0x33, 0x8E, 0xE3, 0x3F, 0xCF, 0xE3, 0xB8, 0xE6, 0x39, 0xCE,
    0x3B, 0x86, 0xCD, 0xE3, 0x00, 0xFF, 0xFE, 0x30, 0xC3, 0x0C, 0x30, 0xC0, 0x06, 0x07, 0x03, 0x00,
    0x03, 0xF3, 0xF9, 0x80, 0xC0, 0x70, 0x1E, 0x07, 0xC0, 0x70, 0x38, 0x1F, 0xFC, 0xFC, 0x18, 0x00,
    0x0E, 0x0C, 0x18, 0x00, 0x7E, 0x7E, 0xE0, 0x78, 0x3E, 0x0E, 0x07, 0x66, 0x7E, 0x10, 0x1C, 0x0F,
    0x0D, 0xC0, 0x03, 0xF3, 0xF9, 0x80, 0xC0, 0x70, 0x1E, 0x07, 0xC0, 0x70, 0x38, 0x1F, 0xFC, 0xFC,
    0x18, 0x00, 0x18, 0x3C, 0x66, 0x00, 0x7E, 0x7E, 0xE0, 0x78, 0x3E, 0x0E, 0x07, 0x66, 0x7E, 0x10,
    0x00, 0x1F, 0x9F, 0xCC, 0x06, 0x03, 0x80, 0xF0, 0x3E, 0x03, 0x81, 0xC0, 0xFF, 0xE7, 0xE0, 0xC0,
    0x70, 0x18, 0x3C, 0x00, 0x00, 0x7E, 0x7E, 0xE0, 0x78, 0x3E, 0x0E, 0x07, 0x66, 0x7E, 0x18, 0x1C,
    0x0C, 0x3C, 0x33, 0x1F, 0x07, 0x00, 0x03, 0xF3, 0xF9, 0x80, 0xC0, 0x70, 0x1E, 0x07, 0xC0, 0x70,
    0x38, 0x1F, 0xFC, 0xFC, 0x18, 0x00, 0x66, 0x3C, 0x18, 0x00, 0x7E, 0x7E, 0xE0, 0x78, 0x3E, 0x0E,
    0x07, 0x66, 0x7E, 0x10, 0xFF, 0xBF, 0xE0, 0xC0, 0x30, 0x0C, 0x03, 0x00, 0xC0, 0x30, 0x0C, 0x03,
    0x00, 0xC0, 0x30, 0x08, 0x07, 0x00, 0x60, 0x70, 0x21, 0x8F, 0xFE, 0x61, 0x86, 0x18, 0x61, 0xC3,
    0xC6, 0x38, 0x33, 0x80, 0x37, 0x0F, 0x81, 0xC0, 0x00, 0xFF, 0xBF, 0xE0, 0xC0, 0x30, 0x0C, 0x03,
    0x00, 0xC0, 0x30, 0x0C, 0x03, 0x00, 0xC0, 0x30, 0x03, 0x03, 0x22, 0x60, 0xFC, 0xF8, 0x60, 0x60,
    0x60, 0x60, 0x60, 0x70, 0x3C, 0x08, 0xFF, 0xBF, 0xE1, 0xC0, 0x70, 0x1C, 0x1F, 0xC7, 0xF0, 0x70,
    0x1C, 0x07, 0x01, 0xC0, 0x70, 0x21, 0x8F, 0xFE, 0x63, 0xFF, 0xD8, 0x61, 0xC3, 0xC2, 0x11, 0x0F,
    0xC2, 0xF0, 0x00, 0xC0, 0xF0, 0x3C, 0x0F, 0x03, 0xC0, 0xF0, 0x3C, 0x0F, 0x03, 0xC0, 0xF8, 0x77,
    0xF8, 0xFC, 0x0C, 0x00, 0x22, 0x7E, 0x7E, 0x00, 0xC3, 0xC3, 0xC3, 0xC3, 0xC3, 0xC3, 0xC3, 0xEF,
    0x7F, 0x10, 0x1F, 0x0F, 0xC0, 0x03, 0x03, 0xC0, 0xF0, 0x3C, 0x0F, 0x03, 0xC0, 0xF0, 0x3C, 0x0F,
    0x03, 0xE1, 0xDF, 0xE3, 0xF0, 0x30, 0x3E, 0x7E, 0x00, 0xC3, 0xC3, 0xC3, 0xC3, 0xC3, 0xC3, 0xC3,
    0xEF, 0x7F, 0x10, 0x31, 0x0F, 0xC1, 0xE0, 0x00, 0xC0, 0xF0, 0x3C, 0x0F, 0x03, 0xC0, 0xF0, 0x3C,
    0x0F, 0x03, 0xC0, 0xF8, 0x77, 0xF8, 0xFC, 0x0C, 0x00, 0x62, 0x7E, 0x3C, 0x00, 0xC3, 0xC3, 0xC3,
    0xC3, 0xC3, 0xC3, 0xC3, 0xEF, 0x7F, 0x10, 0x0E, 0x07, 0x81, 0xA0, 0x78, 0x00, 0x30, 0x3C, 0x0F,
    0x03, 0xC0, 0xF0, 0x3C, 0x0F, 0x03, 0xC0, 0xF0, 0x3E, 0x1D, 0xFE, 0x3F, 0x03, 0x00, 0x1C, 0x3C,
    0x34, 0x3C, 0x00, 0xC3, 0xC3, 0xC3, 0xC3, 0xC3, 0xC3, 0xC3, 0xEF, 0x7F, 0x10, 0x1B, 0x0F, 0xC3,
    0x60, 0x00, 0xC0, 0xF0, 0x3C, 0x0F, 0x03, 0xC0, 0xF0, 0x3C, 0x0F, 0x03, 0xC0, 0xF8, 0x77, 0xF8,
    0xFC, 0x0C, 0x00, 0x36, 0x3E, 0x6C, 0x00, 0xC3, 0xC3, 0xC3, 0xC3, 0xC3, 0xC3, 0xC3, 0xEF, 0x7F,
    0x10, 0xC0, 0xF0, 0x3C, 0x0F, 0x03, 0xC0, 0xF0, 0x3C, 0x0F, 0x03, 0xC0, 0xF8, 0x77, 0xF8, 0xFC,
    0x0F, 0x01, 0x80, 0x78, 0x0E, 0xC3, 0x61, 0xB0, 0xD8, 0x6C, 0x36, 0x1B, 0x0D, 0xDE, 0x7F, 0x09,
    0x81, 0x80, 0xE0, 0x70, 0x03, 0x80, 0x03, 0xC0, 0x06, 0xE0, 0x00, 0x00, 0xC3, 0x87, 0xE3, 0x86,
    0xE3, 0xC6, 0x63, 0xCE, 0x66, 0xCC, 0x76, 0xCC, 0x36, 0x6C, 0x3E, 0x7C, 0x3C, 0x78, 0x3C, 0x78,
    0x1C, 0x38, 0x18, 0x38, 0x07, 0x00, 0x7C, 0x03, 0x70, 0x00, 0x0C, 0x71, 0xE3, 0x8F, 0x9C, 0xED,
    0xB6, 0x6D, 0xB3, 0x6D, 0x8E, 0x3C, 0x71, 0xC3, 0x8E, 0x00, 0x1C, 0x07, 0x83, 0x70, 0x00, 0xC1,
    0xF8, 0x66, 0x39, 0xCC, 0x36, 0x07, 0x81, 0xC0, 0x30, 0x0C, 0x03, 0x00, 0xC0, 0x30, 0x1C, 0x1E,
    0x1D, 0x80, 0x0C, 0x3F, 0x19, 0x8C, 0xCE, 0x76, 0x1B, 0x0F, 0x03, 0x81, 0xC0, 0xC0, 0x61, 0xE0,
    0xF0, 0x00, 0x00, 0x0D, 0x83, 0x20, 0x00, 0xC1, 0xF8, 0x66, 0x39, 0xCC, 0x36, 0x07, 0x81, 0xC0,
    0x30, 0x0C, 0x03, 0x00, 0xC0, 0x30, 0x06, 0x07, 0x03, 0x00, 0x0F, 0xFB, 0xFC, 0x0C, 0x0E, 0x0E,
    0x06, 0x07, 0x07, 0x03, 0x03, 0x83, 0xFF, 0xFF, 0x0E, 0x1C, 0x18, 0x00, 0x7E, 0x7E, 0x0E, 0x1C,
    0x18, 0x30, 0x70, 0x7E, 0xFF, 0x08, 0x06, 0x03, 0x00, 0x0F, 0xFB, 0xFC, 0x0C, 0x0E, 0x0E, 0x06,
    0x07, 0x07, 0x03, 0x03, 0x83, 0xFF, 0xFF, 0x10, 0x18, 0x18, 0x00, 0x7E, 0x7E, 0x0E, 0x1C, 0x18,
    0x30, 0x70, 0x7E, 0xFF, 0x33, 0x1F, 0x07, 0x00, 0x0F, 0xFB, 0xFC, 0x0C, 0x0E, 0x0E, 0x06, 0x07,
    0x07, 0x03, 0x03, 0x83, 0xFF, 0xFF, 0x66, 0x3C, 0x38, 0x00, 0x7E, 0x7E, 0x0E, 0x1C, 0x18, 0x30,
    0x70, 0x7E, 0xFF, 0x7B, 0xEC, 0x30, 0xC3, 0x0C, 0x30, 0xC3, 0x0C, 0x30, 0xC0, 0x00, 0x39, 0xFD,
    0xDF, 0xFD, 0xC1, 0xCC, 0x06, 0x60, 0x33, 0x01, 0x98, 0x0C, 0xC0, 0x66, 0x03, 0x38, 0x38, 0xFF,
    0x83, 0xF8, 0x02, 0x00, 0x00, 0x60, 0x0C, 0xFF, 0xBF, 0xE6, 0x18, 0xC3, 0x18, 0x73, 0x0C, 0x61,
    0x8E, 0x70, 0xFC, 0x06, 0x00, 0x00, 0x1E, 0x07, 0xF0, 0x3D, 0x81, 0xCC, 0x0C, 0x60, 0x63, 0x03,
    0x18, 0x18, 0xC0, 0xC6, 0x06, 0x38, 0x70, 0xFF, 0x03, 0xF0, 0x06, 0x00, 0x00, 0x60, 0x0F, 0x0F,
    0xE1, 0xEC, 0x31, 0x86, 0x30, 0xC6, 0x18, 0xC3, 0x1D, 0xE1, 0xFC, 0x08, 0x00, 0x00, 0x06, 0x60,
    0x00, 0x3C, 0x00, 0x03, 0x80, 0x00, 0x00, 0xFF, 0x1F, 0xFF, 0xF8, 0xFF, 0xE1, 0xC0, 0x6E, 0x0C,
    0x0E, 0xE0, 0xC1, 0xCE, 0x0E, 0x18, 0xE0, 0xE3, 0x8E, 0x0C, 0x70, 0xE0, 0xC6, 0x0E, 0x1C, 0xE0,
    0xFF, 0x9F, 0xFF, 0xF1, 0xFF, 0x00, 0x0C, 0xDF, 0xE0, 0xF3, 0xFE, 0x0E, 0x70, 0xE0, 0x0E, 0x0C,
    0xFF, 0xC1, 0x9F, 0xB8, 0x38, 0x77, 0x07, 0x0C, 0xE0, 0xC3, 0x1C, 0x18, 0xE3, 0x87, 0x38, 0x7F,
    0xC7, 0xEF, 0xF1, 0xFE, 0x01, 0x99, 0x80, 0x63, 0xC0, 0x18, 0x70, 0x06, 0x00, 0x3F, 0x9F, 0xDF,
    0xE7, 0xE6, 0x18, 0x39, 0x86, 0x0C, 0x61, 0x86, 0x18, 0x63, 0x86, 0x18, 0xC1, 0xDE, 0x7E, 0x3F,
    0x9F, 0xC2, 0x00, 0x00, 0xC0, 0x7C, 0x0F, 0x81, 0xF0, 0x3E, 0x07, 0xC0, 0xF8, 0x1F, 0x03, 0xE0,
    0x7C, 0x0F, 0xF9, 0xFF, 0xB0, 0x06, 0x07, 0xC0, 0xF0, 0x08, 0x00, 0x58, 0x0F, 0x81, 0xF0, 0x0E,
    0x07, 0xC0, 0xF8, 0x1F, 0x03, 0xE0, 0x7C, 0x0F, 0x81, 0xFF, 0x3F, 0xF6, 0x00, 0xC0, 0x18, 0x0F,
    0x03, 0xC0, 0xC5, 0x9F, 0x16, 0x0C, 0xF9, 0xF3, 0xE7, 0xCF, 0x9F, 0x3E, 0x7C, 0xE1, 0xC3, 0x9E,
    0x3C, 0xE0, 0xC7, 0xE1, 0x8F, 0xC3, 0x1F, 0xC6, 0x3D, 0xCC, 0x79, 0x98, 0xF3, 0xB1, 0xE3, 0xE3,
    0xC3, 0xC7, 0x87, 0x8F, 0x07, 0x1E, 0x06, 0x30, 0x00, 0x60, 0x07, 0xC0, 0x0F, 0x00, 0x08, 0x00,
    0x05, 0xC1, 0x8F, 0xC3, 0x1F, 0x86, 0x0F, 0x8C, 0x7B, 0x98, 0xF3, 0x31, 0xE7, 0x63, 0xC7, 0xC7,
    0x87, 0x8F, 0x0F, 0x1E, 0x0E, 0x3C, 0x0C, 0x60, 0x00, 0xC0, 0x01, 0x80, 0x0F, 0x00, 0x3C, 0x00,
    0x10, 0x01, 0xC0, 0x04, 0x00, 0x0F, 0xE3, 0xFF, 0x9F, 0x8C, 0xF8, 0x67, 0xC3, 0x3E, 0x19, 0xF0,
    0xCF, 0x86, 0x7C, 0x33, 0x80, 0x1C, 0x00, 0xE0, 0x1E, 0x00, 0xF0, 0x33, 0x03, 0xE0, 0x38, 0x00,
    0x00, 0xE0, 0x1C, 0x07, 0x80, 0xD8, 0x1B, 0x06, 0x70, 0xC6, 0x3F, 0xC7, 0xFC, 0xC1, 0xB0, 0x36,
    0x03, 0x33, 0x3E, 0x1C, 0x00, 0x3F, 0x37, 0x03, 0x1F, 0x7F, 0x63, 0xE3, 0x67, 0x7F, 0x10, 0xCF,
    0xE7, 0x00, 0xF9, 0xC3, 0x0C, 0x30, 0xC3, 0x0C, 0x30, 0xC3, 0x3E, 0xCD, 0xE3, 0x80, 0x30, 0xC3,
    0x0C, 0x30, 0xC3, 0x0C, 0x30, 0x1B, 0x83, 0xE0, 0x38, 0x00, 0x03, 0xF8, 0xFF, 0xB8, 0x3E, 0x03,
    0xC0, 0x78, 0x0F, 0x01, 0xE0, 0x3C, 0x07, 0xC1, 0xDF, 0xF1, 0xFC, 0x04, 0x00, 0x33, 0x07, 0x80,
    0xC0, 0x00, 0x3F, 0x1F, 0xE6, 0x19, 0x86, 0x61, 0xD8, 0x66, 0x19, 0xCE, 0x3F, 0x03, 0x00, 0x33,
    0x07, 0x80, 0xE0, 0x00, 0xC0, 0xF0, 0x3C, 0x0F, 0x03, 0xC0, 0xF0, 0x3C, 0x0F, 0x03, 0xC0, 0xF8,
    0x77, 0xF8, 0xFC, 0x0C, 0x00, 0x66, 0x3C, 0x1C, 0x00, 0xC3, 0xC3, 0xC3, 0xC3, 0xC3, 0xC3, 0xC3,
    0xEF, 0x7F, 0x10, 0x3F, 0x07, 0xC1, 0x30, 0xEC, 0x00, 0x30, 0x3C, 0x0F, 0x03, 0xC0, 0xF0, 0x3C,
    0x0F, 0x03, 0xC0, 0xF0, 0x3E, 0x1D, 0xFE, 0x3F, 0x03, 0x00, 0x7E, 0x3E, 0x26, 0x36, 0x00, 0xC3,
    0xC3, 0xC3, 0xC3, 0xC3, 0xC3, 0xC3, 0xEF, 0x7F, 0x10, 0x07, 0x01, 0x80, 0xC0, 0x4C, 0x3B, 0x00,
    0x0C, 0x0F, 0x03, 0xC0, 0xF0, 0x3C, 0x0F, 0x03, 0xC0, 0xF0, 0x3C, 0x0F, 0x87, 0x7F, 0x8F, 0xC0,
    0xC0, 0x0E, 0x0C, 0x18, 0x26, 0x36, 0x00, 0xC3, 0xC3, 0xC3, 0xC3, 0xC3, 0xC3, 0xC3, 0xEF, 0x7F,
    0x10, 0x33, 0x07, 0x80, 0xE0, 0x4C, 0x3B, 0x00, 0x0C, 0x0F, 0x03, 0xC0, 0xF0, 0x3C, 0x0F, 0x03,
    0xC0, 0xF0, 0x3C, 0x0F, 0x87, 0x7F, 0x8F, 0xC0, 0xC0, 0x66, 0x3C, 0x1C, 0x26, 0x36, 0x00, 0xC3,
    0xC3, 0xC3, 0xC3, 0xC3, 0xC3, 0xC3, 0xEF, 0x7F, 0x10, 0x38, 0x06, 0x00, 0xC0, 0x4C, 0x3B, 0x00,
    0x0C, 0x0F, 0x03, 0xC0, 0xF0, 0x3C, 0x0F, 0x03, 0xC0, 0xF0, 0x3C, 0x0F, 0x87, 0x7F, 0x8F, 0xC0,
    0xC0, 0x30, 0x38, 0x18, 0x26, 0x36, 0x00, 0xC3, 0xC3, 0xC3, 0xC3, 0xC3, 0xC3, 0xC3, 0xEF, 0x7F,
    0x10, 0x00, 0x3F, 0x1F, 0xC0, 0x70, 0x1B, 0xFF, 0xFE, 0xC7, 0x77, 0x1F, 0x02, 0x00, 0x3F, 0x03,
    0xE0, 0x6C, 0x0D, 0x80, 0x00, 0x1C, 0x03, 0x80, 0xF0, 0x1B, 0x03, 0x60, 0xCE, 0x18, 0xC7, 0xF8,
    0xFF, 0x98, 0x36, 0x06, 0xC0, 0x60, 0x3F, 0x3E, 0x36, 0x36, 0x00, 0x3F, 0x37, 0x03, 0x1F, 0x7F,
    0x63, 0xE3, 0x67, 0x7F, 0x10, 0x3F, 0x03, 0xE0, 0x30, 0x06, 0x00, 0x00, 0x1C, 0x03, 0x80, 0xF0,
    0x1B, 0x03, 0x60, 0xCE, 0x18, 0xC7, 0xF8, 0xFF, 0x98, 0x36, 0x06, 0xC0, 0x60, 0x3F, 0x3E, 0x0C,
    0x0C, 0x00, 0x3F, 0x37, 0x03, 0x1F, 0x7F, 0x63, 0xE3, 0x67, 0x7F, 0x10, 0x01, 0xF0, 0x07, 0xE0,
    0x00, 0x00, 0x1F, 0xF0, 0x3F, 0xE0, 0xD8, 0x01, 0xB0, 0x06, 0x60, 0x0C, 0xFE, 0x39, 0xFC, 0x7F,
    0x01, 0xFE, 0x03, 0x0C, 0x0E, 0x1F, 0xD8, 0x3F, 0x80, 0x07, 0xC0, 0x3F, 0x00, 0x00, 0x1F, 0xBE,
    0x77, 0xF8, 0x0C, 0x71, 0xFF, 0xDF, 0xFF, 0x63, 0x03, 0x8E, 0x06, 0x7D, 0x9F, 0x3E, 0x10, 0x20,
    0x00, 0x03, 0xF9, 0xFF, 0x30, 0x0C, 0x01, 0x80, 0x30, 0xF6, 0x3E, 0xC0, 0xD8, 0x7F, 0x8F, 0xBF,
    0xE3, 0xFC, 0x0C, 0x00, 0x00, 0x0F, 0xE7, 0xF9, 0x86, 0x61, 0x98, 0x66, 0x19, 0x86, 0x7F, 0x8F,
    0xE0, 0xFC, 0x3F, 0x7F, 0x9F, 0xC0, 0x19, 0x87, 0xC0, 0xE0, 0x00, 0x1F, 0xDF, 0xF6, 0x03, 0x80,
    0xC0, 0x30, 0xFC, 0x7F, 0x03, 0xC0, 0xF8, 0x37, 0xFC, 0xFF, 0x06, 0x00, 0x33, 0x0F, 0x07, 0x00,
    0x03, 0xFB, 0xFD, 0x86, 0xC3, 0x61, 0xB0, 0xD8, 0x6E, 0x73, 0xF8, 0x4C, 0x06, 0xFF, 0x7F, 0x00,
    0x33, 0x0F, 0x81, 0xC0, 0x00, 0xC1, 0xB8, 0xCE, 0x63, 0xB8, 0xFC, 0x3E, 0x0F, 0xC3, 0xB0, 0xE6,
    0x39, 0xCE, 0x3B, 0x86, 0xCC, 0x1E, 0x03, 0x80, 0x00, 0x30, 0x0C, 0x03, 0x00, 0xC0, 0x31, 0xCC,
    0xE3, 0x70, 0xF8, 0x3E, 0x0F, 0xC3, 0x30, 0xCE, 0x31, 0xC0, 0x00, 0x07, 0xF1, 0xFF, 0x70, 0x7C,
    0x07, 0x80, 0xF0, 0x1E, 0x03, 0xC0, 0x78, 0x0F, 0x83, 0xBF, 0xE3, 0xF8, 0x1C, 0x03, 0x00, 0x70,
    0x0E, 0x00, 0x00, 0x0F, 0xC7, 0xF9, 0x86, 0x61, 0x98, 0x76, 0x19, 0x86, 0x73, 0x8F, 0xC0, 0xC0,
    0x30, 0x0E, 0x03, 0x80, 0x1F, 0x03, 0xE0, 0x00, 0x1F, 0xC7, 0xFD, 0xC1, 0xF0, 0x1E, 0x03, 0xC0,
    0x78, 0x0F, 0x01, 0xE0, 0x3E, 0x0E, 0xFF, 0x8F, 0xE0, 0x30, 0x0C, 0x01, 0xC0, 0x18, 0x00, 0x1F,
    0x0F, 0xC0, 0x00, 0xFC, 0x7F, 0x98, 0x66, 0x19, 0x87, 0x61, 0x98, 0x67, 0x38, 0xFC, 0x0C, 0x03,
    0x00, 0xE0, 0x38, 0x37, 0x1F, 0x07, 0x00, 0x07, 0xFB, 0xFC, 0x1C, 0x1C, 0x18, 0x1F, 0x0F, 0xE0,
    0x70, 0x18, 0x0F, 0x9F, 0xFE, 0x18, 0x00, 0x66, 0x3C, 0x38, 0x00, 0xFF, 0xFE, 0x0E, 0x1C, 0x38,
    0x3C, 0x3E, 0x07, 0x03, 0x03, 0x07, 0xFE, 0xFC, 0xCD, 0xE3, 0x80, 0x30, 0xC3, 0x0C, 0x30, 0xC3,
    0x0C, 0x30, 0xC3, 0x3C, 0xF0, 0xFF, 0x1F, 0xFF, 0xF8, 0xFF, 0xE1, 0xC0, 0x6E, 0x0C, 0x0E, 0xE0,
    0xC1, 0xCE, 0x0E, 0x18, 0xE0, 0xE3, 0x8E, 0x0C, 0x70, 0xE0, 0xC6, 0x0E, 0x1C, 0xE0, 0xFF, 0x9F,
    0xFF, 0xF1, 0xFF, 0xFF, 0x00, 0x1F, 0xF0, 0x03, 0x87, 0x00, 0x70, 0x67, 0xFE, 0x0C, 0xFD, 0xC1,
    0xC3, 0xB8, 0x38, 0x67, 0x06, 0x18, 0xE0, 0xC7, 0x1C, 0x39, 0xC3, 0xFE, 0x3F, 0x7F, 0x8F, 0xF0,
    0x01, 0x80, 0x00, 0x60, 0x00, 0x18, 0x00, 0x06, 0x00, 0x3F, 0x9F, 0xDF, 0xE7, 0xE6, 0x18, 0x39,
    0x86, 0x0C, 0x61, 0x86, 0x18, 0x63, 0x86, 0x18, 0xC1, 0xDE, 0x7E, 0x3F, 0x9F, 0xC2, 0x00, 0x00,
    0x03, 0x01, 0xC0, 0x60, 0x00, 0x1F, 0xDF, 0xF6, 0x03, 0x80, 0xC0, 0x30, 0xFC, 0x7F, 0x03, 0xC0,
    0xF8, 0x37, 0xFC, 0xFF, 0x06, 0x00, 0x07, 0x07, 0x03, 0x00, 0x03, 0xFB, 0xFD, 0x86, 0xC3, 0x61,
    0xB0, 0xD8, 0x6E, 0x73, 0xF8, 0x4C, 0x06, 0xFF, 0x7F, 0x00, 0xC1, 0x83, 0x86, 0x0E, 0x18, 0x38,
    0x67, 0xE1, 0x9F, 0xFE, 0x7F, 0xF9, 0xF8, 0x67, 0xE1, 0x9F, 0x86, 0x6E, 0x1F, 0xB8, 0x7E, 0x00,
    0x20, 0x00, 0x37, 0xCF, 0xFB, 0x86, 0xE1, 0xB8, 0x6E, 0x1B, 0x86, 0xE3, 0xB9, 0xCE, 0xE3, 0xF0,
    0xF0, 0x38, 0x0E, 0x03, 0x80, 0xE0, 0x00, 0x18, 0x01, 0x80, 0x18, 0x00, 0x0E, 0x0D, 0xE1, 0xBC,
    0x37, 0xC6, 0xDC, 0xD9, 0x9B, 0x3B, 0x63, 0xEC, 0x3D, 0x87, 0xB0, 0x76, 0x06, 0x30, 0x38, 0x1C,
    0x00, 0xFE, 0xFF, 0xE3, 0xC3, 0xC3, 0xC3, 0xC3, 0xC3, 0xC3, 0x07, 0x01, 0xC0, 0x30, 0x0F, 0x01,
    0xB0, 0x3C, 0x03, 0x80, 0xF0, 0x1B, 0x07, 0x60, 0xC6, 0x1F, 0xC7, 0xFC, 0xC1, 0xB8, 0x36, 0x03,
    0x0E, 0x0C, 0x1C, 0x1E, 0x16, 0x1C, 0x00, 0x3F, 0x37, 0x03, 0x1F, 0x7F, 0x63, 0xE3, 0x67, 0x7F,
    0x10, 0x00, 0x70, 0x00, 0xC0, 0x03, 0x00, 0x00, 0x00, 0x3F, 0xE0, 0x7F, 0xC1, 0xB0, 0x03, 0x60,
    0x0C, 0xC0, 0x19, 0xFC, 0x73, 0xF8, 0xFE, 0x03, 0xFC, 0x06, 0x18, 0x1C, 0x3F, 0xB0, 0x7F, 0x01,
    0xC0, 0x06, 0x00, 0x30, 0x00, 0x00, 0x7E, 0xF9, 0xDF, 0xE0, 0x31, 0xC7, 0xFF, 0x7F, 0xFD, 0x8C,
    0x0E, 0x38, 0x19, 0xF6, 0x7C, 0xF8, 0x40, 0x80, 0x03, 0x00, 0xE0, 0x38, 0x00, 0x23, 0xFC, 0xFF,
    0xB8, 0x7E, 0x1F, 0xC7, 0x78, 0xCF, 0x31, 0xEE, 0x3F, 0x87, 0xE1, 0xDF, 0xF7, 0xFC, 0x44, 0x00,
    0x07, 0x01, 0x80, 0xC0, 0x00, 0x3F, 0x9F, 0xE6, 0x79, 0x9E, 0x6D, 0xDF, 0x67, 0x99, 0xCE, 0x7F,
    0x1B, 0x00, 0x7E, 0x06, 0xC0, 0x6C, 0x00, 0x00, 0xE0, 0x1C, 0x07, 0x80, 0xD8, 0x1B, 0x06, 0x70,
    0xC6, 0x3F, 0xC7, 0xFC, 0xC1, 0xB0, 0x36, 0x03, 0x6C, 0x7E, 0x36, 0x00, 0x3F, 0x37, 0x03, 0x1F,
    0x7F, 0x63, 0xE3, 0x67, 0x7F, 0x10, 0x0E, 0x03, 0xE0, 0xCC, 0x00, 0x00, 0xE0, 0x1C, 0x07, 0x80,
    0xD8, 0x1B, 0x06, 0x70, 0xC6, 0x3F, 0xC7, 0xFC, 0xC1, 0xB0, 0x36, 0x03, 0x0C, 0x3E, 0x33, 0x00,
    0x3F, 0x37, 0x03, 0x1F, 0x7F, 0x63, 0xE3, 0x67, 0x7F, 0x10, 0xF8, 0x6C, 0x36, 0x00, 0xFF, 0xFE,
    0xE0, 0xE0, 0xE0, 0xFE, 0xFE, 0xE0, 0xE0, 0xE0, 0xFE, 0xFF, 0x6C, 0x3F, 0x0D, 0x80, 0x03, 0xF3,
    0xF9, 0x8E, 0xFF, 0x7F, 0xB0, 0x18, 0x0F, 0x63, 0xF0, 0x20, 0x18, 0x3E, 0x66, 0x00, 0xFF, 0xFE,
    0xE0, 0xE0, 0xE0, 0xFE, 0xFE, 0xE0, 0xE0, 0xE0, 0xFE, 0xFF, 0x0C, 0x1F, 0x0C, 0xC0, 0x03, 0xF3,
    0xF9, 0x8E, 0xFF, 0x7F, 0xB0, 0x18, 0x0F, 0x63, 0xF0, 0x20, 0xD9, 0xF9, 0xB0, 0x07, 0xC7, 0x06,
    0x0C, 0x18, 0x30, 0x60, 0xC1, 0x83, 0x06, 0x3E, 0xFC, 0xD8, 0xD8, 0x01, 0x83, 0x06, 0x0C, 0x18,
    0x30, 0x60, 0xC1, 0x80, 0x33, 0xEC, 0xC0, 0xF9, 0xC3, 0x0C, 0x30, 0xC3, 0x0C, 0x30, 0xC3, 0x3E,
    0x31, 0xFC, 0xC0, 0x30, 0xC3, 0x0C, 0x30, 0xC3, 0x0C, 0x30, 0x36, 0x06, 0xC0, 0x6C, 0x00, 0x03,
    0xF8, 0xFF, 0xB8, 0x3E, 0x03, 0xC0, 0x78, 0x0F, 0x01, 0xE0, 0x3C, 0x07, 0xC1, 0xDF, 0xF1, 0xFC,
    0x04, 0x00, 0x6C, 0x0D, 0x81, 0xA0, 0x00, 0x3F, 0x1F, 0xE6, 0x19, 0x86, 0x61, 0xD8, 0x66, 0x19,
    0xCE, 0x3F, 0x03, 0x00, 0x0E, 0x03, 0xE0, 0x44, 0x00, 0x03, 0xF8, 0xFF, 0xB8, 0x3E, 0x03, 0xC0,
    0x78, 0x0F, 0x01, 0xE0, 0x3C, 0x07, 0xC1, 0xDF, 0xF1, 0xFC, 0x04, 0x00, 0x0C, 0x07, 0xC3, 0x30,
    0x00, 0x3F, 0x1F, 0xE6, 0x19, 0x86, 0x61, 0xD8, 0x66, 0x19, 0xCE, 0x3F, 0x03, 0x00, 0xFC, 0x1B,
    0x03, 0x60, 0x00, 0xFE, 0x3F, 0xCE, 0x33, 0x8E, 0xE3, 0x3F, 0xCF, 0xE3, 0xB8, 0xE6, 0x39, 0xCE,
    0x3B, 0x86, 0xD8, 0xD8, 0xF0, 0x07, 0xEF, 0xDC, 0x30, 0x60, 0xC1, 0x83, 0x06, 0x00, 0x18, 0x0F,
    0x86, 0x60, 0x00, 0xFE, 0x3F, 0xCE, 0x33, 0x8E, 0xE3, 0x3F, 0xCF, 0xE3, 0xB8, 0xE6, 0x39, 0xCE,
    0x3B, 0x86, 0x31, 0xFC, 0xC0, 0xFF, 0xFE, 0x30, 0xC3, 0x0C, 0x30, 0xC0, 0x7C, 0x0D, 0x81, 0xB0,
    0x00, 0xC0, 0xF0, 0x3C, 0x0F, 0x03, 0xC0, 0xF0, 0x3C, 0x0F, 0x03, 0xC0, 0xF8, 0x77, 0xF8, 0xFC,
    0x0C, 0x00, 0xFC, 0x6C, 0x36, 0x00, 0xC3, 0xC3, 0xC3, 0xC3, 0xC3, 0xC3, 0xC3, 0xEF, 0x7F, 0x10,
    0x0C, 0x07, 0xC3, 0x30, 0x00, 0xC0, 0xF0, 0x3C, 0x0F, 0x03, 0xC0, 0xF0, 0x3C, 0x0F, 0x03, 0xC0,
    0xF8, 0x77, 0xF8, 0xFC, 0x0C, 0x00, 0x18, 0x3E, 0x66, 0x00, 0xC3, 0xC3, 0xC3, 0xC3, 0xC3, 0xC3,
    0xC3, 0xEF, 0x7F, 0x10, 0x00, 0x1F, 0x9F, 0xCC, 0x06, 0x03, 0x80, 0xF0, 0x3E, 0x03, 0x81, 0xC0,
    0xFF, 0xE7, 0xE0, 0xC0, 0x70, 0x30, 0x18, 0x00, 0x00, 0x7E, 0x7E, 0xE0, 0x78, 0x3E, 0x0E, 0x07,
    0x66, 0x7E, 0x10, 0x18, 0x18, 0x10, 0xFF, 0xBF, 0xE0, 0xC0, 0x30, 0x0C, 0x03, 0x00, 0xC0, 0x30,
    0x0C, 0x03, 0x00, 0xC0, 0x30, 0x00, 0x03, 0x00, 0xC0, 0x60, 0x21, 0x8F, 0xFE, 0x61, 0x86, 0x18,
    0x61, 0xC3, 0xC2, 0x18, 0xC3, 0x00, 0x00, 0x3F, 0xBF, 0xE0, 0x70, 0x38, 0x38, 0x7C, 0x7E, 0x03,
    0x80, 0xC0, 0x60, 0x70, 0x70, 0xFB, 0xF1, 0xE0, 0x00, 0x7E, 0x6E, 0x07, 0x06, 0x1E, 0x3E, 0x27,
    0x03, 0x07, 0x06, 0x1E, 0xFC, 0xF0, 0x33, 0x07, 0x80, 0xE0, 0x00, 0xC0, 0xF8, 0x3E, 0x0F, 0x83,
    0xE0, 0xFF, 0xFF, 0xFF, 0x83, 0xE0, 0xF8, 0x3E, 0x0F, 0x83, 0xCC, 0x1E, 0x03, 0x80, 0x00, 0x30,
    0x0C, 0x03, 0x00, 0xC0, 0x3F, 0x8F, 0xF3, 0x8C, 0xC3, 0x30, 0xCC, 0x33, 0x0C, 0xC3, 0x30, 0xC0,
    0x63, 0x8C, 0x37, 0xE0, 0x31, 0xEC, 0xC0, 0x22, 0xFD, 0x78, 0xFF, 0xF0, 0x00, 0xFF, 0x7E, 0x8F,
    0xF7, 0x80, 0xFC, 0x03, 0xF4, 0x80, 0xF7, 0x76, 0x00, 0x6F, 0xFF, 0x36, 0xFD, 0xB0, 0xCD, 0xE3,
    0x00, 0xFC, 0xFF, 0xF0, 0xF8, 0xD8, 0xD8, 0x00, 0xCB, 0xFF, 0x78, 0x31, 0xFC, 0xC0, 0x26, 0x6E,
    0x40, 0x76, 0x64, 0x40, 0xE6, 0x66, 0x20, 0x76, 0x66, 0x40, 0xE6, 0x30, 0x76, 0xC0, 0x3F, 0xF3,
    0xCF, 0xFC, 0xFF, 0xC6, 0x31, 0x80, 0x33, 0xEC, 0xFF, 0x06, 0xFF, 0xFF, 0x66, 0x6F, 0xF6, 0xFF,
    0x6D, 0xFE, 0xDB, 0x7E, 0xF0, 0x03, 0xF4, 0x80, 0x6F, 0xFF, 0x66, 0x40, 0x67, 0x3F, 0x26, 0xCF,
    0x70, 0xFC, 0xFF, 0xFC, 0xE1, 0x5A, 0x7E, 0xCD, 0xE3, 0x00, 0x31, 0xEC, 0xC0, 0x8F, 0xF7, 0x80,
    0x31, 0xFC, 0xC0, 0x22, 0x7E, 0x5E, 0xFF, 0xF0, 0xFF, 0xFF, 0xFF, 0xFF, 0xFF, 0xFF, 0x45, 0xFA,
    0xF0, 0x00, 0xFF, 0x7E, 0xFF, 0xFF, 0xFF, 0x08, 0xF7, 0x38, 0x02, 0x06, 0x06, 0x0C, 0x0C, 0x0C,
    0x18, 0x18, 0x30, 0x30, 0x30, 0x60, 0x60, 0x60, 0xFF, 0x87, 0x3F, 0xFF, 0x7E, 0xFF, 0xC3, 0xFF,
    0x7E, 0x5A, 0xFE, 0xF2, 0x26, 0x66, 0x64, 0xFF, 0xFF, 0xFF, 0xFF, 0xE6, 0x30, 0x76, 0xC0, 0x22,
    0x7E, 0x5E, 0xE6, 0x60, 0x19, 0xFF, 0xD0, 0xDB, 0x80, 0xFF, 0xFF, 0xC3, 0x00, 0xFF, 0xFF, 0xFF,
    0xFF, 0xFF, 0xF0, 0xF3, 0x30, 0x2A, 0x7E, 0x5E, 0x10, 0x18, 0x18, 0x32, 0x7E, 0x5C, 0x18, 0x18,
    0x67, 0xF9, 0xBF, 0xFC, 0x03, 0xFF, 0xD2, 0x6F, 0x66, 0xEF, 0x78, 0x01, 0x8F, 0x11, 0x08, 0xA0,
    0x5A, 0x05, 0xA0, 0x5A, 0x05, 0x10, 0x88, 0xF1, 0x80, 0x1E, 0xF7, 0x0E, 0x7E, 0x00, 0x1B, 0x64,
    0x7B, 0xFB, 0x4C, 0x6F, 0xF7, 0x0F, 0xE7, 0x0E, 0x7E, 0x40, 0x7E, 0x7E, 0x6A, 0x19, 0x68, 0x7C,
    0x6F, 0xFF, 0x7E, 0x7E, 0xDB, 0x7E, 0x0C, 0xF3, 0x00, 0x40, 0x09, 0x80, 0x63, 0xFF, 0x07, 0xF8,
    0x40, 0x09, 0x80, 0x63, 0xFF, 0x07, 0xF8, 0xFF, 0xFF, 0xF0, 0xFF, 0xFF, 0xF0, 0x18, 0x09, 0xFF,
    0xFC, 0x3F, 0x80, 0x00, 0x00, 0x7F, 0x87, 0xCF, 0xB8, 0x07, 0x00, 0x00, 0x00, 0x01, 0xFF, 0xF7,
    0xFF, 0xC0, 0x06, 0x77, 0xDF, 0x7F, 0xC7, 0x1F, 0xD0, 0xF4, 0xB4, 0xE0, 0x99, 0xDF, 0x7C, 0xC7,
    0x11, 0xF9, 0x9F, 0x8C, 0xFD, 0xD9, 0xFD, 0x6A, 0xD4, 0xA0, 0xF2, 0x40, 0x67, 0x66, 0x70, 0xD7,
    0x98, 0xC0, 0xF3, 0x1D, 0xA0, 0x30, 0x38, 0x18, 0x00, 0xFF, 0xFE, 0xE0, 0xE0, 0xE0, 0xFE, 0xFE,
    0xE0, 0xE0, 0xE0, 0xFE, 0xFF, 0x24, 0x3E, 0x34, 0x00, 0xFF, 0xFE, 0xE0, 0xE0, 0xE0, 0xFE, 0xFE,
    0xE0, 0xE0, 0xE0, 0xFE, 0xFF, 0xFF, 0x8F, 0xF8, 0x18, 0x01, 0x80, 0x1B, 0x01, 0xFC, 0x1C, 0xE1,
    0x86, 0x18, 0x61, 0x86, 0x1B, 0xE1, 0xBC, 0x01, 0x00, 0x0E, 0x1C, 0x18, 0x00, 0xFE, 0xFE, 0xE0,
    0xE0, 0xE0, 0xE0, 0xE0, 0xE0, 0xE0, 0xE0, 0xE0, 0xE0, 0x00, 0x1F, 0xDF, 0xFC, 0x0C, 0x06, 0x03,
    0xFD, 0xFE, 0xC0, 0x60, 0x38, 0x0F, 0xF3, 0xF8, 0x20, 0x00, 0x1F, 0x9F, 0xCC, 0x06, 0x03, 0x80,
    0xF0, 0x3E, 0x03, 0x81, 0xC0, 0xFF, 0xE7, 0xE0, 0xC0, 0xDF, 0xFF, 0xFF, 0xFF, 0xF0, 0x07, 0xFC,
    0x06, 0x39, 0xCE, 0x73, 0x9C, 0xE7, 0x39, 0xCE, 0x18, 0x61, 0x86, 0x18, 0x61, 0x86, 0x18, 0x61,
    0x86, 0x19, 0xEF, 0x90, 0x1F, 0xC0, 0x3F, 0xC0, 0x38, 0xC0, 0x38, 0xC0, 0x30, 0xF8, 0x30, 0xFE,
    0x30, 0xC7, 0x30, 0xC3, 0x30, 0xC3, 0x30, 0xC3, 0xF0, 0xFF, 0xE0, 0xFE, 0x40, 0x00, 0xC1, 0x80,
    0xE1, 0xC0, 0xE1, 0xC0, 0xE1, 0xC0, 0xE1, 0xC0, 0xFF, 0xFC, 0xFF, 0xFE, 0xE1, 0xC7, 0xE1, 0xC7,
    0xE1, 0xC6, 0xE1, 0xFE, 0xE1, 0xFC, 0xFF, 0x9F, 0xF0, 0x60, 0x0C, 0x01, 0xB0, 0x3F, 0x87, 0x38,
    0xC3, 0x18, 0x63, 0x0C, 0x61, 0x8C, 0x30, 0x06, 0x03, 0x01, 0x80, 0x00, 0xC1, 0xB8, 0xCE, 0x73,
    0x98, 0xEC, 0x3F, 0x0F, 0xC3, 0xB8, 0xE6, 0x39, 0xCE, 0x3B, 0x86, 0x1C, 0x03, 0x00, 0x60, 0x00,
    0xC0, 0xF8, 0x7E, 0x3F, 0x8F, 0xE6, 0xFB, 0xBE, 0xCF, 0x73, 0xF8, 0xFC, 0x3F, 0x0F, 0x83, 0x00,
    0x03, 0x60, 0x7C, 0x00, 0x0C, 0x0D, 0xC1, 0x98, 0x73, 0x8C, 0x33, 0x87, 0x60, 0x7C, 0x0F, 0x00,
    0xE0, 0x18, 0x1F, 0x03, 0xC0, 0x20, 0x00, 0xC0, 0xF8, 0x3E, 0x0F, 0x83, 0xE0, 0xF8, 0x3E, 0x0F,
    0x83, 0xE0, 0xF8, 0x3F, 0xFF, 0xFF, 0x0C, 0x03, 0x00, 0xC0, 0x0E, 0x01, 0xC0, 0x78, 0x0D, 0x81,
    0xB0, 0x67, 0x0C, 0x63, 0xFC, 0x7F, 0xCC, 0x1B, 0x03, 0x60, 0x30, 0xFF, 0x7F, 0xB8, 0x1C, 0x0F,
    0x87, 0xFB, 0x9D, 0xC7, 0xE3, 0xF1, 0xFF, 0xDF, 0xC0, 0xFF, 0x7F, 0xF8, 0xFC, 0x3E, 0x3F, 0xFB,
    0xFF, 0xC3, 0xE1, 0xF0, 0xFF, 0xFF, 0xE0, 0xFE, 0xFE, 0xE0, 0xE0, 0xE0, 0xE0, 0xE0, 0xE0, 0xE0,
    0xE0, 0xE0, 0xE0, 0x1F, 0xE1, 0xFE, 0x18, 0x61, 0x86, 0x18, 0x61, 0x86, 0x18, 0x63, 0x86, 0x30,
    0x63, 0x06, 0xFF, 0xFF, 0xFF, 0xC0, 0x3C, 0x03, 0xC0, 0x30, 0xFF, 0xFE, 0xE0, 0xE0, 0xE0, 0xFE,
    0xFE, 0xE0, 0xE0, 0xE0, 0xFE, 0xFF, 0xE3, 0x8E, 0x63, 0x8C, 0x33, 0x9C, 0x3B, 0xB8, 0x1B, 0xB0,
    0x0F, 0xF0, 0x1F, 0xF0, 0x3B, 0xB8, 0x33, 0x98, 0x73, 0x9C, 0x63, 0x8C, 0xC3, 0x86, 0x00, 0x3F,
    0x9F, 0xC0, 0x70, 0x38, 0x38, 0xF8, 0x7E, 0x03, 0x80, 0xC0, 0xFF, 0xFF, 0xF0, 0xC0, 0xC0, 0xF8,
    0x7E, 0x3F, 0x8F, 0xE6, 0xFB, 0xBE, 0xCF, 0x73, 0xF8, 0xFC, 0x3F, 0x0F, 0x83, 0x00, 0x0E, 0xC1,
    0xF0, 0x00, 0xC0, 0xF8, 0x7E, 0x3F, 0x8F, 0xE6, 0xFB, 0xBE, 0xCF, 0x73, 0xF8, 0xFC, 0x3F, 0x0F,
    0x83, 0xC1, 0xB8, 0xCE, 0x73, 0x98, 0xEC, 0x3F, 0x0F, 0xC3, 0xB8, 0xE6, 0x39, 0xCE, 0x3B, 0x86,
    0x1F, 0xC7, 0xF8, 0xE3, 0x1C, 0x63, 0x0C, 0x61, 0x8C, 0x31, 0x86, 0x30, 0xC6, 0x1B, 0xC3, 0x70,
    0x64, 0x00, 0xE0, 0x3F, 0x83, 0xFC, 0x1F, 0xE0, 0xFD, 0x8D, 0xEC, 0x6F, 0x77, 0x79, 0xB3, 0xCD,
    0x9E, 0x38, 0xF1, 0xC7, 0x8E, 0x30, 0xC0, 0xF8, 0x3E, 0x0F, 0x83, 0xE0, 0xFF, 0xFF, 0xFF, 0x83,
    0xE0, 0xF8, 0x3E, 0x0F, 0x83, 0x00, 0x07, 0xF1, 0xFF, 0x70, 0x6C, 0x0F, 0x80, 0xF0, 0x1E, 0x03,
    0xC0, 0x78, 0x1F, 0x83, 0x3F, 0xE3, 0xF8, 0x08, 0x00, 0xFF, 0xFF, 0xFE, 0x0F, 0x83, 0xE0, 0xF8,
    0x3E, 0x0F, 0x83, 0xE0, 0xF8, 0x3E, 0x0F, 0x83, 0xFE, 0x7F, 0xB8, 0xDC, 0x7E, 0x37, 0x3B, 0xF9,
    0xF0, 0xE0, 0x70, 0x38, 0x1C, 0x00, 0x00, 0x1F, 0xDF, 0xFC, 0x0C, 0x06, 0x03, 0x01, 0x80, 0xC0,
    0x60, 0x38, 0x0F, 0xF3, 0xF8, 0x20, 0xFF, 0xBF, 0xE0, 0xC0, 0x30, 0x0C, 0x03, 0x00, 0xC0, 0x30,
    0x0C, 0x03, 0x00, 0xC0, 0x30, 0xC0, 0xDC, 0x19, 0x87, 0x38, 0xC3, 0x38, 0x76, 0x07, 0xC0, 0xF0,
    0x0E, 0x01, 0x81, 0xF0, 0x3C, 0x02, 0x00, 0x00, 0x00, 0x18, 0x03, 0xF0, 0x7F, 0xE7, 0x33, 0xB1,
    0x8D, 0x8C, 0x6C, 0x63, 0x63, 0x1B, 0x99, 0xCF, 0xFC, 0x1F, 0x80, 0x30, 0x01, 0x00, 0xE1, 0xD8,
    0x67, 0x30, 0xFC, 0x1E, 0x07, 0x01, 0xE0, 0x78, 0x37, 0x1C, 0xE6, 0x1B, 0x07, 0xC0, 0xCE, 0x0C,
    0xE0, 0xCE, 0x0C, 0xE0, 0xCE, 0x0C, 0xE0, 0xCE, 0x0C, 0xE0, 0xCE, 0x0C, 0xFF, 0xEF, 0xFF, 0x00,
    0x70, 0x07, 0x00, 0x60, 0xC1, 0xE0, 0xF0, 0x78, 0x3C, 0x1F, 0x1D, 0xFE, 0x7F, 0x01, 0x80, 0xC0,
    0x60, 0x30, 0xC1, 0x87, 0xC7, 0x0F, 0x8E, 0x1F, 0x1C, 0x3E, 0x38, 0x7C, 0x70, 0xF8, 0xE1, 0xF1,
    0xC3, 0xE3, 0x87, 0xC7, 0x0F, 0xFF, 0xFF, 0xFF, 0xF0, 0xC3, 0x8E, 0xE3, 0x8E, 0xE3, 0x8E, 0xE3,
    0x8E, 0xE3, 0x8E, 0xE3, 0x8E, 0xE3, 0x8E, 0xE3, 0x8E, 0xE3, 0x8E, 0xE3, 0x8E, 0xFF, 0xFF, 0xFF,
    0xFF, 0x00, 0x03, 0x00, 0x03, 0x00, 0x03, 0xF8, 0x1F, 0x00, 0x60, 0x0C, 0x01, 0xF0, 0x3F, 0x86,
    0x78, 0xC3, 0x18, 0x63, 0x1C, 0x7F, 0x0F, 0xC0, 0xC0, 0x3C, 0x03, 0xC0, 0x3C, 0x03, 0xF8, 0x3F,
    0xF3, 0xE7, 0x3E, 0x3B, 0xE3, 0xBE, 0x33, 0xFF, 0x3F, 0xE3, 0xE0, 0x70, 0x38, 0x1C, 0x0F, 0x87,
    0xFB, 0x9D, 0xC7, 0xE3, 0xF1, 0xBF, 0xDF, 0xC0, 0x00, 0x1F, 0xC7, 0xF8, 0x06, 0x01, 0xC0, 0x33,
    0xFC, 0xFF, 0x00, 0xC0, 0x70, 0x19, 0xFE, 0x7F, 0x06, 0x00, 0x00, 0x01, 0x87, 0xF3, 0x9F, 0xF7,
    0x30, 0x6E, 0xE0, 0xFD, 0x80, 0xFF, 0x01, 0xFE, 0x03, 0xEC, 0x07, 0xDC, 0x1F, 0x98, 0x37, 0x3F,
    0xEE, 0x3F, 0x80, 0x08, 0x00, 0x3F, 0x9F, 0xE6, 0x19, 0x86, 0x61, 0x9F, 0xE3, 0xF8, 0x7E, 0x39,
    0x8C, 0x67, 0x1B, 0x86, 0x00, 0x7E, 0x7F, 0x03, 0x1F, 0x7F, 0x63, 0xE3, 0x67, 0x7F, 0x10, 0x0F,
    0x8F, 0xE3, 0x81, 0x80, 0x7F, 0x1F, 0xE6, 0x19, 0x86, 0x61, 0xD8, 0x66, 0x19, 0xCE, 0x3F, 0x03,
    0x00, 0xFE, 0xFF, 0xC7, 0xFE, 0xFE, 0xC7, 0xC3, 0xFF, 0xFE, 0xFF, 0xFC, 0x30, 0xC3, 0x0C, 0x30,
    0xC0, 0x3F, 0x8F, 0xE3, 0x18, 0xC6, 0x31, 0x8C, 0x67, 0x1B, 0xFF, 0xFF, 0xF0, 0x3C, 0x0F, 0x03,
    0x00, 0x1F, 0x1F, 0xCC, 0x77, 0xFF, 0xFF, 0x80, 0xC0, 0x7B, 0x1F, 0x83, 0x00, 0xE6, 0x33, 0x33,
    0x8D, 0x98, 0x7F, 0x81, 0xFC, 0x1F, 0x71, 0xD9, 0x8C, 0xCE, 0xE6, 0x38, 0x00, 0xFE, 0x7E, 0x06,
    0x3E, 0x3E, 0x06, 0x07, 0xCF, 0xFE, 0x10, 0xC7, 0xC7, 0xCF, 0xCF, 0xDB, 0xDB, 0xF3, 0xF3, 0xE3,
    0x26, 0x7E, 0x3C, 0x00, 0xC7, 0xC7, 0xCF, 0xCF, 0xDB, 0xDB, 0xF3, 0xF3, 0xE3, 0xC7, 0xC6, 0xCC,
    0xFC, 0xF8, 0xDC, 0xCC, 0xC6, 0xC7, 0x3F, 0x9F, 0xCC, 0x66, 0x33, 0x19, 0x8D, 0xC7, 0xC3, 0xE1,
    0x80, 0x00, 0xE0, 0xFC, 0x3F, 0xC7, 0xF8, 0xFD, 0xB7, 0xB6, 0xF7, 0x9E, 0x73, 0xCE, 0x60, 0xC3,
    0xC3, 0xC3, 0xFF, 0xFF, 0xC3, 0xC3, 0xC3, 0xC3, 0x00, 0x0F, 0xC7, 0xF9, 0x86, 0x61, 0xB8, 0x66,
    0x19, 0x86, 0x73, 0x8F, 0xC0, 0xC0, 0xFF, 0xFF, 0xC3, 0xC3, 0xC3, 0xC3, 0xC3, 0xC3, 0xC3, 0x00,
    0x7F, 0x3F, 0xDC, 0x6C, 0x3E, 0x1F, 0x0F, 0xC6, 0xF7, 0x7F, 0x32, 0x18, 0x0C, 0x06, 0x00, 0x00,
    0x3F, 0x7E, 0x60, 0x60, 0xE0, 0xE0, 0x60, 0x7B, 0x3F, 0x0C, 0xFF, 0xFF, 0x18, 0x18, 0x18, 0x18,
    0x18, 0x18, 0x18, 0xC3, 0xE1, 0x98, 0xCC, 0xE7, 0x61, 0xB0, 0xF0, 0x38, 0x1C, 0x0C, 0x06, 0x1E,
    0x0F, 0x00, 0x06, 0x00, 0x60, 0x06, 0x00, 0x60, 0x3F, 0xC7, 0xFE, 0x66, 0x66, 0x67, 0xE6, 0x36,
    0x67, 0x66, 0x77, 0xEE, 0x3F, 0xC0, 0xF0, 0x06, 0x00, 0x60, 0x06, 0x00, 0xE3, 0x33, 0x8F, 0x87,
    0x81, 0xC1, 0xE1, 0xD8, 0xCE, 0xE3, 0x00, 0xC3, 0x30, 0xCC, 0x33, 0x0C, 0xC3, 0x30, 0xCC, 0x33,
    0xFE, 0xFF, 0x80, 0x60, 0x18, 0x02, 0xC3, 0xC3, 0xC3, 0xC3, 0xFF, 0x7F, 0x03, 0x03, 0x03, 0xC7,
    0x1E, 0x38, 0xF1, 0xC7, 0x8E, 0x3C, 0x71, 0xE3, 0x8F, 0x1C, 0x7F, 0xFF, 0xFF, 0xF8, 0xC7, 0x1B,
    0x1C, 0x6C, 0x71, 0xB1, 0xC6, 0xC7, 0x1B, 0x1C, 0x6C, 0x71, 0xBF, 0xFF, 0xFF, 0xFC, 0x00, 0x30,
    0x00, 0xC0, 0x03, 0xF8, 0x3E, 0x03, 0x80, 0xFC, 0x3F, 0xCE, 0x33, 0x8C, 0xFF, 0x3F, 0x80, 0xC0,
    0xF8, 0x1F, 0x03, 0xFE, 0x7F, 0xEF, 0x8F, 0xF1, 0xFF, 0xF7, 0xFE, 0xE0, 0xC0, 0xC0, 0xC0, 0xFC,
    0xFE, 0xC7, 0xC7, 0xFE, 0xFE, 0x00, 0xFC, 0x7E, 0x07, 0x3F, 0x7F, 0x07, 0x07, 0xCE, 0xFC, 0x30,
    0x00, 0x0C, 0x7C, 0xCF, 0xED, 0xC7, 0xFC, 0x3F, 0x83, 0xDC, 0x3D, 0xC7, 0xCE, 0xEC, 0x7C, 0x01,
    0x00, 0x3F, 0xBF, 0xD8, 0xEC, 0x77, 0xF9, 0xFC, 0xCE, 0xE7, 0xE3, 0x80, 0x38, 0x0E, 0x03, 0x00,
    0x03, 0xE3, 0xF9, 0x8E, 0xFF, 0xFF, 0xF0, 0x18, 0x0F, 0x63, 0xF0, 0x60, 0x00, 0x1B, 0x0D, 0x80,
    0x03, 0xE3, 0xF9, 0x8E, 0xFF, 0xFF, 0xF0, 0x18, 0x0F, 0x63, 0xF0, 0x60, 0x60, 0x7E, 0x3F, 0x0C,
    0x06, 0xF3, 0xFD, 0xC6, 0xC3, 0x61, 0xB0, 0xD8, 0x6C, 0x36, 0x18, 0x0C, 0x06, 0x0F, 0x0F, 0x00,
    0x1C, 0x63, 0x00, 0xFF, 0xFC, 0x30, 0xC3, 0x0C, 0x30, 0xC0, 0x00, 0x3F, 0x7E, 0x60, 0x7E, 0xFE,
    0xE0, 0x60, 0x7B, 0x3F, 0x0C, 0x00, 0x7E, 0xFE, 0xE0, 0x70, 0x3C, 0x0E, 0x06, 0xEE, 0xFE, 0x10,
    0x5B, 0x0D, 0xB6, 0xDB, 0x6C, 0x5F, 0xF0, 0x66, 0x66, 0x66, 0x66, 0x60, 0x11, 0x8C, 0x03, 0x18,
    0xC6, 0x31, 0x8C, 0x63, 0x18, 0xDE, 0xF0, 0x3F, 0x80, 0xFE, 0x03, 0x38, 0x0C, 0xFC, 0x33, 0xFC,
    0xCE, 0x37, 0x38, 0xF8, 0xFF, 0xE3, 0xF8, 0x00, 0x00, 0xC3, 0x03, 0x0C, 0x0C, 0x30, 0x3F, 0xF8,
    0xFF, 0xFB, 0x0C, 0x6C, 0x31, 0xB0, 0xFE, 0xC3, 0xF0, 0x60, 0x7E, 0x3F, 0x8C, 0x06, 0xF3, 0xFD,
    0xC6, 0xC3, 0x61, 0xB0, 0xD8, 0x6C, 0x36, 0x18, 0x0E, 0x0C, 0x18, 0x00, 0xC7, 0xC6, 0xCC, 0xFC,
    0xF8, 0xDC, 0xCC, 0xC6, 0xC7, 0x30, 0x18, 0x0C, 0x00, 0xC7, 0xC7, 0xCF, 0xCF, 0xDB, 0xDB, 0xF3,
    0xF3, 0xE3, 0x26, 0x1B, 0x0F, 0x00, 0x0C, 0x3E, 0x19, 0x8C, 0xCE, 0x76, 0x1B, 0x0F, 0x03, 0x81,
    0xC0, 0xC0, 0x61, 0xE0, 0xF0, 0x00, 0xC3, 0xC3, 0xC3, 0xC3, 0xC3, 0xC3, 0xC3, 0xFF, 0xFF, 0x18,
    0x18, 0x18, 0xC3, 0x87, 0x87, 0x0F, 0x86, 0x1F, 0x0C, 0x36, 0x38, 0x6C, 0x79, 0xDC, 0xF3, 0x1B,
    0x66, 0x36, 0xEC, 0x7C, 0xF0, 0x71, 0xE0, 0xE1, 0x80, 0x00, 0x00, 0xC6, 0x1E, 0x38, 0xF1, 0xC7,
    0xC6, 0x76, 0x73, 0x33, 0xD8, 0xF7, 0xC7, 0xBC, 0x18, 0xC0, 0x38, 0x1F, 0xC3, 0xFC, 0x1C, 0x03,
    0x80, 0x7F, 0x0F, 0xF1, 0xC7, 0x38, 0xE7, 0x1C, 0xFF, 0x1F, 0xC0, 0x30, 0x0C, 0x0F, 0xE3, 0xF0,
    0x30, 0x0F, 0x83, 0xF8, 0xC7, 0x30, 0xCF, 0xF3, 0xF8, 0x00, 0x03, 0x07, 0xFE, 0x3F, 0xF9, 0xC0,
    0xE6, 0x03, 0x98, 0x0F, 0xFF, 0x3F, 0xFC, 0xE6, 0x03, 0x98, 0x0E, 0x70, 0x38, 0xFF, 0xE1, 0xFC,
    0x00, 0x80, 0x00, 0x18, 0xFF, 0x1F, 0xE6, 0x0F, 0xFD, 0xFF, 0xB3, 0x06, 0x60, 0xCF, 0x78, 0xFC,
    0x02, 0x00, 0x0E, 0x00, 0xE0, 0x0F, 0x01, 0xB0, 0x1B, 0x83, 0xF8, 0x3F, 0x87, 0x6C, 0x66, 0xC6,
    0x6E, 0xE6, 0x6C, 0x67, 0x1C, 0x07, 0x83, 0xE0, 0xFC, 0x3F, 0x1B, 0xC6, 0xDB, 0xB6, 0xCD, 0xC0,
    0xC0, 0xC1, 0xC3, 0xC3, 0x87, 0x87, 0x1F, 0x0E, 0x37, 0x1F, 0xFE, 0x3F, 0xFE, 0x73, 0x6C, 0xEE,
    0xD9, 0xD9, 0xBB, 0xF3, 0x37, 0xC6, 0x70, 0xC3, 0x8C, 0x78, 0xC7, 0xCF, 0xFC, 0xFF, 0xCC, 0xF6,
    0xDB, 0x6D, 0xB7, 0xFB, 0x30, 0x7F, 0xE7, 0xFE, 0x30, 0xC1, 0x98, 0x0F, 0x81, 0xFC, 0x3F, 0xC7,
    0x66, 0x66, 0x66, 0x67, 0xE6, 0x3C, 0x63, 0x7F, 0xCF, 0xF0, 0xEC, 0x0F, 0x83, 0xF8, 0xDB, 0x9B,
    0x37, 0x66, 0xCC, 0xE0, 0xCF, 0xFE, 0xEF, 0xFC, 0xE7, 0x1C, 0xE3, 0xB8, 0xE1, 0xF0, 0xFF, 0xF8,
    0xFF, 0xFC, 0xE6, 0xEC, 0xEE, 0xEE, 0xEC, 0xE6, 0xEC, 0xE6, 0xFC, 0xE7, 0xDF, 0xF3, 0x3F, 0xCC,
    0x66, 0x3F, 0xF0, 0xFF, 0xE3, 0x36, 0xCD, 0x9B, 0x36, 0x66, 0xF9, 0x98, 0x21, 0x1B, 0x87, 0x8F,
    0xE7, 0xF8, 0x0C, 0x06, 0x07, 0x3E, 0x1F, 0x80, 0xE0, 0x30, 0x18, 0x7D, 0xFD, 0xE0, 0xE6, 0x3F,
    0xCF, 0xE0, 0x00, 0x6E, 0x3C, 0xFE, 0x7E, 0x06, 0x3E, 0x3E, 0x07, 0x03, 0x0F, 0xFE, 0xE0, 0xFE,
    0xFF, 0x00, 0xC6, 0x7C, 0x67, 0xC6, 0x7C, 0x67, 0xC6, 0x7E, 0x66, 0x66, 0x67, 0xFE, 0x3F, 0x80,
    0x60, 0x06, 0x00, 0x60, 0x0C, 0x01, 0x80, 0x30, 0x06, 0x0C, 0xCD, 0x99, 0xB3, 0x3E, 0x63, 0xCC,
    0x79, 0x9F, 0x33, 0x3F, 0xE7, 0xF8, 0x18, 0x03, 0x00, 0x60, 0x0C, 0x00, 0x00, 0x07, 0xF1, 0xFF,
    0x70, 0x7C, 0x07, 0x80, 0xFF, 0xFF, 0xFF, 0xC0, 0x78, 0x0F, 0x83, 0xBF, 0xE3, 0xF8, 0x08, 0x00,
    0x00, 0x0F, 0xC7, 0xF9, 0x86, 0x7F, 0x9F, 0xF6, 0x19, 0x86, 0x73, 0x8F, 0xC0, 0xC0, 0xC0, 0xEC,
    0x0E, 0xE1, 0x86, 0x18, 0x71, 0x83, 0x30, 0x33, 0x03, 0xB0, 0x1E, 0x01, 0xE0, 0x1E, 0x00, 0xE0,
    0x00, 0x61, 0xF0, 0xEC, 0x66, 0x63, 0xB0, 0xD8, 0x78, 0x3C, 0x0E, 0x00, 0x7E, 0x03, 0x60, 0x1B,
    0x00, 0x00, 0xC0, 0xEC, 0x0E, 0xE1, 0x86, 0x18, 0x71, 0x83, 0x30, 0x33, 0x03, 0xB0, 0x1E, 0x01,
    0xE0, 0x1E, 0x00, 0xE0, 0xFC, 0x36, 0x0D, 0x80, 0x0C, 0x3E, 0x1D, 0x8C, 0xCC, 0x76, 0x1B, 0x0F,
    0x07, 0x81, 0xC0, 0x00, 0x00, 0x03, 0xF0, 0x00, 0x7F, 0x80, 0x0E, 0x1C, 0x00, 0xC0, 0xD8, 0x6C,
    0x0D, 0x86, 0xC0, 0xFC, 0xEC, 0x0E, 0xCC, 0xC0, 0xCC, 0xCC, 0x0C, 0x7C, 0xE1, 0xC7, 0x87, 0xF8,
    0x78, 0x3F, 0x03, 0x00, 0xC0, 0x30, 0x00, 0x07, 0x00, 0x01, 0xE0, 0x00, 0x1C, 0x00, 0x00, 0x00,
    0x07, 0xE6, 0x19, 0xFE, 0xC3, 0x30, 0xDC, 0xE6, 0x19, 0x98, 0xC3, 0xB3, 0x18, 0x63, 0xE3, 0x0C,
    0x78, 0x73, 0x8F, 0x07, 0xE0, 0xC0, 0x30, 0x18, 0x00, 0x07, 0x00, 0x03, 0xC0, 0x00, 0x70, 0x00,
    0x0E, 0x03, 0xF8, 0x7F, 0xCE, 0x06, 0xC0, 0x7C, 0x03, 0xC0, 0x3C, 0x03, 0xC0, 0x3C, 0x07, 0xE0,
    0x67, 0xFE, 0x3F, 0x80, 0xE0, 0x0E, 0x07, 0xF1, 0xFF, 0x30, 0x66, 0x0C, 0xC1, 0x98, 0x33, 0x06,
    0x7F, 0xC7, 0xF0, 0x38, 0x00, 0x02, 0x00, 0x0F, 0xE0, 0x0D, 0xE0, 0x03, 0x80, 0x03, 0x00, 0x02,
    0x00, 0x3E, 0xF8, 0x7E, 0xFC, 0xE0, 0x0E, 0xC0, 0x06, 0xC0, 0x06, 0xC0, 0x06, 0xC1, 0x86, 0xC3,
    0x86, 0xC3, 0x86, 0xE3, 0x8E, 0x7F, 0xFC, 0x3F, 0xF8, 0x08, 0x20, 0x07, 0x80, 0x1F, 0xC0, 0x3F,
    0x80, 0x0C, 0x00, 0x30, 0x00, 0x00, 0x0F, 0xBE, 0x3E, 0x3E, 0x60, 0x0C, 0xC0, 0x19, 0x86, 0x33,
    0x1C, 0x66, 0x38, 0xCE, 0xFB, 0x8F, 0xFE, 0x04, 0x10, 0x0F, 0xE0, 0x1B, 0xC0, 0x00, 0x06, 0x1C,
    0x3C, 0x38, 0x7C, 0x30, 0xF8, 0x61, 0xB1, 0xC3, 0x63, 0xCE, 0xE7, 0x98, 0xDB, 0x31, 0xB7, 0x63,
    0xE7, 0x83, 0x8F, 0x07, 0x0C, 0x00, 0x00, 0x1F, 0xC0, 0xD6, 0x00, 0x01, 0x8C, 0x3C, 0x71, 0xE3,
    0x8F, 0x8C, 0xEC, 0xE6, 0x67, 0xB1, 0xEF, 0x8F, 0x78, 0x31, 0x80, 0x00, 0x0F, 0xE7, 0xFB, 0x80,
    0xE0, 0x30, 0x0C, 0x03, 0x00, 0xC0, 0x30, 0x0E, 0x01, 0xF8, 0x3F, 0x01, 0xC0, 0x70, 0x1C, 0x07,
    0x00, 0x00, 0x3F, 0x7F, 0x60, 0x60, 0x60, 0x60, 0x60, 0x7A, 0x3E, 0x06, 0x06, 0x06, 0x06, 0x01,
    0x00, 0xE1, 0xF0, 0x3C, 0x07, 0x93, 0x67, 0xC0, 0xE0, 0x3E, 0x0D, 0x82, 0x00, 0x00, 0x7F, 0xFF,
    0x00, 0x09, 0xFF, 0x98, 0xD9, 0x80, 0xCF, 0x00, 0x78, 0xFD, 0x18, 0x00, 0x00, 0x00, 0x0F, 0x00,
    0x00, 0x90, 0x00, 0x80, 0x10, 0x3C, 0x07, 0xC2, 0x60, 0x6C, 0x00, 0x00, 0x00, 0x00, 0x00, 0x70,
    0x00, 0xEF, 0x80, 0x1F, 0xC8, 0x01, 0x30, 0x00, 0x00, 0x00, 0x00, 0x01, 0xC0, 0x38, 0x3E, 0x07,
    0xC2, 0x40, 0x44, 0x00, 0xF0, 0x00, 0x0F, 0x00, 0x00, 0x00, 0x00, 0x00, 0x20, 0x00, 0x06, 0x00,
    0x08, 0x60, 0x01, 0x86, 0x18, 0x0C, 0x07, 0x80, 0xC0, 0x70, 0x04, 0x00, 0x00, 0x00, 0x00, 0x60,
    0x01, 0x87, 0x80, 0x1E, 0x18, 0x00, 0x60, 0x00, 0x00, 0x00, 0x00, 0x00, 0x40, 0x30, 0x0E, 0x03,
    0x01, 0xC6, 0x30, 0x00, 0x61, 0x80, 0x06, 0x00, 0x00, 0x40, 0x00, 0x31, 0x83, 0x38, 0x1F, 0x00,
    0x40, 0xC0, 0xEC, 0x1E, 0xC3, 0xEC, 0x3E, 0xC7, 0xEC, 0x6E, 0xCC, 0xED, 0xCE, 0xD8, 0xEF, 0x0E,
    0xF0, 0xFE, 0x0F, 0x00, 0x30, 0x06, 0x00, 0x60, 0x04, 0x63, 0x1F, 0xC3, 0xE0, 0x00, 0xC3, 0xB1,
    0xEC, 0x7B, 0x36, 0xDD, 0xB6, 0x6F, 0x1B, 0xC7, 0xE1, 0xC0, 0x30, 0x1C, 0x06, 0x00, 0x00, 0x60,
    0x3F, 0x0F, 0xC1, 0xC0, 0x70, 0x1F, 0xC7, 0xF9, 0xC7, 0x71, 0xDC, 0x77, 0xF9, 0xFC, 0x60, 0x18,
    0x0F, 0xC3, 0xF0, 0x60, 0x18, 0x06, 0x01, 0xF8, 0x7F, 0x98, 0x66, 0x19, 0xFE, 0x7F, 0x00, 0xFE,
    0x7F, 0xB8, 0xFC, 0x7E, 0xBF, 0x7B, 0xFD, 0xFE, 0xE2, 0x70, 0x38, 0x1C, 0x00, 0x00, 0x7F, 0x3F,
    0xDC, 0x6C, 0x3E, 0x1F, 0x0F, 0xDE, 0xFF, 0x7F, 0x32, 0xD8, 0x0C, 0x06, 0x00, 0x03, 0x03, 0x03,
    0xFF, 0xFF, 0xE0, 0xE0, 0xE0, 0xE0, 0xE0, 0xE0, 0xE0, 0xE0, 0xE0, 0xE0, 0x0C, 0x30, 0xFF, 0xFF,
    0x0C, 0x30, 0xC3, 0x0C, 0x30, 0x7F, 0xBF, 0xDC, 0x0E, 0x07, 0x07, 0xF3, 0xF8, 0xE0, 0x70, 0x38,
    0x1C, 0x0E, 0x00, 0x7E, 0xFD, 0x83, 0x0F, 0xCC, 0x18, 0x30, 0x60, 0xFF, 0x3F, 0xCE, 0x03, 0x80,
    0xE0, 0x3F, 0x0F, 0xF3, 0x8E, 0xE1, 0xB8, 0x7E, 0x1F, 0x87, 0x01, 0x80, 0x63, 0xF8, 0xFC, 0x08,
    0x00, 0xFC, 0xFC, 0xC0, 0xF0, 0xFC, 0xFE, 0xC7, 0xC7, 0xC3, 0x07, 0x07, 0x7E, 0x7C, 0x00, 0xE3,
    0x0C, 0xC6, 0x30, 0xCC, 0xE1, 0xDB, 0x81, 0xFE, 0x01, 0xF8, 0x03, 0xF0, 0x0F, 0xB0, 0x3B, 0x70,
    0x66, 0x71, 0x8C, 0x7F, 0x18, 0x70, 0x00, 0x60, 0x00, 0xC0, 0x01, 0x80, 0x00, 0xE6, 0x33, 0xB3,
    0x0D, 0xB8, 0x3F, 0x81, 0xF8, 0x0F, 0xE0, 0xDB, 0x8C, 0xCF, 0xE6, 0x38, 0x00, 0xC0, 0x06, 0x00,
    0x30, 0x00, 0x00, 0x00, 0x3F, 0x9F, 0xC0, 0x70, 0x38, 0x38, 0xF8, 0x7E, 0x03, 0x80, 0xC0, 0xFF,
    0xFF, 0xF0, 0xE0, 0x30, 0x38, 0x1C, 0x00, 0x00, 0xFE, 0x7E, 0x06, 0x3E, 0x3E, 0x06, 0x07, 0xCF,
    0xFE, 0x18, 0x08, 0x38, 0x38, 0xC1, 0xB8, 0xCE, 0x63, 0xB8, 0xFC, 0x3E, 0x0F, 0x83, 0xF0, 0xEE,
    0x39, 0xCE, 0x3F, 0x87, 0x00, 0xC0, 0x30, 0x0C, 0x01, 0xC6, 0x66, 0x37, 0x1F, 0x0F, 0x07, 0xC3,
    0x71, 0x9E, 0xC7, 0x01, 0x80, 0xC0, 0x60, 0x00, 0xC1, 0xB8, 0xCF, 0xE3, 0xF8, 0xFC, 0x3E, 0x0F,
    0x83, 0xF0, 0xFE, 0x3D, 0xCE, 0x33, 0x86, 0xD6, 0xFC, 0xFC, 0xF8, 0xF0, 0xF8, 0xFC, 0xFE, 0xD7,
    0x60, 0xDF, 0x33, 0xEE, 0x39, 0x87, 0x60, 0xFC, 0x1F, 0x83, 0xB8, 0x73, 0x0E, 0x71, 0xC7, 0x38,
    0x60, 0x60, 0x7E, 0x3F, 0x0C, 0x06, 0x33, 0x31, 0xB8, 0xF8, 0x78, 0x3E, 0x1B, 0x8C, 0xE6, 0x38,
    0xF8, 0x6F, 0x8E, 0x39, 0xC3, 0xB8, 0x3F, 0x03, 0xE0, 0x3E, 0x03, 0xF0, 0x3B, 0x83, 0x9C, 0x38,
    0xE3, 0x87, 0xF8, 0xDF, 0x30, 0x6C, 0x0F, 0x01, 0xE0, 0x3E, 0x06, 0xE0, 0xCC, 0x18, 0xC0, 0xC0,
    0xCE, 0x0C, 0xE0, 0xCE, 0x0C, 0xE0, 0xCF, 0xFC, 0xFF, 0xCE, 0x0C, 0xE0, 0xCE, 0x0C, 0xE0, 0xEE,
    0x0F, 0x00, 0x70, 0x07, 0x00, 0x70, 0x02, 0xC3, 0xB0, 0xEC, 0x3B, 0xFE, 0xFF, 0xB0, 0xEC, 0x3B,
    0x0E, 0xC3, 0xC0, 0x30, 0x0C, 0x03, 0x00, 0x00, 0xC0, 0xFF, 0x07, 0xF8, 0x31, 0xC1, 0x8E, 0x0C,
    0x7F, 0xE3, 0xFF, 0x1C, 0x18, 0xE0, 0xC7, 0x06, 0x38, 0x31, 0xC1, 0x80, 0xC3, 0xEC, 0x3E, 0xC3,
    0x8F, 0xF8, 0xFF, 0x8C, 0x38, 0xC3, 0x8C, 0x38, 0xC3, 0x80, 0xFF, 0xC0, 0xFF, 0xC0, 0xE1, 0xC0,
    0xE1, 0xC0, 0xE1, 0xC0, 0xE1, 0xF8, 0xE1, 0xFE, 0xE1, 0xCF, 0xE1, 0xC3, 0xE1, 0xC3, 0xE1, 0xC3,
    0xE1, 0xC3, 0x00, 0x03, 0x00, 0x07, 0x00, 0x7E, 0x00, 0x7E, 0x00, 0x10, 0xFF, 0x07, 0xF8, 0x30,
    0xC1, 0x87, 0x0C, 0x3F, 0x61, 0xBF, 0x0C, 0x78, 0x63, 0xC3, 0x18, 0x00, 0xC0, 0x06, 0x03, 0xF0,
    0x1F, 0x00, 0x00, 0x00, 0x03, 0xE0, 0x7E, 0x0E, 0x3C, 0xC7, 0xEC, 0x66, 0xCE, 0x6C, 0xE6, 0xC6,
    0x6C, 0x66, 0xE7, 0xE7, 0xFC, 0x3F, 0xF0, 0x4F, 0x00, 0x07, 0x81, 0xF0, 0x33, 0xC6, 0x7C, 0xDD,
    0x9B, 0xB3, 0x36, 0x77, 0x87, 0xF8, 0x37, 0x00, 0x00, 0x0F, 0xE7, 0xFB, 0x80, 0xC0, 0x30, 0x0C,
    0x03, 0x00, 0xC0, 0x30, 0x0E, 0x01, 0xFE, 0x3F, 0x83, 0x80, 0x60, 0x38, 0x0C, 0x00, 0x00, 0x3F,
    0x7E, 0x60, 0x60, 0x60, 0x60, 0x60, 0x7F, 0x3F, 0x0C, 0x04, 0x1C, 0x1C, 0xFF, 0xBF, 0xE1, 0xC0,
    0x70, 0x1C, 0x07, 0x01, 0xC0, 0x70, 0x1C, 0x07, 0x01, 0xE0, 0x78, 0x06, 0x01, 0x80, 0x60, 0x00,
    0xFF, 0xFF, 0x18, 0x18, 0x18, 0x18, 0x18, 0x1C, 0x1C, 0x0C, 0x0C, 0x0C, 0x00, 0xC1, 0xF8, 0x66,
    0x39, 0xCC, 0x36, 0x07, 0x81, 0xC0, 0x30, 0x0C, 0x03, 0x00, 0xC0, 0x30, 0xC3, 0xE1, 0x98, 0xCC,
    0xE7, 0x61, 0xB0, 0xF0, 0x38, 0x1C, 0x0C, 0x06, 0x03, 0x01, 0x80, 0xC1, 0xF8, 0x66, 0x39, 0xCC,
    0x36, 0x07, 0x81, 0xC0, 0xFC, 0x7F, 0x0F, 0xC0, 0xC0, 0x30, 0xC3, 0xE1, 0x98, 0xCC, 0xE7, 0x61,
    0xB0, 0xF0, 0x38, 0x1C, 0x3F, 0x86, 0x03, 0x01, 0x80, 0xE1, 0xCC, 0x31, 0xCC, 0x1F, 0x81, 0xE0,
    0x38, 0x07, 0x80, 0xF0, 0x37, 0x0E, 0x71, 0x87, 0x60, 0xF0, 0x0E, 0x01, 0xC0, 0x38, 0x02, 0xE3,
    0x3B, 0x8D, 0x87, 0x81, 0xC1, 0xE0, 0xD8, 0xCF, 0xE3, 0x80, 0xC0, 0x60, 0x30, 0x00, 0xFF, 0x9B,
    0xFE, 0x61, 0x81, 0x86, 0x06, 0x18, 0x18, 0x60, 0x61, 0x81, 0x86, 0x06, 0x18, 0x18, 0x60, 0x61,
    0xFF, 0xC7, 0xFF, 0x00, 0x0C, 0x00, 0x30, 0x00, 0xC0, 0x01, 0xFF, 0x6F, 0xE6, 0x18, 0x61, 0x86,
    0x18, 0x61, 0x86, 0x18, 0x61, 0xFF, 0x1F, 0xF0, 0x03, 0x00, 0x30, 0x03, 0x00, 0x00, 0xC1, 0x98,
    0x33, 0x06, 0x60, 0xCC, 0x19, 0x83, 0x3F, 0xE3, 0xFC, 0x01, 0x80, 0x30, 0x07, 0x80, 0xF0, 0x06,
    0x00, 0xC0, 0x18, 0x02, 0xC3, 0x30, 0xCC, 0x33, 0x0C, 0xFF, 0x1F, 0xC0, 0x30, 0x0E, 0x03, 0xC0,
    0x70, 0x1C, 0x07, 0x00, 0x00, 0xC1, 0xB0, 0x6C, 0x1B, 0x26, 0xCD, 0xB3, 0x6F, 0xF9, 0xFE, 0x0D,
    0x83, 0x60, 0x98, 0x06, 0xC3, 0xC3, 0xDB, 0xDB, 0xFF, 0x7F, 0x1B, 0x1B, 0x03, 0xC0, 0x38, 0x0E,
    0x03, 0x80, 0xFF, 0x3F, 0xEE, 0x1F, 0x87, 0xE1, 0xF8, 0x7E, 0x1F, 0x87, 0xC0, 0xC0, 0xC0, 0xC0,
    0xFE, 0xFF, 0xE3, 0xC3, 0xC3, 0xC3, 0xC3, 0xC3, 0xC3, 0x00, 0x00, 0x1F, 0x80, 0xFF, 0x07, 0x0E,
    0xD8, 0x1B, 0x60, 0x6F, 0xFF, 0xDF, 0xFE, 0x18, 0x00, 0x60, 0x01, 0xC0, 0x03, 0xFE, 0x07, 0xF8,
    0x03, 0x00, 0x00, 0x01, 0xF0, 0x7F, 0x6C, 0x6F, 0xFE, 0xFF, 0xCE, 0x00, 0xC0, 0x1C, 0xC1, 0xF8,
    0x0C, 0x00, 0x00, 0x00, 0x1F, 0x80, 0xFF, 0x07, 0x0E, 0xD8, 0x1B, 0x60, 0x6F, 0xFF, 0xDF, 0xFE,
    0x18, 0x00, 0x60, 0x01, 0xC0, 0x03, 0xFE, 0x07, 0xF8, 0x07, 0x00, 0x18, 0x00, 0x60, 0x00, 0x80,
    0x00, 0x01, 0xF0, 0x7F, 0x6C, 0x6F, 0xFE, 0xFF, 0xCE, 0x01, 0xC0, 0x1C, 0xC1, 0xF8, 0x0C, 0x01,
    0x80, 0x30, 0x00, 0x00, 0xFB, 0x8C, 0x63, 0x18, 0xC6, 0x31, 0x8D, 0xF0, 0x00, 0x00, 0x06, 0xC0,
    0x07, 0xC0, 0x00, 0x00, 0xE3, 0x8E, 0x63, 0x8C, 0x33, 0x9C, 0x3B, 0xB8, 0x1B, 0xB0, 0x0F, 0xF0,
    0x1F, 0xF0, 0x3B, 0xB8, 0x33, 0x98, 0x73, 0x9C, 0x63, 0x8C, 0xC3, 0x86, 0x09, 0x80, 0x6C, 0x03,
    0xC0, 0x00, 0x0E, 0x63, 0x33, 0x38, 0xD9, 0x87, 0xF8, 0x1F, 0xC1, 0xF7, 0x1D, 0x98, 0xCC, 0xEE,
    0x63, 0x80, 0xC3, 0xB8, 0xCE, 0x63, 0xB0, 0xFC, 0x3F, 0x0F, 0xF3, 0x8E, 0xE1, 0xF8, 0x3E, 0x0F,
    0x83, 0x00, 0xC0, 0x71, 0xF8, 0x7C, 0x0C, 0x00, 0xC6, 0xCE, 0xDC, 0xF8, 0xFC, 0xFE, 0xC7, 0xC3,
    0xC3, 0x03, 0x03, 0x3E, 0x3E, 0x00, 0x1F, 0xE1, 0xFE, 0x18, 0xE1, 0x8E, 0x18, 0xE1, 0x8E, 0x38,
    0xE3, 0x0E, 0x30, 0xE3, 0x0E, 0xF0, 0xFE, 0x0F, 0x40, 0x30, 0x06, 0x00, 0x60, 0x04, 0x3F, 0x8F,
    0xE3, 0x38, 0xCE, 0x33, 0x8C, 0xE7, 0x39, 0x8F, 0xE3, 0xC0, 0x30, 0x18, 0x06, 0x00, 0x00, 0xC0,
    0xF8, 0x3E, 0x0F, 0x83, 0xE0, 0xFF, 0xFF, 0xFF, 0x83, 0xE0, 0xF8, 0x3E, 0x0F, 0x83, 0x00, 0xC0,
    0x71, 0xF8, 0x7C, 0x0C, 0x00, 0xC3, 0xE1, 0xF0, 0xFF, 0xFF, 0xFE, 0x1F, 0x0F, 0x87, 0xC3, 0x81,
    0xC0, 0xC3, 0xE1, 0xE0, 0x00, 0xC0, 0xCE, 0x0C, 0xE0, 0xCE, 0x0C, 0xE0, 0xCF, 0xFC, 0xFF, 0xCE,
    0x0C, 0xE0, 0xCE, 0x0C, 0xE0, 0xEE, 0x0F, 0x00, 0x60, 0x06, 0x00, 0xE0, 0x04, 0xC3, 0xB0, 0xEC,
    0x3B, 0xFE, 0xFF, 0xB0, 0xEC, 0x3B, 0x0F, 0xC3, 0xC0, 0x30, 0x18, 0x06, 0x00, 0x00, 0xC1, 0xB0,
    0x6C, 0x1B, 0x06, 0xC1, 0xB0, 0x6F, 0xF9, 0xFE, 0x01, 0x80, 0x60, 0x38, 0x0E, 0x03, 0x00, 0xC0,
    0x30, 0x00, 0xC3, 0xC3, 0xC3, 0xC3, 0xFF, 0x7F, 0x03, 0x07, 0x07, 0x06, 0x06, 0x06, 0x00, 0xE0,
    0x39, 0xE0, 0xF3, 0xC1, 0xE7, 0x83, 0xCD, 0x8D, 0x9B, 0x1B, 0x37, 0x76, 0x66, 0xCC, 0xCD, 0x99,
    0x8E, 0x33, 0x1C, 0x76, 0x38, 0xE0, 0x00, 0xC0, 0x03, 0x80, 0x06, 0x00, 0x04, 0xE1, 0xCE, 0x1C,
    0xF1, 0xCF, 0x3C, 0xF3, 0xCD, 0xFC, 0xDE, 0xCC, 0xEE, 0xCC, 0xF0, 0x06, 0x00, 0x60, 0x06, 0x00,
    0x00, 0xFB, 0x8C, 0x63, 0x18, 0xC6, 0x31, 0x8D, 0xF0, 0x00, 0x07, 0x60, 0x7C, 0x00, 0x00, 0xE0,
    0x1C, 0x07, 0x80, 0xD8, 0x1B, 0x06, 0x70, 0xC6, 0x3F, 0xC7, 0xFC, 0xC1, 0xB0, 0x36, 0x03, 0x32,
    0x3F, 0x1E, 0x00, 0x3F, 0x37, 0x03, 0x1F, 0x7F, 0x63, 0xE3, 0x67, 0x7F, 0x10, 0x00, 0x03, 0x60,
    0x6C, 0x00, 0x00, 0xE0, 0x1C, 0x07, 0x80, 0xD8, 0x1B, 0x06, 0x70, 0xC6, 0x3F, 0xC7, 0xFC, 0xC1,
    0xB0, 0x36, 0x03, 0x00, 0x36, 0x36, 0x00, 0x3F, 0x37, 0x03, 0x1F, 0x7F, 0x63, 0xE3, 0x67, 0x7F,
    0x10, 0x03, 0xFE, 0x07, 0xFC, 0x1B, 0x00, 0x36, 0x00, 0xCC, 0x01, 0x9F, 0xC7, 0x3F, 0x8F, 0xE0,
    0x3F, 0xC0, 0x61, 0x81, 0xC3, 0xFB, 0x07, 0xF0, 0x00, 0x01, 0xFB, 0xE7, 0x7F, 0x80, 0xC7, 0x1F,
    0xFD, 0xFF, 0xF6, 0x30, 0x38, 0xE0, 0x67, 0xD9, 0xF3, 0xE1, 0x02, 0x00, 0x00, 0x66, 0x3C, 0x00,
    0xFF, 0xFE, 0xE0, 0xE0, 0xE0, 0xFE, 0xFE, 0xE0, 0xE0, 0xE0, 0xFE, 0xFF, 0x33, 0x1F, 0x87, 0x80,
    0x03, 0xF3, 0xF9, 0x8E, 0xFF, 0x7F, 0xB0, 0x18, 0x0F, 0x63, 0xF0, 0x20, 0x00, 0x07, 0xF8, 0x7F,
    0xC0, 0x0E, 0x00, 0x60, 0x07, 0x7F, 0xF7, 0xFF, 0x60, 0x76, 0x06, 0x70, 0xE3, 0xFC, 0x1F, 0x80,
    0x60, 0x00, 0x3F, 0x1F, 0xC0, 0x70, 0x1B, 0xFF, 0xFE, 0xC7, 0x77, 0x1F, 0x02, 0x00, 0x00, 0x01,
    0xB0, 0x19, 0x00, 0x00, 0x7F, 0x87, 0xFC, 0x00, 0xE0, 0x06, 0x00, 0x77, 0xFF, 0x7F, 0xF6, 0x07,
    0x60, 0x67, 0x0E, 0x3F, 0xC1, 0xF8, 0x06, 0x00, 0x00, 0x1B, 0x0D, 0x80, 0x07, 0xE3, 0xF8, 0x0E,
    0x03, 0x7F, 0xFF, 0xD8, 0xEE, 0xE3, 0xE0, 0x40, 0x00, 0x00, 0x06, 0xC0, 0x06, 0xC0, 0x00, 0x00,
    0xE3, 0x8E, 0x63, 0x8C, 0x33, 0x9C, 0x3B, 0xB8, 0x1B, 0xB0, 0x0F, 0xF0, 0x1F, 0xF0, 0x3B, 0xB8,
    0x33, 0x98, 0x73, 0x9C, 0x63, 0x8C, 0xC3, 0x86, 0x00, 0x00, 0x6C, 0x03, 0x60, 0x00, 0x0E, 0x63,
    0x33, 0x38, 0xD9, 0x87, 0xF8, 0x1F, 0xC1, 0xF7, 0x1D, 0x98, 0xCC, 0xEE, 0x63, 0x80, 0x00, 0x1B,
    0x09, 0x80, 0x07, 0xF3, 0xF8, 0x0E, 0x07, 0x07, 0x1F, 0x0F, 0xC0, 0x70, 0x18, 0x1F, 0xFF, 0xFE,
    0x18, 0x00, 0x00, 0x6E, 0x24, 0x00, 0xFE, 0x7E, 0x06, 0x3E, 0x3E, 0x06, 0x07, 0xCF, 0xFE, 0x10,
    0x7F, 0xBF, 0xC1, 0xC1, 0xC1, 0x81, 0xF0, 0xFE, 0x07, 0x01, 0x80, 0xF9, 0xFF, 0xE1, 0x80, 0xFF,
    0xFE, 0x0E, 0x1C, 0x38, 0x3C, 0x3E, 0x07, 0x03, 0x03, 0x07, 0xFE, 0xFC, 0x1F, 0x0F, 0xC0, 0x03,
    0x03, 0xE1, 0xF8, 0xFE, 0x3F, 0x9B, 0xEE, 0xFB, 0x3D, 0xCF, 0xE3, 0xF0, 0xFC, 0x3E, 0x0C, 0x3E,
    0x7E, 0x00, 0xC7, 0xC7, 0xCF, 0xCF, 0xDB, 0xDB, 0xF3, 0xF3, 0xE3, 0x00, 0x06, 0xC1, 0xB0, 0x00,
    0xC0, 0xF8, 0x7E, 0x3F, 0x8F, 0xE6, 0xFB, 0xBE, 0xCF, 0x73, 0xF8, 0xFC, 0x3F, 0x0F, 0x83, 0x00,
    0x36, 0x26, 0x00, 0xC7, 0xC7, 0xCF, 0xCF, 0xDB, 0xDB, 0xF3, 0xF3, 0xE3, 0x00, 0x03, 0x60, 0x6C,
    0x00, 0x03, 0xF8, 0xFF, 0xB8, 0x3E, 0x03, 0xC0, 0x78, 0x0F, 0x01, 0xE0, 0x3C, 0x07, 0xC1, 0xDF,
    0xF1, 0xFC, 0x04, 0x00, 0x00, 0x0E, 0xC1, 0x20, 0x00, 0x3F, 0x1F, 0xE6, 0x19, 0x86, 0x61, 0xD8,
    0x66, 0x19, 0xCE, 0x3F, 0x03, 0x00, 0x00, 0x07, 0xF1, 0xFF, 0x70, 0x7C, 0x07, 0x80, 0xFF, 0xFF,
    0xFF, 0xC0, 0x78, 0x0F, 0x83, 0xBF, 0xE3, 0xF8, 0x08, 0x00, 0x00, 0x0F, 0xC7, 0xF9, 0x86, 0x7F,
    0x9F, 0xF6, 0x19, 0x86, 0x73, 0x8F, 0xC0, 0xC0, 0x00, 0x03, 0x60, 0x6C, 0x00, 0x03, 0xF8, 0xFF,
    0xB8, 0x3E, 0x03, 0xC0, 0x7F, 0xFF, 0xFF, 0xE0, 0x3C, 0x07, 0xC1, 0xDF, 0xF1, 0xFC, 0x04, 0x00,
    0x00, 0x0E, 0xC1, 0x20, 0x00, 0x3F, 0x1F, 0xE6, 0x19, 0xFE, 0x7F, 0xD8, 0x66, 0x19, 0xCE, 0x3F,
    0x03, 0x00, 0x00, 0x0D, 0x82, 0x60, 0x00, 0x7F, 0x1F, 0xE0, 0x18, 0x07, 0x00, 0xCF, 0xF3, 0xFC,
    0x03, 0x01, 0xC0, 0x67, 0xF9, 0xFC, 0x18, 0x00, 0x00, 0x6C, 0x6C, 0x00, 0xFC, 0x7E, 0x07, 0x3F,
    0x7F, 0x07, 0x07, 0xCE, 0xFC, 0x30, 0x1F, 0x07, 0xE0, 0x00, 0x60, 0x6E, 0x0C, 0xC3, 0x9C, 0x61,
    0x9C, 0x3B, 0x03, 0xE0, 0x78, 0x07, 0x00, 0xC0, 0xF8, 0x1E, 0x01, 0x00, 0x3E, 0x3F, 0x00, 0x18,
    0x7C, 0x33, 0x19, 0x9C, 0xEC, 0x36, 0x1E, 0x07, 0x03, 0x81, 0x80, 0xC3, 0xC1, 0xE0, 0x00, 0x03,
    0x60, 0x4C, 0x00, 0x0C, 0x0D, 0xC1, 0x98, 0x73, 0x8C, 0x33, 0x87, 0x60, 0x7C, 0x0F, 0x00, 0xE0,
    0x18, 0x1F, 0x03, 0xC0, 0x20, 0x00, 0x00, 0x1B, 0x09, 0x80, 0x0C, 0x3E, 0x19, 0x8C, 0xCE, 0x76,
    0x1B, 0x0F, 0x03, 0x81, 0xC0, 0xC0, 0x61, 0xE0, 0xF0, 0x00, 0x0F, 0xC1, 0xB0, 0x6C, 0x00, 0x0C,
    0x0D, 0xC1, 0x98, 0x73, 0x8C, 0x33, 0x87, 0x60, 0x7C, 0x0F, 0x00, 0xE0, 0x18, 0x1F, 0x03, 0xC0,
    0x20, 0x00, 0x1B, 0x0F, 0x8D, 0x80, 0x0C, 0x3F, 0x19, 0x8C, 0xCE, 0x76, 0x1B, 0x0F, 0x03, 0x81,
    0xC0, 0xC0, 0x61, 0xE0, 0xF0, 0x00, 0x00, 0x1B, 0x0D, 0x80, 0x0C, 0x1E, 0x0F, 0x07, 0x83, 0xC1,
    0xF1, 0xDF, 0xE7, 0xF0, 0x18, 0x0C, 0x06, 0x03, 0x00, 0x6C, 0x64, 0x00, 0xC3, 0xC3, 0xC3, 0xC3,
    0xFF, 0x7F, 0x03, 0x03, 0x03, 0xFF, 0xFF, 0xE0, 0xE0, 0xE0, 0xE0, 0xE0, 0xE0, 0xE0, 0xE0, 0xF0,
    0xF0, 0x30, 0x30, 0x30, 0x20, 0xFF, 0xFC, 0x30, 0xC3, 0x0C, 0x38, 0xF1, 0xC7, 0x1C, 0x00, 0x00,
    0x01, 0xD8, 0x09, 0x00, 0x00, 0xC0, 0x3C, 0x03, 0xC0, 0x3C, 0x03, 0xF8, 0x3F, 0xF3, 0xE7, 0x3E,
    0x3B, 0xE3, 0xBE, 0x33, 0xFF, 0x3F, 0xE3, 0x00, 0x03, 0x60, 0x6C, 0x00, 0x0C, 0x0F, 0x81, 0xF0,
    0x3F, 0xE7, 0xFE, 0xF8, 0xFF, 0x1F, 0xFF, 0x7F, 0xEE, 0x7F, 0xBF, 0xDC, 0x0E, 0x07, 0x07, 0xF3,
    0xF8, 0xE0, 0x70, 0x38, 0x1E, 0x0F, 0x01, 0x80, 0xC1, 0xC0, 0x40, 0x7E, 0xFD, 0x83, 0x0F, 0xCC,
    0x18, 0x38, 0x78, 0x70, 0xC3, 0x86, 0x00, 0xE1, 0xCC, 0x31, 0xCC, 0x1F, 0x81, 0xE0, 0x38, 0x07,
    0x80, 0xF0, 0x37, 0x0E, 0x71, 0x87, 0x60, 0xF0, 0x0E, 0x01, 0x80, 0x70, 0x0C, 0xE3, 0x3B, 0x8D,
    0x87, 0x81, 0xC1, 0xE0, 0xD8, 0xCF, 0xE3, 0x80, 0xC0, 0x60, 0x70, 0x30, 0xE1, 0xD8, 0x67, 0x30,
    0xFC, 0x1E, 0x1F, 0xE7, 0xF8, 0xF8, 0x37, 0x1C, 0xE6, 0x1B, 0x07, 0xE3, 0x3B, 0x8D, 0x8F, 0xE7,
    0xF1, 0xE0, 0xD8, 0xCE, 0xE3, 0x80, 0x0E, 0x01, 0xC0, 0x78, 0x0D, 0x81, 0xB0, 0x67, 0x0C, 0x63,
    0xFC, 0x7F, 0xCC, 0x1B, 0x03, 0x60, 0x30, 0x00, 0x18, 0x03, 0x00, 0x00, 0x3F, 0x37, 0x03, 0x1F,
    0x7F, 0x63, 0xE3, 0x67, 0x7F, 0x10, 0x0C, 0x0C, 0x0E, 0x01, 0xC0, 0x38, 0x06, 0x00, 0x00, 0x1C,
    0x03, 0x80, 0xF0, 0x1B, 0x03, 0x60, 0xCE, 0x18, 0xC7, 0xF8, 0xFF, 0x98, 0x36, 0x06, 0xC0, 0x60,
    0x1C, 0x1E, 0x0E, 0x08, 0x08, 0x3F, 0x37, 0x03, 0x1F, 0x7F, 0x63, 0xE3, 0x67, 0x7F, 0x10, 0x00,
    0xC0, 0xB8, 0x3E, 0x0D, 0x80, 0x00, 0x1C, 0x03, 0x80, 0xF0, 0x1B, 0x03, 0x60, 0xCE, 0x18, 0xC7,
    0xF8, 0xFF, 0x98, 0x36, 0x06, 0xC0, 0x60, 0x01, 0x87, 0x61, 0xF0, 0xD8, 0x00, 0x0F, 0xC3, 0x70,
    0x0C, 0x1F, 0x1F, 0xC6, 0x33, 0x8C, 0x67, 0x1F, 0xC1, 0x00, 0x60, 0x0C, 0x80, 0xF8, 0x0D, 0x80,
    0x00, 0x1C, 0x03, 0x80, 0xF0, 0x1B, 0x03, 0x60, 0xCE, 0x18, 0xC7, 0xF8, 0xFF, 0x98, 0x36, 0x06,
    0xC0, 0x60, 0xC0, 0x6C, 0x3E, 0x36, 0x00, 0x3F, 0x37, 0x03, 0x1F, 0x7F, 0x63, 0xE3, 0x67, 0x7F,
    0x10, 0x01, 0x00, 0x30, 0x16, 0x0F, 0x81, 0xB0, 0x00, 0x03, 0x80, 0x70, 0x1E, 0x03, 0x60, 0x6C,
    0x19, 0xC3, 0x18, 0xFF, 0x1F, 0xF3, 0x06, 0xC0, 0xD8, 0x0C, 0x03, 0x00, 0xC3, 0xE3, 0xE3, 0x60,
    0x00, 0xFC, 0x6E, 0x03, 0x0F, 0x9F, 0xCC, 0x6E, 0x33, 0x39, 0xFC, 0x20, 0x19, 0x03, 0xE0, 0x58,
    0x07, 0x01, 0xB0, 0x02, 0x03, 0x80, 0x70, 0x1E, 0x03, 0x60, 0x6C, 0x19, 0xC3, 0x18, 0xFF, 0x1F,
    0xF3, 0x06, 0xC0, 0xD8, 0x0C, 0x3B, 0x3E, 0x0C, 0x1E, 0x36, 0x00, 0x3F, 0x37, 0x03, 0x1F, 0x7F,
    0x63, 0xE3, 0x67, 0x7F, 0x10, 0x0E, 0x03, 0xE0, 0xEC, 0x00, 0x00, 0xE0, 0x1C, 0x07, 0x80, 0xD8,
    0x1B, 0x06, 0x70, 0xC6, 0x3F, 0xC7, 0xFC, 0xC1, 0xB0, 0x36, 0x03, 0x00, 0x01, 0x80, 0x30, 0x00,
    0x1C, 0x1E, 0x37, 0x00, 0x3F, 0x37, 0x03, 0x1F, 0x7F, 0x63, 0xE3, 0x67, 0x7F, 0x10, 0x1C, 0x1C,
    0x06, 0x00, 0xC0, 0x4C, 0x0F, 0x80, 0x00, 0x1C, 0x03, 0x80, 0xF0, 0x1B, 0x03, 0x60, 0xCE, 0x18,
    0xC7, 0xF8, 0xFF, 0x98, 0x36, 0x06, 0xC0, 0x60, 0x00, 0x0E, 0x2E, 0x3E, 0x1E, 0x00, 0x3F, 0x37,
    0x03, 0x1F, 0x7F, 0x63, 0xE3, 0x67, 0x7F, 0x10, 0x18, 0x01, 0x80, 0x4C, 0x0F, 0x80, 0x00, 0x1C,
    0x03, 0x80, 0xF0, 0x1B, 0x03, 0x60, 0xCE, 0x18, 0xC7, 0xF8, 0xFF, 0x98, 0x36, 0x06, 0xC0, 0x60,
    0x00, 0x18, 0x3A, 0x3E, 0x1E, 0x00, 0x3F, 0x37, 0x03, 0x1F, 0x7F, 0x63, 0xE3, 0x67, 0x7F, 0x10,
    0x0C, 0x01, 0xC0, 0x38, 0x09, 0x81, 0xF0, 0x00, 0x03, 0x80, 0x70, 0x1E, 0x03, 0x60, 0x6C, 0x19,
    0xC3, 0x18, 0xFF, 0x1F, 0xF3, 0x06, 0xC0, 0xD8, 0x0C, 0x1C, 0x0C, 0x2E, 0x3E, 0x1E, 0x00, 0x3F,
    0x37, 0x03, 0x1F, 0x7F, 0x63, 0xE3, 0x67, 0x7F, 0x10, 0x19, 0x03, 0xE0, 0x48, 0x09, 0x81, 0xF0,
    0x00, 0x03, 0x80, 0x70, 0x1E, 0x03, 0x60, 0x6C, 0x19, 0xC3, 0x18, 0xFF, 0x1F, 0xF3, 0x06, 0xC0,
    0xD8, 0x0C, 0x3B, 0x3E, 0x22, 0x3E, 0x1E, 0x00, 0x3F, 0x37, 0x03, 0x1F, 0x7F, 0x63, 0xE3, 0x67,
    0x7F, 0x10, 0x11, 0x03, 0xE0, 0x78, 0x00, 0x00, 0xE0, 0x1C, 0x07, 0x80, 0xD8, 0x1B, 0x06, 0x70,
    0xC6, 0x3F, 0xC7, 0xFC, 0xC1, 0xB0, 0x36, 0x03, 0x00, 0x01, 0x80, 0x30, 0x00, 0x22, 0x3F, 0x1E,
    0x00, 0x3F, 0x37, 0x03, 0x1F, 0x7F, 0x63, 0xE3, 0x67, 0x7F, 0x10, 0x18, 0x18, 0xFF, 0xFE, 0xE0,
    0xE0, 0xE0, 0xFE, 0xFE, 0xE0, 0xE0, 0xE0, 0xFE, 0xFF, 0x00, 0x18, 0x18, 0x00, 0x1F, 0x9F, 0xCC,
    0x77, 0xFB, 0xFD, 0x80, 0xC0, 0x7B, 0x1F, 0x81, 0x01, 0x80, 0xC0, 0x3C, 0x1C, 0x1C, 0x18, 0x00,
    0xFF, 0xFE, 0xE0, 0xE0, 0xE0, 0xFE, 0xFE, 0xE0, 0xE0, 0xE0, 0xFE, 0xFF, 0x1E, 0x07, 0x03, 0x81,
    0x80, 0x81, 0xF9, 0xFC, 0xC7, 0x7F, 0xBF, 0xD8, 0x0C, 0x07, 0xB1, 0xF8, 0x10, 0x22, 0x7E, 0x5E,
    0x00, 0xFF, 0xFE, 0xE0, 0xE0, 0xE0, 0xFE, 0xFE, 0xE0, 0xE0, 0xE0, 0xFE, 0xFF, 0x11, 0x1F, 0x9B,
    0xC0, 0x03, 0xF3, 0xF9, 0x8E, 0xFF, 0x7F, 0xB0, 0x18, 0x0F, 0x63, 0xF0, 0x20, 0x01, 0x0D, 0x8F,
    0x8F, 0xC0, 0x07, 0xFB, 0xF9, 0xC0, 0xE0, 0x70, 0x3F, 0x9F, 0xCE, 0x07, 0x03, 0x81, 0xFC, 0xFF,
    0x00, 0x01, 0x83, 0x61, 0xF0, 0xDC, 0x00, 0x0F, 0xC7, 0xF1, 0x8E, 0x7F, 0x9F, 0xE6, 0x01, 0x80,
    0x7B, 0x0F, 0xC0, 0x40, 0x40, 0x36, 0x0F, 0x87, 0xE0, 0x03, 0xFD, 0xFC, 0xE0, 0x70, 0x38, 0x1F,
    0xCF, 0xE7, 0x03, 0x81, 0xC0, 0xFE, 0x7F, 0x80, 0xC0, 0x36, 0x0F, 0x86, 0xE0, 0x01, 0xF9, 0xFC,
    0xC7, 0x7F, 0xBF, 0xD8, 0x0C, 0x07, 0xB1, 0xF8, 0x10, 0x02, 0x07, 0x1B, 0x3E, 0x7E, 0x00, 0xFF,
    0xFE, 0xE0, 0xE0, 0xE0, 0xFE, 0xFE, 0xE0, 0xE0, 0xE0, 0xFE, 0xFF, 0x03, 0x00, 0xC3, 0x63, 0xE3,
    0x60, 0x00, 0xFC, 0xFE, 0x63, 0xBF, 0xDF, 0xEC, 0x06, 0x03, 0xD8, 0xFC, 0x08, 0x36, 0x7E, 0x5C,
    0x3C, 0x7E, 0x00, 0xFF, 0xFE, 0xE0, 0xE0, 0xE0, 0xFE, 0xFE, 0xE0, 0xE0, 0xE0, 0xFE, 0xFF, 0x3B,
    0x1F, 0x03, 0x03, 0xC3, 0x60, 0x00, 0xFC, 0xFE, 0x63, 0xBF, 0xDF, 0xEC, 0x06, 0x03, 0xD8, 0xFC,
    0x08, 0x18, 0x3C, 0x66, 0x00, 0xFF, 0xFE, 0xE0, 0xE0, 0xE0, 0xFE, 0xFE, 0xE0, 0xE0, 0xE0, 0xFE,
    0xFF, 0x00, 0x18, 0x18, 0x1C, 0x0F, 0x0D, 0xC0, 0x03, 0xF3, 0xF9, 0x8E, 0xFF, 0x7F, 0xB0, 0x18,
    0x0F, 0x63, 0xF0, 0x20, 0x30, 0x18, 0x33, 0xC6, 0x62, 0x7D, 0xC6, 0x31, 0x8C, 0x63, 0x18, 0xC6,
    0xF8, 0xEE, 0xEC, 0x0C, 0xCC, 0xCC, 0xCC, 0xCC, 0xFB, 0x8C, 0x63, 0x18, 0xC6, 0x31, 0x8D, 0xF0,
    0x18, 0xC0, 0x5B, 0x0D, 0xB6, 0xDB, 0x6C, 0x36, 0x00, 0x07, 0xF1, 0xFF, 0x70, 0x7C, 0x07, 0x80,
    0xF0, 0x1E, 0x03, 0xC0, 0x78, 0x0F, 0x83, 0xBF, 0xE3, 0xF8, 0x08, 0x03, 0x80, 0x70, 0x00, 0x0F,
    0xC7, 0xF9, 0x86, 0x61, 0x98, 0x76, 0x19, 0x86, 0x73, 0x8F, 0xC0, 0xC0, 0x30, 0x0C, 0x00, 0x0E,
    0x01, 0xE0, 0x1C, 0x03, 0x00, 0x40, 0x7F, 0x1F, 0xF7, 0x07, 0xC0, 0x78, 0x0F, 0x01, 0xE0, 0x3C,
    0x07, 0x80, 0xF8, 0x3B, 0xFE, 0x3F, 0x80, 0x80, 0x0E, 0x03, 0x80, 0xE0, 0x30, 0x0C, 0x0F, 0xC7,
    0xF9, 0x86, 0x61, 0x98, 0x76, 0x19, 0x86, 0x73, 0x8F, 0xC0, 0xC0, 0x00, 0xC0, 0x98, 0x3E, 0x0D,
    0x81, 0x10, 0x7F, 0x1F, 0xF7, 0x07, 0xC0, 0x78, 0x0F, 0x01, 0xE0, 0x3C, 0x07, 0x80, 0xF8, 0x3B,
    0xFE, 0x3F, 0x80, 0x80, 0x00, 0xC3, 0x61, 0xF0, 0xCC, 0x00, 0x0F, 0xC7, 0xF9, 0x86, 0x61, 0x98,
    0x76, 0x19, 0x86, 0x73, 0x8F, 0xC0, 0xC0, 0x60, 0x0C, 0x80, 0xF8, 0x0D, 0x81, 0x00, 0x7F, 0x1F,
    0xF7, 0x07, 0xC0, 0x78, 0x0F, 0x01, 0xE0, 0x3C, 0x07, 0x80, 0xF8, 0x3B, 0xFE, 0x3F, 0x80, 0x80,
    0x60, 0x1B, 0x03, 0xE0, 0xCC, 0x00, 0x0F, 0xC7, 0xF9, 0x86, 0x61, 0x98, 0x76, 0x19, 0x86, 0x73,
    0x8F, 0xC0, 0xC0, 0x01, 0x80, 0x38, 0x17, 0x07, 0xC1, 0xB0, 0x02, 0x0F, 0xE3, 0xFE, 0xE0, 0xF8,
    0x0F, 0x01, 0xE0, 0x3C, 0x07, 0x80, 0xF0, 0x1F, 0x07, 0x7F, 0xC7, 0xF0, 0x10, 0x00, 0x03, 0x80,
    0x60, 0xD8, 0x7C, 0x33, 0x00, 0x03, 0xF1, 0xFE, 0x61, 0x98, 0x66, 0x1D, 0x86, 0x61, 0x9C, 0xE3,
    0xF0, 0x30, 0x1D, 0x03, 0xE0, 0x58, 0x07, 0x01, 0xB0, 0x00, 0x0F, 0xE3, 0xFE, 0xE0, 0xF8, 0x0F,
    0x01, 0xE0, 0x3C, 0x07, 0x80, 0xF0, 0x1F, 0x07, 0x7F, 0xC7, 0xF0, 0x10, 0x00, 0x1F, 0x0F, 0xC0,
    0xC0, 0x78, 0x33, 0x00, 0x03, 0xF1, 0xFE, 0x61, 0x98, 0x66, 0x1D, 0x86, 0x61, 0x9C, 0xE3, 0xF0,
    0x30, 0x0E, 0x03, 0xE0, 0x6E, 0x00, 0x03, 0xF8, 0xFF, 0xB8, 0x3E, 0x03, 0xC0, 0x78, 0x0F, 0x01,
    0xE0, 0x3C, 0x07, 0xC1, 0xDF, 0xF1, 0xFC, 0x04, 0x01, 0xC0, 0x38, 0x00, 0x0C, 0x07, 0x83, 0x30,
    0x00, 0x3F, 0x1F, 0xE6, 0x19, 0x86, 0x61, 0xD8, 0x66, 0x19, 0xCE, 0x3F, 0x03, 0x00, 0xC0, 0x30,
    0x03, 0x00, 0x30, 0x03, 0x00, 0x00, 0x73, 0xFB, 0xBF, 0xFB, 0x83, 0x98, 0x0C, 0xC0, 0x66, 0x03,
    0x30, 0x19, 0x80, 0xCC, 0x06, 0x70, 0x71, 0xFF, 0x07, 0xF0, 0x04, 0x00, 0x07, 0x01, 0xC0, 0x31,
    0x80, 0x33, 0xFE, 0xFF, 0x98, 0x63, 0x0C, 0x61, 0xCC, 0x31, 0x86, 0x39, 0xC3, 0xF0, 0x18, 0x00,
    0x1C, 0x00, 0x60, 0x01, 0x80, 0x00, 0x73, 0xFB, 0xBF, 0xFB, 0x83, 0x98, 0x0C, 0xC0, 0x66, 0x03,
    0x30, 0x19, 0x80, 0xCC, 0x06, 0x70, 0x71, 0xFF, 0x07, 0xF0, 0x04, 0x00, 0x18, 0x03, 0x80, 0x31,
    0x80, 0x33, 0xFE, 0xFF, 0x98, 0x63, 0x0C, 0x61, 0xCC, 0x31, 0x86, 0x39, 0xC3, 0xF0, 0x18, 0x00,
    0x0E, 0x00, 0x78, 0x01, 0x80, 0x18, 0x00, 0x43, 0x9F, 0xDD, 0xFF, 0xDC, 0x1C, 0xC0, 0x66, 0x03,
    0x30, 0x19, 0x80, 0xCC, 0x06, 0x60, 0x33, 0x83, 0x8F, 0xF8, 0x3F, 0x80, 0x20, 0x00, 0x1C, 0x01,
    0xC0, 0x38, 0x06, 0x30, 0xC6, 0x7F, 0xDF, 0xF3, 0x0C, 0x61, 0x8C, 0x39, 0x86, 0x30, 0xC7, 0x38,
    0x7E, 0x03, 0x00, 0x08, 0x81, 0xFC, 0x0D, 0xC0, 0x00, 0x73, 0xFB, 0xBF, 0xFB, 0x83, 0x98, 0x0C,
    0xC0, 0x66, 0x03, 0x30, 0x19, 0x80, 0xCC, 0x06, 0x70, 0x71, 0xFF, 0x07, 0xF0, 0x04, 0x00, 0x11,
    0x07, 0xE0, 0xBD, 0x80, 0x33, 0xFE, 0xFF, 0x98, 0x63, 0x0C, 0x61, 0xCC, 0x31, 0x86, 0x39, 0xC3,
    0xF0, 0x18, 0x00, 0x00, 0x39, 0xFD, 0xDF, 0xFD, 0xC1, 0xCC, 0x06, 0x60, 0x33, 0x01, 0x98, 0x0C,
    0xC0, 0x66, 0x03, 0x38, 0x38, 0xFF, 0x83, 0xF8, 0x02, 0x00, 0x38, 0x01, 0xC0, 0x00, 0x60, 0x0C,
    0xFF, 0xBF, 0xE6, 0x18, 0xC3, 0x18, 0x73, 0x0C, 0x61, 0x8E, 0x70, 0xFC, 0x06, 0x00, 0xC0, 0x18,
    0x00, 0xC0, 0xF0, 0x3C, 0x0F, 0x03, 0xC0, 0xF0, 0x3C, 0x0F, 0x03, 0xC0, 0xF8, 0x77, 0xF8, 0xFC,
    0x0C, 0x03, 0x00, 0xC0, 0xC3, 0xC3, 0xC3, 0xC3, 0xC3, 0xC3, 0xC3, 0xEF, 0x7F, 0x10, 0x18, 0x18,
    0x0C, 0x03, 0x80, 0x60, 0x30, 0x0C, 0x30, 0x3C, 0x0F, 0x03, 0xC0, 0xF0, 0x3C, 0x0F, 0x03, 0xC0,
    0xF0, 0x3E, 0x1D, 0xFE, 0x3F, 0x03, 0x00, 0x1C, 0x1C, 0x1C, 0x18, 0x00, 0xC3, 0xC3, 0xC3, 0xC3,
    0xC3, 0xC3, 0xC3, 0xEF, 0x7F, 0x10, 0x07, 0x00, 0x30, 0x03, 0x00, 0x00, 0x3C, 0x0F, 0xE0, 0x7B,
    0x03, 0x98, 0x18, 0xC0, 0xC6, 0x06, 0x30, 0x31, 0x81, 0x8C, 0x0C, 0x70, 0xE1, 0xFE, 0x07, 0xE0,
    0x0C, 0x00, 0x0E, 0x01, 0x80, 0x61, 0x80, 0x3C, 0x3F, 0x87, 0xB0, 0xC6, 0x18, 0xC3, 0x18, 0x63,
    0x0C, 0x77, 0x87, 0xF0, 0x20, 0x00, 0x18, 0x00, 0xE0, 0x03, 0x00, 0x00, 0x3C, 0x0F, 0xE0, 0x7B,
    0x03, 0x98, 0x18, 0xC0, 0xC6, 0x06, 0x30, 0x31, 0x81, 0x8C, 0x0C, 0x70, 0xE1, 0xFE, 0x07, 0xE0,
    0x0C, 0x00, 0x30, 0x07, 0x00, 0x61, 0x80, 0x3C, 0x3F, 0x87, 0xB0, 0xC6, 0x18, 0xC3, 0x18, 0x63,
    0x0C, 0x77, 0x87, 0xF0, 0x20, 0x00, 0x0C, 0x00, 0x70, 0x01, 0x80, 0x1C, 0x00, 0xC1, 0xE0, 0x7F,
    0x03, 0xD8, 0x1C, 0xC0, 0xC6, 0x06, 0x30, 0x31, 0x81, 0x8C, 0x0C, 0x60, 0x63, 0x87, 0x0F, 0xF0,
    0x3F, 0x00, 0x60, 0x00, 0x1C, 0x03, 0x80, 0x70, 0x0C, 0x30, 0x07, 0x87, 0xF0, 0xF6, 0x18, 0xC3,
    0x18, 0x63, 0x0C, 0x61, 0x8E, 0xF0, 0xFE, 0x04, 0x00, 0x11, 0x01, 0xF8, 0x0B, 0xC0, 0x00, 0x3C,
    0x0F, 0xE0, 0x7B, 0x03, 0x98, 0x18, 0xC0, 0xC6, 0x06, 0x30, 0x31, 0x81, 0x8C, 0x0C, 0x70, 0xE1,
    0xFE, 0x07, 0xE0, 0x0C, 0x00, 0x22, 0x0F, 0xC1, 0xF9, 0x80, 0x3C, 0x3F, 0x87, 0xB0, 0xC6, 0x18,
    0xC3, 0x18, 0x63, 0x0C, 0x77, 0x87, 0xF0, 0x20, 0x00, 0x00, 0x1E, 0x07, 0xF0, 0x3D, 0x81, 0xCC,
    0x0C, 0x60, 0x63, 0x03, 0x18, 0x18, 0xC0, 0xC6, 0x06, 0x38, 0x70, 0xFF, 0x03, 0xF0, 0x06, 0x00,
    0x30, 0x01, 0x80, 0x00, 0x60, 0x0F, 0x0F, 0xE1, 0xEC, 0x31, 0x86, 0x30, 0xC6, 0x18, 0xC3, 0x1D,
    0xE1, 0xFC, 0x08, 0x01, 0x80, 0x30, 0x00, 0x38, 0x06, 0x00, 0xC0, 0x00, 0xC1, 0xF8, 0x66, 0x39,
    0xCC, 0x36, 0x07, 0x81, 0xC0, 0x30, 0x0C, 0x03, 0x00, 0xC0, 0x30, 0x30, 0x1C, 0x07, 0x00, 0x0C,
    0x3F, 0x19, 0x8C, 0xCE, 0x76, 0x1B, 0x0F, 0x03, 0x81, 0xC0, 0xC0, 0x61, 0xE0, 0xF0, 0x00, 0xC1,
    0xF8, 0x66, 0x39, 0xCC, 0x36, 0x07, 0x81, 0xC0, 0x30, 0x0C, 0x03, 0x00, 0xC0, 0x30, 0x00, 0x03,
    0x00, 0xC0, 0xC3, 0xF1, 0x98, 0xCC, 0xE7, 0x61, 0xB0, 0xF0, 0x38, 0x1C, 0x0C, 0x07, 0xDE, 0xEF,
    0x00, 0x1C, 0x07, 0x80, 0x60, 0x30, 0x08, 0x30, 0x7E, 0x19, 0x8E, 0x73, 0x0D, 0x81, 0xE0, 0x70,
    0x0C, 0x03, 0x00, 0xC0, 0x30, 0x0C, 0x00, 0x1C, 0x0E, 0x03, 0x03, 0x00, 0x06, 0x1F, 0x8C, 0xC6,
    0x67, 0x3B, 0x0D, 0x87, 0x81, 0xC0, 0xE0, 0x60, 0x30, 0xF0, 0x78, 0x00, 0x11, 0x0F, 0xC6, 0xE0,
    0x00, 0xC1, 0xF8, 0x66, 0x39, 0xCC, 0x36, 0x07, 0x81, 0xC0, 0x30, 0x0C, 0x03, 0x00, 0xC0, 0x30,
    0x32, 0x3F, 0x9B, 0x80, 0x0C, 0x3F, 0x19, 0x8C, 0xCE, 0x76, 0x1B, 0x0F, 0x03, 0x81, 0xC0, 0xC0,
    0x61, 0xE0, 0xF0, 0x00, 0x21, 0xBF, 0xEC, 0x63, 0x18, 0xC6, 0x31, 0x8C, 0x60, 0x00, 0x23, 0x3E,
    0xF1, 0x8C, 0x63, 0x18, 0xC6, 0x31, 0x8C, 0x00, 0x77, 0xDE, 0x77, 0xDE, 0xFF, 0xFF, 0xC0, 0x7E,
    0xFF, 0x7F, 0x7F, 0xFF, 0xFF, 0xFF, 0x7F, 0xFF, 0x7F, 0xFF, 0xFF, 0xFF, 0x7F, 0xFF, 0xDB, 0x6D,
    0xB6, 0xDB, 0x6D, 0xB6, 0xDB, 0x6D, 0xB6, 0xDB, 0x6D, 0xB6, 0xD8, 0x00, 0x7F, 0x7F, 0x7F, 0x7F,
    0x6F, 0xEC, 0x7F, 0x68, 0x66, 0x6C, 0x00, 0xDD, 0xB2, 0x6D, 0xBF, 0xF6, 0xD8, 0x6F, 0xFD, 0xB6,
    0x90, 0x6C, 0xD9, 0xB6, 0xC0, 0x80, 0xDB, 0x76, 0xDB, 0x24, 0x30, 0x60, 0xC7, 0xFF, 0xE6, 0x0C,
    0x18, 0x30, 0x60, 0xC1, 0x83, 0x00, 0x30, 0x60, 0xC7, 0xFF, 0xE6, 0x0C, 0x18, 0xF7, 0xFC, 0xC1,
    0x83, 0x00, 0x0F, 0xFF, 0xF0, 0x87, 0x3D, 0xEC, 0x00, 0x1B, 0xA0, 0x01, 0xDF, 0xBA, 0x20, 0x00,
    0x1D, 0xCF, 0xB9, 0xA2, 0x20, 0x1F, 0xA0, 0x07, 0xF1, 0x8C, 0x63, 0x18, 0xC6, 0x31, 0x8C, 0x00,
    0x07, 0xC6, 0x31, 0x8C, 0x63, 0x18, 0xC6, 0x31, 0x80, 0xFF, 0xFF, 0x66, 0x66, 0x66, 0x66, 0x66,
    0x00, 0xFF, 0x8F, 0x66, 0x66, 0x66, 0x66, 0x66, 0x00, 0xFF, 0x1F, 0x66, 0x66, 0x66, 0x66, 0x66,
    0x00, 0x00, 0x00, 0x0F, 0x0C, 0x01, 0xB3, 0x00, 0x26, 0x60, 0x0C, 0xD8, 0x01, 0x9B, 0x43, 0x1B,
    0xFE, 0xF3, 0xFE, 0xDB, 0x36, 0xDB, 0x60, 0xDB, 0xCC, 0x33, 0x6D, 0x8E, 0x6D, 0xB1, 0x87, 0xBC,
    0x00, 0x41, 0x00, 0x00, 0x00, 0x00, 0x3C, 0x30, 0x00, 0x1B, 0x18, 0x00, 0x1D, 0x98, 0x00, 0x0C,
    0xD8, 0x00, 0x06, 0x6D, 0x84, 0x11, 0xBF, 0xEF, 0xBE, 0xFF, 0xB6, 0xDB, 0x36, 0xCF, 0x7D, 0x83,
    0x67, 0xBE, 0xC3, 0x33, 0xDB, 0x61, 0x9B, 0x6D, 0xB1, 0x87, 0x9E, 0xF8, 0x01, 0x04, 0x10, 0x31,
    0x98, 0xC4, 0x00, 0x36, 0x36, 0x6C, 0x6C, 0x48, 0x36, 0xC6, 0xD9, 0xB6, 0x36, 0x85, 0xB0, 0xE3,
    0x0C, 0x61, 0x00, 0xF8, 0xD8, 0xF1, 0xB1, 0x20, 0xFB, 0x1B, 0xE3, 0xD8, 0xDB, 0x12, 0xC0, 0x10,
    0x60, 0xE3, 0x44, 0xD8, 0x80, 0x19, 0x9D, 0xC6, 0x18, 0x60, 0x43, 0x0C, 0x73, 0x31, 0x80, 0x00,
    0x01, 0x8C, 0x67, 0x33, 0x8E, 0x1C, 0x1C, 0xE0, 0x3F, 0x06, 0x79, 0x99, 0xE6, 0x0F, 0xC0, 0x73,
    0x83, 0x87, 0x1C, 0xCE, 0x63, 0x18, 0x08, 0x00, 0xCD, 0x9B, 0x36, 0x6C, 0xD9, 0xB3, 0x66, 0xCC,
    0x03, 0xB7, 0x64, 0x40, 0x01, 0xFB, 0xF9, 0xB3, 0x66, 0xCF, 0x1C, 0x30, 0x60, 0x01, 0x83, 0x00,
    0x00, 0x7F, 0xDF, 0xF0, 0x80, 0x70, 0x37, 0x18, 0xFC, 0x0C, 0x0F, 0xC6, 0x1B, 0x03, 0x00, 0x00,
    0x0C, 0x30, 0x86, 0x18, 0xC3, 0x1C, 0x79, 0x2C, 0xC0, 0x00, 0xC0, 0x00, 0x18, 0x00, 0x0B, 0x20,
    0x03, 0xFC, 0x00, 0x3F, 0x80, 0x03, 0xC0, 0x00, 0xEC, 0x00, 0x4D, 0x90, 0x18, 0x07, 0x03, 0x00,
    0xC3, 0xFC, 0xFB, 0xFF, 0x9F, 0xF3, 0xC0, 0x70, 0x7C, 0x1F, 0x1D, 0x83, 0x61, 0x20, 0x00, 0x77,
    0xDE, 0x01, 0x80, 0x60, 0x30, 0x0C, 0x06, 0x03, 0x00, 0xC0, 0x60, 0x18, 0x0C, 0x06, 0x01, 0x80,
    0xFF, 0xCC, 0xCC, 0xFF, 0xCC, 0xCC, 0xCF, 0xF0, 0xFF, 0xCE, 0x73, 0x9F, 0xFF, 0x39, 0xCE, 0x73,
    0xFF, 0xC0, 0x00, 0x03, 0xF7, 0xEF, 0xFF, 0xC1, 0x83, 0x06, 0x0C, 0x38, 0x71, 0xC3, 0x8E, 0x1C,
    0x30, 0x60, 0xC1, 0x80, 0x00, 0x0C, 0x18, 0x30, 0x60, 0x00, 0x00, 0x00, 0x1F, 0x9B, 0xFB, 0x03,
    0x60, 0x6C, 0x1D, 0x87, 0x31, 0xC6, 0x30, 0xC6, 0x18, 0x00, 0x18, 0x63, 0x0C, 0x00, 0x80, 0x00,
    0x37, 0xED, 0xFF, 0x03, 0xC0, 0xF0, 0x7C, 0x3B, 0x1C, 0xC6, 0x31, 0x80, 0x03, 0x98, 0xE6, 0x10,
    0x80, 0xFF, 0xBF, 0xC0, 0xC0, 0xC0, 0x60, 0x60, 0x70, 0x30, 0x30, 0x00, 0xFE, 0x7F, 0xB7, 0xFB,
    0xFD, 0xFE, 0xFF, 0x7F, 0xBE, 0xDE, 0x6C, 0x36, 0x1B, 0x0D, 0x86, 0xC3, 0x60, 0x00, 0x3F, 0xDF,
    0xF7, 0xED, 0xFB, 0x7E, 0xDF, 0xB7, 0xED, 0xFF, 0x1F, 0x80, 0xFF, 0x7F, 0xF7, 0xFB, 0xFD, 0xFE,
    0xFF, 0x7F, 0xFE, 0xFE, 0x00, 0x1C, 0x0E, 0x13, 0x5F, 0xF7, 0xF1, 0xF0, 0xD8, 0x6C, 0x0E, 0xE0,
    0x00, 0x00, 0x66, 0x63, 0x00, 0x0C, 0x0F, 0xC6, 0x1B, 0x03, 0x00, 0x00, 0x00, 0x00, 0x00, 0x00,
    0x00, 0x00, 0x00, 0x00, 0x00, 0x00, 0x08, 0x07, 0x03, 0x71, 0x8F, 0xC0, 0x1C, 0x0E, 0x13, 0x5F,
    0xF7, 0xF1, 0xF0, 0xD8, 0x6C, 0x1C, 0x0E, 0x13, 0x5F, 0xF7, 0xF1, 0xF0, 0xD8, 0x6C, 0x01, 0x9B,
    0x30, 0xE1, 0x83, 0x0C, 0x18, 0x70, 0xC1, 0x86, 0x6C, 0xC0, 0x00, 0x18, 0x00, 0xFF, 0x0F, 0x1F,
    0xF4, 0x03, 0xC0, 0x1E, 0x1F, 0xE6, 0x0F, 0x03, 0x08, 0x16, 0x9F, 0xC7, 0xCF, 0xFF, 0xFC, 0xFC,
    0xDE, 0x0C, 0x00, 0x00, 0x00, 0x03, 0x03, 0x00, 0x00, 0x00, 0x60, 0x60, 0x00, 0x00, 0x00, 0x03,
    0x07, 0x02, 0x36, 0xD9, 0xBF, 0x9B, 0x6C, 0xD6, 0xC5, 0xB4, 0x00, 0x00, 0x00, 0x38, 0x00, 0xC0,
    0x00, 0x00, 0x00, 0x00, 0x01, 0x80, 0x6C, 0x03, 0x00, 0x00, 0x00, 0x00, 0x00, 0x06, 0x00, 0x70,
    0x01, 0x00, 0x00, 0x03, 0x00, 0xD8, 0x06, 0x00, 0x00, 0x00, 0x00, 0x00, 0x0C, 0x00, 0x60, 0x00,
    0x00, 0x00, 0x00, 0x00, 0xC0, 0x36, 0x01, 0xA0, 0x08, 0x0D, 0x80, 0x00, 0x00, 0x36, 0x00, 0x04,
    0x01, 0xC0, 0x30, 0x00, 0x00, 0x00, 0x00, 0x18, 0x33, 0x06, 0x00, 0x00, 0x00, 0x00, 0x07, 0x00,
    0xE0, 0x08, 0x00, 0x02, 0x00, 0x18, 0x0C, 0xDC, 0x66, 0xE2, 0x32, 0x01, 0x83, 0xFF, 0xFF, 0xFF,
    0x03, 0x00, 0x18, 0x0C, 0xD8, 0x66, 0xC0, 0x30, 0x01, 0x00, 0xDF, 0x01, 0xBE, 0x03, 0xF4, 0x1F,
    0x8D, 0xF6, 0xF8, 0x7E, 0x80, 0xFF, 0x6F, 0x66, 0x66, 0x66, 0x66, 0x66, 0x00, 0xFF, 0x9F, 0x66,
    0x66, 0x66, 0x66, 0x66, 0x00, 0xFF, 0x66, 0x66, 0x66, 0x66, 0x66, 0x66, 0x00, 0x06, 0xFF, 0x66,
    0x66, 0x66, 0x66, 0x66, 0x00, 0x6F, 0xF6, 0x66, 0x66, 0x66, 0x66, 0x66, 0x00, 0xEE, 0x6F, 0x66,
    0x66, 0x66, 0x66, 0x66, 0x00, 0x21, 0xEC, 0xF3, 0xCF, 0x3C, 0xDE, 0x20, 0x15, 0x55, 0x40, 0x00,
    0x63, 0x9E, 0xDB, 0xFF, 0xC6, 0x00, 0x01, 0xEC, 0x3C, 0xF8, 0x30, 0xFE, 0x20, 0x19, 0xEE, 0x3E,
    0xFF, 0x3C, 0xDE, 0x30, 0x03, 0xF1, 0x86, 0x18, 0xC3, 0x18, 0x00, 0x31, 0xEC, 0xFE, 0x7B, 0x7C,
    0xFE, 0x30, 0x33, 0xEC, 0xF3, 0xFD, 0xF1, 0x9E, 0x60, 0x20, 0xCF, 0xBE, 0x30, 0x80, 0xFB, 0xE0,
    0x7B, 0xEF, 0xBE, 0x0F, 0x69, 0x36, 0xCC, 0x19, 0xB6, 0xDB, 0x58, 0x19, 0xF4, 0xD1, 0x45, 0x14,
    0x40, 0x21, 0xEC, 0xF3, 0xCF, 0x3C, 0xDE, 0x20, 0x07, 0xF3, 0x33, 0x33, 0x00, 0x33, 0xE5, 0x86,
    0x18, 0xC6, 0x3E, 0x00, 0x33, 0xE1, 0x86, 0x78, 0x30, 0xFE, 0x20, 0x00, 0x63, 0x9E, 0xDB, 0xFF,
    0xC6, 0x00, 0x01, 0xEC, 0x3C, 0xF8, 0x30, 0xFE, 0x20, 0x19, 0xEE, 0x3E, 0xFF, 0x3C, 0xDE, 0x30,
    0x03, 0xF1, 0x86, 0x18, 0xC3, 0x18, 0x00, 0x31, 0xEC, 0xFE, 0x7B, 0x7C, 0xFE, 0x30, 0x33, 0xEC,
    0xF3, 0xFD, 0xF1, 0x9E, 0x60, 0x20, 0xCF, 0xBE, 0x30, 0x80, 0xFB, 0xE0, 0x7B, 0xEF, 0xBE, 0x0F,
    0x69, 0x36, 0xCC, 0x19, 0xB6, 0xDB, 0x58, 0x78, 0x37, 0xFB, 0xDD, 0xE0, 0x79, 0x3F, 0xF0, 0x69,
    0xE0, 0x7B, 0x3C, 0x71, 0x6D, 0xE0, 0xCD, 0xE3, 0x1C, 0x7B, 0x30, 0x78, 0x37, 0xFF, 0xDD, 0xE0,
    0x41, 0x07, 0xDB, 0x45, 0x14, 0x51, 0x41, 0x04, 0xD6, 0x71, 0xC5, 0x93, 0x55, 0x55, 0x7F, 0x9B,
    0x34, 0xCD, 0x33, 0x4C, 0xD3, 0x30, 0x7D, 0xB4, 0x51, 0x45, 0x10, 0x7C, 0xD9, 0x12, 0x26, 0xCF,
    0x10, 0x20, 0x7E, 0x1C, 0x7D, 0xF8, 0x4F, 0x44, 0x46, 0x70, 0x00, 0x1F, 0x1D, 0x1C, 0x0C, 0xFE,
    0x7F, 0xB0, 0xD8, 0x7F, 0x8F, 0xC3, 0x01, 0x80, 0xF8, 0x05, 0x83, 0xE3, 0xF8, 0xFE, 0x6F, 0x1A,
    0xCF, 0xB3, 0xE8, 0x7E, 0x1F, 0x87, 0x60, 0xFE, 0x3F, 0x0F, 0x00, 0x00, 0x0F, 0xCF, 0xEE, 0x06,
    0x03, 0x2D, 0xBE, 0xDC, 0x6C, 0x36, 0x1F, 0x07, 0xB1, 0xF8, 0x30, 0x3F, 0x9F, 0xCC, 0x06, 0x03,
    0x01, 0xF8, 0xFE, 0x60, 0x7C, 0x7E, 0x0C, 0x06, 0x00, 0x00, 0x0F, 0xCF, 0xE6, 0x03, 0x03, 0xF3,
    0xF8, 0x60, 0xFE, 0x3F, 0x0C, 0x1F, 0xFF, 0xF8, 0x00, 0x00, 0x03, 0x00, 0x0C, 0x3F, 0xFE, 0xFF,
    0xFB, 0x8C, 0x7C, 0x31, 0xF1, 0xC7, 0xC7, 0x1F, 0x3C, 0x7C, 0xF1, 0xF6, 0xC7, 0x18, 0x00, 0x40,
    0x00, 0x73, 0x1C, 0xC7, 0xB1, 0xEC, 0xFF, 0xFF, 0xEF, 0xFF, 0xFF, 0x67, 0x19, 0xC6, 0x71, 0x8C,
    0xFC, 0x0F, 0xE0, 0xC6, 0x0C, 0x6C, 0xC6, 0xCC, 0xFF, 0xFD, 0xEF, 0x0C, 0xC0, 0xCC, 0x0C, 0xC0,
    0xCC, 0x0F, 0x00, 0x00, 0xFC, 0x07, 0xE0, 0x33, 0x81, 0x8D, 0xEC, 0xFF, 0x7E, 0xC3, 0xF7, 0x1B,
    0x1E, 0xCC, 0x76, 0x61, 0xF3, 0xED, 0x8F, 0xE0, 0x04, 0x00, 0xCE, 0x79, 0xCF, 0x39, 0xB7, 0x36,
    0xFF, 0xFF, 0xFF, 0xFB, 0xDE, 0x7B, 0xC7, 0x38, 0xE7, 0x18, 0xC0, 0xFE, 0x7F, 0xEF, 0x0D, 0xED,
    0xBD, 0xB7, 0xB6, 0xF6, 0xDE, 0xDB, 0xDB, 0x7B, 0x0F, 0x7F, 0xEF, 0xE0, 0x01, 0x81, 0xF8, 0x7F,
    0x00, 0xC3, 0xF8, 0xFF, 0x18, 0x63, 0x0C, 0x61, 0x8C, 0x31, 0x86, 0x39, 0xC3, 0xF8, 0x10, 0x0F,
    0xF1, 0xFE, 0x00, 0x07, 0xE3, 0xF8, 0xC0, 0x30, 0x3F, 0xCF, 0xF1, 0xF8, 0xFE, 0x1C, 0x03, 0x00,
    0xFE, 0x1F, 0x80, 0x80, 0x61, 0x9C, 0xE7, 0x71, 0xD8, 0x7C, 0x3F, 0xEF, 0xF9, 0xF8, 0x76, 0x1C,
    0xC7, 0x39, 0xC7, 0xFF, 0xFF, 0xE0, 0xC0, 0x3C, 0x0F, 0x07, 0x07, 0xF0, 0xB8, 0x1C, 0x1F, 0x02,
    0xC0, 0x30, 0x00, 0x00, 0xFE, 0x00, 0xFF, 0x00, 0x33, 0x80, 0x31, 0x80, 0x31, 0xC0, 0x31, 0xC0,
    0x31, 0xDE, 0x71, 0xBF, 0x63, 0xB3, 0x67, 0x73, 0x7F, 0x77, 0xFC, 0x7E, 0x00, 0x68, 0x00, 0x60,
    0x00, 0xE0, 0x00, 0xC0, 0x00, 0x07, 0x83, 0xE1, 0xB0, 0xD8, 0x6C, 0x3C, 0x0E, 0x06, 0x1F, 0x9F,
    0xCF, 0x6D, 0xB8, 0x0C, 0x06, 0x0F, 0x0F, 0x00, 0x7E, 0x1F, 0xCF, 0xFF, 0xFF, 0xFF, 0xBF, 0xF7,
    0xF1, 0xF8, 0x60, 0x18, 0x06, 0x01, 0x80, 0x06, 0x07, 0xF7, 0xFD, 0x98, 0xE6, 0x31, 0x8C, 0x7F,
    0x1F, 0xC6, 0xF1, 0xBE, 0x6D, 0xFF, 0x3F, 0xC1, 0x80, 0x40, 0x0C, 0x03, 0xC0, 0x78, 0x0F, 0x0F,
    0xFD, 0xFF, 0x8C, 0xE7, 0xFE, 0x61, 0x8C, 0x3B, 0x03, 0x60, 0x60, 0x00, 0x3F, 0x9F, 0xC0, 0x70,
    0x3F, 0xFC, 0x7D, 0xFF, 0xFF, 0xF0, 0x38, 0x0F, 0xF7, 0xF8, 0x60, 0x04, 0x0F, 0xE7, 0xFB, 0x90,
    0xE4, 0x31, 0x0C, 0x43, 0x10, 0xC4, 0x31, 0x0E, 0x41, 0xFE, 0x3F, 0x81, 0x80, 0x40, 0x22, 0x19,
    0x8F, 0xFF, 0xFF, 0x66, 0x19, 0x86, 0x61, 0x98, 0x66, 0x19, 0xD6, 0x3C, 0x02, 0x00, 0x00, 0x7E,
    0x0F, 0xE0, 0xC0, 0x0C, 0x00, 0xE0, 0x07, 0x80, 0x3E, 0x00, 0xEF, 0xFF, 0xED, 0xFE, 0xDE, 0x7F,
    0xC2, 0xF8, 0x24, 0x80, 0xFF, 0xFF, 0xFF, 0xFF, 0xF1, 0xC0, 0xE0, 0x70, 0x38, 0x1C, 0x0E, 0x07,
    0x03, 0x80, 0xFF, 0x7E, 0x18, 0xFF, 0x18, 0xF8, 0xF0, 0xE0, 0x60, 0x30, 0x38, 0x18, 0x30, 0x0C,
    0x83, 0xE3, 0xE0, 0xFE, 0x1F, 0x0F, 0x18, 0xC6, 0x31, 0x8C, 0xE3, 0xF0, 0xF8, 0x00, 0x00, 0x00,
    0x07, 0x80, 0x36, 0x01, 0xB0, 0x0F, 0xFF, 0x1F, 0xFC, 0x60, 0x63, 0xDB, 0x1F, 0xF8, 0xE9, 0x8F,
    0x00, 0x5F, 0x80, 0x7E, 0x00, 0x40, 0x03, 0x00, 0x18, 0x00, 0xC0, 0x1F, 0x03, 0xFE, 0x3D, 0xB9,
    0x8C, 0xCC, 0x67, 0x63, 0x1B, 0x10, 0xD8, 0x06, 0xC0, 0x30, 0x7F, 0x1F, 0xE7, 0x19, 0xC6, 0x71,
    0x9D, 0xEF, 0xF3, 0xE0, 0xFC, 0x3F, 0x07, 0x01, 0xC0, 0x1B, 0x03, 0xE1, 0xFF, 0x3D, 0xED, 0xBF,
    0xB6, 0xF6, 0xDE, 0x53, 0xC0, 0x1C, 0x01, 0x80, 0x3F, 0xE7, 0xFC, 0x3C, 0x3C, 0xFE, 0xFF, 0xE3,
    0xE3, 0xE7, 0xFE, 0xFF, 0xE3, 0xE3, 0xE3, 0xFF, 0xFE, 0x3C, 0x3C, 0x00, 0x3F, 0x7E, 0x60, 0x60,
    0xE0, 0xE0, 0x60, 0x7E, 0x3F, 0x0C, 0x7F, 0x7E, 0x7F, 0xFF, 0xC0, 0x61, 0xC3, 0x87, 0x0C, 0x79,
    0xBC, 0xDB, 0x78, 0x00, 0x06, 0x31, 0x9C, 0xC6, 0x31, 0x9C, 0xC6, 0x31, 0x8C, 0x46, 0x00, 0x07,
    0x80, 0x0E, 0x18, 0x18, 0x1C, 0x30, 0x1E, 0x60, 0x1A, 0x60, 0x9B, 0x40, 0xD9, 0xC0, 0xF1, 0xC0,
    0x81, 0xC7, 0x81, 0x47, 0x83, 0x64, 0x83, 0x66, 0x06, 0x33, 0x06, 0x1B, 0x0C, 0x0E, 0x78, 0x00,
    0xE0, 0x07, 0x00, 0x30, 0x01, 0x80, 0x1F, 0xE0, 0xFF, 0x8E, 0x0C, 0x60, 0xC7, 0x06, 0x70, 0x63,
    0x77, 0x11, 0xF0, 0x07, 0x80, 0x0E, 0x00, 0x38, 0x00, 0x80, 0x00, 0x00, 0x01, 0xC0, 0x0C, 0x00,
    0xC3, 0x8E, 0x0F, 0xE0, 0x1E, 0x00, 0x78, 0x07, 0xE6, 0x73, 0xB7, 0x0D, 0xF0, 0x07, 0x00, 0x38,
    0x01, 0x80, 0x00, 0x01, 0xC0, 0x07, 0xF0, 0x1E, 0x7C, 0x38, 0x0C, 0x30, 0x06, 0x60, 0x07, 0x60,
    0x03, 0x60, 0x03, 0xE0, 0x03, 0x60, 0x03, 0x60, 0x03, 0x60, 0x07, 0x30, 0x06, 0x38, 0x0C, 0x1E,
    0x7C, 0x07, 0xF0, 0x01, 0xC0, 0x06, 0x0C, 0x30, 0xE1, 0x86, 0x1C, 0x30, 0x60, 0xC0, 0xC1, 0xC1,
    0x81, 0x83, 0x83, 0x40, 0xC1, 0xC1, 0x81, 0x83, 0x83, 0x03, 0x06, 0x18, 0x30, 0xC3, 0x86, 0x18,
    0x30, 0x09, 0x05, 0x86, 0xC3, 0xC3, 0x61, 0xE1, 0xB0, 0xF0, 0x58, 0x34, 0x1B, 0x06, 0x83, 0x60,
    0xD0, 0x6C, 0x1A, 0x58, 0x58, 0x68, 0x2C, 0x34, 0x36, 0x1A, 0x1B, 0x0B, 0x1B, 0x1E, 0x36, 0x3C,
    0x6C, 0x78, 0xD8, 0xFD, 0xFB, 0x06, 0x0C, 0x18, 0x30, 0x60, 0xC1, 0x83, 0x02, 0x00, 0x0C, 0x30,
    0xC3, 0x0C, 0x30, 0xC3, 0x0C, 0x37, 0xFF, 0x7E, 0x42, 0x5E, 0x50, 0x50, 0x50, 0x50, 0x50, 0x50,
    0x50, 0x50, 0x70, 0x1E, 0x34, 0x68, 0xD1, 0xA3, 0x46, 0x8D, 0x1B, 0xF6, 0x0F, 0xF0, 0xFB, 0xEF,
    0x38, 0xE3, 0x8C, 0x30, 0xC3, 0x0C, 0x38, 0xE3, 0xCF, 0x3E, 0xFD, 0xF3, 0xCF, 0x1C, 0x71, 0xC7,
    0x1C, 0x71, 0xC7, 0x1C, 0xF7, 0xFF, 0x7F, 0xFF, 0xFF, 0x00, 0x00, 0x00, 0xFF, 0xF7, 0xFF, 0x06,
    0x00, 0x60, 0x06, 0x00, 0x60, 0x06, 0x00, 0x60, 0x06, 0x00, 0x00, 0xFF, 0xFF, 0xFF, 0xFF, 0xFF,
    0xFF, 0xFF, 0xFF, 0xFC, 0x00, 0x00, 0x00, 0x00, 0x00, 0x00, 0x03, 0xFF, 0xFF, 0xFF, 0xFF, 0xFF,
    0xFF, 0xFF, 0xFF, 0xF0, 0x00, 0x00, 0x18, 0xE6, 0x30, 0xC3, 0x0C, 0x30, 0xC3, 0x0C, 0x30, 0xC1,
    0x87, 0x86, 0x63, 0x8E, 0x31, 0x8C, 0x63, 0x18, 0xC6, 0x31, 0x8D, 0xDC, 0xFD, 0x32, 0x45, 0x0A,
    0x18, 0x30, 0x60, 0xC1, 0x83, 0x06, 0x0A, 0x14, 0x24, 0x4C, 0xFC, 0xFE, 0x44, 0x48, 0xD0, 0xA1,
    0x43, 0x87, 0x06, 0x1C, 0x38, 0x50, 0xA3, 0x44, 0x91, 0xFE, 0x1C, 0x69, 0xB2, 0xC5, 0x0A, 0x14,
    0x28, 0x50, 0xA1, 0x42, 0x85, 0x09, 0x9D, 0x0E, 0x00, 0x63, 0xEE, 0xCD, 0x14, 0x51, 0x45, 0x14,
    0x51, 0x45, 0x35, 0xBD, 0x9C, 0x00, 0xFF, 0xCF, 0x3C, 0xF3, 0xCF, 0x3C, 0xF3, 0xCF, 0x3C, 0xF3,
    0xCF, 0x3C, 0xFC, 0xF8, 0xA2, 0x8A, 0x28, 0xA2, 0x8A, 0x28, 0xA2, 0x8A, 0x28, 0xA2, 0x8A, 0xF8,
    0x3F, 0x00, 0x7F, 0x83, 0x61, 0xC7, 0x60, 0xFE, 0x00, 0x7C, 0xC7, 0x1E, 0xBE, 0x38, 0x60, 0x08,
    0x77, 0x9A, 0x1D, 0xE6, 0x00, 0x61, 0xE1, 0xDA, 0x70, 0xF0, 0x80, 0x3F, 0xFC, 0x3F, 0xFE, 0x00,
    0x00, 0x3F, 0xFE, 0x3F, 0xFC, 0x7D, 0xDB, 0xDF, 0xFD, 0xD5, 0xFD, 0x6D, 0xDB, 0x24, 0x36, 0x37,
    0x64, 0x19, 0xD8, 0x07, 0xF0, 0xFF, 0xFF, 0xFF, 0xFC, 0x06, 0x0F, 0x1E, 0x3C, 0x78, 0xF1, 0xE3,
    0xC7, 0x8F, 0x1E, 0x3C, 0x60, 0xC1, 0x00, 0x00, 0x68, 0x0F, 0x11, 0xE3, 0x3C, 0x67, 0x8C, 0xF1,
    0x9E, 0x33, 0xC6, 0x78, 0xCF, 0x19, 0xE3, 0x3C, 0x06, 0x80, 0xC0, 0x18, 0x00, 0x18, 0x60, 0xE1,
    0xC3, 0x03, 0x8C, 0x07, 0x60, 0x0F, 0x80, 0x1C, 0x00, 0x78, 0x03, 0xF0, 0x1C, 0xE1, 0xE1, 0x9F,
    0x07, 0x70, 0x08, 0x00, 0x00, 0x30, 0x33, 0x19, 0xDC, 0x6E, 0x37, 0xF0, 0xF8, 0xEE, 0xC3, 0x60,
    0xF0, 0x7C, 0x67, 0xF1, 0xE0, 0x01, 0x00, 0x06, 0x00, 0x0C, 0x00, 0x18, 0x00, 0x00, 0x1F, 0xFF,
    0xFF, 0xFF, 0x00, 0x01, 0x00, 0x06, 0x00, 0x0C, 0x00, 0x18, 0x0F, 0xFF, 0xDF, 0xFF, 0xC0, 0x00,
    0x00, 0x00, 0x00, 0x00, 0x00, 0x00, 0xFF, 0xC0, 0xFF, 0x80, 0x03, 0x00, 0x06, 0x00, 0x0C, 0x00,
    0x00, 0x0F, 0xFF, 0xFF, 0xFF, 0x80, 0x00, 0x00, 0x00, 0x3F, 0xF0, 0x3F, 0xE0, 0x00, 0x00, 0x00,
    0x00, 0x00, 0x1F, 0xFF, 0xFF, 0xFF, 0x00, 0x01, 0x00, 0x06, 0x00, 0x0C, 0x01, 0xFF, 0x87, 0xFF,
    0x80, 0x06, 0x0C, 0x0C, 0x1C, 0x38, 0x1C, 0x60, 0x1D, 0x80, 0x1F, 0x00, 0x1C, 0x00, 0xFE, 0x07,
    0xDF, 0x3E, 0x0F, 0x30, 0x06, 0x6E, 0xF6, 0x6F, 0xE6, 0x72, 0x9C, 0x40, 0x23, 0x94, 0xE0, 0x67,
    0x60, 0x67, 0x60, 0x67, 0x60, 0xC3, 0xC1, 0xF1, 0xB1, 0x99, 0x88, 0x87, 0xC6, 0xC3, 0xC1, 0xC0,
    0x01, 0xC0, 0x38, 0x06, 0x01, 0x80, 0x30, 0x0C, 0x01, 0x80, 0x60, 0x1C, 0x03, 0x00, 0xE0, 0x18,
    0x03, 0x00, 0xC0, 0x18, 0x03, 0x00, 0x60, 0x0C, 0x00, 0xC0, 0x1C, 0x01, 0x80, 0x38, 0x03, 0x00,
    0x70, 0x06, 0x00, 0xE0, 0x0C, 0x01, 0xC0, 0x18, 0x03, 0x80, 0x30, 0x07, 0x00, 0x40, 0x01, 0xC0,
    0x0E, 0x00, 0x60, 0x06, 0x00, 0x30, 0x03, 0x00, 0x18, 0x81, 0x96, 0x1C, 0xF0, 0xC6, 0x8E, 0x10,
    0x60, 0x03, 0x00, 0x30, 0x01, 0x80, 0x0C, 0x00, 0x60, 0x03, 0x00, 0x0C, 0x00, 0x70, 0x01, 0x80,
    0x0E, 0x00, 0x30, 0x01, 0xC0, 0x06, 0x00, 0x38, 0x00, 0xC0, 0x07, 0x00, 0x18, 0x00, 0xE0, 0x03,
    0x00, 0x1C, 0x00, 0x40, 0x00, 0x80, 0x70, 0x18, 0x0E, 0x03, 0x01, 0x80, 0x60, 0x30, 0x1C, 0x06,
    0x03, 0x80, 0xC0, 0x70, 0x18, 0x06, 0x01, 0x80, 0x00, 0x80, 0x0E, 0x00, 0x60, 0x07, 0x00, 0x30,
    0x03, 0x00, 0x18, 0x81, 0x96, 0x1C, 0xF0, 0xC6, 0x8E, 0x00, 0x60, 0x07, 0x00, 0x30, 0x01, 0x80,
    0x0C, 0x00, 0xC0, 0x38, 0x06, 0x00, 0xC0, 0x30, 0x06, 0x01, 0xC0, 0x30, 0x0E, 0x01, 0x80, 0x70,
    0x0C, 0x03, 0x80, 0x60, 0x1C, 0x02, 0x07, 0xF0, 0x0C, 0x18, 0x10, 0x0C, 0x20, 0x06, 0x60, 0x02,
    0x5F, 0xFF, 0x40, 0x01, 0xC0, 0x01, 0xDF, 0xFD, 0xC1, 0x81, 0xC1, 0x81, 0x41, 0x81, 0x61, 0x83,
    0x21, 0x86, 0x31, 0x8C, 0x1C, 0x18, 0x07, 0xF0, 0x43, 0x43, 0x31, 0xB1, 0x99, 0x99, 0x86, 0xC6,
    0xC3, 0x63, 0x60, 0xE0, 0xE0, 0x70, 0x70, 0x38, 0x38, 0x1C, 0x1C, 0x0E, 0x0E, 0x0D, 0x8D, 0x86,
    0xC6, 0xC6, 0x36, 0x33, 0x1B, 0x1B, 0x0F, 0x0C, 0x00, 0x00, 0x01, 0x00, 0x06, 0x00, 0x0C, 0x00,
    0x18, 0x00, 0x30, 0x00, 0x60, 0x3F, 0xFF, 0xFF, 0xFF, 0x03, 0x00, 0x06, 0x00, 0x0C, 0x00, 0x18,
    0x00, 0x30, 0x00, 0x60, 0x00, 0xC0, 0x01, 0x80, 0x03, 0x00, 0x0C, 0x40, 0x18, 0xC0, 0x31, 0x80,
    0x63, 0x00, 0xC6, 0x1F, 0xFF, 0xBF, 0xFF, 0x86, 0x30, 0x0C, 0x60, 0x18, 0xC0, 0x31, 0x80, 0x63,
    0x00, 0xC6, 0x01, 0x8C, 0x03, 0x18, 0x06, 0x30, 0x0C, 0x60, 0x18, 0x10, 0x33, 0x30, 0x66, 0x60,
    0xCC, 0xC1, 0x99, 0x83, 0x33, 0x3F, 0xFF, 0xFF, 0xFF, 0x19, 0x98, 0x63, 0x30, 0xC6, 0x61, 0x8C,
    0xC3, 0x19, 0x8E, 0x33, 0x18, 0x66, 0x70, 0x8C, 0x40, 0x18, 0x60, 0x30, 0x0C, 0x07, 0x81, 0xE0,
    0x7B, 0xFD, 0xE0, 0x60, 0x38, 0x0F, 0x03, 0xE0, 0xF1, 0xE1, 0xC0, 0x00, 0x7F, 0xFF, 0x00, 0x3C,
    0x01, 0xF0, 0x0D, 0xC0, 0x67, 0x03, 0x1C, 0x18, 0x70, 0xE1, 0xC3, 0x07, 0x18, 0x1C, 0xC0, 0x76,
    0x01, 0xF0, 0x07, 0x80, 0x17, 0xFF, 0xC0, 0x03, 0x00, 0x77, 0x01, 0xB2, 0x06, 0x06, 0x00, 0x04,
    0x00, 0x0C, 0x00, 0x08, 0x00, 0x18, 0x00, 0x10, 0x00, 0x30, 0x00, 0x30, 0x00, 0x20, 0x00, 0x60,
    0x7B, 0x7B, 0xC0, 0x01, 0x00, 0x00, 0x40, 0x01, 0xC7, 0x01, 0x0F, 0xB0, 0x40, 0xE1, 0xC0, 0xC1,
    0x07, 0xF0, 0xC0, 0x81, 0x47, 0xF1, 0x01, 0x00, 0xC1, 0x01, 0x40, 0x01, 0x00, 0x00, 0xC0, 0x01,
    0x7B, 0x7B, 0xFF, 0xC0, 0x70, 0xFC, 0x5B, 0x6C, 0xA6, 0x73, 0x31, 0x9C, 0xCA, 0x69, 0xBC, 0x5C,
    0x3C, 0x07, 0xFE, 0x08, 0x01, 0xBC, 0xFF, 0xC1, 0x90, 0x19, 0x81, 0xFC, 0x3F, 0xE7, 0xB6, 0xDE,
    0x3D, 0xE6, 0xFC, 0x6F, 0xFC, 0x03, 0x80, 0x00, 0x00, 0x00, 0x0C, 0x00, 0x1B, 0xE3, 0xFF, 0xC1,
    0xE0, 0x00, 0xCC, 0x01, 0xFC, 0x0F, 0xFC, 0x3C, 0xCC, 0x6D, 0x99, 0x9E, 0x33, 0x3C, 0x66, 0x70,
    0xCD, 0xC3, 0x9F, 0x9E, 0x18, 0x78, 0x00, 0x00, 0xC0, 0x8C, 0x1C, 0xC0, 0xCC, 0x0C, 0xC0, 0x6C,
    0x06, 0xC4, 0x6C, 0xC6, 0xEC, 0x27, 0xC0, 0x38, 0x00, 0xC0, 0x03, 0x01, 0x8C, 0x06, 0x30, 0x0C,
    0xC0, 0x33, 0x00, 0xEC, 0x01, 0xB0, 0x06, 0xC2, 0x1B, 0x98, 0x76, 0x60, 0xDF, 0x80, 0x3C, 0x00,
    0x60, 0x00, 0x3F, 0x87, 0xE0, 0x01, 0xFE, 0x7F, 0xD0, 0x30, 0x0C, 0x03, 0x01, 0xC0, 0xE0, 0xF8,
    0x78, 0x10, 0x00, 0x1F, 0x01, 0xFC, 0x00, 0xC0, 0x00, 0x03, 0x07, 0xFC, 0x7C, 0xE4, 0x07, 0x00,
    0x30, 0x07, 0x00, 0x60, 0x0E, 0x01, 0xC1, 0xF8, 0x1E, 0x00, 0x00, 0x3F, 0x01, 0xF8, 0x00, 0x00,
    0xF0, 0x7F, 0x86, 0x70, 0x0E, 0x01, 0xE0, 0x3E, 0x07, 0x30, 0x63, 0x2C, 0x3E, 0x00, 0xC0, 0x0F,
    0x80, 0x1F, 0xC0, 0x01, 0x80, 0x00, 0x00, 0x3E, 0x07, 0xFC, 0x0E, 0x30, 0x00, 0xC0, 0x03, 0x00,
    0x0F, 0x00, 0x3E, 0x00, 0xC6, 0x03, 0x8C, 0x0E, 0x1F, 0x98, 0x1F, 0x00, 0x00, 0x0C, 0x00, 0x42,
    0x1F, 0xDC, 0xFE, 0x70, 0x81, 0x84, 0x00, 0x7F, 0x87, 0xDE, 0x78, 0x33, 0x41, 0x9E, 0x38, 0xF7,
    0xC1, 0x10, 0x00, 0x00, 0x00, 0x18, 0x00, 0x30, 0x00, 0x7D, 0xC7, 0xF9, 0xEF, 0x81, 0xC3, 0x00,
    0x86, 0x00, 0x0F, 0xF0, 0x3E, 0x70, 0xF0, 0x73, 0x60, 0x66, 0xC0, 0xCD, 0x83, 0x1F, 0x7E, 0x1E,
    0xF8, 0x0E, 0x00, 0x0C, 0x00, 0x0C, 0x18, 0x0D, 0x18, 0xFF, 0xDC, 0xFC, 0xCC, 0x18, 0x6E, 0x18,
    0x66, 0x18, 0x66, 0x38, 0xC0, 0x30, 0xC0, 0x30, 0xC0, 0x70, 0xC0, 0x6F, 0xC0, 0xEF, 0x80, 0x00,
    0x00, 0x00, 0x04, 0x0C, 0x1E, 0x0C, 0x1A, 0x0C, 0x18, 0x0F, 0x38, 0xFF, 0xD8, 0xFC, 0xCC, 0x18,
    0xCC, 0x18, 0xC6, 0x18, 0xC6, 0x30, 0xC4, 0x30, 0xC0, 0x70, 0xC0, 0x60, 0xC0, 0xEF, 0x80, 0xCF,
    0x80, 0x00, 0x00, 0x00, 0x00, 0x18, 0x10, 0xFC, 0xFF, 0xC3, 0xF8, 0x00, 0xC1, 0x8F, 0xFF, 0xFE,
    0x08, 0xC0, 0x07, 0x18, 0x78, 0xC3, 0xC6, 0x00, 0x30, 0x01, 0xE1, 0x07, 0xFC, 0x0F, 0x00, 0x00,
    0x18, 0x18, 0xF0, 0x7F, 0xFF, 0xFC, 0x3F, 0x00, 0x0C, 0x0C, 0x3F, 0x3F, 0xFC, 0x39, 0x80, 0x03,
    0x06, 0x3E, 0x30, 0x70, 0xC0, 0x03, 0x00, 0x07, 0x0C, 0x1F, 0xF0, 0x0F, 0x00, 0x00, 0x80, 0x38,
    0x0E, 0x03, 0x80, 0xE0, 0x78, 0x0C, 0x03, 0x80, 0x70, 0x07, 0x80, 0x38, 0x03, 0x80, 0x38, 0x03,
    0x80, 0x30, 0x00, 0x80, 0x0E, 0x00, 0xE0, 0x0E, 0x41, 0xEB, 0x1C, 0x79, 0xC3, 0x4C, 0x00, 0x70,
    0x01, 0xC0, 0x07, 0x80, 0x0E, 0x00, 0x38, 0x00, 0xE0, 0x03, 0x00, 0x60, 0x30, 0xC0, 0x61, 0x80,
    0xC3, 0x01, 0xB6, 0x7F, 0xEC, 0x7F, 0x18, 0x0C, 0x30, 0x18, 0x70, 0x30, 0xE0, 0x61, 0xC0, 0xC3,
    0x83, 0x86, 0x06, 0x0C, 0x3C, 0x08, 0x70, 0x00, 0x40, 0x00, 0x02, 0x00, 0x3E, 0x60, 0x3E, 0x60,
    0x3E, 0x60, 0x30, 0x67, 0xFE, 0x67, 0xFE, 0x60, 0x30, 0x40, 0x30, 0xC0, 0x30, 0xD0, 0x30, 0x70,
    0x60, 0x70, 0x60, 0x60, 0x60, 0x60, 0xC0, 0x63, 0xC0, 0x01, 0x80, 0x20, 0x63, 0xFE, 0x3F, 0xE0,
    0x00, 0x00, 0x00, 0x00, 0x00, 0x00, 0x00, 0x60, 0x06, 0x00, 0x60, 0x06, 0x00, 0x7F, 0xF3, 0xFF,
    0x00, 0x08, 0x00, 0x78, 0x81, 0xD3, 0xFF, 0x83, 0xFC, 0x00, 0x00, 0x00, 0x00, 0x00, 0x00, 0x00,
    0x00, 0x00, 0x03, 0x80, 0x06, 0x00, 0x0C, 0x00, 0x1C, 0x00, 0x1F, 0xFC, 0x1F, 0xF8, 0x00, 0x00,
    0x18, 0x00, 0xE0, 0x83, 0xFF, 0xFF, 0x1F, 0xE0, 0x03, 0x00, 0x18, 0x00, 0x63, 0x1F, 0x98, 0x78,
    0xC0, 0x06, 0x00, 0x30, 0x00, 0xFF, 0x83, 0xFC, 0x00, 0x00, 0x00, 0x58, 0x0C, 0xF0, 0x18, 0xAC,
    0x3F, 0x1F, 0xFE, 0x1F, 0xE0, 0x00, 0x60, 0x00, 0xC0, 0x01, 0xC0, 0x01, 0x83, 0x1F, 0x86, 0x0E,
    0x0C, 0x00, 0x18, 0x00, 0x3C, 0x30, 0x3F, 0xE0, 0x1F, 0x00, 0x60, 0x06, 0x00, 0x60, 0x06, 0x00,
    0x60, 0x06, 0x00, 0x60, 0x06, 0x00, 0x60, 0x06, 0x00, 0x60, 0x36, 0x03, 0x60, 0x77, 0x3E, 0x3F,
    0x81, 0xE0, 0x60, 0x0E, 0x0C, 0x63, 0xE6, 0x36, 0xE1, 0x8E, 0x00, 0xE0, 0x0E, 0x00, 0xC0, 0x0C,
    0x00, 0xC0, 0x2E, 0x07, 0x60, 0xE7, 0x3C, 0x7F, 0x81, 0xC0, 0x00, 0xC0, 0x01, 0x80, 0x07, 0xF7,
    0xFF, 0xF6, 0x0C, 0x00, 0xF8, 0x03, 0xF0, 0x06, 0x60, 0x0C, 0xC0, 0x1F, 0x80, 0x1F, 0x00, 0x0E,
    0x00, 0x38, 0x01, 0xE0, 0x03, 0x80, 0x00, 0x00, 0x00, 0x04, 0x03, 0x78, 0x06, 0xD8, 0x3F, 0xEF,
    0xFF, 0xDE, 0x30, 0x00, 0x60, 0x07, 0xC0, 0x1D, 0x80, 0x31, 0x80, 0x77, 0x00, 0x7E, 0x00, 0x18,
    0x00, 0x70, 0x03, 0xC0, 0x0F, 0x00, 0x08, 0x00, 0x00, 0x18, 0x0C, 0x18, 0x0C, 0x18, 0x0C, 0x18,
    0x0D, 0xFF, 0xFF, 0xFE, 0xFF, 0x98, 0x0C, 0x10, 0x0C, 0x30, 0x0C, 0xF0, 0x0C, 0x20, 0x0C, 0x00,
    0x0E, 0x1C, 0x07, 0xFC, 0x01, 0xF0, 0x00, 0x13, 0x06, 0x1F, 0x83, 0x0D, 0xC1, 0x86, 0xC0, 0xDF,
    0xE1, 0xFF, 0xF3, 0xFE, 0xC1, 0x98, 0x60, 0x0C, 0x30, 0x06, 0x78, 0x03, 0x3C, 0x01, 0x80, 0x00,
    0xC0, 0x00, 0x7F, 0xE0, 0x1F, 0xF0, 0x00, 0xE0, 0x7F, 0xC1, 0xCE, 0x00, 0x70, 0x03, 0x80, 0x18,
    0x03, 0xFF, 0xFF, 0xFF, 0x67, 0x00, 0x18, 0x00, 0x60, 0x01, 0x80, 0x06, 0x00, 0x1F, 0xC0, 0x3F,
    0x00, 0x00, 0x01, 0xE0, 0x3F, 0xC0, 0x77, 0x30, 0x1D, 0xE0, 0x71, 0xC1, 0xC2, 0x0F, 0xFE, 0x7F,
    0xFC, 0xC6, 0x00, 0x18, 0x00, 0x30, 0x00, 0x60, 0x00, 0xE0, 0x00, 0xFC, 0x00, 0xF8, 0x00, 0x00,
    0x00, 0x00, 0x1C, 0x00, 0x30, 0x00, 0x7C, 0x0F, 0xF8, 0x0F, 0x80, 0x03, 0x1E, 0x0E, 0x7E, 0x18,
    0x84, 0x30, 0x00, 0x60, 0x01, 0x8C, 0x03, 0x18, 0x06, 0x70, 0x1C, 0x7F, 0x30, 0xFE, 0x00, 0x00,
    0x0C, 0x0C, 0x18, 0x28, 0x30, 0x7F, 0xFC, 0xDF, 0xF8, 0x03, 0x0E, 0x06, 0x7F, 0x0C, 0x44, 0x38,
    0x00, 0x60, 0x00, 0xCC, 0x03, 0x98, 0x06, 0x30, 0x0C, 0x7F, 0xB8, 0x7F, 0x20, 0x00, 0x0C, 0x00,
    0x30, 0x07, 0xFF, 0x1F, 0xFC, 0x0C, 0x00, 0x60, 0x01, 0x80, 0x07, 0xFC, 0x3F, 0x38, 0xE0, 0x63,
    0x01, 0xC0, 0x06, 0x00, 0x38, 0x3F, 0xC0, 0xFE, 0x00, 0x00, 0x00, 0x04, 0x0C, 0x1E, 0x0C, 0x1E,
    0x9D, 0xF8, 0xFF, 0xF0, 0x3C, 0x00, 0x18, 0x00, 0x18, 0x00, 0x37, 0xE0, 0x3F, 0xF0, 0x38, 0x18,
    0x70, 0x18, 0x00, 0x18, 0x00, 0x38, 0x01, 0xF0, 0x1F, 0xE0, 0x0F, 0x00, 0x0F, 0xE3, 0xFF, 0xBC,
    0x0C, 0x80, 0x60, 0x03, 0x80, 0x18, 0x01, 0xC0, 0x1C, 0x0F, 0xC0, 0x7C, 0x00, 0x00, 0xC0, 0x1F,
    0xF1, 0xFC, 0xF7, 0x80, 0x6C, 0x00, 0xC0, 0x01, 0x80, 0x03, 0x00, 0x06, 0x00, 0x1C, 0x00, 0xF0,
    0x3F, 0xC0, 0x7C, 0x00, 0x00, 0x02, 0x00, 0x0E, 0x00, 0x0F, 0x00, 0x0D, 0x07, 0xF8, 0x3F, 0xFC,
    0x7C, 0x0E, 0x60, 0x06, 0x00, 0x06, 0x00, 0x06, 0x00, 0x06, 0x00, 0x0E, 0x00, 0x3C, 0x03, 0xF8,
    0x07, 0xE0, 0x03, 0x00, 0x1F, 0xFF, 0xFF, 0xFF, 0x1C, 0x00, 0xE0, 0x03, 0x00, 0x18, 0x00, 0x60,
    0x01, 0x80, 0x06, 0x00, 0x18, 0x00, 0x70, 0x00, 0xE0, 0x01, 0xF8, 0x01, 0xC0, 0x00, 0x3D, 0xFF,
    0xFB, 0xFF, 0x84, 0x1C, 0x40, 0x33, 0xC0, 0xE6, 0xC1, 0x87, 0x03, 0x00, 0x06, 0x00, 0x0C, 0x00,
    0x1C, 0x00, 0x1C, 0x00, 0x1F, 0x00, 0x1E, 0x00, 0x60, 0x06, 0x00, 0x60, 0x47, 0x0E, 0x33, 0xC3,
    0xF0, 0x1C, 0x03, 0x80, 0x70, 0x0E, 0x00, 0xC0, 0x0C, 0x00, 0xE0, 0x07, 0xFE, 0x3F, 0xE0, 0x00,
    0x08, 0x40, 0x59, 0x80, 0xF1, 0x80, 0xA3, 0x0F, 0x07, 0x3C, 0x07, 0xE0, 0x0F, 0x00, 0x3C, 0x00,
    0x60, 0x01, 0x80, 0x03, 0x00, 0x06, 0x00, 0x0C, 0x00, 0x1F, 0xFC, 0x1F, 0xF8, 0x00, 0x00, 0x0C,
    0x00, 0x38, 0x00, 0x7D, 0x8F, 0xFB, 0x8F, 0x83, 0xC6, 0x19, 0x0C, 0x30, 0x30, 0x60, 0x60, 0xC1,
    0xC1, 0x83, 0x3F, 0x04, 0xFF, 0x81, 0x8F, 0x83, 0xBB, 0x03, 0xE0, 0x01, 0x00, 0x00, 0x03, 0x00,
    0x31, 0xFF, 0x8F, 0xFC, 0x1E, 0x60, 0x03, 0x00, 0x18, 0x00, 0xC0, 0x07, 0x20, 0x39, 0x81, 0xD8,
    0x0E, 0x73, 0xE3, 0xFF, 0x07, 0xC0, 0x00, 0x01, 0x80, 0x01, 0x80, 0x61, 0x80, 0x67, 0xF0, 0x7F,
    0xF8, 0x3B, 0x1C, 0x73, 0x0C, 0x7B, 0x0C, 0xFB, 0x0C, 0xDE, 0x0C, 0xCE, 0xFC, 0xCD, 0x9C, 0xFD,
    0xBE, 0x71, 0xF2, 0x00, 0x00, 0x0E, 0x00, 0x07, 0x00, 0x03, 0x00, 0x0F, 0xDF, 0x07, 0xFD, 0xC0,
    0x78, 0x70, 0x38, 0x18, 0x18, 0x0C, 0x1C, 0x06, 0x1E, 0x03, 0x1F, 0x3F, 0x8D, 0x9B, 0xE4, 0xCD,
    0xF0, 0x67, 0xC8, 0x30, 0x00, 0x01, 0x80, 0x1F, 0xC0, 0x7F, 0xE1, 0x98, 0xC6, 0x30, 0xCC, 0x61,
    0xB0, 0xC3, 0x63, 0x86, 0xC6, 0x0D, 0x8C, 0x19, 0xB0, 0x73, 0xE1, 0xC3, 0x9F, 0x00, 0x3C, 0x00,
    0x20, 0x30, 0xC0, 0x61, 0x80, 0xC3, 0x01, 0xF6, 0x7F, 0xEC, 0x7E, 0x18, 0x0C, 0x30, 0x18, 0x60,
    0x30, 0xE0, 0x61, 0xCF, 0xC3, 0xBB, 0xE6, 0x63, 0xEC, 0xFE, 0xD8, 0xF8, 0x00, 0x00, 0x00, 0x06,
    0x60, 0x7E, 0x60, 0x6E, 0x60, 0x6E, 0x60, 0x6C, 0x67, 0xFC, 0xC3, 0xF0, 0xC0, 0x60, 0xC0, 0x60,
    0xC0, 0x60, 0xF0, 0x60, 0xF7, 0xF0, 0xE7, 0x78, 0xE4, 0x7E, 0xE7, 0xE4, 0x67, 0xE0, 0x00, 0x00,
    0x00, 0x0E, 0x60, 0x2A, 0x60, 0x6B, 0x60, 0x6E, 0x60, 0x6C, 0x67, 0xFC, 0xC3, 0xF0, 0xC0, 0x60,
    0xC0, 0x60, 0xC0, 0x60, 0xF0, 0x60, 0xF7, 0xF0, 0xE7, 0x78, 0xE4, 0x7E, 0xE7, 0xE4, 0x67, 0xE0,
    0x00, 0x00, 0x1E, 0x31, 0xFE, 0x61, 0xB0, 0xC0, 0xC1, 0xC1, 0x83, 0x86, 0x07, 0x0C, 0x0F, 0x38,
    0x1F, 0x60, 0x36, 0xC0, 0x61, 0x81, 0x83, 0x83, 0x03, 0x9E, 0x03, 0xF8, 0x01, 0xC0, 0x00, 0x00,
    0x00, 0x00, 0x1E, 0x02, 0x3A, 0xFE, 0x6E, 0xFE, 0x38, 0x18, 0x30, 0x18, 0x30, 0x30, 0x38, 0x30,
    0x3C, 0x60, 0x3C, 0x60, 0x36, 0x60, 0x20, 0x60, 0x60, 0x60, 0xE0, 0x39, 0xC0, 0x3F, 0x80, 0x0E,
    0x00, 0x00, 0x0E, 0x02, 0x3B, 0xFE, 0x7B, 0xFE, 0x3E, 0x18, 0x30, 0x18, 0x30, 0x30, 0x38, 0x30,
    0x3C, 0x60, 0x3C, 0x60, 0x36, 0x60, 0x20, 0x60, 0x60, 0x60, 0xE0, 0x39, 0xC0, 0x3F, 0x80, 0x0E,
    0x00, 0x03, 0x00, 0x01, 0xC0, 0x00, 0x78, 0x00, 0x0C, 0x00, 0x0E, 0x00, 0x02, 0x00, 0x0C, 0x00,
    0x07, 0x00, 0x01, 0xCC, 0x04, 0x67, 0x07, 0x19, 0x87, 0x0C, 0xE7, 0x06, 0x33, 0x3F, 0x18, 0x1F,
    0x00, 0x02, 0x00, 0x07, 0x82, 0x01, 0xCA, 0x00, 0xEF, 0x00, 0xED, 0x00, 0x84, 0x03, 0x00, 0x03,
    0x08, 0x01, 0x8C, 0x08, 0xCC, 0x1C, 0xC6, 0x38, 0x66, 0xF0, 0x67, 0xE7, 0xE3, 0x07, 0xC0, 0x02,
    0x00, 0x07, 0x87, 0x01, 0xEF, 0x00, 0xE9, 0x00, 0xEF, 0x00, 0xC7, 0x02, 0x00, 0x03, 0x00, 0x01,
    0x8C, 0x09, 0xCC, 0x1C, 0xC6, 0x38, 0x66, 0xF0, 0x67, 0xE7, 0xE3, 0x07, 0xC0, 0x00, 0x00, 0x07,
    0x80, 0x07, 0x80, 0x0C, 0xC0, 0x1C, 0xE0, 0x38, 0x70, 0x70, 0x38, 0x60, 0x1C, 0x60, 0x0E, 0x00,
    0x0F, 0x00, 0x07, 0x00, 0x02, 0x00, 0x04, 0x00, 0x16, 0x03, 0x1E, 0x07, 0x9A, 0x0F, 0xC8, 0x1C,
    0xE0, 0x38, 0x60, 0x30, 0x70, 0x70, 0x38, 0x60, 0x1C, 0x00, 0x0E, 0x00, 0x07, 0x00, 0x03, 0x00,
    0x00, 0x00, 0x1C, 0x00, 0x1E, 0x03, 0x12, 0x07, 0x96, 0x0F, 0xDE, 0x1C, 0xE0, 0x38, 0x60, 0x30,
    0x70, 0x70, 0x38, 0x60, 0x1C, 0x00, 0x0E, 0x00, 0x07, 0x00, 0x03, 0x00, 0x00, 0x00, 0x00, 0xC7,
    0xF9, 0x8F, 0xE3, 0x03, 0x06, 0x06, 0x0C, 0x7F, 0x99, 0xFF, 0xB0, 0x30, 0x60, 0x20, 0xE0, 0x61,
    0xCF, 0xC3, 0xBB, 0xE6, 0x63, 0xEC, 0xFE, 0xD8, 0xF8, 0x00, 0x00, 0x00, 0x00, 0x00, 0x0E, 0x62,
    0x3E, 0x67, 0xFE, 0x60, 0x60, 0xC0, 0x60, 0xC0, 0x6C, 0xC7, 0xFC, 0xC7, 0xF0, 0xC0, 0x60, 0xF0,
    0x60, 0xF7, 0xF0, 0xE7, 0x78, 0xE4, 0x7C, 0xE7, 0xEC, 0x67, 0xC0, 0x40, 0x00, 0x00, 0x0E, 0x00,
    0x0B, 0x62, 0x3F, 0x67, 0xFE, 0x60, 0x60, 0xC0, 0x60, 0xC0, 0x6C, 0xC7, 0xFC, 0xC7, 0xF0, 0xC0,
    0x60, 0xF0, 0x60, 0xF7, 0xF0, 0xE7, 0x78, 0xE4, 0x7C, 0xE7, 0xEC, 0x67, 0xC0, 0x40, 0x00, 0x06,
    0x00, 0x6E, 0xFF, 0xEF, 0xE0, 0x06, 0x0C, 0x6E, 0xFF, 0xE1, 0xE0, 0x06, 0x00, 0x60, 0x7F, 0x0E,
    0x7C, 0xC6, 0xEE, 0xE7, 0xFC, 0x01, 0x00, 0x01, 0x80, 0x7F, 0x80, 0x76, 0x00, 0x1C, 0x00, 0x30,
    0x80, 0x63, 0x07, 0xF6, 0x3F, 0xFC, 0x6E, 0x7D, 0x98, 0x3F, 0x70, 0xFE, 0xC1, 0x8F, 0x87, 0x0C,
    0x3C, 0x00, 0x70, 0x00, 0x00, 0x1C, 0x00, 0x30, 0x03, 0xFE, 0xC7, 0xFD, 0xC1, 0x81, 0xC3, 0x01,
    0xDE, 0x01, 0x3E, 0x00, 0xCC, 0x01, 0x98, 0x31, 0xE0, 0x63, 0xC0, 0xC1, 0x81, 0x83, 0xFF, 0x03,
    0xFC, 0x00, 0x00, 0xC0, 0x61, 0x80, 0xC3, 0x01, 0xBF, 0x83, 0xFF, 0x87, 0x33, 0x9E, 0x63, 0x3E,
    0xC6, 0xEF, 0x0D, 0x9E, 0x1B, 0x18, 0x36, 0x78, 0x6F, 0xF1, 0x8F, 0x1F, 0x00, 0x78, 0x00, 0x00,
    0x00, 0x00, 0x18, 0x00, 0xE0, 0x1F, 0x20, 0x7F, 0xC0, 0x3C, 0x00, 0xC0, 0x03, 0x04, 0xFF, 0xBB,
    0xFF, 0x60, 0xC1, 0xC3, 0x03, 0x0C, 0x0C, 0x30, 0x60, 0xFF, 0x81, 0xFC, 0x00, 0x00, 0x18, 0x0C,
    0xE0, 0x37, 0xE1, 0xFF, 0x9F, 0x0D, 0xF0, 0x6D, 0xB7, 0x07, 0xF0, 0x32, 0x01, 0x80, 0x06, 0x00,
    0x30, 0x01, 0x80, 0x00, 0x00, 0x06, 0x00, 0x8E, 0x03, 0x8D, 0x03, 0x3F, 0x83, 0xFB, 0x8F, 0x83,
    0x7E, 0x07, 0xEC, 0x0D, 0x19, 0xF8, 0x1B, 0xE0, 0x30, 0x00, 0x60, 0x00, 0x60, 0x00, 0xC0, 0x01,
    0x80, 0x01, 0x00, 0x06, 0x0C, 0x20, 0xCF, 0xCD, 0xFE, 0xF3, 0x6E, 0x33, 0xE3, 0x3D, 0xA6, 0xDE,
    0xEC, 0xFC, 0x0E, 0x01, 0xC0, 0x18, 0x00, 0x03, 0x01, 0x0C, 0x0C, 0x38, 0x31, 0xF8, 0xDF, 0xF3,
    0xE6, 0x6F, 0x19, 0xB8, 0x66, 0xC9, 0x9B, 0x66, 0x6C, 0xF7, 0x31, 0xFC, 0x07, 0x80, 0x18, 0x00,
    0xC0, 0x00, 0x00, 0x0C, 0x01, 0x80, 0x30, 0x07, 0xE0, 0xF8, 0x18, 0x03, 0x00, 0x60, 0x7E, 0x1D,
    0xF3, 0xB3, 0x7E, 0x21, 0x00, 0x06, 0x00, 0x30, 0x01, 0x80, 0x0C, 0x60, 0x7F, 0x03, 0x20, 0x18,
    0x00, 0xC0, 0x06, 0x00, 0x70, 0x1F, 0xE1, 0xCF, 0xCC, 0x6F, 0x7F, 0x19, 0xF8, 0x00, 0x1C, 0x00,
    0xFE, 0x00, 0xF0, 0xC0, 0x06, 0x00, 0x30, 0x01, 0xBF, 0x8F, 0xFE, 0x78, 0x33, 0x01, 0x98, 0x0E,
    0x00, 0x60, 0x07, 0x0F, 0xF0, 0x7F, 0x00, 0x00, 0x60, 0x0D, 0xE1, 0xFE, 0x78, 0x6F, 0x0D, 0xC1,
    0xB8, 0x3E, 0x07, 0xC0, 0xD8, 0x19, 0x03, 0x00, 0xC0, 0x78, 0x3E, 0x0F, 0x00, 0x00, 0x00, 0xE0,
    0x7F, 0xC1, 0xCE, 0x00, 0x70, 0x03, 0x80, 0x1C, 0x00, 0xFE, 0x07, 0xDE, 0x38, 0x19, 0x80, 0x74,
    0xF8, 0xC3, 0x76, 0x0C, 0xF8, 0x3F, 0xC0, 0x7E, 0x00, 0x0E, 0x00, 0x07, 0x00, 0x03, 0x0C, 0x0F,
    0xDF, 0x07, 0xDD, 0xC0, 0x78, 0x60, 0x38, 0x30, 0x38, 0x30, 0x1C, 0x18, 0x1E, 0x0C, 0x1F, 0x06,
    0x0D, 0x83, 0x24, 0xC1, 0xB8, 0x60, 0xF8, 0x30, 0x38, 0x00, 0x00, 0x00, 0x60, 0xFF, 0xC1, 0xEE,
    0x00, 0x70, 0x03, 0x80, 0x1C, 0x00, 0xFF, 0x07, 0xFE, 0x38, 0x19, 0xC0, 0x66, 0x01, 0xC0, 0x06,
    0x00, 0x38, 0x3F, 0xC0, 0xFE, 0x00, 0x00, 0x00, 0x00, 0xC0, 0x06, 0x00, 0x30, 0x0F, 0xBE, 0x0F,
    0xB8, 0x70, 0x67, 0x03, 0x78, 0x1B, 0xC1, 0xB6, 0x1C, 0x33, 0xC1, 0x98, 0x00, 0x00, 0x0E, 0x00,
    0x0E, 0x00, 0x0C, 0x00, 0x7E, 0x30, 0x7D, 0xFC, 0x0F, 0xCE, 0x0F, 0x06, 0x1C, 0x03, 0x1C, 0x03,
    0x3C, 0x07, 0x7C, 0x06, 0x6C, 0x0E, 0x4C, 0x3C, 0x0C, 0x78, 0x0C, 0x40, 0x00, 0x00, 0x01, 0x00,
    0xFE, 0x03, 0x98, 0x00, 0xC0, 0x07, 0xE0, 0x7F, 0xE3, 0xE1, 0x8D, 0x83, 0x66, 0x0D, 0xB0, 0x3C,
    0xDE, 0xF7, 0xDB, 0xFB, 0x39, 0xEF, 0xE7, 0x3F, 0x00, 0x0B, 0xF0, 0x0F, 0xF0, 0x01, 0xE0, 0x07,
    0xF0, 0x0F, 0x38, 0x1C, 0x0C, 0x37, 0xCC, 0x06, 0xDC, 0x07, 0xF8, 0x07, 0xF0, 0x0E, 0x00, 0x1F,
    0x7C, 0x3B, 0xFE, 0x71, 0xC6, 0x61, 0x87, 0x00, 0x00, 0x00, 0x00, 0x18, 0x00, 0x7F, 0x1F, 0xFC,
    0x3E, 0x00, 0x70, 0x01, 0x80, 0xCF, 0xCF, 0x3D, 0xF9, 0xCF, 0x0E, 0x78, 0x03, 0xE0, 0x0D, 0x80,
    0x60, 0x00, 0xFF, 0x83, 0xFE, 0x03, 0x00, 0x06, 0x00, 0x1C, 0x00, 0x30, 0x00, 0xE0, 0x01, 0x80,
    0x07, 0x00, 0x0F, 0xC0, 0x3D, 0x80, 0x73, 0x0D, 0xC6, 0x1B, 0x0C, 0x76, 0x18, 0xDC, 0x3F, 0xB0,
    0x3E, 0x00, 0x00, 0x3E, 0x00, 0xFF, 0x20, 0x1E, 0xC0, 0x0F, 0x03, 0x37, 0xFF, 0x0F, 0xDE, 0x30,
    0x18, 0x00, 0x60, 0x01, 0x80, 0x06, 0x00, 0x38, 0x03, 0xC0, 0x7E, 0x01, 0xE0, 0x00, 0x00, 0x0C,
    0x00, 0x30, 0x80, 0xC6, 0x07, 0xEC, 0xFF, 0xB9, 0x66, 0x61, 0x99, 0x86, 0x62, 0x31, 0x80, 0xC6,
    0x06, 0xB8, 0x1B, 0xC0, 0x02, 0x00, 0x00, 0x8C, 0x18, 0xC0, 0x8C, 0xDF, 0xCF, 0xFC, 0x08, 0xC0,
    0x8E, 0x18, 0xE1, 0x8E, 0x18, 0xC3, 0x8C, 0x70, 0x46, 0x00, 0x76, 0xDE, 0x40, 0xFB, 0xFE, 0x36,
    0xDE, 0xC0, 0x77, 0xB7, 0xE7, 0x00, 0xE0, 0x70, 0x38, 0x18, 0x1C, 0x0E, 0x07, 0x1F, 0x7C, 0x20,
    0x01, 0x01, 0x64, 0x6D, 0x8A, 0x30, 0x06, 0x01, 0xC0, 0x38, 0x07, 0x03, 0xC3, 0xE0, 0xE0, 0x00,
    0xC0, 0x07, 0x00, 0x18, 0x00, 0xF0, 0x03, 0xF8, 0x0D, 0xE0, 0x60, 0x01, 0x80, 0x0F, 0xE0, 0x3F,
    0x81, 0xC7, 0x0E, 0x0C, 0x30, 0x61, 0xC1, 0x8E, 0xDE, 0x33, 0xF0, 0x03, 0x00, 0xFF, 0x00, 0xFF,
    0x7F, 0xF3, 0xFF, 0xC0, 0x0C, 0x0C, 0xC0, 0x6E, 0x03, 0x60, 0x18, 0x00, 0xC0, 0x0C, 0x00, 0xE0,
    0x0E, 0x00, 0x60, 0x00, 0xFF, 0xFB, 0xFF, 0xF0, 0x01, 0x81, 0x8E, 0x06, 0x70, 0x1B, 0x80, 0x6C,
    0x01, 0x80, 0x06, 0x00, 0x38, 0x00, 0xC0, 0x07, 0x00, 0x78, 0x01, 0xC0, 0x00, 0x00, 0x00, 0x00,
    0x60, 0x0E, 0x01, 0xC0, 0x78, 0x1F, 0x0F, 0xF0, 0xE3, 0x00, 0x30, 0x03, 0x00, 0x30, 0x07, 0x00,
    0x30, 0x00, 0x18, 0x00, 0xE0, 0x07, 0x00, 0x38, 0x03, 0xC0, 0x3E, 0x07, 0xD8, 0x3C, 0x60, 0x41,
    0x80, 0x06, 0x00, 0x18, 0x00, 0x60, 0x01, 0x80, 0x06, 0x00, 0x0C, 0x01, 0x83, 0xFF, 0x7F, 0xFC,
    0x07, 0x80, 0xF0, 0x36, 0x06, 0x01, 0xC0, 0x70, 0x3C, 0x1F, 0x01, 0x80, 0x00, 0x00, 0x30, 0x01,
    0x80, 0x0C, 0x0F, 0xFF, 0xFF, 0xFF, 0x00, 0xF8, 0x06, 0xC0, 0x36, 0x03, 0x80, 0x18, 0x01, 0xC0,
    0x1C, 0x03, 0xC0, 0x7C, 0x03, 0x80, 0x00, 0x00, 0x00, 0x03, 0xFF, 0x9F, 0xF8, 0x0C, 0x00, 0x60,
    0x03, 0x00, 0x18, 0x00, 0xC0, 0x06, 0x07, 0xFF, 0xBF, 0xFC, 0x7F, 0xFC, 0xFF, 0xF8, 0x0C, 0x00,
    0x18, 0x00, 0x30, 0x00, 0x60, 0x00, 0xC0, 0x01, 0x80, 0x03, 0x00, 0x06, 0x03, 0xFF, 0xFF, 0xFF,
    0xE0, 0x01, 0x80, 0x0C, 0x00, 0x60, 0xFF, 0xF7, 0xFF, 0x01, 0xC0, 0x1E, 0x03, 0xB0, 0x39, 0x83,
    0x8C, 0x18, 0x60, 0x0F, 0x00, 0x30, 0x00, 0x00, 0xC0, 0x03, 0x00, 0x0C, 0x1F, 0xFF, 0x7F, 0xFC,
    0x07, 0x00, 0x1C, 0x00, 0xF0, 0x06, 0xC0, 0x7B, 0x03, 0xCC, 0x1C, 0x30, 0xE0, 0xC0, 0x0F, 0x00,
    0x7C, 0x00, 0x03, 0x00, 0x0C, 0x00, 0x30, 0x1F, 0xFE, 0x7F, 0xFC, 0x18, 0x70, 0x61, 0x81, 0x86,
    0x06, 0x18, 0x30, 0x60, 0xC1, 0x86, 0x06, 0x38, 0x39, 0xC7, 0xC6, 0x0E, 0x00, 0x00, 0x04, 0x0C,
    0x38, 0x18, 0x78, 0x30, 0xD7, 0xFF, 0x9F, 0xFF, 0x01, 0x86, 0x03, 0x0C, 0x06, 0x18, 0x1C, 0x30,
    0x30, 0x60, 0xE0, 0xC1, 0x81, 0x87, 0x07, 0x1C, 0x7C, 0x70, 0xF8, 0x00, 0x00, 0x06, 0x00, 0x18,
    0x00, 0x7F, 0x9F, 0xFE, 0x7F, 0x01, 0x0C, 0x00, 0x30, 0xC0, 0xFF, 0x7F, 0xF9, 0xF6, 0x00, 0x18,
    0x00, 0x60, 0x01, 0xC0, 0x07, 0x00, 0x00, 0x00, 0x00, 0x38, 0x18, 0x78, 0x30, 0xD0, 0x6F, 0x0F,
    0xFE, 0x3F, 0xC0, 0x21, 0x80, 0x03, 0x0C, 0x07, 0xFB, 0xFF, 0xE7, 0xFC, 0x00, 0x18, 0x00, 0x30,
    0x00, 0x60, 0x00, 0xC0, 0x00, 0x00, 0x0C, 0x00, 0x70, 0x01, 0xFE, 0x0F, 0xFC, 0x70, 0x61, 0x81,
    0x9C, 0x0E, 0x60, 0x31, 0x01, 0xC0, 0x06, 0x00, 0x30, 0x03, 0xC0, 0x1E, 0x01, 0xE0, 0x0F, 0x00,
    0x00, 0x00, 0x00, 0x02, 0x03, 0x0B, 0x03, 0x0F, 0x07, 0x0C, 0x07, 0xFC, 0x0F, 0xFC, 0x1C, 0x18,
    0x38, 0x18, 0x70, 0x38, 0x60, 0x30, 0x00, 0x70, 0x00, 0xE0, 0x01, 0xC0, 0x03, 0x80, 0x0F, 0x00,
    0x1E, 0x00, 0x18, 0x00, 0x0C, 0x00, 0x18, 0x00, 0x70, 0x00, 0xFF, 0xE3, 0xFF, 0xE6, 0x18, 0x1C,
    0x30, 0x70, 0x60, 0xC1, 0xC0, 0x03, 0x00, 0x06, 0x00, 0x1C, 0x00, 0x70, 0x01, 0xC0, 0x07, 0x00,
    0x00, 0x00, 0x00, 0x02, 0x06, 0x0B, 0x0E, 0x0F, 0x0C, 0x0D, 0x0C, 0x00, 0x1F, 0xFE, 0x1F, 0xFE,
    0x38, 0x60, 0x70, 0x60, 0x60, 0xE0, 0x00, 0xC0, 0x00, 0xC0, 0x01, 0x80, 0x03, 0x80, 0x07, 0x00,
    0x0E, 0x00, 0x04, 0x00, 0x00, 0x07, 0xFF, 0x9F, 0xFC, 0x00, 0x60, 0x03, 0x00, 0x18, 0x00, 0xC0,
    0x06, 0x00, 0x30, 0x01, 0x80, 0x0D, 0xFF, 0xEF, 0xFF, 0x00, 0x18, 0x00, 0x00, 0x01, 0xE0, 0x06,
    0xC0, 0x0F, 0xFF, 0xF3, 0xFF, 0xC0, 0x03, 0x00, 0x0C, 0x00, 0x30, 0x00, 0xC0, 0x03, 0x00, 0x0C,
    0x00, 0x30, 0x00, 0xCF, 0xFF, 0x3F, 0xFC, 0x00, 0x30, 0x00, 0x00, 0x18, 0x60, 0x30, 0xC0, 0x61,
    0x80, 0xC3, 0x0F, 0xFF, 0xFF, 0xFF, 0x86, 0x18, 0x0C, 0x30, 0x18, 0x60, 0x30, 0xC0, 0x01, 0x80,
    0x06, 0x00, 0x1C, 0x00, 0xF0, 0x01, 0xC0, 0x00, 0x00, 0x00, 0x32, 0x0C, 0x3F, 0x0C, 0x35, 0x0C,
    0x34, 0x7F, 0xFE, 0xFF, 0xFE, 0x0C, 0x30, 0x0C, 0x30, 0x0C, 0x30, 0x0C, 0x30, 0x0C, 0x70, 0x00,
    0x60, 0x00, 0xE0, 0x01, 0xC0, 0x03, 0x80, 0x03, 0x00, 0x18, 0x00, 0x3C, 0x00, 0x1C, 0x00, 0x10,
    0x06, 0x00, 0x4F, 0x01, 0x86, 0x07, 0x00, 0x1C, 0x00, 0xF0, 0x03, 0xC0, 0x1E, 0x01, 0xF8, 0x07,
    0xC0, 0x04, 0x00, 0x00, 0x10, 0x0C, 0x38, 0x7C, 0x38, 0xD8, 0x30, 0xC4, 0x00, 0x5E, 0x01, 0x8E,
    0x07, 0x0C, 0x1C, 0x00, 0x70, 0x01, 0xC0, 0x0F, 0x00, 0x7C, 0x07, 0xE0, 0x0F, 0x00, 0x00, 0x3F,
    0xF0, 0xFF, 0xE0, 0x03, 0x00, 0x1C, 0x00, 0x60, 0x03, 0x80, 0x1C, 0x00, 0x70, 0x03, 0xE0, 0x1D,
    0xC1, 0xE3, 0x8F, 0x06, 0x70, 0x1D, 0x80, 0x30, 0x00, 0x1C, 0x00, 0x2C, 0x00, 0x7B, 0xFF, 0xC3,
    0xFF, 0x00, 0x0C, 0x00, 0x18, 0x00, 0x60, 0x01, 0xC0, 0x03, 0x00, 0x0F, 0x00, 0x3F, 0x01, 0xE7,
    0x07, 0x87, 0x3C, 0x07, 0x70, 0x06, 0x00, 0x00, 0x0C, 0x00, 0x30, 0x00, 0xC0, 0x03, 0x0F, 0x0F,
    0xFF, 0xFF, 0x6F, 0xC3, 0xA3, 0x0C, 0x0C, 0x60, 0x31, 0x80, 0xC0, 0x03, 0x00, 0x0E, 0x38, 0x3F,
    0xE0, 0x3E, 0x00, 0x00, 0x02, 0x04, 0x0B, 0x0E, 0x0F, 0x0E, 0x04, 0x0E, 0x0C, 0x0E, 0xFE, 0x1F,
    0xFC, 0x7F, 0x9C, 0x7E, 0x18, 0x0E, 0x38, 0x0E, 0x70, 0x0E, 0x20, 0x0E, 0x00, 0x06, 0x00, 0x07,
    0xFC, 0x07, 0xFC, 0xC0, 0x37, 0x01, 0x98, 0x0C, 0xE0, 0xE3, 0x06, 0x18, 0x30, 0x03, 0x00, 0x38,
    0x03, 0x80, 0x38, 0x03, 0x80, 0x78, 0x01, 0x80, 0x00, 0x00, 0x00, 0x00, 0x78, 0x00, 0xDA, 0x00,
    0xF6, 0x01, 0x8E, 0x03, 0x0C, 0x0E, 0x1C, 0x18, 0x18, 0x70, 0x00, 0xC0, 0x03, 0x80, 0x06, 0x00,
    0x3C, 0x00, 0xF0, 0x07, 0x80, 0x0E, 0x00, 0x02, 0x00, 0x0C, 0x00, 0x70, 0x01, 0xFF, 0x0F, 0xFC,
    0x70, 0x63, 0x81, 0x9D, 0x8C, 0xE7, 0xF0, 0x07, 0x80, 0x0E, 0x00, 0x7E, 0x03, 0xB0, 0x3C, 0x03,
    0xE0, 0x0E, 0x00, 0x00, 0x00, 0x00, 0x04, 0x0C, 0x3C, 0x18, 0x78, 0x7F, 0xC0, 0xFF, 0x83, 0x83,
    0x0E, 0x0E, 0x3A, 0x18, 0xEE, 0x71, 0x8F, 0xC0, 0x07, 0x80, 0x0F, 0x00, 0x3F, 0x00, 0xE4, 0x07,
    0x80, 0x3E, 0x00, 0x30, 0x00, 0x00, 0x10, 0x07, 0xF0, 0xFF, 0xC1, 0xCC, 0x00, 0x18, 0x00, 0x30,
    0x3F, 0xFF, 0xFF, 0xFE, 0x03, 0x00, 0x06, 0x00, 0x0C, 0x00, 0x38, 0x00, 0xE0, 0x03, 0x80, 0x06,
    0x00, 0x00, 0x00, 0x00, 0x00, 0x0F, 0xE1, 0xFF, 0xF1, 0xD8, 0xB0, 0x31, 0xE0, 0x63, 0x3F, 0xFF,
    0x7F, 0xFE, 0x03, 0x00, 0x06, 0x00, 0x0C, 0x00, 0x30, 0x00, 0xE0, 0x03, 0x80, 0x0E, 0x00, 0x08,
    0x00, 0x06, 0x03, 0x31, 0x99, 0x8C, 0xE6, 0x63, 0x06, 0x00, 0x70, 0x03, 0x00, 0x30, 0x07, 0x00,
    0xF0, 0x07, 0x00, 0x06, 0x0B, 0x9C, 0x36, 0x30, 0xD8, 0xC7, 0x33, 0x18, 0xC0, 0x60, 0x03, 0x00,
    0x1C, 0x00, 0xE0, 0x07, 0x00, 0x38, 0x07, 0xC0, 0x1E, 0x00, 0x00, 0x00, 0x00, 0x00, 0x00, 0x68,
    0x00, 0x78, 0x30, 0xDC, 0x60, 0xDC, 0xE3, 0x98, 0xC6, 0x39, 0x8C, 0x30, 0x38, 0x00, 0x60, 0x01,
    0x80, 0x07, 0x00, 0x1C, 0x00, 0xF0, 0x07, 0xC0, 0x0E, 0x00, 0x00, 0x00, 0x7F, 0xF0, 0x7F, 0xC0,
    0x00, 0x00, 0x00, 0x1F, 0xFF, 0xBF, 0xFF, 0x80, 0xC0, 0x01, 0x80, 0x07, 0x00, 0x0C, 0x00, 0x18,
    0x00, 0x60, 0x03, 0xC0, 0x07, 0x00, 0x00, 0x00, 0x00, 0x00, 0x00, 0x16, 0x00, 0x1E, 0x3F, 0xFE,
    0x3F, 0xE0, 0x00, 0x00, 0x00, 0x00, 0xFF, 0xFC, 0xFF, 0xFC, 0x03, 0x80, 0x03, 0x00, 0x03, 0x00,
    0x03, 0x00, 0x07, 0x00, 0x06, 0x00, 0x1E, 0x00, 0x1C, 0x00, 0x00, 0x00, 0xC0, 0x30, 0x0C, 0x03,
    0x00, 0xE0, 0x3F, 0x0D, 0xF3, 0x1E, 0xC1, 0xB0, 0x0C, 0x03, 0x00, 0xC0, 0x30, 0x00, 0x60, 0xCC,
    0x79, 0x8D, 0xB0, 0xC6, 0x00, 0xF8, 0x1F, 0xE3, 0x3E, 0x60, 0xCC, 0x01, 0x80, 0x30, 0x06, 0x00,
    0xC0, 0x00, 0x01, 0x80, 0x03, 0x00, 0x06, 0x00, 0x0C, 0x0F, 0xFF, 0xFF, 0xFF, 0xC0, 0x60, 0x00,
    0xC0, 0x03, 0x80, 0x06, 0x00, 0x0C, 0x00, 0x38, 0x00, 0xE0, 0x03, 0x80, 0x06, 0x00, 0x00, 0x00,
    0x3F, 0xF8, 0xFF, 0xE0, 0x00, 0x00, 0x00, 0x00, 0x00, 0x00, 0x00, 0x00, 0x00, 0x00, 0x00, 0x03,
    0xFF, 0xFF, 0xFF, 0xC0, 0x00, 0x7F, 0xE7, 0xFF, 0x00, 0x70, 0x06, 0x30, 0x63, 0x8C, 0x1F, 0xC0,
    0xF8, 0x03, 0x80, 0x7C, 0x0E, 0xE3, 0xC7, 0xF8, 0x2E, 0x00, 0x00, 0x00, 0x00, 0x00, 0x07, 0x00,
    0x0C, 0x03, 0xFF, 0x87, 0xFF, 0x80, 0x06, 0x00, 0x18, 0x00, 0xF0, 0x03, 0x80, 0x1E, 0x60, 0xFD,
    0xE7, 0xD8, 0xF6, 0x30, 0xC0, 0x60, 0x00, 0xC0, 0x01, 0x80, 0x00, 0x00, 0x00, 0x60, 0x06, 0x00,
    0x60, 0x0E, 0x00, 0xC0, 0x1C, 0x01, 0x80, 0x38, 0x07, 0x00, 0xE0, 0x3C, 0x0F, 0x80, 0x60, 0x00,
    0x0C, 0xE0, 0x18, 0xC0, 0x31, 0xC0, 0xE1, 0x81, 0x83, 0x03, 0x03, 0x0E, 0x06, 0x18, 0x0E, 0x70,
    0x0C, 0xC0, 0x1B, 0x80, 0x3A, 0x00, 0x20, 0x00, 0x04, 0x00, 0x3C, 0x21, 0x78, 0x67, 0x40, 0xC6,
    0x03, 0x8E, 0x06, 0x0C, 0x0C, 0x18, 0x38, 0x18, 0x60, 0x31, 0xC0, 0x73, 0x00, 0x6E, 0x00, 0xD8,
    0x01, 0x80, 0x00, 0x1E, 0x00, 0x1A, 0x0C, 0xDE, 0x0C, 0xEE, 0x1C, 0x60, 0x18, 0x70, 0x18, 0x30,
    0x18, 0x30, 0x38, 0x18, 0x30, 0x18, 0x30, 0x1C, 0x60, 0x0C, 0xE0, 0x0C, 0xC0, 0x0C, 0x40, 0x0C,
    0x60, 0x0E, 0x00, 0xE0, 0x0E, 0x0E, 0xE3, 0xEF, 0xF8, 0xFE, 0x0F, 0x00, 0xE0, 0x0E, 0x00, 0xE0,
    0x0E, 0x00, 0x70, 0xF7, 0xFF, 0x1F, 0xC0, 0x00, 0x24, 0x07, 0xB0, 0x37, 0x80, 0xEC, 0x0C, 0x61,
    0xE3, 0x7E, 0x1F, 0x80, 0xE0, 0x06, 0x00, 0x30, 0x01, 0x80, 0x0C, 0x00, 0x70, 0x73, 0xFF, 0x87,
    0xF0, 0x00, 0x76, 0x02, 0xF0, 0x1F, 0x81, 0xEC, 0x3C, 0x6F, 0xC3, 0xF8, 0x1E, 0x00, 0xC0, 0x06,
    0x00, 0x30, 0x01, 0x80, 0x0E, 0x0E, 0x7F, 0xF0, 0xFE, 0x00, 0xFF, 0xF7, 0xFF, 0xC0, 0x0C, 0x00,
    0x60, 0x03, 0x00, 0x38, 0x01, 0x80, 0x1C, 0x00, 0xC0, 0x0E, 0x01, 0xE0, 0x3E, 0x03, 0xC0, 0x18,
    0x00, 0x00, 0x00, 0x00, 0x58, 0x00, 0xF0, 0x01, 0xAF, 0xFF, 0x1F, 0xFE, 0x00, 0x0C, 0x00, 0x38,
    0x00, 0x60, 0x00, 0xC0, 0x03, 0x80, 0x0E, 0x00, 0x18, 0x00, 0xF0, 0x03, 0xC0, 0x1E, 0x00, 0x38,
    0x00, 0x00, 0x1C, 0x00, 0x7C, 0x00, 0xDF, 0xFF, 0xEF, 0xFF, 0x80, 0x06, 0x00, 0x1C, 0x00, 0x30,
    0x00, 0x60, 0x01, 0xC0, 0x03, 0x00, 0x0C, 0x00, 0x78, 0x01, 0xE0, 0x0F, 0x00, 0x1C, 0x00, 0x00,
    0x00, 0x1E, 0x00, 0x3E, 0x00, 0xCC, 0x03, 0x8C, 0x0E, 0x1C, 0x38, 0x1C, 0x60, 0x1C, 0x40, 0x1C,
    0x00, 0x1C, 0x00, 0x38, 0x00, 0x20, 0x00, 0x04, 0x00, 0x36, 0x03, 0x1E, 0x07, 0x9A, 0x0F, 0xC8,
    0x1C, 0xE0, 0x38, 0x70, 0x30, 0x38, 0x70, 0x18, 0x60, 0x1C, 0x00, 0x0E, 0x00, 0x07, 0x00, 0x02,
    0x00, 0x1E, 0x00, 0x1E, 0x03, 0x12, 0x07, 0x9E, 0x0F, 0xDE, 0x1C, 0xE0, 0x38, 0x70, 0x30, 0x38,
    0x70, 0x18, 0x60, 0x1C, 0x00, 0x0E, 0x00, 0x07, 0x00, 0x02, 0x01, 0x80, 0x03, 0x00, 0x06, 0x03,
    0xFF, 0xEF, 0xFF, 0xC0, 0x30, 0x00, 0x60, 0x0C, 0xD8, 0x39, 0x98, 0x63, 0x39, 0xC6, 0x37, 0x0C,
    0x74, 0x18, 0x41, 0xF0, 0x03, 0xC0, 0x00, 0x00, 0x04, 0x06, 0x78, 0x0C, 0x78, 0x18, 0xDF, 0xFF,
    0xDF, 0xFF, 0x80, 0xC0, 0x01, 0x80, 0x13, 0x30, 0x66, 0x71, 0xCC, 0x63, 0x18, 0xEC, 0x30, 0xD8,
    0x60, 0x83, 0xC0, 0x07, 0x80, 0x00, 0x1C, 0x06, 0x2C, 0x0C, 0x58, 0x18, 0xEF, 0xFF, 0xDF, 0xFF,
    0x80, 0xC0, 0x01, 0x80, 0x13, 0x30, 0x66, 0x71, 0xCC, 0x63, 0x18, 0xEC, 0x30, 0xD8, 0x60, 0x83,
    0xC0, 0x07, 0x80, 0x00, 0x01, 0xFF, 0xFD, 0xFF, 0xF0, 0x00, 0xE0, 0x03, 0x80, 0x06, 0x06, 0x1C,
    0x0E, 0x70, 0x0F, 0xC0, 0x0F, 0x00, 0x0E, 0x00, 0x0E, 0x00, 0x0E, 0x00, 0x0C, 0x00, 0x00, 0x00,
    0x3E, 0x03, 0xFE, 0x01, 0xF0, 0x00, 0x30, 0x07, 0xF8, 0x0F, 0xE0, 0x0C, 0x00, 0x07, 0x00, 0xFF,
    0x00, 0xFE, 0x00, 0xE0, 0x00, 0x02, 0x00, 0x06, 0x00, 0x1C, 0x00, 0x30, 0x00, 0x60, 0x01, 0xC0,
    0x03, 0x00, 0x06, 0x38, 0x0C, 0x30, 0x30, 0x70, 0x60, 0x60, 0xCF, 0xEF, 0xFF, 0xDF, 0xE1, 0xC0,
    0x01, 0x80, 0x00, 0x38, 0x00, 0xC1, 0x03, 0x07, 0x1C, 0x0E, 0x60, 0x1F, 0x80, 0x3C, 0x00, 0xF8,
    0x07, 0x70, 0x38, 0xE1, 0xC1, 0xDE, 0x02, 0x70, 0x00, 0x00, 0x00, 0x3F, 0xF8, 0x7F, 0xF0, 0x18,
    0x00, 0x30, 0x00, 0x60, 0x0F, 0xFF, 0x9F, 0xFF, 0x03, 0x00, 0x06, 0x00, 0x0C, 0x00, 0x1C, 0x00,
    0x38, 0x60, 0x3F, 0xC0, 0x3F, 0x00, 0x18, 0x00, 0xC0, 0x86, 0xFE, 0xFF, 0xEF, 0xC6, 0x06, 0x70,
    0x3B, 0x00, 0xC0, 0x06, 0x00, 0x30, 0x00, 0xC0, 0x06, 0x00, 0x18, 0x00, 0x30, 0x00, 0x70, 0xF0,
    0x7F, 0xEF, 0xFD, 0xDF, 0x87, 0x01, 0x9C, 0x03, 0x30, 0x06, 0x40, 0x0E, 0x00, 0x0C, 0x00, 0x18,
    0x00, 0x30, 0x00, 0x70, 0x00, 0x3F, 0xC1, 0xFF, 0x00, 0x30, 0x01, 0x80, 0x0C, 0x00, 0x60, 0x03,
    0x1F, 0xFE, 0xFF, 0xF8, 0x00, 0x00, 0x3F, 0xF0, 0x7F, 0xE0, 0x00, 0xC0, 0x01, 0x80, 0x03, 0x00,
    0x06, 0x00, 0x1C, 0x00, 0x38, 0x00, 0x60, 0x00, 0xC3, 0xFF, 0xFF, 0xFF, 0xF0, 0x7F, 0xFF, 0xF0,
    0x0C, 0x03, 0x7F, 0xDF, 0xF0, 0x0C, 0x03, 0x00, 0xFF, 0xFF, 0xFC, 0x00, 0x7F, 0xFF, 0xFF, 0x00,
    0x30, 0x03, 0x00, 0x30, 0x03, 0x7F, 0xF7, 0xFF, 0x00, 0x30, 0x03, 0x00, 0x3F, 0xFF, 0xFF, 0xF0,
    0x03, 0x00, 0x03, 0xFF, 0x8F, 0xFC, 0x00, 0x00, 0x00, 0x7F, 0xFF, 0xFF, 0xE0, 0x06, 0x00, 0x30,
    0x03, 0x00, 0x38, 0x03, 0x80, 0x78, 0x0F, 0x80, 0x70, 0x00, 0x00, 0xE0, 0xF8, 0x3C, 0x0F, 0x03,
    0xC0, 0xF0, 0x3E, 0x0F, 0x83, 0x40, 0xC0, 0x60, 0x38, 0x3C, 0x1E, 0x02, 0x00, 0x19, 0xC0, 0x33,
    0x80, 0x67, 0x00, 0xCE, 0x01, 0x9C, 0x03, 0x38, 0x06, 0x70, 0x0C, 0xE3, 0x39, 0xCE, 0x63, 0xB9,
    0xC7, 0xE7, 0x0F, 0x8C, 0x0C, 0x00, 0xE0, 0x07, 0x00, 0x38, 0x01, 0xC0, 0x0E, 0x00, 0x70, 0x0B,
    0x80, 0xDC, 0x0E, 0xE0, 0xE7, 0x1E, 0x3F, 0xC1, 0xF8, 0x07, 0x00, 0x00, 0x00, 0x07, 0xFF, 0xFF,
    0xFF, 0x80, 0x3C, 0x01, 0xE0, 0x0F, 0x00, 0x78, 0x03, 0xC0, 0x1E, 0x00, 0xF0, 0x07, 0xFF, 0xFF,
    0xFF, 0xE0, 0x0C, 0xFF, 0xDF, 0xFF, 0x01, 0xE0, 0x7C, 0x0D, 0x81, 0x80, 0x70, 0x0C, 0x03, 0x81,
    0xE0, 0xF8, 0x0C, 0x00, 0xFF, 0xF7, 0xFF, 0xF0, 0x0F, 0x80, 0x7C, 0x03, 0x60, 0x1B, 0x00, 0xC0,
    0x0E, 0x00, 0x60, 0x06, 0x00, 0x70, 0x0F, 0x01, 0xF0, 0x0E, 0x00, 0x00, 0x60, 0x00, 0xC0, 0x01,
    0x83, 0xFF, 0xE7, 0xFF, 0xC1, 0x8C, 0x03, 0x18, 0x06, 0x30, 0x0C, 0x60, 0x18, 0xC3, 0xFF, 0xFF,
    0xFF, 0xE0, 0x06, 0x00, 0x0C, 0x00, 0x18, 0x00, 0x00, 0x00, 0xFF, 0xF9, 0xFF, 0xF0, 0x18, 0xC0,
    0x33, 0x80, 0x6E, 0x00, 0xD8, 0x01, 0x80, 0x03, 0x00, 0x06, 0x00, 0x0C, 0x07, 0xFF, 0xFF, 0xFF,
    0xE0, 0x7F, 0xF7, 0xFF, 0xC0, 0x0E, 0x00, 0x60, 0x03, 0x3F, 0xF9, 0xFF, 0xC0, 0x0C, 0x00, 0xE0,
    0x0E, 0x00, 0xE0, 0x0E, 0x03, 0xE0, 0x0E, 0x00, 0x00, 0x00, 0x40, 0x01, 0xC0, 0x03, 0x80, 0x07,
    0x02, 0x0C, 0x1C, 0x00, 0x60, 0x03, 0x00, 0x1C, 0x01, 0xE0, 0x0E, 0x01, 0xF0, 0x3F, 0x00, 0xF0,
    0x00, 0x00, 0x1C, 0x06, 0x6C, 0x0C, 0x78, 0x18, 0x47, 0xFF, 0xCF, 0xFF, 0x18, 0x06, 0x30, 0x0C,
    0x60, 0x38, 0xC0, 0x60, 0x00, 0xC0, 0x03, 0x80, 0x0E, 0x00, 0x78, 0x03, 0xE0, 0x07, 0x00, 0x00,
    0x00, 0x06, 0x00, 0x60, 0x06, 0x07, 0xFF, 0x7F, 0xF0, 0xC3, 0x0C, 0x20, 0xC6, 0x18, 0x61, 0x86,
    0x30, 0x66, 0x3E, 0x41, 0x80, 0x18, 0x00, 0xC0, 0x06, 0x00, 0x7F, 0xF7, 0xFF, 0x30, 0xC3, 0x8E,
    0x08, 0x60, 0x03, 0x00, 0x38, 0x03, 0x80, 0x38, 0x01, 0x80, 0x00, 0x00, 0x00, 0x00, 0x78, 0x00,
    0xD8, 0x00, 0xCF, 0xFF, 0x9F, 0xFF, 0x18, 0x06, 0x30, 0x0C, 0x60, 0x19, 0xC0, 0x71, 0x00, 0xC0,
    0x03, 0x80, 0x06, 0x00, 0x1C, 0x00, 0xF0, 0x07, 0xC0, 0x0E, 0x00, 0x18, 0x00, 0x00, 0x04, 0x00,
    0xFC, 0x01, 0xF8, 0x03, 0x57, 0xFF, 0xCF, 0xFF, 0x86, 0x18, 0x0C, 0x30, 0x18, 0x60, 0x30, 0xC0,
    0x61, 0x87, 0xFF, 0xEF, 0xFF, 0xC0, 0x0C, 0x00, 0x18, 0x00, 0x30, 0x00, 0x00, 0x00, 0x0C, 0x00,
    0x6C, 0x00, 0x7B, 0xFF, 0xE7, 0xFF, 0xC0, 0x03, 0x00, 0xCE, 0x01, 0xB8, 0x03, 0x60, 0x06, 0x00,
    0x0C, 0x00, 0x18, 0x00, 0x30, 0x1F, 0xFF, 0xBF, 0xFF, 0x80, 0x00, 0x00, 0x00, 0x01, 0xE0, 0x06,
    0xC0, 0x0E, 0xFF, 0xF3, 0xFF, 0xC0, 0x03, 0x00, 0x0C, 0xFF, 0xF3, 0xFF, 0x80, 0x06, 0x00, 0x38,
    0x01, 0xC0, 0x0E, 0x00, 0x70, 0x07, 0x80, 0x3C, 0x00, 0xC0, 0x00, 0x67, 0xBC, 0xE0, 0xFF, 0xFF,
    0xFF, 0xF0, 0x00, 0x00, 0x60, 0x38, 0x0E, 0x03, 0x80, 0xE0, 0x38, 0x0C, 0x06, 0x01, 0x01, 0x60,
    0x7B, 0x9A, 0xF0, 0x0E, 0x01, 0xC0, 0x30, 0x0E, 0x01, 0xC0, 0x30, 0xFF, 0xDF, 0xFC, 0x03, 0x80,
    0x70, 0x0E, 0x01, 0xC0, 0x38, 0x07, 0x00, 0xE0, 0x1C, 0x03, 0x80, 0x70, 0x0E, 0x01, 0xC0, 0x38,
    0x02, 0x7F, 0xFF, 0xFF, 0xFF, 0x01, 0x80, 0x01, 0x80, 0x01, 0x80, 0x01, 0x80, 0x01, 0x80, 0x01,
    0x80, 0x01, 0xFE, 0x01, 0xFE, 0x01, 0x80, 0x01, 0x80, 0x01, 0x80, 0x01, 0x80, 0x01, 0x80, 0x01,
    0x80, 0x7F, 0xFF, 0xFF, 0xFF, 0x7F, 0xFF, 0x7F, 0xFF, 0x01, 0x80, 0x01, 0x80, 0x01, 0x80, 0x01,
    0xE0, 0x01, 0xF0, 0x01, 0xBC, 0x01, 0x9E, 0x01, 0x86, 0x01, 0x80, 0x01, 0x80, 0x01, 0x80, 0x01,
    0x80, 0x01, 0x80, 0x01, 0x80, 0x7F, 0xFF, 0x7F, 0xFF, 0x01, 0x80, 0x01, 0x80, 0x7F, 0xFE, 0x7F,
    0xFE, 0x6D, 0x96, 0x6D, 0x96, 0x6D, 0x96, 0x6D, 0x96, 0x6D, 0x96, 0x6F, 0xF6, 0x6C, 0x36, 0x6C,
    0x16, 0x60, 0x06, 0x60, 0x1E, 0x00, 0x00, 0x03, 0x00, 0x06, 0x00, 0x0C, 0x03, 0xFF, 0xEF, 0xFF,
    0xD8, 0x61, 0xB0, 0xC3, 0x61, 0x86, 0xC3, 0x0D, 0xFF, 0xFB, 0xFF, 0xF6, 0x18, 0x60, 0x30, 0x00,
    0x60, 0x00, 0xC0, 0x01, 0x80, 0x03, 0x00, 0x7F, 0xFB, 0xFF, 0xF0, 0x03, 0x80, 0x1C, 0x00, 0xE0,
    0x0F, 0x00, 0x38, 0x00, 0xC0, 0x03, 0x00, 0x0C, 0x00, 0x30, 0x00, 0xC0, 0x03, 0x00, 0x0C, 0x01,
    0xF0, 0x07, 0xC0, 0x0C, 0x30, 0x0E, 0x18, 0x06, 0xCC, 0x03, 0x66, 0x43, 0x33, 0xF3, 0x9B, 0xF9,
    0xCF, 0xCD, 0xFF, 0x66, 0xFF, 0x33, 0x19, 0x99, 0x8C, 0xCF, 0x86, 0x67, 0xC3, 0x33, 0x01, 0x98,
    0x18, 0xCC, 0x0C, 0x63, 0xFE, 0x30, 0x7C, 0x00, 0x0C, 0x0C, 0x0C, 0x0C, 0x1C, 0x0C, 0x18, 0x0C,
    0x3F, 0xFF, 0x3B, 0xFF, 0x78, 0x0C, 0xF9, 0x0C, 0x59, 0x8C, 0x19, 0xCC, 0x18, 0xCC, 0x18, 0xEC,
    0x18, 0x4C, 0x18, 0x0C, 0x18, 0x0C, 0x18, 0x7C, 0x18, 0x7C, 0x00, 0x00, 0x0C, 0x30, 0x0D, 0xB0,
    0x19, 0xB0, 0x1B, 0x30, 0x33, 0xFF, 0x33, 0xFE, 0x76, 0x30, 0xF6, 0x30, 0x70, 0x30, 0x37, 0xFF,
    0x37, 0xFF, 0x30, 0x30, 0x30, 0x30, 0x30, 0x30, 0x30, 0x30, 0x30, 0x30, 0x30, 0x30, 0x0C, 0x20,
    0x06, 0x30, 0x06, 0x18, 0x03, 0x7F, 0xC3, 0x7F, 0xF3, 0x80, 0x01, 0xC4, 0x39, 0xE3, 0x18, 0x51,
    0x8C, 0x08, 0xC6, 0x04, 0x63, 0x02, 0x33, 0x01, 0x0D, 0x80, 0x86, 0xC0, 0x5F, 0xFC, 0x2F, 0xFE,
    0x10, 0x00, 0x00, 0x08, 0x60, 0x0C, 0x30, 0x06, 0x18, 0x03, 0x0C, 0x03, 0x7F, 0xF3, 0xBF, 0xF9,
    0xC3, 0xE1, 0xE3, 0xF0, 0x71, 0xEC, 0x19, 0xB6, 0x0C, 0xD9, 0x86, 0xCC, 0xE3, 0xFF, 0xF1, 0xAF,
    0xC8, 0xC1, 0x80, 0x60, 0xC0, 0x30, 0x60, 0x00, 0x01, 0x80, 0x01, 0xE0, 0x01, 0xD8, 0x01, 0xCE,
    0x01, 0xC1, 0xC3, 0xFF, 0xFB, 0xFF, 0xFC, 0x83, 0x00, 0x01, 0x80, 0x3F, 0xFF, 0x8F, 0xFF, 0x81,
    0x32, 0x01, 0xD9, 0x81, 0xCC, 0x61, 0xC6, 0x18, 0xCF, 0x0E, 0x47, 0x82, 0x00, 0x00, 0x00, 0x0C,
    0xC0, 0x06, 0x60, 0x06, 0x70, 0x03, 0x3F, 0xE3, 0x9F, 0xF1, 0xDB, 0x01, 0xFD, 0x81, 0xFC, 0xFE,
    0x58, 0x7E, 0x0C, 0x30, 0x06, 0x18, 0x03, 0x0F, 0xE1, 0x87, 0xF0, 0xC3, 0x00, 0x61, 0x80, 0x30,
    0xC0, 0x18, 0x60, 0x00, 0x0C, 0x30, 0x0E, 0x18, 0x07, 0xFF, 0xC3, 0x7F, 0xE3, 0x03, 0x03, 0xBF,
    0xFB, 0xD8, 0xCD, 0xEC, 0x66, 0x56, 0x33, 0x0B, 0xFF, 0x84, 0xD8, 0x02, 0x6C, 0x01, 0x1E, 0x00,
    0x8F, 0x00, 0x47, 0xE0, 0x3F, 0x7E, 0x16, 0x07, 0x00, 0x0C, 0x00, 0x07, 0xFF, 0x06, 0xC1, 0x83,
    0x60, 0xC3, 0xB0, 0x61, 0x98, 0x31, 0xCF, 0xF9, 0xE0, 0x60, 0x50, 0x30, 0x0B, 0xFF, 0x85, 0xFF,
    0xC2, 0x1F, 0x01, 0x1B, 0xC0, 0x9D, 0xB0, 0x7C, 0xDC, 0x3C, 0x66, 0x10, 0x30, 0x00, 0x0C, 0x00,
    0x07, 0xFF, 0x06, 0x00, 0x03, 0x00, 0x03, 0xFF, 0xF3, 0x80, 0x01, 0xCF, 0xF9, 0xE0, 0x00, 0xD0,
    0x00, 0x09, 0xFF, 0x04, 0x00, 0x02, 0x7F, 0xC1, 0x30, 0x60, 0x98, 0x30, 0x4C, 0x18, 0x27, 0xFC,
    0x13, 0x06, 0x00, 0x18, 0x8C, 0x0C, 0xC6, 0x07, 0xFF, 0xC6, 0x31, 0x83, 0x08, 0xC3, 0xBF, 0xF9,
    0xD8, 0x01, 0xEC, 0x00, 0xF7, 0xFF, 0x1B, 0xC9, 0x8D, 0xFF, 0xC6, 0xF2, 0x63, 0x79, 0x31, 0xBF,
    0xF8, 0xF6, 0x4C, 0x7B, 0x26, 0x3D, 0x9F, 0x00, 0x18, 0x00, 0x0C, 0x7F, 0x8F, 0x06, 0x06, 0x83,
    0x03, 0x5F, 0xF3, 0xBE, 0x19, 0xDF, 0x0D, 0xED, 0xFE, 0xF4, 0xC3, 0x1A, 0x7F, 0x8D, 0x70, 0xC6,
    0xB8, 0x63, 0x7F, 0xF1, 0xBD, 0x20, 0xC3, 0x98, 0x63, 0x86, 0x31, 0x81, 0x00, 0x19, 0x80, 0x0C,
    0xFC, 0x06, 0xC6, 0x06, 0xE6, 0x03, 0xFF, 0xF3, 0xF3, 0x19, 0xD9, 0x8D, 0xEF, 0xFE, 0xF1, 0xD3,
    0x1B, 0xEF, 0x8D, 0xBF, 0x86, 0x7F, 0x83, 0x77, 0xC1, 0xA7, 0xF0, 0xCE, 0xDC, 0x7E, 0xE6, 0x35,
    0xE0, 0x00, 0x09, 0x80, 0x1D, 0x80, 0x19, 0x80, 0x1F, 0xFE, 0x3F, 0xFC, 0x31, 0x80, 0x31, 0x80,
    0x01, 0x80, 0x7F, 0xFF, 0x7F, 0xFF, 0x06, 0x60, 0x06, 0x60, 0x0C, 0x63, 0x1C, 0x63, 0x38, 0x73,
    0x70, 0x3F, 0x60, 0x1E, 0x01, 0x80, 0x31, 0x86, 0x39, 0x8C, 0x19, 0x8C, 0x19, 0x98, 0x0D, 0x98,
    0x01, 0x80, 0x7F, 0xFF, 0x7F, 0xFF, 0x06, 0x60, 0x06, 0x60, 0x0E, 0x60, 0x0C, 0x60, 0x1C, 0x63,
    0x18, 0x63, 0x70, 0x7F, 0x60, 0x3F, 0x00, 0x00, 0x1F, 0xC0, 0x07, 0xE0, 0x00, 0x30, 0x00, 0x38,
    0x00, 0x1C, 0x00, 0x1E, 0x00, 0x0F, 0x00, 0x06, 0xC0, 0x07, 0x60, 0x03, 0x38, 0x03, 0x8C, 0x01,
    0x83, 0x01, 0xC1, 0xC3, 0xC0, 0x73, 0xC0, 0x1C, 0xC0, 0x06, 0x01, 0xC0, 0x01, 0xE0, 0x01, 0xD8,
    0x00, 0xCE, 0x01, 0xC3, 0x81, 0xC0, 0xF1, 0xE0, 0x3D, 0xFF, 0xFE, 0x01, 0x80, 0x00, 0xC0, 0x00,
    0x60, 0x07, 0xFF, 0x80, 0x18, 0x00, 0x0C, 0x00, 0x06, 0x00, 0xFF, 0xFE, 0x3F, 0xFE, 0x00, 0x03,
    0x00, 0x06, 0x00, 0x0C, 0x07, 0xFF, 0xEF, 0xFF, 0xD8, 0x61, 0xB0, 0xC3, 0x61, 0xC6, 0xC7, 0xCD,
    0x8D, 0xDB, 0x39, 0xF6, 0xE1, 0xEF, 0x81, 0xD8, 0x01, 0xB0, 0x03, 0x60, 0x1E, 0xC0, 0x3C, 0x00,
    0x00, 0x7F, 0xFF, 0x1F, 0xFF, 0x00, 0x60, 0x07, 0xFF, 0x83, 0xFF, 0xC1, 0x8C, 0x60, 0xC6, 0x30,
    0x7F, 0xF8, 0x31, 0x8C, 0x18, 0xC6, 0x3F, 0xFF, 0xCF, 0xFF, 0xE3, 0x00, 0xC1, 0x80, 0x60, 0xC0,
    0xF0, 0x60, 0x78, 0x00, 0x00, 0x00, 0x03, 0x00, 0x0C, 0x06, 0x30, 0xD8, 0xC3, 0x63, 0x0D, 0x8C,
    0x37, 0xFF, 0xDF, 0xFF, 0x03, 0x01, 0x0C, 0x34, 0x30, 0xD0, 0xC3, 0x43, 0x0D, 0x0C, 0x37, 0xFF,
    0xDF, 0xFF, 0x40, 0x0C, 0x04, 0x30, 0x03, 0x18, 0x03, 0x0E, 0x03, 0x83, 0x01, 0x80, 0xC1, 0xC0,
    0x71, 0xC0, 0x1D, 0xFF, 0xFE, 0x5F, 0xFC, 0x01, 0x86, 0x00, 0xC3, 0x00, 0xE1, 0x80, 0x60, 0xC0,
    0x70, 0xE0, 0x70, 0x60, 0x71, 0xF0, 0x70, 0xF8, 0x00, 0x00, 0x00, 0x30, 0x00, 0x31, 0xFF, 0x33,
    0xFF, 0x30, 0x63, 0x37, 0x63, 0x7F, 0x63, 0xF8, 0x63, 0x30, 0x63, 0x30, 0x63, 0x32, 0x63, 0x33,
    0xC3, 0x33, 0xC3, 0x3F, 0xC3, 0x0D, 0x87, 0x03, 0x86, 0x07, 0x3E, 0x02, 0x1C, 0x0C, 0x02, 0x0C,
    0x03, 0x0C, 0x33, 0xFF, 0xF3, 0x1C, 0x33, 0x1B, 0x33, 0x73, 0x33, 0x77, 0x33, 0x3E, 0x33, 0x1D,
    0xF3, 0x39, 0xB3, 0x73, 0x33, 0x67, 0x33, 0x0F, 0x03, 0x3F, 0x83, 0x71, 0xDF, 0xE0, 0xDE, 0x00,
    0x00, 0x0C, 0x02, 0x6D, 0x83, 0x6D, 0xB3, 0x6D, 0xB3, 0x2F, 0x33, 0x7F, 0xB3, 0x7F, 0xB3, 0x61,
    0xB3, 0x7F, 0xB3, 0x61, 0xB3, 0x61, 0xB3, 0x7F, 0xB3, 0x61, 0x83, 0x61, 0x83, 0x61, 0x83, 0x67,
    0x9F, 0x67, 0x9E, 0x18, 0x1C, 0x0C, 0x18, 0x0C, 0x38, 0x7F, 0xFF, 0x7F, 0xFE, 0x00, 0x06, 0x3F,
    0x36, 0x23, 0x36, 0x23, 0x36, 0x3F, 0x36, 0x23, 0x36, 0x23, 0x36, 0x3F, 0x36, 0x23, 0x36, 0x23,
    0x06, 0x23, 0x1E, 0x27, 0x1E, 0x00, 0x00, 0x00, 0x03, 0x7F, 0xE3, 0x00, 0x1B, 0x00, 0x1B, 0x3F,
    0xDB, 0x30, 0xDB, 0x30, 0xDB, 0x3F, 0xDB, 0x00, 0x1B, 0x7F, 0xDB, 0x66, 0xDB, 0x66, 0xDB, 0x7F,
    0xDB, 0x66, 0xC3, 0x66, 0xC3, 0x7F, 0xCF, 0x60, 0x1E, 0x00, 0x00, 0x0C, 0x03, 0x0C, 0x03, 0x7F,
    0xF3, 0x4C, 0xF3, 0x4C, 0xF3, 0x7F, 0xB3, 0x0C, 0x33, 0x3F, 0xB3, 0x0C, 0x33, 0x7F, 0xF3, 0x00,
    0x33, 0x3F, 0xB3, 0x21, 0x83, 0x21, 0x83, 0x21, 0x83, 0x3F, 0x9F, 0x21, 0x9E, 0x03, 0x00, 0x03,
    0x00, 0x03, 0x00, 0x03, 0x00, 0x7F, 0xFE, 0x7F, 0xFE, 0x03, 0x06, 0x03, 0x06, 0x03, 0x06, 0x07,
    0x06, 0x06, 0x06, 0x0E, 0x06, 0x0C, 0x06, 0x1C, 0x06, 0x38, 0x0C, 0x70, 0x7C, 0x40, 0x38, 0x00,
    0x20, 0x00, 0x30, 0xFE, 0x30, 0x7E, 0x30, 0x19, 0xFF, 0x19, 0xFF, 0x18, 0x63, 0x18, 0x63, 0x18,
    0x63, 0x18, 0x63, 0x1F, 0x63, 0x7F, 0xC3, 0xF8, 0xC3, 0x01, 0x86, 0x03, 0x86, 0x07, 0x3E, 0x02,
    0x18, 0x18, 0x00, 0x18, 0x00, 0x18, 0x3E, 0x7F, 0x7F, 0x7F, 0xE3, 0x19, 0xE3, 0x19, 0xE3, 0x19,
    0x63, 0x1B, 0x63, 0x33, 0x63, 0x33, 0x63, 0x33, 0x63, 0x33, 0x63, 0x63, 0x63, 0x63, 0x7F, 0xEF,
    0x7F, 0x4C, 0x62, 0x0C, 0x10, 0x0C, 0x30, 0x0C, 0x30, 0xFF, 0xB0, 0x12, 0x7E, 0x33, 0xFF, 0x73,
    0xB3, 0x61, 0xB3, 0xE7, 0xB3, 0x36, 0x33, 0x1E, 0x33, 0x0E, 0x33, 0x0E, 0x63, 0x1B, 0x63, 0x3B,
    0xE3, 0x70, 0xD6, 0xE1, 0x9E, 0x00, 0x00, 0x0F, 0x90, 0x7F, 0x98, 0x0C, 0x10, 0xFF, 0x90, 0x0C,
    0x7E, 0x7F, 0xFF, 0x6D, 0xB3, 0x6D, 0xB3, 0x7F, 0xB3, 0x6D, 0xB3, 0x7F, 0xB3, 0x0C, 0x33, 0x7F,
    0xE3, 0x0C, 0x63, 0x0F, 0xE3, 0xFF, 0xDE, 0x71, 0x9E, 0x00, 0x00, 0x04, 0xC0, 0x07, 0x60, 0x03,
    0x30, 0x03, 0x98, 0x41, 0x8C, 0x61, 0xC6, 0xF1, 0xE3, 0xE1, 0xF1, 0xE0, 0xD8, 0xC0, 0x0C, 0x60,
    0x06, 0x30, 0x03, 0x18, 0x01, 0x8C, 0x10, 0xC6, 0x18, 0x63, 0x0C, 0x31, 0xFE, 0x18, 0x3C, 0x00,
    0x3F, 0xFF, 0x1F, 0xFF, 0x0C, 0x30, 0x06, 0xFF, 0xC3, 0x60, 0x61, 0xB0, 0x30, 0xDF, 0xF8, 0x6C,
    0x0C, 0x36, 0x06, 0x1B, 0xFF, 0x08, 0x18, 0x0C, 0xCD, 0x86, 0x66, 0xE3, 0x63, 0x39, 0xE3, 0x8D,
    0x87, 0x80, 0x01, 0x80, 0x01, 0x80, 0x01, 0x80, 0x3F, 0xFE, 0x3F, 0xFE, 0x01, 0x80, 0x01, 0x80,
    0x7F, 0xFF, 0x7F, 0xFF, 0x03, 0x00, 0x06, 0x10, 0x06, 0x18, 0x0E, 0x1C, 0x0C, 0x0C, 0x7F, 0xFE,
    0x7F, 0xFF, 0x00, 0x03, 0x1F, 0xFE, 0x3F, 0xFE, 0x30, 0x00, 0x30, 0x00, 0x30, 0x00, 0x3F, 0xFC,
    0x3F, 0xFC, 0x36, 0x0C, 0x33, 0x18, 0x33, 0xB8, 0x31, 0xF0, 0x30, 0xE0, 0x31, 0xF0, 0x67, 0xFC,
    0x7F, 0x1F, 0x4C, 0x07, 0x06, 0x00, 0x03, 0xFF, 0x09, 0xFF, 0xCC, 0xD8, 0x66, 0x6C, 0x63, 0x36,
    0x31, 0x9B, 0x18, 0xCC, 0xCC, 0x66, 0x6C, 0x33, 0x3E, 0x1B, 0x8E, 0x0F, 0xC7, 0x0F, 0xE3, 0x80,
    0x33, 0xE0, 0x1B, 0xB8, 0x0F, 0x8E, 0x07, 0x03, 0x00, 0xFF, 0x80, 0x3F, 0xFF, 0x0C, 0xFF, 0xC6,
    0x6C, 0x63, 0xF6, 0x71, 0xFB, 0x30, 0xCD, 0x98, 0x66, 0xEC, 0x3F, 0x3C, 0x19, 0x9E, 0x0C, 0xC7,
    0x07, 0xE3, 0x8F, 0xF3, 0xC7, 0x1F, 0x38, 0x0F, 0x9C, 0x07, 0x02, 0x00, 0x1C, 0x3F, 0xFE, 0x7F,
    0xF0, 0x11, 0x8C, 0x19, 0x8C, 0x19, 0xD8, 0x7F, 0xFF, 0x60, 0x03, 0x6F, 0xFB, 0x1F, 0xFC, 0x0C,
    0x18, 0x0E, 0x30, 0x07, 0x70, 0x03, 0xC0, 0x0F, 0xF8, 0x7E, 0x3F, 0x70, 0x0F, 0x03, 0x00, 0x03,
    0x00, 0x03, 0x00, 0x7F, 0xFF, 0x7F, 0xFF, 0x06, 0x00, 0x0E, 0x00, 0x0C, 0x00, 0x1F, 0xFC, 0x1F,
    0xFE, 0x3C, 0x06, 0x7C, 0x06, 0xEC, 0x06, 0x4C, 0x06, 0x0F, 0xFE, 0x0F, 0xFE, 0x0C, 0x06, 0x1F,
    0xFC, 0x18, 0x0C, 0x18, 0x0C, 0x18, 0x0C, 0x1F, 0xFC, 0x00, 0x00, 0x7F, 0xFE, 0xFF, 0xFF, 0x0C,
    0x00, 0x0F, 0xF8, 0x1F, 0xFC, 0x18, 0x0C, 0x00, 0x0C, 0x00, 0x1C, 0x00, 0x98, 0x01, 0xF8, 0x00,
    0x00, 0x03, 0x00, 0x03, 0x00, 0x03, 0xFF, 0x03, 0x87, 0x07, 0xE3, 0x83, 0x1F, 0x80, 0x0F, 0x00,
    0x0F, 0xE0, 0x3E, 0x3E, 0x7C, 0x07, 0x97, 0xFF, 0x43, 0xFF, 0x81, 0x80, 0xC0, 0xC0, 0x60, 0x60,
    0x70, 0x3F, 0xF8, 0x18, 0x0C, 0x00, 0x01, 0xC0, 0x01, 0xE0, 0x01, 0xD8, 0x01, 0xCE, 0x01, 0xC3,
    0xC1, 0xC0, 0x73, 0xFF, 0xFC, 0xC0, 0x06, 0x00, 0x00, 0x00, 0x00, 0x07, 0xFF, 0x03, 0x01, 0x81,
    0x80, 0xC0, 0xC0, 0x60, 0x60, 0x30, 0x3F, 0xF8, 0x18, 0x0C, 0x00, 0xFF, 0xFF, 0xFF, 0xFF, 0x00,
    0x1E, 0xFF, 0xBC, 0x00, 0x78, 0x00, 0xF3, 0xF9, 0xE6, 0x33, 0xC8, 0x67, 0x90, 0xCF, 0x21, 0x9E,
    0x7F, 0x3C, 0xC0, 0x79, 0x00, 0xF0, 0x0F, 0xE0, 0x1E, 0x00, 0x00, 0x03, 0x00, 0x0C, 0x00, 0x3F,
    0xE0, 0xFF, 0x83, 0x83, 0x0F, 0x8C, 0x1B, 0xB8, 0x01, 0xE0, 0x03, 0x80, 0x1F, 0xFC, 0x7F, 0xFF,
    0xF0, 0x36, 0x60, 0x60, 0xC0, 0xC1, 0xFF, 0x83, 0xFF, 0x06, 0x06, 0x03, 0x00, 0x0E, 0x00, 0x18,
    0x07, 0xFF, 0xEF, 0xFF, 0xD8, 0x00, 0xB0, 0x01, 0x67, 0xF2, 0xCC, 0x65, 0x98, 0xCB, 0x31, 0x96,
    0x63, 0x2C, 0xFE, 0x59, 0x80, 0xB2, 0x01, 0x60, 0x1E, 0xC0, 0x3C, 0x11, 0x80, 0x63, 0x00, 0xFF,
    0xE3, 0xFF, 0xE6, 0x18, 0x18, 0x30, 0x10, 0x60, 0x7F, 0xFF, 0xFF, 0xFC, 0x00, 0x00, 0xFF, 0xE1,
    0xFF, 0xC3, 0x01, 0x86, 0x03, 0x0F, 0xFE, 0x1F, 0xFC, 0x30, 0x18, 0xFF, 0xFF, 0xFF, 0xFF, 0x00,
    0x1E, 0x00, 0x3C, 0xFE, 0x79, 0xFC, 0xF3, 0x19, 0xE6, 0x33, 0xCC, 0x67, 0x98, 0xCF, 0x3F, 0x9E,
    0x00, 0x3C, 0x00, 0x7F, 0xFF, 0xFF, 0xFF, 0xE0, 0x03, 0xFF, 0xFF, 0xFF, 0xFF, 0x0C, 0x1E, 0x18,
    0x3C, 0x30, 0x7F, 0xFF, 0xF7, 0xFD, 0xE1, 0xC3, 0xC7, 0x87, 0x8D, 0x8F, 0x33, 0x9F, 0xE3, 0xBF,
    0x03, 0x7F, 0xFF, 0xFF, 0xFF, 0xE0, 0x03, 0xFF, 0xFF, 0xFF, 0xFF, 0x13, 0x1E, 0x26, 0x3F, 0xFF,
    0x78, 0x98, 0xF1, 0x31, 0xE2, 0x63, 0xFF, 0xFF, 0x99, 0x8F, 0x33, 0x1E, 0xC6, 0x3D, 0x8C, 0x7F,
    0xFF, 0xFF, 0xFF, 0xE0, 0x03, 0x03, 0x00, 0x03, 0x00, 0x07, 0x00, 0x7F, 0xFF, 0x7F, 0xFF, 0x0C,
    0x30, 0x1C, 0x30, 0x18, 0x30, 0x39, 0xFE, 0x7B, 0xFE, 0xF8, 0x30, 0x58, 0x30, 0x18, 0x30, 0x18,
    0x30, 0x18, 0x30, 0x1F, 0xFF, 0x1B, 0xFE, 0x10, 0x00, 0x19, 0xFF, 0x8C, 0xCC, 0xC6, 0x66, 0x67,
    0xF3, 0x37, 0xFF, 0xF8, 0xCC, 0xCC, 0x66, 0x66, 0x33, 0xFF, 0x18, 0x18, 0x0F, 0x0C, 0x0F, 0xFF,
    0xEF, 0x1F, 0xE2, 0x01, 0x80, 0x00, 0xC0, 0x0F, 0xFE, 0x07, 0xFF, 0x00, 0x08, 0x00, 0x0C, 0x7F,
    0x9F, 0xFF, 0xC3, 0x18, 0x61, 0x8C, 0x37, 0xFE, 0xF1, 0x9F, 0x00, 0x6D, 0xFE, 0x36, 0xF3, 0x3F,
    0xFB, 0x06, 0x3D, 0x83, 0x1B, 0xC7, 0xFD, 0xC0, 0xC6, 0x60, 0x63, 0x78, 0x31, 0xFE, 0x08, 0xF3,
    0x00, 0x10, 0x00, 0x18, 0xFF, 0x0C, 0x61, 0x86, 0x3F, 0xC7, 0xD8, 0x63, 0xEC, 0x30, 0xC7, 0xF8,
    0x60, 0x00, 0x37, 0xFF, 0x18, 0xC0, 0x0F, 0xFF, 0xCF, 0xFF, 0x6F, 0xED, 0xB2, 0x0C, 0x98, 0x0E,
    0xCC, 0x0E, 0xCC, 0x02, 0x7E, 0x00, 0x00, 0x00, 0x01, 0x80, 0x00, 0xC0, 0x1F, 0xFF, 0xCF, 0xFF,
    0xC1, 0xB3, 0xC1, 0xD9, 0xF0, 0xDC, 0xD8, 0xCC, 0xE6, 0x4E, 0xE3, 0x07, 0x80, 0x03, 0xFE, 0x03,
    0xC7, 0x07, 0x77, 0x01, 0x1F, 0x00, 0x1F, 0xC0, 0xFE, 0xFE, 0x78, 0x0F, 0x00, 0x0C, 0x18, 0x06,
    0x0C, 0x06, 0x06, 0x03, 0xF3, 0x01, 0xFD, 0x81, 0x8F, 0xC1, 0xC7, 0xE0, 0xF3, 0x70, 0xDF, 0x38,
    0x07, 0x8E, 0x01, 0x87, 0xC0, 0xC3, 0xF0, 0xC1, 0x90, 0xE0, 0xC0, 0xE0, 0x60, 0xE0, 0x30, 0x60,
    0x18, 0x00, 0x01, 0x80, 0x01, 0x80, 0x01, 0x80, 0x01, 0x80, 0x01, 0x80, 0x7F, 0xFF, 0x7F, 0xFF,
    0x01, 0xC0, 0x03, 0xC0, 0x03, 0x60, 0x03, 0x60, 0x06, 0x70, 0x0E, 0x38, 0x1C, 0x1C, 0x38, 0x0E,
    0x70, 0x07, 0x60, 0x03, 0x01, 0x80, 0x00, 0xC0, 0x00, 0x60, 0x00, 0x30, 0x00, 0x18, 0x03, 0xFF,
    0xF9, 0xFF, 0xFC, 0x07, 0x80, 0x03, 0x60, 0x01, 0xB0, 0x01, 0xDC, 0x00, 0xC6, 0x00, 0xFB, 0x80,
    0xEE, 0xE0, 0xE3, 0x39, 0xE0, 0xCE, 0x60, 0x03, 0x00, 0x01, 0x80, 0x00, 0xC0, 0x07, 0xFF, 0x07,
    0xFF, 0x83, 0x18, 0xC1, 0x8C, 0x60, 0xC6, 0x30, 0x63, 0x18, 0x7F, 0xFF, 0x7F, 0xFF, 0x80, 0xF0,
    0x00, 0x6C, 0x00, 0x77, 0x00, 0x71, 0xC0, 0xF0, 0x70, 0xF0, 0x1E, 0x60, 0x03, 0x00, 0x09, 0x80,
    0x0C, 0xC0, 0x06, 0x60, 0x03, 0xFF, 0x83, 0xFF, 0xE1, 0x8C, 0x01, 0x86, 0x00, 0x03, 0x00, 0x7F,
    0xFF, 0x3F, 0xFF, 0x80, 0xF0, 0x00, 0x6C, 0x00, 0x77, 0x00, 0x71, 0xC0, 0xF0, 0x78, 0xF0, 0x1E,
    0x60, 0x03, 0x00, 0x03, 0x00, 0x06, 0x03, 0xFF, 0xFF, 0xFF, 0xFC, 0x00, 0x7B, 0xFC, 0xC7, 0xFC,
    0x00, 0x70, 0x01, 0xC0, 0x07, 0x03, 0xFF, 0xFF, 0xFF, 0xE0, 0x30, 0x00, 0x60, 0x00, 0xC0, 0x07,
    0x80, 0x0F, 0x00, 0x03, 0x00, 0x03, 0x00, 0x7F, 0xFE, 0x7F, 0xFF, 0x0E, 0x00, 0x0C, 0x00, 0x1D,
    0xFE, 0x19, 0xFE, 0x38, 0x1C, 0x78, 0x30, 0xFB, 0xFF, 0x5F, 0xFF, 0x18, 0x30, 0x18, 0x30, 0x18,
    0x30, 0x18, 0xF0, 0x19, 0xF0, 0x01, 0x80, 0x01, 0x80, 0x7F, 0xFF, 0x7F, 0xFF, 0x60, 0x03, 0x6F,
    0xF3, 0x1F, 0xF8, 0x00, 0x00, 0x7F, 0xFE, 0x7F, 0xFF, 0x06, 0x60, 0x06, 0x60, 0x0C, 0x60, 0x1C,
    0x63, 0x38, 0x63, 0xF0, 0x7F, 0x60, 0x1C, 0x01, 0x80, 0x01, 0x80, 0x7F, 0xFF, 0x7F, 0xFF, 0x60,
    0x03, 0x6F, 0xFB, 0x1F, 0xFC, 0x01, 0x80, 0x19, 0x80, 0x19, 0x80, 0x19, 0xFC, 0x19, 0xFC, 0x3D,
    0x80, 0x3F, 0x80, 0x77, 0xC0, 0xE3, 0xFF, 0x40, 0x7F, 0x01, 0x80, 0x01, 0x80, 0x7F, 0xFF, 0x7F,
    0xFF, 0x6C, 0x03, 0x6C, 0x7E, 0x18, 0x7E, 0x1F, 0xE6, 0x33, 0x66, 0x73, 0x66, 0xFF, 0x66, 0x0E,
    0x7E, 0x0E, 0x60, 0x1C, 0x63, 0x38, 0x63, 0x70, 0x7F, 0x40, 0x1C, 0x01, 0x80, 0x01, 0x80, 0x7F,
    0xFF, 0x61, 0x83, 0x61, 0x83, 0x1F, 0xFC, 0x01, 0x80, 0x3F, 0xFE, 0x01, 0x80, 0x7F, 0xFF, 0x00,
    0x00, 0x00, 0x00, 0x1F, 0xFC, 0x18, 0x0C, 0x18, 0x0C, 0x1F, 0xFC, 0x18, 0x0C, 0x01, 0x8C, 0x38,
    0xC6, 0x0F, 0xFF, 0xC2, 0x0C, 0x00, 0x3F, 0xE7, 0xDF, 0xF0, 0x6C, 0x18, 0x37, 0xFC, 0x1B, 0xFE,
    0x3F, 0x00, 0x19, 0xFF, 0xC0, 0x03, 0x0F, 0xFF, 0xF0, 0x60, 0xC0, 0x38, 0x60, 0x0C, 0x30, 0x00,
    0xF0, 0x00, 0x01, 0x80, 0x00, 0xC0, 0x00, 0x60, 0x00, 0x30, 0x00, 0x18, 0x80, 0xCC, 0x60, 0x66,
    0x30, 0x63, 0x1C, 0x31, 0x86, 0x18, 0xC3, 0x9C, 0x60, 0xCC, 0x30, 0x6E, 0x18, 0x38, 0x0C, 0x08,
    0x06, 0x00, 0x1F, 0x00, 0x0F, 0x80, 0x00, 0x00, 0x00, 0x3F, 0xFE, 0x30, 0x06, 0x30, 0x06, 0x3F,
    0xFE, 0x30, 0x78, 0x37, 0xF8, 0x3F, 0xC0, 0x30, 0xFE, 0x3F, 0xFC, 0x3F, 0xC7, 0x61, 0xFF, 0x7F,
    0xF8, 0x7E, 0xC3, 0x60, 0xC3, 0xC0, 0xFF, 0x40, 0x3C, 0x03, 0x00, 0x03, 0x00, 0x06, 0x00, 0x7F,
    0xFE, 0x7F, 0xFF, 0x06, 0x00, 0x0C, 0x00, 0x0C, 0x00, 0x0F, 0xFE, 0x1F, 0xFE, 0x18, 0x60, 0x38,
    0x60, 0x30, 0x60, 0x60, 0x60, 0xE0, 0x60, 0x5F, 0xFF, 0x0F, 0xFF, 0x23, 0x18, 0x66, 0x30, 0xCC,
    0xC7, 0xFF, 0xFC, 0x00, 0x7B, 0xFE, 0xF6, 0x0D, 0x8C, 0x18, 0x1F, 0xF0, 0x03, 0x00, 0x0E, 0x03,
    0xFF, 0xE6, 0x18, 0xCC, 0x31, 0x98, 0x67, 0x30, 0xFC, 0x01, 0x80, 0x00, 0xC0, 0x00, 0x60, 0x0F,
    0xFF, 0xC7, 0xFF, 0xE3, 0x00, 0x01, 0x86, 0x00, 0xC7, 0x00, 0x63, 0x00, 0x31, 0x80, 0x18, 0xC0,
    0x0C, 0xC6, 0x06, 0x61, 0x86, 0x30, 0xE3, 0x30, 0x31, 0xFF, 0xFD, 0xFF, 0xFE, 0xC0, 0x03, 0x00,
    0x00, 0xC0, 0x00, 0x60, 0x0F, 0xFF, 0xC7, 0xFF, 0xC3, 0x31, 0x81, 0xFF, 0xF8, 0xCC, 0x60, 0x66,
    0x30, 0x33, 0xF8, 0x10, 0x00, 0x18, 0x00, 0x0D, 0xFF, 0xC6, 0x30, 0xC3, 0x1D, 0xC1, 0x83, 0xC1,
    0xBF, 0xFE, 0xDE, 0x0F, 0x00, 0x03, 0x01, 0x8C, 0x36, 0x31, 0xCC, 0xC6, 0x33, 0x38, 0x4C, 0xC7,
    0xFF, 0x9F, 0xFF, 0x00, 0x0C, 0x00, 0x33, 0xFF, 0xDF, 0xFF, 0x00, 0x0C, 0x00, 0x37, 0xFF, 0xDF,
    0xFF, 0x00, 0x0C, 0x0C, 0x00, 0x0C, 0xFE, 0x0E, 0x63, 0x0E, 0x31, 0x8E, 0xD8, 0xD0, 0xEC, 0x78,
    0xEC, 0x3C, 0xF4, 0x00, 0xFB, 0xFE, 0x6D, 0xFF, 0x06, 0x63, 0x03, 0x1B, 0x81, 0x8F, 0x80, 0xC3,
    0x80, 0x67, 0xF0, 0x3F, 0x1E, 0x1F, 0x03, 0x00, 0x08, 0x00, 0x1B, 0xFE, 0x33, 0x06, 0xF3, 0xFE,
    0x6F, 0x06, 0x1F, 0x06, 0x1B, 0xFE, 0x38, 0x00, 0xFF, 0xFF, 0xF8, 0x0C, 0x58, 0x0C, 0x1F, 0xFF,
    0x19, 0x0C, 0x19, 0x8C, 0x18, 0xCC, 0x18, 0xDC, 0x18, 0x3C, 0x06, 0x00, 0x03, 0x82, 0x00, 0xE3,
    0x00, 0x19, 0x80, 0x65, 0x81, 0x31, 0xC0, 0xD8, 0xF0, 0x6C, 0xDC, 0x66, 0xC6, 0x33, 0xE3, 0x99,
    0xE0, 0xD9, 0xE1, 0x61, 0xE0, 0xD3, 0xF0, 0x63, 0xD8, 0x60, 0x8F, 0xF0, 0x03, 0xF0, 0x00, 0x30,
    0x20, 0x30, 0x60, 0x37, 0xFF, 0x78, 0x60, 0x7F, 0xFE, 0x7C, 0x60, 0xF7, 0xFF, 0xF0, 0x00, 0xF3,
    0xFE, 0x33, 0x06, 0x33, 0x06, 0x33, 0xFE, 0x33, 0x06, 0x33, 0xFE, 0x33, 0x06, 0x33, 0x06, 0x33,
    0x1E, 0x00, 0x00, 0x18, 0x60, 0x0F, 0x37, 0x0C, 0xDF, 0x0F, 0xFC, 0x64, 0x1E, 0x33, 0xFB, 0xF9,
    0x8D, 0x80, 0xFE, 0xDC, 0x63, 0x7C, 0x3F, 0xB1, 0x98, 0xD8, 0xCC, 0xEF, 0xE2, 0x38, 0x01, 0xB6,
    0x60, 0xD8, 0x78, 0xCC, 0x36, 0x67, 0xF3, 0x00, 0x00, 0x78, 0x00, 0x7E, 0x00, 0x66, 0x3F, 0xFF,
    0x3F, 0xFF, 0x30, 0x60, 0x30, 0x66, 0x3F, 0x66, 0x3F, 0x6C, 0x33, 0x7C, 0x33, 0x38, 0x33, 0x38,
    0x63, 0x33, 0x6F, 0x7B, 0x65, 0xDF, 0xE3, 0x8F, 0x41, 0x06, 0x7F, 0xFF, 0x1F, 0xFF, 0x00, 0x00,
    0x07, 0xFF, 0xC3, 0x00, 0x61, 0x80, 0x30, 0xFF, 0xF8, 0x61, 0x80, 0x30, 0xC0, 0x1F, 0xFF, 0x8C,
    0x78, 0x0E, 0x3C, 0x06, 0x3B, 0x03, 0x39, 0xE3, 0xF8, 0x7C, 0xB0, 0x0E, 0x18, 0xC0, 0x0C, 0x60,
    0x06, 0x30, 0x0F, 0xFF, 0xEF, 0xFF, 0xF0, 0xC6, 0x00, 0x63, 0x00, 0x31, 0xFC, 0x1E, 0xFE, 0x3E,
    0xE3, 0x3E, 0x7B, 0x0B, 0x3D, 0x81, 0x9B, 0x80, 0xD9, 0xC0, 0x7C, 0xF0, 0x7D, 0xDE, 0x7C, 0xC7,
    0x00, 0x00, 0x00, 0x18, 0x00, 0x0C, 0xFF, 0x86, 0x7F, 0xC3, 0x30, 0x6F, 0xF8, 0x33, 0xFC, 0x18,
    0x66, 0x0C, 0x33, 0xFE, 0x1F, 0xFE, 0x7F, 0xCC, 0x3E, 0x66, 0x03, 0x33, 0x01, 0x98, 0xC0, 0xD8,
    0x60, 0x6C, 0x18, 0xFE, 0x0E, 0x7E, 0x03, 0x00, 0x00, 0x00, 0x10, 0x00, 0x13, 0xFF, 0x13, 0xFF,
    0x7F, 0x33, 0xFF, 0x33, 0x13, 0xFF, 0x13, 0xFF, 0x13, 0x33, 0x1F, 0x33, 0x7F, 0xFF, 0xFB, 0xFF,
    0x11, 0x33, 0x10, 0x30, 0x10, 0x30, 0x10, 0x30, 0x30, 0x30, 0x70, 0x30, 0x00, 0x00, 0x30, 0x30,
    0x30, 0x30, 0x31, 0xB0, 0x31, 0xBE, 0xFD, 0xB0, 0x7D, 0xB0, 0x37, 0xFF, 0x30, 0x30, 0x3D, 0xB2,
    0xFD, 0xB6, 0xF3, 0x36, 0x37, 0x3E, 0x32, 0xFC, 0x30, 0x18, 0x30, 0x70, 0x73, 0xE0, 0x73, 0x80,
    0x00, 0x00, 0x18, 0x30, 0x18, 0x30, 0x1B, 0xFF, 0x7D, 0xCC, 0xFC, 0xCC, 0x18, 0xCC, 0x1F, 0xFF,
    0x1C, 0x60, 0x3C, 0xE0, 0xFF, 0xFF, 0xF9, 0xCC, 0x19, 0x8C, 0x19, 0xDC, 0x19, 0xF8, 0x18, 0x7C,
    0x7B, 0xFE, 0x77, 0x87, 0x00, 0x00, 0x31, 0x04, 0x31, 0x8C, 0x31, 0x8C, 0x71, 0xDC, 0xFF, 0xFF,
    0x30, 0x02, 0x33, 0xFB, 0x32, 0x7B, 0x3F, 0xFB, 0xFF, 0xFB, 0xF2, 0xFB, 0x33, 0x7B, 0x33, 0xFB,
    0x32, 0xFB, 0x32, 0x63, 0x32, 0x63, 0x73, 0xCF, 0x00, 0x00, 0x30, 0x00, 0x18, 0xFE, 0x0C, 0x63,
    0x0F, 0x31, 0x8F, 0xDF, 0xC1, 0x80, 0x00, 0xCF, 0xFC, 0x64, 0xF6, 0x3E, 0x7B, 0x3F, 0xFF, 0xBC,
    0x0C, 0x06, 0xFF, 0xE3, 0x0F, 0x81, 0x8F, 0xE0, 0xCE, 0xF8, 0x6E, 0x6E, 0x76, 0x33, 0x00, 0x00,
    0x00, 0x00, 0x60, 0x3F, 0xB0, 0x18, 0xD8, 0x0C, 0x6F, 0xE7, 0xFF, 0xF3, 0x1F, 0x31, 0x8F, 0x98,
    0xC7, 0xCC, 0x7F, 0xEC, 0x31, 0x9E, 0x18, 0xCF, 0x0F, 0xE7, 0x03, 0x63, 0x81, 0xB3, 0xE1, 0x8F,
    0xB9, 0xC7, 0x8E, 0x41, 0x83, 0x00, 0x0C, 0x30, 0x36, 0xD8, 0x0B, 0xCC, 0x07, 0xEE, 0x0F, 0xFF,
    0xF0, 0xF3, 0x31, 0xFF, 0x99, 0xDB, 0xEC, 0x18, 0xF6, 0x0C, 0x1E, 0x3F, 0xE7, 0x06, 0x63, 0x87,
    0x61, 0xC3, 0xF1, 0xE0, 0x7D, 0xD8, 0xF7, 0xCE, 0x61, 0x83, 0x00, 0x01, 0x80, 0x00, 0xC0, 0x00,
    0x60, 0x1F, 0xFF, 0xE7, 0xFF, 0xF0, 0xE0, 0xC0, 0x30, 0x60, 0x18, 0x60, 0x06, 0x70, 0x03, 0xB0,
    0x00, 0xF8, 0x00, 0x38, 0x00, 0x3E, 0x00, 0x7B, 0x80, 0xF8, 0xF9, 0xF0, 0x3E, 0x60, 0x03, 0x00,
    0x0C, 0x02, 0x0C, 0x7F, 0x7F, 0xF8, 0x33, 0x60, 0x36, 0x60, 0x36, 0x60, 0xFF, 0xFF, 0x0C, 0x7F,
    0x0C, 0x64, 0xFF, 0xE4, 0x1C, 0x64, 0x1E, 0xC4, 0x3F, 0xC4, 0x6F, 0xC4, 0xED, 0xC4, 0x0D, 0x84,
    0x0D, 0x04, 0x7F, 0xFF, 0x3F, 0xFF, 0x98, 0xDB, 0x0F, 0xED, 0x86, 0x36, 0xC3, 0x1B, 0x61, 0xFF,
    0xFC, 0xFD, 0xFE, 0x64, 0x1C, 0x33, 0x1E, 0x19, 0xCF, 0x0F, 0xED, 0xAF, 0xFE, 0xDB, 0x0E, 0x68,
    0x0E, 0x3C, 0x06, 0x00, 0x7F, 0xF7, 0xFF, 0x60, 0x36, 0x03, 0x60, 0x36, 0x03, 0x7F, 0xF7, 0xFF,
    0x60, 0x36, 0x03, 0x60, 0x36, 0x03, 0x60, 0x37, 0xFF, 0x7F, 0xF4, 0x03, 0x00, 0x60, 0x78, 0x60,
    0xFB, 0xFE, 0xD8, 0x60, 0xD8, 0x60, 0xD8, 0x60, 0xDF, 0xFE, 0xF8, 0x18, 0xD8, 0x18, 0xDF, 0xFE,
    0xD9, 0x18, 0xDB, 0x18, 0xF9, 0x98, 0xF9, 0xD8, 0xC0, 0xD8, 0x00, 0x78, 0x00, 0x78, 0x00, 0x60,
    0xF8, 0x60, 0xFF, 0xFE, 0xD9, 0x9C, 0xD9, 0x98, 0xD9, 0x98, 0xDF, 0xFF, 0xF8, 0x00, 0xD8, 0x00,
    0xDB, 0xFC, 0xDB, 0x0C, 0xDB, 0x0C, 0xFB, 0xFC, 0xF3, 0x0C, 0xC3, 0x0C, 0x03, 0xFC, 0x03, 0x0C,
    0x7F, 0xFF, 0x3F, 0xFF, 0x00, 0x60, 0x07, 0xFF, 0xC3, 0x18, 0x61, 0x8C, 0x30, 0xFF, 0xF8, 0x63,
    0x0C, 0x31, 0x86, 0x1F, 0xFF, 0x06, 0x60, 0x03, 0xB0, 0x00, 0xF0, 0x00, 0x7C, 0x01, 0xFF, 0xFC,
    0xF0, 0xFE, 0x00, 0x00, 0x00, 0x01, 0x80, 0x3F, 0xFC, 0x01, 0x8C, 0x7F, 0xFF, 0x01, 0x8C, 0x3F,
    0xFC, 0x01, 0x80, 0x3F, 0xFE, 0x01, 0x80, 0x7F, 0xFF, 0x00, 0x00, 0x1F, 0xFC, 0x18, 0x0C, 0x1F,
    0xFC, 0x18, 0x0C, 0x1F, 0xFC, 0x18, 0x0C, 0x0C, 0x18, 0x06, 0x0C, 0x1F, 0xFF, 0xC1, 0x83, 0x00,
    0xC1, 0x83, 0xFF, 0xF8, 0x70, 0xF0, 0x7E, 0xDC, 0x72, 0xC7, 0x2F, 0xFE, 0x86, 0x03, 0x03, 0x01,
    0x81, 0xFF, 0xC0, 0xC0, 0x60, 0x60, 0x30, 0x3F, 0xF8, 0x18, 0x0C, 0x00, 0x1F, 0xFC, 0x0C, 0x06,
    0x07, 0xFF, 0x03, 0x01, 0x81, 0xFF, 0xC0, 0x00, 0x01, 0xFF, 0xFC, 0x66, 0x00, 0x33, 0xFE, 0x1F,
    0xB3, 0x0C, 0xDB, 0x87, 0xE7, 0x83, 0x33, 0xC3, 0xF9, 0xE3, 0xFF, 0xFC, 0x07, 0x8E, 0x00, 0x00,
    0x33, 0x7F, 0x33, 0x7F, 0xFF, 0xE3, 0x33, 0x63, 0x3F, 0x7F, 0x33, 0x63, 0x33, 0x63, 0x3F, 0x63,
    0x33, 0x63, 0x33, 0x7F, 0xFF, 0xE3, 0x3E, 0x63, 0x36, 0x63, 0x33, 0xE3, 0x63, 0xCF, 0x61, 0xCF,
    0x00, 0x00, 0x01, 0x80, 0x00, 0xC0, 0x00, 0x60, 0x07, 0xFF, 0xC3, 0xFF, 0xE0, 0x0C, 0x00, 0x06,
    0x00, 0xFF, 0xFE, 0x7F, 0xFF, 0x01, 0xF0, 0x01, 0xF8, 0x01, 0xF6, 0x01, 0xD9, 0x81, 0xCC, 0x73,
    0xC6, 0x1C, 0xC3, 0x06, 0x01, 0x80, 0x00, 0x01, 0x80, 0x00, 0xC0, 0x00, 0x60, 0x0F, 0xFF, 0xE7,
    0xFF, 0xF0, 0x0C, 0x00, 0x06, 0x00, 0x7F, 0xFC, 0x3F, 0xFE, 0x01, 0xF0, 0x01, 0xF8, 0x01, 0xF6,
    0x01, 0xD9, 0xC1, 0xCC, 0x73, 0xC6, 0x1C, 0xC3, 0x06, 0x01, 0x80, 0x00, 0x01, 0x80, 0x00, 0xC0,
    0x00, 0x60, 0x00, 0x30, 0x07, 0xFF, 0xF3, 0xFF, 0xF8, 0x0F, 0x80, 0x0F, 0xC0, 0x07, 0xB0, 0x06,
    0xDC, 0x07, 0x67, 0x07, 0x31, 0xCF, 0xFF, 0xF2, 0x7F, 0x98, 0x06, 0x00, 0x03, 0x00, 0x01, 0x80,
    0x00, 0x18, 0x06, 0x0C, 0x5F, 0x06, 0x3E, 0x03, 0x18, 0x0F, 0xEC, 0x03, 0xF6, 0x00, 0x63, 0xFC,
    0x71, 0xFE, 0x3C, 0xCC, 0x1F, 0x66, 0x1F, 0xE3, 0x0F, 0x31, 0x8D, 0x98, 0xC2, 0xCC, 0x60, 0x6E,
    0x30, 0x36, 0x18, 0x1B, 0x0C, 0x00, 0x18, 0x30, 0x0C, 0x3C, 0x06, 0x3F, 0x03, 0x39, 0xCF, 0xF8,
    0x73, 0xFF, 0xF8, 0xE0, 0xC0, 0x77, 0xFE, 0x3F, 0x33, 0x3F, 0x99, 0x9F, 0xCC, 0xCB, 0x7F, 0xED,
    0x83, 0x80, 0xC3, 0xC0, 0x63, 0x38, 0x37, 0x8E, 0x1B, 0x03, 0x00, 0x18, 0xCC, 0x0C, 0x66, 0x06,
    0xFF, 0xC3, 0x19, 0x8F, 0xFF, 0xF3, 0xE6, 0x60, 0xEF, 0xFC, 0x70, 0x60, 0x3D, 0xFE, 0x3F, 0xD9,
    0x1E, 0x7F, 0x9B, 0x36, 0x4D, 0x9B, 0x20, 0xDF, 0xFC, 0x66, 0x08, 0x33, 0x04, 0x19, 0x8E, 0x00,
    0x18, 0x00, 0x0D, 0xFF, 0x86, 0x1E, 0x03, 0x3F, 0xEF, 0xF6, 0xB3, 0xFB, 0x58, 0xE5, 0xAC, 0x73,
    0xFE, 0x3C, 0x00, 0x3F, 0xFF, 0x9F, 0x00, 0x1B, 0x7F, 0xED, 0x8B, 0x40, 0xCD, 0xB0, 0x6E, 0xDC,
    0x3E, 0x66, 0x1A, 0xF1, 0x00, 0x18, 0xCC, 0x0C, 0x66, 0x06, 0xFF, 0xC3, 0x19, 0x8F, 0xEC, 0xC3,
    0xFF, 0xF8, 0xE0, 0xC0, 0x77, 0xFE, 0x3F, 0x33, 0x3F, 0x99, 0x9F, 0xFF, 0xDB, 0x66, 0x6D, 0xBF,
    0xF0, 0xC6, 0x60, 0x67, 0x38, 0x37, 0x0E, 0x1B, 0x03, 0x00, 0x01, 0x80, 0x00, 0xC0, 0x1C, 0xE0,
    0x07, 0x7F, 0xC1, 0xBF, 0xF0, 0x7B, 0x18, 0x19, 0x98, 0x1C, 0xCC, 0x04, 0x66, 0x04, 0x38, 0x06,
    0x3C, 0x06, 0x1E, 0x07, 0x19, 0x87, 0x1C, 0xE0, 0x1C, 0x38, 0x3C, 0x0E, 0x08, 0x03, 0x00, 0x00,
    0xC0, 0x00, 0xC0, 0x00, 0xC0, 0x00, 0xC0, 0x18, 0xC0, 0x18, 0xC0, 0x18, 0xFE, 0x18, 0xFE, 0x18,
    0xC0, 0x18, 0xC0, 0x18, 0xC0, 0x18, 0xC0, 0x18, 0xC0, 0x18, 0xC0, 0x7F, 0xFF, 0xFF, 0xFF, 0x3F,
    0xFE, 0x7F, 0xFF, 0x00, 0xC0, 0x00, 0xC0, 0x00, 0xC0, 0x18, 0xC0, 0x18, 0xFE, 0x18, 0xFE, 0x18,
    0xC0, 0x18, 0xC0, 0x18, 0xC0, 0x18, 0xC0, 0x18, 0xC0, 0x7F, 0xFF, 0xFF, 0xFF, 0x00, 0x6C, 0x7F,
    0xB7, 0x1F, 0x9F, 0xC6, 0x3F, 0xE3, 0x56, 0x01, 0xF3, 0xF1, 0x9F, 0xF8, 0xCC, 0x60, 0x76, 0xFF,
    0x7E, 0xFF, 0x97, 0x4D, 0x81, 0x87, 0xC1, 0x81, 0xC0, 0xC1, 0xC8, 0xC1, 0xE4, 0xE7, 0xDE, 0x63,
    0x87, 0x00, 0x00, 0x00, 0x06, 0x00, 0x1F, 0xFE, 0x0E, 0x33, 0x04, 0x19, 0x82, 0x0C, 0xD1, 0xF6,
    0x68, 0xFF, 0x3C, 0x43, 0x00, 0x3F, 0xFE, 0x1F, 0x7F, 0x08, 0x19, 0x84, 0xED, 0x8F, 0xF3, 0xC7,
    0xC1, 0xC0, 0x83, 0xF8, 0x47, 0xDE, 0x21, 0x83, 0x00, 0x0C, 0x00, 0x0C, 0x00, 0x1F, 0xFF, 0x3F,
    0xFE, 0x30, 0x00, 0x7F, 0xFC, 0x18, 0xCC, 0x18, 0xCC, 0x18, 0x8C, 0xFF, 0xFF, 0x7F, 0xFF, 0x19,
    0x8C, 0x31, 0x8C, 0x3F, 0xFF, 0x30, 0x1C, 0x30, 0x18, 0x00, 0xF8, 0x20, 0x60, 0x3C, 0x30, 0x06,
    0x18, 0x00, 0x7F, 0xC0, 0x3F, 0xE3, 0x03, 0x33, 0xC1, 0x98, 0x70, 0xCC, 0x17, 0xFF, 0x03, 0xFF,
    0x86, 0x1C, 0x03, 0x1E, 0x03, 0x8D, 0x81, 0x8C, 0xE1, 0xCE, 0x38, 0xDE, 0x0E, 0x6C, 0x03, 0x00,
    0x20, 0xC0, 0x3C, 0x70, 0x07, 0x1E, 0x00, 0x06, 0x00, 0x7F, 0xF3, 0x1F, 0xF9, 0xE0, 0xC0, 0x20,
    0x60, 0x00, 0x30, 0x05, 0xFF, 0x03, 0xFF, 0x83, 0x06, 0x01, 0x83, 0x01, 0x81, 0x80, 0xC0, 0xC0,
    0xCF, 0xFE, 0x27, 0xFF, 0x00, 0x20, 0x32, 0x7B, 0x33, 0x1B, 0x36, 0x01, 0xBE, 0x01, 0x34, 0xE3,
    0xFE, 0x73, 0xFE, 0x3B, 0x06, 0x13, 0x06, 0x03, 0xFE, 0x1B, 0x06, 0x1B, 0x06, 0x1B, 0xFE, 0x33,
    0x06, 0x33, 0x06, 0x63, 0x0E, 0x63, 0x1E, 0x00, 0x00, 0x20, 0x04, 0x39, 0xFF, 0x0F, 0xFE, 0x01,
    0x0C, 0x00, 0x7F, 0xE2, 0x7F, 0xF9, 0xC6, 0x60, 0x67, 0x18, 0x07, 0xCE, 0x07, 0x63, 0x87, 0xF5,
    0xC3, 0x7E, 0xC3, 0x6D, 0xF1, 0xB6, 0xD9, 0xB3, 0x6C, 0xC1, 0x80, 0x63, 0xC0, 0x00, 0x20, 0x30,
    0x3C, 0x18, 0x07, 0xFF, 0xC0, 0x3B, 0x80, 0x0F, 0x83, 0x03, 0xC1, 0xCF, 0xFC, 0x6F, 0x1E, 0x07,
    0x06, 0x01, 0xFF, 0x06, 0xC1, 0x83, 0x60, 0xC3, 0xBF, 0xE1, 0x98, 0x31, 0xDC, 0x18, 0xCC, 0x0C,
    0x24, 0x06, 0x00, 0x20, 0x00, 0x3F, 0xFF, 0x87, 0xFF, 0x80, 0xC6, 0x00, 0x7F, 0xF3, 0x3C, 0x19,
    0xDE, 0x0C, 0x6F, 0xFE, 0x07, 0x83, 0x03, 0xC1, 0x85, 0xFF, 0xC3, 0xC6, 0x03, 0x6F, 0x61, 0xED,
    0xB9, 0xF6, 0xCC, 0xFE, 0x66, 0x68, 0x70, 0x00, 0x00, 0x00, 0x31, 0xB0, 0x3B, 0x30, 0x0B, 0xFE,
    0x67, 0x30, 0xFF, 0x30, 0x3F, 0xFE, 0x0B, 0x30, 0x1B, 0xFE, 0x33, 0x30, 0x73, 0xFF, 0x61, 0x80,
    0x01, 0x80, 0x7F, 0xFF, 0x7F, 0xFF, 0x01, 0x80, 0x01, 0x80, 0x01, 0x80, 0x0C, 0x00, 0x18, 0x00,
    0x3F, 0xFF, 0x7F, 0xFE, 0x7B, 0x6C, 0x7B, 0x6C, 0x7F, 0xFE, 0x7F, 0xFF, 0x1B, 0x6C, 0x1B, 0x6C,
    0x3F, 0xFE, 0x7F, 0xFF, 0x00, 0x04, 0x36, 0x6E, 0x32, 0x66, 0x63, 0x33, 0x63, 0x33, 0x7F, 0xFF,
    0x66, 0x73, 0x66, 0x63, 0x66, 0xE6, 0x7F, 0xDE, 0x67, 0x80, 0x67, 0xFE, 0x67, 0x86, 0x67, 0x86,
    0x7F, 0x86, 0x7D, 0xFE, 0x30, 0x04, 0x36, 0x66, 0x76, 0x66, 0x63, 0x33, 0x62, 0x33, 0x18, 0x30,
    0x78, 0x30, 0x79, 0xFF, 0x78, 0xFE, 0x7E, 0x30, 0x7F, 0xFF, 0xDB, 0xFF, 0xD8, 0x0C, 0x1E, 0x0C,
    0x7F, 0xFF, 0xF9, 0xFF, 0x19, 0x8C, 0x18, 0xCC, 0x18, 0x6C, 0x18, 0x4C, 0x18, 0x3C, 0x18, 0x3C,
    0x0C, 0x60, 0x06, 0x36, 0x03, 0x19, 0x8D, 0x8C, 0xC6, 0xC6, 0x21, 0xFF, 0xF8, 0xFF, 0xFC, 0x18,
    0xE0, 0x0C, 0x70, 0x0E, 0x38, 0x0F, 0x1E, 0x0D, 0x9B, 0x0C, 0xCD, 0xC0, 0x6E, 0x60, 0x3E, 0x18,
    0x1E, 0x0E, 0x0E, 0x03, 0x00, 0x4C, 0x30, 0x36, 0x18, 0x0E, 0x7F, 0x87, 0x7F, 0xE7, 0x93, 0x27,
    0xCD, 0xB1, 0x36, 0xD8, 0x3B, 0x78, 0x1F, 0xFF, 0x1F, 0xFF, 0x9F, 0x1C, 0x1D, 0x8F, 0x04, 0xC7,
    0x80, 0x66, 0xE0, 0x27, 0x38, 0xFF, 0x0E, 0x7E, 0x03, 0x00, 0x00, 0x00, 0x01, 0x80, 0x01, 0x80,
    0x7F, 0xFF, 0x3F, 0xFE, 0x73, 0x66, 0x3E, 0x6C, 0x1F, 0xD8, 0x01, 0xE8, 0x1F, 0x7C, 0x7F, 0xFF,
    0x67, 0xF3, 0x01, 0x80, 0x7F, 0xFF, 0x7F, 0xFF, 0x01, 0x80, 0x01, 0x80, 0x01, 0x80, 0xFF, 0xFF,
    0x3E, 0xC1, 0x86, 0x60, 0xC3, 0x3F, 0xE1, 0x98, 0x33, 0xFC, 0x19, 0xF7, 0xFC, 0x33, 0x06, 0x19,
    0x83, 0x0C, 0xFF, 0x87, 0xB6, 0x0F, 0xDB, 0x0F, 0x0D, 0x90, 0x0C, 0xCC, 0x0E, 0x64, 0x0E, 0x1E,
    0x00, 0x00, 0x00, 0x1F, 0xFE, 0x7F, 0xFC, 0xC6, 0x19, 0x8C, 0x33, 0xFF, 0xE7, 0xFF, 0xCC, 0x61,
    0x98, 0xC3, 0x31, 0x86, 0x7F, 0xFC, 0xFF, 0xF9, 0x8C, 0x33, 0x18, 0x6C, 0x30, 0xD8, 0x67, 0xE0,
    0xDF, 0x00, 0x00, 0x7F, 0xFE, 0x7F, 0xFF, 0x01, 0x80, 0x61, 0x82, 0x6F, 0xFB, 0x6D, 0x9B, 0x6D,
    0x9B, 0x6F, 0xFB, 0x6D, 0x9B, 0x6D, 0x9B, 0x6D, 0x9B, 0x6F, 0xFB, 0x60, 0x03, 0x7F, 0xFF, 0x7F,
    0xFF, 0x60, 0x03, 0x00, 0x0C, 0x0F, 0xFE, 0x0F, 0xFE, 0x03, 0x33, 0x00, 0xD9, 0x83, 0xFF, 0xF8,
    0x1F, 0xC0, 0x1F, 0x70, 0x3D, 0xBC, 0x3C, 0xC7, 0x9F, 0xFF, 0xC3, 0x31, 0x81, 0xFF, 0xC0, 0xCC,
    0x60, 0x66, 0x30, 0x3F, 0xF8, 0x18, 0x0C, 0x00, 0x06, 0x00, 0x30, 0x03, 0x01, 0xFF, 0xFF, 0xFF,
    0xE0, 0x0F, 0x00, 0x78, 0x03, 0xFF, 0xFF, 0xFF, 0xF0, 0x07, 0x80, 0x3C, 0x01, 0xE0, 0x0F, 0xFF,
    0xFF, 0xFF, 0xC0, 0x18, 0x18, 0xC0, 0x61, 0x80, 0xC3, 0x07, 0xF7, 0xFC, 0x7F, 0xF8, 0xF0, 0xF1,
    0xC1, 0xE3, 0x63, 0xFE, 0xE7, 0x8C, 0xCF, 0x18, 0xDE, 0x31, 0xAC, 0x60, 0xD8, 0xC1, 0xBF, 0x83,
    0x60, 0x3E, 0xC0, 0x7C, 0x00, 0x00, 0xFF, 0xFF, 0xFF, 0xC0, 0x3C, 0x03, 0xFF, 0xFF, 0xFF, 0xC0,
    0x3C, 0x03, 0xFF, 0xFF, 0xFF, 0xC0, 0x3C, 0x03, 0xC0, 0x3F, 0xFF, 0xFF, 0xFC, 0x03, 0x30, 0x00,
    0x31, 0xFF, 0x7F, 0xFF, 0x7F, 0x00, 0x78, 0xFF, 0xF8, 0xFF, 0x58, 0xC3, 0x7E, 0xC3, 0xFF, 0xC7,
    0x18, 0xFF, 0x1C, 0xC6, 0x1C, 0xC6, 0x1E, 0x6C, 0x33, 0x6C, 0x72, 0x6C, 0xE3, 0xFF, 0x41, 0xFF,
    0x00, 0x30, 0x7C, 0x30, 0x7F, 0xFF, 0x33, 0x6F, 0x33, 0x6F, 0x30, 0xD8, 0x31, 0xFF, 0x7F, 0xD8,
    0x67, 0x98, 0x66, 0xFF, 0xE6, 0x98, 0xE6, 0x98, 0x26, 0xFF, 0x3E, 0x98, 0x3E, 0xD8, 0x20, 0xFF,
    0x00, 0x80, 0x1F, 0xFC, 0x3F, 0xFE, 0x00, 0x00, 0x00, 0x00, 0x00, 0x00, 0x7F, 0xFF, 0x7F, 0xFF,
    0x01, 0x80, 0x19, 0x98, 0x19, 0x9C, 0x39, 0x8C, 0x31, 0x86, 0x71, 0x86, 0xE1, 0x83, 0x47, 0x82,
    0x07, 0x80, 0x06, 0x30, 0x3F, 0x18, 0x1E, 0x0C, 0x03, 0x1E, 0xC1, 0x8F, 0x67, 0xFD, 0x99, 0xFE,
    0xCC, 0x73, 0x66, 0x3F, 0x31, 0x1F, 0x1B, 0x1F, 0x9D, 0x9F, 0x0D, 0xCD, 0x80, 0xC0, 0xC1, 0xC0,
    0x63, 0xC0, 0x37, 0xC0, 0x19, 0x80, 0x00, 0x04, 0x30, 0x1F, 0x38, 0x1E, 0x3F, 0x83, 0x38, 0xC1,
    0xBF, 0xC7, 0xF1, 0xE1, 0xF9, 0xE0, 0x33, 0xF0, 0x3D, 0xF8, 0x1F, 0xBF, 0x9F, 0xB8, 0xCF, 0x7C,
    0xCD, 0x93, 0xE2, 0xC0, 0xE0, 0x61, 0xE0, 0x37, 0xC0, 0x1B, 0x80, 0x00, 0x03, 0x00, 0x06, 0x03,
    0xFF, 0xFF, 0xFF, 0xFC, 0xCC, 0x79, 0x98, 0x07, 0x31, 0x1C, 0x67, 0xF0, 0xFD, 0x80, 0x01, 0xFF,
    0xF1, 0xFF, 0xC0, 0x30, 0x00, 0x60, 0x00, 0xC0, 0x7F, 0xFF, 0xFF, 0xFC, 0x01, 0x80, 0x01, 0x80,
    0x3F, 0xFE, 0x0C, 0x38, 0x06, 0x30, 0xFF, 0xFF, 0x00, 0x00, 0x3F, 0xFC, 0x30, 0x0C, 0x3F, 0xFC,
    0x30, 0x0C, 0x3F, 0xFC, 0x01, 0x80, 0x01, 0x80, 0xFF, 0xFF, 0x01, 0x80, 0x01, 0x80, 0x10, 0x30,
    0x11, 0xB3, 0x11, 0xB3, 0x39, 0xB3, 0xFD, 0xFF, 0x4C, 0x00, 0x6C, 0x00, 0x6F, 0xFF, 0x6C, 0x30,
    0x6C, 0x30, 0x6B, 0xFF, 0x7B, 0x6B, 0x1F, 0x6B, 0xFF, 0x6B, 0xE3, 0x6B, 0x03, 0x6B, 0x03, 0x6F,
    0x10, 0x60, 0x30, 0x60, 0x3F, 0xFF, 0x6D, 0xD8, 0xCD, 0x98, 0x3F, 0xFE, 0x01, 0x86, 0x01, 0x86,
    0x3F, 0xFE, 0x31, 0x80, 0x31, 0x80, 0x3F, 0xFF, 0x37, 0x87, 0x0F, 0x86, 0x3D, 0x86, 0x71, 0x9E,
    0x41, 0x80, 0x10, 0x60, 0x30, 0x60, 0x7F, 0xFF, 0xED, 0xD8, 0x5F, 0xFC, 0x18, 0x0C, 0x1F, 0xFC,
    0x18, 0x0C, 0x1F, 0xFC, 0x18, 0x0C, 0x1F, 0xFC, 0x06, 0x30, 0x06, 0x30, 0x7F, 0xFF, 0x0C, 0x30,
    0x78, 0x30, 0x70, 0x30, 0x10, 0x60, 0x18, 0x30, 0x1F, 0xFF, 0xCD, 0xBB, 0x04, 0xD8, 0x83, 0xFF,
    0xF8, 0x31, 0x8C, 0xFE, 0xC6, 0x6D, 0x63, 0x36, 0xB1, 0x9F, 0xDB, 0xCD, 0xAD, 0xC7, 0xF6, 0x00,
    0x63, 0x0B, 0xFF, 0x84, 0x18, 0xFE, 0x0C, 0x7F, 0x00, 0x18, 0x60, 0x38, 0x60, 0x3F, 0xFF, 0x7C,
    0xD8, 0x7E, 0xEC, 0x7E, 0x6C, 0x19, 0xFF, 0x18, 0x6C, 0x7F, 0xFF, 0x18, 0x00, 0x7F, 0x00, 0x1C,
    0xFE, 0x3E, 0xC6, 0x3F, 0xFE, 0x7B, 0xC6, 0xD8, 0xFE, 0x18, 0xC6, 0x18, 0x06, 0x18, 0x7F, 0x0D,
    0x3E, 0x0D, 0x93, 0x06, 0xC9, 0x81, 0xC4, 0xC0, 0xF2, 0x60, 0x6D, 0xFE, 0xFF, 0xFF, 0x0D, 0xC4,
    0x1F, 0xA3, 0x0F, 0xD1, 0x87, 0xE8, 0xC2, 0xDC, 0x6F, 0x63, 0xF4, 0x37, 0xEE, 0x19, 0x03, 0x00,
    0x00, 0x00, 0x01, 0x80, 0x01, 0x80, 0x7F, 0xFF, 0x01, 0x80, 0x01, 0x80, 0x7F, 0xFF, 0x63, 0x03,
    0x7E, 0x73, 0x1C, 0xE0, 0x0F, 0xF8, 0x07, 0x1C, 0x7F, 0xFE, 0x7D, 0x93, 0x1D, 0xB8, 0x39, 0x8E,
    0x71, 0x87, 0x41, 0x82, 0x18, 0x00, 0x30, 0xFE, 0x35, 0xFF, 0x6D, 0x93, 0x6D, 0x93, 0x39, 0x93,
    0x3D, 0x93, 0x37, 0x93, 0xFF, 0xFF, 0x5B, 0xFF, 0x7F, 0x93, 0x7F, 0x93, 0x7F, 0x93, 0xDB, 0x93,
    0xD9, 0xFF, 0x19, 0xFF, 0x19, 0x80, 0x10, 0x60, 0x18, 0x30, 0x0D, 0x3F, 0x9D, 0xB9, 0xC7, 0xFE,
    0xC1, 0xDB, 0xE0, 0xF0, 0xE0, 0x6C, 0xF8, 0xFF, 0xEE, 0x0D, 0xF3, 0x9F, 0x5E, 0xCF, 0xC3, 0x87,
    0xE0, 0x86, 0xDF, 0x03, 0x63, 0xE0, 0x30, 0x3C, 0x18, 0x06, 0x00, 0x10, 0x30, 0x18, 0x18, 0x0D,
    0xFF, 0xCD, 0x86, 0x06, 0xC3, 0x01, 0xCF, 0xF8, 0xF0, 0x00, 0x6F, 0xFE, 0xFF, 0x03, 0x0F, 0xB7,
    0x9F, 0x1B, 0x0F, 0xCD, 0x87, 0xEC, 0xC6, 0xF6, 0x6B, 0x66, 0x36, 0x37, 0x1A, 0x1B, 0x0F, 0x00,
    0x10, 0x00, 0x33, 0xFF, 0x34, 0x00, 0x6C, 0x00, 0x79, 0xFF, 0x39, 0x83, 0x3D, 0x83, 0x3D, 0xFF,
    0xFF, 0x80, 0x1F, 0xFF, 0x7D, 0xAF, 0x7F, 0xAF, 0x7F, 0xFF, 0xDF, 0xAF, 0xDB, 0xAF, 0x5E, 0xAF,
    0x1E, 0xAF, 0x31, 0xA3, 0x18, 0xD9, 0x8F, 0xCD, 0x9D, 0xE2, 0xC7, 0xAD, 0x61, 0xCF, 0xF8, 0xF6,
    0x30, 0xDF, 0x18, 0xFF, 0xAC, 0x0B, 0xD7, 0x9F, 0x7B, 0x0F, 0xBD, 0x85, 0x5F, 0xC6, 0xBF, 0xE3,
    0x47, 0xF0, 0x23, 0x9E, 0x11, 0xC0, 0x00, 0x7F, 0xFC, 0x99, 0x99, 0x33, 0x33, 0xFF, 0xEF, 0xFF,
    0xFF, 0xFF, 0xDB, 0xFF, 0x36, 0x06, 0x6F, 0xFC, 0xD8, 0x19, 0xBF, 0xF3, 0x60, 0x66, 0xFF, 0xCC,
    0x00, 0x1F, 0xFF, 0xB0, 0x00, 0x01, 0x80, 0x7D, 0x9F, 0x6D, 0x9F, 0x6F, 0xFB, 0x6D, 0x9B, 0x7D,
    0x9B, 0x6D, 0x9B, 0x6F, 0xFB, 0x6D, 0x9B, 0x6D, 0x9B, 0x7F, 0x5B, 0x6F, 0xDB, 0x6F, 0x7F, 0x6F,
    0xFF, 0x4F, 0xF8, 0xCC, 0x38, 0xF8, 0x18, 0x00, 0x00, 0x06, 0x00, 0x30, 0x1F, 0xFD, 0xFF, 0xFC,
    0x01, 0xE0, 0x0F, 0xFF, 0xFF, 0xFF, 0xC0, 0x1E, 0x00, 0xFF, 0xFF, 0xFF, 0xFC, 0x01, 0xE0, 0x0F,
    0xFF, 0xFF, 0xFF, 0xC0, 0x18, 0x18, 0x00, 0x0C, 0x3E, 0x06, 0x1B, 0x0F, 0xC9, 0x86, 0x6C, 0xD3,
    0xF6, 0x69, 0xBB, 0x1C, 0xDF, 0x00, 0xFF, 0xFE, 0x33, 0x7F, 0x1F, 0x99, 0x8F, 0xCD, 0x87, 0xE3,
    0xC3, 0xF1, 0xC1, 0x99, 0xF0, 0x8F, 0xDE, 0xCF, 0x83, 0x00, 0x06, 0x00, 0x0E, 0x00, 0x0F, 0xF0,
    0x18, 0x60, 0x38, 0xE0, 0x7F, 0xFE, 0x71, 0x86, 0x31, 0x86, 0x31, 0x86, 0x3F, 0xFE, 0x3F, 0xFE,
    0x30, 0x00, 0x30, 0x03, 0x30, 0x03, 0x38, 0x07, 0x1F, 0xFE, 0x07, 0xF8, 0x0C, 0x30, 0x06, 0x18,
    0x1F, 0xFF, 0xC1, 0x86, 0x03, 0x4F, 0x01, 0xCF, 0xF0, 0x2E, 0x30, 0xCF, 0xF8, 0x74, 0x78, 0x18,
    0xFF, 0x01, 0xE3, 0xC3, 0xFF, 0xE1, 0xB0, 0x61, 0x98, 0x31, 0xCC, 0x18, 0xC7, 0xFC, 0x63, 0x06,
    0x00, 0x0C, 0x00, 0x19, 0xFF, 0x31, 0xFE, 0xE0, 0x00, 0x4C, 0x00, 0x1C, 0x00, 0x1B, 0xFF, 0x39,
    0xFF, 0x78, 0x0C, 0xF8, 0x0C, 0x58, 0x0C, 0x18, 0x0C, 0x18, 0x0C, 0x18, 0x0C, 0x18, 0x0C, 0x18,
    0x7C, 0x18, 0x78, 0x00, 0x00, 0x01, 0x80, 0x00, 0xC0, 0x1F, 0xFF, 0x80, 0x30, 0x03, 0xFF, 0xE0,
    0x0C, 0x00, 0x06, 0x00, 0xFF, 0xFE, 0x07, 0xC2, 0x07, 0x33, 0x0F, 0x1B, 0x9F, 0x8F, 0x06, 0xC3,
    0x00, 0x67, 0xC0, 0x3F, 0x78, 0x7F, 0x1E, 0x38, 0x03, 0x00, 0x10, 0x34, 0x18, 0x37, 0x18, 0x33,
    0x1B, 0xFF, 0x7C, 0x30, 0x0C, 0x30, 0x0D, 0xFF, 0x1F, 0xB3, 0x3F, 0xB3, 0x3D, 0xFF, 0x7F, 0xB3,
    0xDF, 0xB3, 0x19, 0xFF, 0x19, 0xB3, 0x19, 0xB3, 0x19, 0xB3, 0x19, 0xB7, 0x7F, 0xFF, 0x06, 0x60,
    0x06, 0x60, 0x3F, 0xFE, 0x36, 0x66, 0x36, 0x66, 0x3F, 0xFE, 0x03, 0x00, 0x06, 0x00, 0xFF, 0xFF,
    0x0C, 0x38, 0x1C, 0x30, 0x1F, 0xF0, 0x17, 0xF0, 0x7F, 0xFE, 0x7E, 0x0F, 0x00, 0x00, 0x00, 0x00,
    0x0F, 0xFE, 0x06, 0x03, 0x03, 0x01, 0x81, 0xFF, 0xC0, 0xC0, 0x60, 0x60, 0x30, 0x3F, 0xF8, 0x18,
    0x0C, 0x0C, 0x06, 0x07, 0xFF, 0x00, 0xCC, 0x00, 0x66, 0x00, 0x63, 0x18, 0xF1, 0x8D, 0xE0, 0xFE,
    0x40, 0x1E, 0x00, 0x18, 0x00, 0x0C, 0xFF, 0x06, 0x61, 0x83, 0xB0, 0xC7, 0xFF, 0xE0, 0x3C, 0x30,
    0x36, 0x18, 0x33, 0xFC, 0x3D, 0x86, 0x3F, 0xC3, 0x3F, 0xFF, 0x9B, 0x0F, 0x01, 0x87, 0x80, 0xC6,
    0xC8, 0x63, 0x64, 0x37, 0x32, 0x1B, 0x0F, 0x00, 0x00, 0x00, 0x10, 0x00, 0x18, 0x7F, 0x8F, 0x8C,
    0xC6, 0xC6, 0x66, 0xC7, 0x33, 0xFB, 0x1B, 0xBF, 0x38, 0xDF, 0xF0, 0x7F, 0x78, 0x37, 0xFF, 0x9B,
    0xF6, 0x0F, 0xF3, 0x06, 0x3F, 0xF3, 0x18, 0xC1, 0x8C, 0x61, 0x86, 0x30, 0xCF, 0x18, 0x00, 0x00,
    0x00, 0x1F, 0xF8, 0x00, 0x00, 0x00, 0x00, 0x7F, 0xFF, 0x00, 0x00, 0x1F, 0xFC, 0x00, 0x00, 0x00,
    0x00, 0x1F, 0xFC, 0x00, 0x00, 0x1F, 0xFC, 0x18, 0x0C, 0x18, 0x0C, 0x18, 0x0C, 0x1F, 0xFC, 0x18,
    0x0C, 0x00, 0x18, 0x3F, 0x0C, 0x00, 0x06, 0x1F, 0xE3, 0x00, 0x01, 0x80, 0x00, 0xC1, 0xFF, 0xFC,
    0x03, 0xFF, 0x7E, 0x18, 0x00, 0x0C, 0x00, 0x06, 0x0F, 0xC3, 0x06, 0x61, 0x83, 0x30, 0xC1, 0x98,
    0x60, 0xFC, 0x30, 0x60, 0x18, 0x00, 0x7E, 0xFF, 0x00, 0x7F, 0xBF, 0xC0, 0xC0, 0x00, 0x60, 0x00,
    0x33, 0xF0, 0x18, 0x03, 0xFC, 0xFD, 0xFE, 0x00, 0xC2, 0x00, 0x60, 0x1F, 0xB0, 0x0C, 0xD8, 0x66,
    0x6C, 0x33, 0x36, 0x19, 0xFB, 0xFC, 0xC0, 0x78, 0x00, 0x00, 0x3F, 0x7E, 0x00, 0x33, 0x1F, 0xD9,
    0xA0, 0x0C, 0xD0, 0x0C, 0x79, 0xFE, 0x3C, 0x06, 0x00, 0x7F, 0xFE, 0x00, 0x7F, 0x00, 0x31, 0x8F,
    0xDD, 0x86, 0x67, 0xC3, 0x31, 0xC1, 0x99, 0xF0, 0xFF, 0xDE, 0x63, 0x87, 0x00, 0x7D, 0xFF, 0x00,
    0xFF, 0xBF, 0x86, 0x00, 0x03, 0x00, 0x09, 0x83, 0xE6, 0xC0, 0x03, 0x7C, 0xF9, 0xBE, 0x00, 0xD8,
    0x00, 0x6C, 0x1F, 0xB6, 0x0C, 0xDB, 0x06, 0x6D, 0x83, 0x36, 0xC1, 0xFF, 0xFC, 0xC3, 0xFE, 0x00,
    0x0E, 0x3E, 0x07, 0x80, 0x03, 0xDF, 0xC1, 0xEF, 0xFF, 0xF0, 0x00, 0x61, 0xF8, 0x30, 0x00, 0x18,
    0x7F, 0xFC, 0x00, 0x66, 0x00, 0x33, 0x0F, 0x99, 0x86, 0x4C, 0xC3, 0x27, 0xED, 0x9F, 0xDC, 0xFF,
    0x0E, 0x60, 0x03, 0x00, 0x00, 0xC6, 0x3F, 0x63, 0x00, 0x31, 0x9F, 0xDD, 0xC0, 0x1F, 0xF0, 0x01,
    0x81, 0xF8, 0xC0, 0x03, 0xFE, 0x7E, 0xFE, 0x00, 0x18, 0x00, 0x0C, 0x0F, 0xFF, 0xE6, 0x7F, 0xF3,
    0x31, 0x81, 0x98, 0xC0, 0xFC, 0x60, 0x60, 0x10, 0x00, 0x7D, 0xFF, 0x00, 0x19, 0xBF, 0xF8, 0xC0,
    0x1E, 0x60, 0x07, 0xB3, 0xE6, 0xF0, 0x06, 0x78, 0xFA, 0xE0, 0x00, 0x38, 0x00, 0x0C, 0x1F, 0x79,
    0x8C, 0xBC, 0x66, 0x7E, 0x33, 0x3B, 0x39, 0xFD, 0xB4, 0xC0, 0xF8, 0x7D, 0xFF, 0x00, 0x30, 0x3F,
    0x98, 0x00, 0x3F, 0xC0, 0x06, 0x63, 0xE3, 0x30, 0x01, 0x98, 0xFF, 0xFE, 0x00, 0x00, 0x00, 0x7F,
    0x1F, 0xBF, 0x8C, 0xD8, 0xC6, 0x6C, 0x63, 0x36, 0x31, 0xFB, 0xF8, 0xC1, 0x8C, 0x00, 0x30, 0x3E,
    0x18, 0x00, 0xFF, 0xDF, 0xC6, 0x00, 0x03, 0x00, 0x0F, 0xF9, 0xF0, 0x00, 0x07, 0xFE, 0x7F, 0x03,
    0x01, 0xB7, 0x80, 0x1B, 0x0F, 0x89, 0x86, 0xCC, 0xC3, 0x66, 0x6D, 0xB7, 0x34, 0xFF, 0x1E, 0x63,
    0x00, 0x00, 0x0C, 0x00, 0x06, 0x3F, 0x1F, 0xC1, 0x81, 0x80, 0x40, 0xC0, 0x20, 0x60, 0x13, 0xFF,
    0xF8, 0x18, 0xCC, 0x6C, 0x60, 0x36, 0x30, 0x1B, 0xF8, 0x4D, 0x8C, 0x67, 0xC7, 0x33, 0xE3, 0xF9,
    0xF8, 0x01, 0x9F, 0xFE, 0xC0, 0xFF, 0x00, 0x08, 0x00, 0x04, 0x3F, 0x1F, 0xFF, 0xC3, 0x80, 0x00,
    0x80, 0x03, 0xF8, 0x01, 0xAF, 0xFC, 0xFF, 0xFE, 0x6B, 0x30, 0x35, 0x98, 0x1F, 0xCD, 0x01, 0x0E,
    0xC1, 0xC6, 0x67, 0xFF, 0x38, 0x21, 0xBC, 0x13, 0xFE, 0x08, 0xE3, 0x00, 0x40, 0x00, 0x39, 0xF0,
    0x0E, 0x78, 0x03, 0x06, 0x00, 0x07, 0x00, 0x03, 0x80, 0x01, 0xC1, 0xF1, 0xE0, 0x78, 0xD8, 0x0C,
    0xEC, 0x06, 0x63, 0x03, 0x61, 0xC1, 0xF0, 0x71, 0xF0, 0x19, 0xF8, 0x01, 0xCF, 0xFE, 0x40, 0xFF,
    0x00, 0x00, 0x0E, 0x30, 0xFF, 0x1C, 0x7C, 0x03, 0x20, 0x01, 0x10, 0x00, 0x0F, 0xF8, 0x07, 0xFC,
    0xE6, 0x30, 0xFB, 0x18, 0x0D, 0x8C, 0x06, 0xC6, 0x03, 0xE3, 0x01, 0xE1, 0x81, 0xE0, 0xC1, 0xF8,
    0x21, 0xCF, 0xFE, 0x41, 0xFF, 0x00, 0x00, 0x60, 0x38, 0x30, 0x0E, 0xFF, 0x83, 0x60, 0xC0, 0x30,
    0x60, 0x18, 0x30, 0x0F, 0xF8, 0xE6, 0x00, 0xFB, 0x00, 0x0D, 0xFF, 0x06, 0xC1, 0x83, 0x60, 0xC1,
    0xB0, 0x60, 0xDF, 0xF1, 0xF8, 0x01, 0xCF, 0xFE, 0x41, 0xFF, 0x00, 0x00, 0x00, 0x39, 0xFF, 0x0C,
    0xC1, 0x83, 0x60, 0xC1, 0xBF, 0xE0, 0x18, 0x30, 0x0C, 0x19, 0xF7, 0xFC, 0x7B, 0x37, 0x0D, 0x9F,
    0x06, 0xC7, 0x03, 0x67, 0x81, 0xBF, 0xF1, 0xFC, 0x39, 0xF8, 0x01, 0xCF, 0xFE, 0x40, 0xFF, 0x00,
    0x03, 0x04, 0x31, 0xC6, 0x1C, 0x63, 0x03, 0x33, 0x81, 0x7F, 0xF0, 0x03, 0x00, 0x01, 0x81, 0xFF,
    0xFE, 0x7B, 0xFE, 0x0C, 0x38, 0x06, 0x36, 0x03, 0x3B, 0x81, 0xB8, 0xF1, 0xF8, 0x39, 0xF8, 0x01,
    0xCF, 0xFE, 0x40, 0xFF, 0x00, 0x43, 0x0C, 0x38, 0xC6, 0x0C, 0x66, 0x03, 0xFF, 0xE0, 0x7F, 0xE0,
    0x1B, 0x30, 0x0D, 0x99, 0xF6, 0xCC, 0x7B, 0x66, 0x0D, 0xFF, 0x06, 0xFF, 0x83, 0x0C, 0x01, 0x8E,
    0x01, 0xCE, 0x01, 0xFE, 0x01, 0xDF, 0xFE, 0x41, 0xFF, 0x00, 0x01, 0x98, 0x30, 0xCC, 0x0C, 0xEC,
    0x07, 0x7F, 0xE1, 0x73, 0x00, 0x79, 0x80, 0x3F, 0xF9, 0xE6, 0x60, 0x73, 0x30, 0x09, 0xFF, 0x04,
    0xCC, 0x02, 0x66, 0x03, 0x3F, 0xF1, 0xC0, 0x01, 0xF8, 0x01, 0xDF, 0xFE, 0x40, 0xFF, 0x00, 0x00,
    0x60, 0x30, 0x30, 0x1D, 0xFF, 0xC7, 0x31, 0x81, 0x19, 0x80, 0x3F, 0xF8, 0x19, 0x8D, 0xEF, 0xFE,
    0x76, 0x63, 0x0B, 0x7D, 0x85, 0xA6, 0xC2, 0xD3, 0x61, 0x6F, 0xB1, 0xF4, 0x71, 0xF8, 0x01, 0xCF,
    0xFE, 0x41, 0xFF, 0x00, 0x00, 0x00, 0x33, 0xFF, 0x1C, 0x30, 0x87, 0xFF, 0xC1, 0x67, 0x10, 0x3E,
    0xF8, 0x06, 0x61, 0xE3, 0x30, 0x77, 0xFF, 0x18, 0xCC, 0x0C, 0x66, 0x07, 0xFF, 0xE3, 0x19, 0xC1,
    0xFC, 0x71, 0xF8, 0x0D, 0xDF, 0xFE, 0x40, 0xFF, 0x00, 0x7F, 0xFF, 0x0F, 0x3F, 0x87, 0x80, 0xCF,
    0xE0, 0x67, 0xD0, 0x33, 0xEB, 0xF9, 0xF5, 0xFC, 0xEA, 0xC6, 0x77, 0x60, 0x30, 0xB0, 0x1F, 0xD8,
    0x0C, 0x2C, 0x26, 0x16, 0x13, 0xFB, 0x19, 0x85, 0xFC, 0xC2, 0x38, 0x1F, 0xFC, 0x1F, 0xFC, 0x18,
    0x0C, 0x1F, 0xFC, 0x00, 0x00, 0xFF, 0xFF, 0x1F, 0xFC, 0x3F, 0xFE, 0x3F, 0xFE, 0x31, 0x86, 0x3F,
    0xFE, 0x01, 0x80, 0x3F, 0xFE, 0x01, 0x80, 0xFF, 0xFF, 0x18, 0x00, 0x1E, 0x7F, 0x0F, 0x81, 0x8E,
    0xE0, 0xCE, 0x2F, 0xE7, 0xF0, 0x30, 0x67, 0xFC, 0x30, 0x60, 0x7F, 0xBB, 0x0D, 0x7F, 0x9F, 0xBF,
    0x8F, 0xCF, 0x87, 0xE7, 0xC1, 0xFF, 0xB1, 0xFE, 0xCD, 0xFA, 0x62, 0x00, 0x70, 0x00, 0x1F, 0xFE,
    0x0E, 0x00, 0x06, 0x00, 0x03, 0xFF, 0x81, 0x80, 0x00, 0xFF, 0xE0, 0x60, 0x00, 0x38, 0x00, 0x7F,
    0xFF, 0x0C, 0xE3, 0x06, 0x33, 0x83, 0x1F, 0x01, 0x87, 0x00, 0xFF, 0xE1, 0xFF, 0x7C, 0x70, 0x0E,
    0xFE, 0xFF, 0x8D, 0x8F, 0xFB, 0xFE, 0x36, 0x3C, 0x6C, 0x7F, 0xDF, 0xF0, 0x01, 0xEF, 0xFB, 0xC6,
    0xC7, 0x89, 0x8F, 0x7F, 0xDE, 0x66, 0x3C, 0xCC, 0x79, 0x98, 0xF6, 0x37, 0xE8, 0x7E, 0x00, 0x00,
    0xFE, 0xFF, 0x8D, 0x8F, 0x1B, 0x1F, 0xF7, 0xFC, 0x6C, 0x7F, 0xDF, 0xF0, 0x01, 0xE0, 0x03, 0xCF,
    0xE7, 0x98, 0xCF, 0x3F, 0x9E, 0x63, 0x3C, 0xC6, 0x79, 0xFC, 0xF3, 0x0F, 0xE0, 0x1E, 0x00, 0x00,
    0x00, 0x60, 0xF8, 0xF0, 0xF9, 0xF0, 0xDB, 0x98, 0xDB, 0x0C, 0xFE, 0x0E, 0xFF, 0xFE, 0xF8, 0x60,
    0xD8, 0x60, 0xDF, 0xFE, 0xD8, 0x60, 0xFB, 0x78, 0xC6, 0x6C, 0xC6, 0x66, 0xCC, 0x66, 0xCC, 0xE6,
    0xC1, 0xE0, 0x02, 0x00, 0xFE, 0x60, 0xFF, 0xFE, 0xFE, 0xE6, 0xFF, 0xBC, 0xFF, 0xBC, 0xF7, 0x18,
    0xF7, 0x1C, 0xDF, 0xFE, 0xDC, 0x02, 0xDF, 0xFC, 0xD8, 0x60, 0xF6, 0x78, 0xC6, 0x6C, 0xCE, 0x6C,
    0xCC, 0xE6, 0xC9, 0xC4, 0x00, 0x00, 0x00, 0x61, 0xF0, 0xC3, 0xFF, 0xFE, 0xCC, 0xCF, 0xFF, 0xFE,
    0x00, 0x3D, 0xFF, 0x6F, 0x06, 0xDF, 0xFD, 0xBC, 0x1B, 0x78, 0x37, 0xFF, 0xEC, 0x06, 0x19, 0xFF,
    0xF0, 0x18, 0x60, 0x30, 0xC0, 0x60, 0x00, 0xFD, 0xFF, 0xF3, 0xE9, 0x16, 0xF3, 0x6D, 0x36, 0xDE,
    0x6F, 0x3D, 0xFF, 0x6C, 0x06, 0xDB, 0xFD, 0xB0, 0x1B, 0x7F, 0xF7, 0xC7, 0x0C, 0x1E, 0x98, 0xF1,
    0xB1, 0x67, 0xE6, 0xCF, 0xC9, 0xFA, 0x0C, 0xC0, 0x0C, 0x60, 0x07, 0xFF, 0x87, 0x18, 0x07, 0x0C,
    0x07, 0xFF, 0xE1, 0x43, 0x00, 0x3F, 0xF8, 0x10, 0xC0, 0x0F, 0xFF, 0x80, 0x60, 0x0F, 0xFF, 0xE0,
    0x7F, 0x00, 0x7D, 0xC0, 0xF6, 0x79, 0xE3, 0x0E, 0x41, 0x81, 0x00, 0x7F, 0xFC, 0x03, 0x00, 0xFF,
    0xFE, 0xC3, 0x06, 0xFF, 0xFE, 0xC3, 0x06, 0x3F, 0xF8, 0x01, 0x00, 0x7F, 0xF8, 0x63, 0x18, 0x7F,
    0xF8, 0x63, 0x18, 0x7F, 0xFA, 0x63, 0x06, 0x63, 0x06, 0x01, 0xFE, 0x06, 0x60, 0x06, 0x60, 0x06,
    0x60, 0x7E, 0x7F, 0x7E, 0x7F, 0x06, 0x60, 0x06, 0x60, 0x7E, 0x7F, 0x3E, 0x7E, 0x06, 0x60, 0x0F,
    0xE0, 0xFF, 0x7F, 0x7C, 0x7F, 0x0C, 0x60, 0x18, 0x60, 0x78, 0x60, 0x60, 0x60, 0x7F, 0xFF, 0x7F,
    0xFF, 0x01, 0x80, 0x01, 0x80, 0x7F, 0xFE, 0x7F, 0xFE, 0x66, 0x36, 0x67, 0xF6, 0x66, 0x36, 0x66,
    0x36, 0x67, 0xF6, 0x66, 0x36, 0x66, 0x36, 0x7F, 0xFE, 0x7F, 0xFE, 0x60, 0x06, 0x03, 0xFF, 0x3F,
    0x18, 0x1F, 0x0C, 0x03, 0x3F, 0xE1, 0x98, 0x30, 0xCC, 0x18, 0x67, 0xFC, 0x33, 0x06, 0x19, 0x83,
    0x0F, 0xFF, 0x9F, 0xE0, 0xDE, 0x3F, 0xE0, 0x0C, 0xC0, 0x0E, 0x70, 0x1E, 0x1C, 0x0C, 0x06, 0x0C,
    0x00, 0x16, 0x7F, 0x9B, 0x06, 0x0D, 0xE3, 0x06, 0xCF, 0xF3, 0x66, 0x1B, 0xFF, 0x0C, 0x1F, 0xFE,
    0x2F, 0xC3, 0x36, 0xE1, 0x9B, 0xFF, 0xCB, 0xF8, 0x60, 0x6F, 0xF0, 0x71, 0x20, 0x71, 0xD8, 0xF3,
    0x86, 0x61, 0x81, 0x00, 0x1E, 0xF1, 0xF7, 0x8C, 0x70, 0xE3, 0x0F, 0xFF, 0x7D, 0xF1, 0xC6, 0x0E,
    0x30, 0x71, 0x83, 0x8C, 0x1C, 0x60, 0xE3, 0x07, 0x18, 0x00, 0x1F, 0x1F, 0xCC, 0x6E, 0x0F, 0xDF,
    0xCD, 0xC6, 0xE3, 0x71, 0xB8, 0xDC, 0x6E, 0x37, 0x18, 0x1F, 0x9F, 0xCC, 0x6E, 0x3F, 0xDF, 0xCD,
    0xC6, 0xE3, 0x71, 0xB8, 0xDC, 0x6E, 0x37, 0x18, 0x1E, 0xF4, 0x7D, 0xFC, 0xC7, 0x1B, 0x8C, 0x0F,
    0xFF, 0x7F, 0x7C, 0xDC, 0x61, 0xB8, 0xC3, 0x71, 0x86, 0xE3, 0x0D, 0xC6, 0x1B, 0x8C, 0x37, 0x18,
    0x60, 0x1E, 0xFE, 0x7D, 0xEC, 0xC7, 0x1B, 0x8C, 0x3F, 0xFF, 0x7F, 0x7C, 0xDC, 0x61, 0xB8, 0xC3,
    0x71, 0x86, 0xE3, 0x0D, 0xC6, 0x1B, 0x8C, 0x37, 0x18, 0x60, 0x7C, 0x1F, 0x8C, 0x73, 0x1C, 0xCF,
    0xF1, 0xFC, 0x73, 0x1C, 0xC7, 0x31, 0xCC, 0x73, 0x1C, 0xC3, 0xC0, 0x20, 0x03, 0xC0, 0x1F, 0x80,
    0x66, 0x01, 0x98, 0x7E, 0xFD, 0xFB, 0xEE, 0x06, 0x1E, 0x18, 0x3E, 0x60, 0x39, 0x80, 0x76, 0x19,
    0x9C, 0x7E, 0x3C, 0x40, 0x20, 0x00, 0x80, 0x01, 0xC0, 0x03, 0xE0, 0x07, 0xF0, 0x0C, 0x38, 0x1F,
    0xDC, 0x3F, 0xDE, 0x7F, 0xBF, 0x7F, 0x7F, 0x3F, 0x7E, 0x1F, 0xFC, 0x0F, 0xF8, 0x06, 0x70, 0x03,
    0xE0, 0x01, 0xC0, 0x00, 0x80,
};

static const EpdGlyph notosans_8_regularGlyphs[] = {
    { 0, 0, 0, 0, 0, 0, 0 }, // U+0000
    { 0, 0, 69, 0, 0, 0, 0 }, // U+000D
    { 0, 0, 69, 0, 0, 0, 0 }, // U+0020
    { 3, 13, 72, 1, 12, 5, 0 }, // !
    { 5, 5, 109, 1, 12, 4, 5 }, // "
    { 11, 12, 172, 0, 12, 17, 9 }, // #
    { 8, 14, 153, 1, 13, 14, 26 }, // $
    { 14, 14, 222, 0, 13, 25, 40 }, // %
    { 13, 14, 195, 0, 13, 23, 65 }, // &
    { 2, 5, 60, 1, 12, 2, 88 }, // '
    { 5, 15, 80, 0, 12, 10, 90 }, // (
    { 5, 15, 80, 0, 12, 10, 100 }, // )
    { 9, 8, 147, 0, 13, 9, 110 }, // *
    { 9, 9, 153, 0, 10, 11, 119 }, // +
    { 4, 5, 71, 0, 2, 3, 130 }, // ,
    { 5, 3, 86, 0, 6, 2, 133 }, // -
    { 3, 4, 71, 1, 3, 2, 135 }, // .
    { 7, 12, 99, 0, 12, 11, 137 }, // /
    { 9, 14, 153, 0, 13, 16, 148 }, // 0
    { 5, 12, 153, 1, 12, 8, 164 }, // 1
    { 9, 13, 153, 0, 13, 15, 172 }, // 2
    { 9, 14, 153, 0, 13, 16, 187 }, // 3
    { 10, 12, 153, 0, 12, 15, 203 }, // 4
    { 8, 13, 153, 1, 12, 13, 218 }, // 5
    { 9, 14, 153, 0, 13, 16, 231 }, // 6
    { 9, 12, 153, 0, 12, 14, 247 }, // 7
    { 9, 14, 153, 0, 13, 16, 261 }, // 8
    { 9, 14, 153, 0, 13, 16, 277 }, // 9
    { 3, 11, 71, 1, 10, 5, 293 }, // :
    { 4, 13, 71, 0, 10, 7, 298 }, // ;
    { 9, 10, 153, 0, 11, 12, 305 }, // <
    { 9, 6, 153, 0, 9, 7, 317 }, // =
    { 9, 10, 153, 0, 11, 12, 324 }, // >
    { 7, 14, 116, 0, 13, 13, 336 }, // ?
    { 15, 14, 240, 0, 12, 27, 349 }, // @
    { 11, 12, 170, 0, 12, 17, 376 }, // A
    { 9, 12, 173, 1, 12, 14, 393 }, // B
    { 10, 14, 169, 1, 13, 18, 407 }, // C
    { 11, 12, 195, 1, 12, 17, 425 }, // D
    { 8, 12, 148, 1, 12, 12, 442 }, // E
    { 8, 12, 138, 1, 12, 12, 454 }, // F
    { 10, 14, 194, 1, 13, 18, 466 }, // G
    { 10, 12, 198, 1, 12, 15, 484 }, // H
    { 5, 12, 90, 0, 12, 8, 499 }, // I
    { 6, 16, 73, -2, 12, 12, 507 }, // J
    { 10, 12, 165, 1, 12, 15, 519 }, // K
    { 8, 12, 140, 1, 12, 12, 534 }, // L
    { 13, 12, 242, 1, 12, 20, 546 }, // M
    { 11, 12, 203, 1, 12, 17, 566 }, // N
    { 11, 14, 208, 1, 13, 20, 583 }, // O
    { 9, 12, 161, 1, 12, 14, 603 }, // P
    { 11, 16, 208, 1, 13, 22, 617 }, // Q
    { 10, 12, 166, 1, 12, 15, 639 }, // R
    { 9, 14, 146, 0, 13, 16, 654 }, // S
    { 10, 12, 148, 0, 12, 15, 670 }, // T
    { 10, 13, 195, 1, 12, 17, 685 }, // U
    { 10, 12, 160, 0, 12, 15, 702 }, // V
    { 16, 12, 248, 0, 12, 24, 717 }, // W
    { 10, 12, 156, 0, 12, 15, 741 }, // X
    { 10, 12, 151, 0, 12, 15, 756 }, // Y
    { 9, 12, 153, 0, 12, 14, 771 }, // Z
    { 5, 15, 88, 1, 12, 10, 785 }, // [
    { 7, 12, 99, 0, 12, 11, 795 }, // <backslash>
    { 5, 15, 88, 0, 12, 10, 806 }, // ]
    { 9, 8, 153, 0, 12, 9, 816 }, // ^
    { 9, 2, 118, -1, -1, 3, 825 }, // _
    { 5, 3, 75, 0, 13, 2, 828 }, // `
    { 8, 11, 150, 0, 10, 11, 830 }, // a
    { 9, 14, 164, 1, 13, 16, 841 }, // b
    { 8, 11, 128, 0, 10, 11, 857 }, // c
    { 9, 14, 164, 0, 13, 16, 868 }, // d
    { 9, 11, 150, 0, 10, 13, 884 }, // e
    { 7, 13, 92, 0, 13, 12, 897 }, // f
    { 9, 14, 164, 0, 10, 16, 909 }, // g
    { 8, 13, 165, 1, 13, 13, 925 }, // h
    { 3, 13, 69, 1, 13, 5, 938 }, // i
    { 5, 17, 69, -1, 13, 11, 943 }, // j
    { 8, 13, 142, 1, 13, 13, 954 }, // k
    { 2, 13, 69, 1, 13, 4, 967 }, // l
    { 14, 10, 249, 1, 10, 18, 971 }, // m
    { 8, 10, 165, 1, 10, 10, 989 }, // n
    { 10, 11, 161, 0, 10, 14, 999 }, // o
    { 9, 14, 164, 1, 10, 16, 1013 }, // p
    { 9, 14, 164, 0, 10, 16, 1029 }, // q
    { 6, 10, 110, 1, 10, 8, 1045 }, // r
    { 8, 11, 128, 0, 10, 11, 1053 }, // s
    { 6, 12, 96, 0, 11, 9, 1064 }, // t
    { 8, 10, 165, 1, 9, 10, 1073 }, // u
    { 9, 9, 136, 0, 9, 11, 1083 }, // v
    { 13, 9, 210, 0, 9, 15, 1094 }, // w
    { 9, 9, 141, 0, 9, 11, 1109 }, // x
    { 9, 13, 136, 0, 9, 15, 1120 }, // y
    { 8, 9, 125, 0, 9, 9, 1135 }, // z
    { 6, 15, 101, 0, 12, 12, 1144 }, // {
    { 3, 18, 147, 3, 13, 7, 1156 }, // |
    { 6, 15, 101, 0, 12, 12, 1163 }, // }
    { 9, 3, 153, 0, 7, 4, 1175 }, // ~
    { 0, 0, 69, 0, 0, 0, 1179 }, // U+00A0
    { 3, 14, 72, 1, 10, 6, 1179 }, // U+00A1
    { 8, 14, 153, 1, 13, 14, 1185 }, // U+00A2
    { 9, 13, 153, 0, 13, 15, 1199 }, // U+00A3
    { 9, 8, 153, 0, 10, 9, 1214 }, // U+00A4
    { 10, 12, 153, 0, 12, 15, 1223 }, // U+00A5
    { 3, 18, 147, 3, 13, 7, 1238 }, // U+00A6
    { 8, 14, 137, 0, 13, 14, 1245 }, // U+00A7
    { 6, 3, 155, 2, 13, 3, 1259 }, // U+00A8
    { 14, 14, 222, 0, 13, 25, 1262 }, // U+00A9
    { 6, 7, 95, 0, 13, 6, 1287 }, // U+00AA
    { 8, 8, 136, 0, 8, 8, 1293 }, // U+00AB
    { 9, 5, 153, 0, 7, 6, 1301 }, // U+00AC
    { 5, 3, 86, 0, 6, 2, 1307 }, // U+00AD
    { 14, 14, 222, 0, 13, 25, 1309 }, // U+00AE
    { 10, 2, 133, -1, 14, 3, 1334 }, // U+00AF
    { 7, 7, 114, 0, 13, 7, 1337 }, // U+00B0
    { 9, 10, 153, 0, 10, 12, 1344 }, // U+00B1
    { 6, 9, 93, 0, 15, 7, 1356 }, // U+00B2
    { 6, 9, 93, 0, 15, 7, 1363 }, // U+00B3
    { 5, 3, 75, 0, 13, 2, 1370 }, // U+00B4
    { 8, 13, 166, 1, 9, 13, 1372 }, // U+00B5
    { 10, 16, 175, 0, 13, 20, 1385 }, // U+00B6
    { 3, 4, 71, 1, 8, 2, 1405 }, // U+00B7
    { 4, 4, 60, 0, 0, 2, 1407 }, // U+00B8
    { 4, 9, 93, 0, 15, 5, 1409 }, // U+00B9
    { 6, 7, 100, 0, 13, 6, 1414 }, // U+00BA
    { 8, 8, 136, 0, 8, 8, 1420 }, // U+00BB
    { 13, 12, 199, 0, 12, 20, 1428 }, // U+00BC
    { 13, 12, 206, 0, 12, 20, 1448 }, // U+00BD
    { 13, 13, 208, 0, 13, 22, 1468 }, // U+00BE
    { 7, 14, 116, 0, 10, 13, 1490 }, // U+00BF
    { 11, 16, 170, 0, 16, 22, 1503 }, // U+00C0
    { 11, 16, 170, 0, 16, 22, 1525 }, // U+00C1
    { 11, 16, 170, 0, 16, 22, 1547 }, // U+00C2
    { 11, 16, 170, 0, 16, 22, 1569 }, // U+00C3
    { 11, 16, 170, 0, 16, 22, 1591 }, // U+00C4
    { 11, 15, 170, 0, 15, 21, 1613 }, // U+00C5
    { 15, 12, 235, -1, 12, 23, 1634 }, // U+00C6
    { 10, 17, 169, 1, 13, 22, 1657 }, // U+00C7
    { 8, 16, 148, 1, 16, 16, 1679 }, // U+00C8
    { 8, 16, 148, 1, 16, 16, 1695 }, // U+00C9
    { 8, 16, 148, 1, 16, 16, 1711 }, // U+00CA
    { 8, 16, 148, 1, 16, 16, 1727 }, // U+00CB
    { 5, 16, 90, 0, 16, 10, 1743 }, // U+00CC
    { 6, 16, 90, 0, 16, 12, 1753 }, // U+00CD
    { 6, 16, 90, 0, 16, 12, 1765 }, // U+00CE
    { 6, 16, 90, 0, 16, 12, 1777 }, // U+00CF
    { 12, 12, 195, 0, 12, 18, 1789 }, // U+00D0
    { 11, 16, 203, 1, 16, 22, 1807 }, // U+00D1
    { 11, 17, 208, 1, 16, 24, 1829 }, // U+00D2
    { 11, 17, 208, 1, 16, 24, 1853 }, // U+00D3
    { 11, 17, 208, 1, 16, 24, 1877 }, // U+00D4
    { 11, 17, 208, 1, 16, 24, 1901 }, // U+00D5
    { 11, 17, 208, 1, 16, 24, 1925 }, // U+00D6
    { 8, 8, 153, 1, 10, 8, 1949 }, // U+00D7
    { 11, 14, 208, 1, 13, 20, 1957 }, // U+00D8
    { 10, 17, 195, 1, 16, 22, 1977 }, // U+00D9
    { 10, 17, 195, 1, 16, 22, 1999 }, // U+00DA
    { 10, 17, 195, 1, 16, 22, 2021 }, // U+00DB
    { 10, 17, 195, 1, 16, 22, 2043 }, // U+00DC
    { 10, 16, 151, 0, 16, 20, 2065 }, // U+00DD
    { 9, 12, 161, 1, 12, 14, 2085 }, // U+00DE
    { 9, 14, 168, 1, 13, 16, 2099 }, // U+00DF
    { 8, 14, 150, 0, 13, 14, 2115 }, // U+00E0
    { 8, 14, 150, 0, 13, 14, 2129 }, // U+00E1
    { 8, 14, 150, 0, 13, 14, 2143 }, // U+00E2
    { 8, 14, 150, 0, 13, 14, 2157 }, // U+00E3
    { 8, 14, 150, 0, 13, 14, 2171 }, // U+00E4
    { 8, 15, 150, 0, 14, 15, 2185 }, // U+00E5
    { 14, 11, 230, 0, 10, 20, 2200 }, // U+00E6
    { 8, 14, 128, 0, 10, 14, 2220 }, // U+00E7
    { 9, 14, 150, 0, 13, 16, 2234 }, // U+00E8
    { 9, 14, 150, 0, 13, 16, 2250 }, // U+00E9
    { 9, 14, 150, 0, 13, 16, 2266 }, // U+00EA
    { 9, 14, 150, 0, 13, 16, 2282 }, // U+00EB
    { 5, 13, 69, -1, 13, 9, 2298 }, // U+00EC
    { 4, 13, 69, 1, 13, 7, 2307 }, // U+00ED
    { 6, 13, 69, -1, 13, 10, 2314 }, // U+00EE
    { 6, 13, 69, -1, 13, 10, 2324 }, // U+00EF
    { 10, 14, 161, 0, 13, 18, 2334 }, // U+00F0
    { 8, 13, 165, 1, 13, 13, 2352 }, // U+00F1
    { 10, 14, 161, 0, 13, 18, 2365 }, // U+00F2
    { 10, 14, 161, 0, 13, 18, 2383 }, // U+00F3
    { 10, 14, 161, 0, 13, 18, 2401 }, // U+00F4
    { 10, 14, 161, 0, 13, 18, 2419 }, // U+00F5
    { 10, 14, 161, 0, 13, 18, 2437 }, // U+00F6
    { 9, 8, 153, 0, 10, 9, 2455 }, // U+00F7
    { 10, 11, 161, 0, 10, 14, 2464 }, // U+00F8
    { 8, 14, 165, 1, 13, 14, 2478 }, // U+00F9
    { 8, 14, 165, 1, 13, 14, 2492 }, // U+00FA
    { 8, 14, 165, 1, 13, 14, 2506 }, // U+00FB
    { 8, 14, 165, 1, 13, 14, 2520 }, // U+00FC
    { 9, 17, 136, 0, 13, 20, 2534 }, // U+00FD
    { 9, 17, 164, 1, 13, 20, 2554 }, // U+00FE
    { 9, 17, 136, 0, 13, 20, 2574 }, // U+00FF
    { 11, 15, 170, 0, 15, 21, 2594 }, // U+0100
    { 8, 13, 150, 0, 12, 13, 2615 }, // U+0101
    { 11, 16, 170, 0, 16, 22, 2628 }, // U+0102
    { 8, 14, 150, 0, 13, 14, 2650 }, // U+0103
    { 11, 16, 170, 0, 12, 22, 2664 }, // U+0104
    { 9, 14, 150, 0, 10, 16, 2686 }, // U+0105
    { 10, 17, 169, 1, 16, 22, 2702 }, // U+0106
    { 8, 14, 128, 0, 13, 14, 2724 }, // U+0107
    { 10, 17, 169, 1, 16, 22, 2738 }, // U+0108
    { 8, 14, 128, 0, 13, 14, 2760 }, // U+0109
    { 10, 17, 169, 1, 16, 22, 2774 }, // U+010A
    { 8, 14, 128, 0, 13, 14, 2796 }, // U+010B
    { 10, 17, 169, 1, 16, 22, 2810 }, // U+010C
    { 8, 14, 128, 0, 13, 14, 2832 }, // U+010D
    { 11, 16, 195, 1, 16, 22, 2846 }, // U+010E
    { 12, 14, 164, 0, 13, 21, 2868 }, // U+010F
    { 12, 12, 195, 0, 12, 18, 2889 }, // U+0110
    { 11, 14, 165, 0, 13, 20, 2907 }, // U+0111
    { 8, 15, 148, 1, 15, 15, 2927 }, // U+0112
    { 9, 13, 150, 0, 12, 15, 2942 }, // U+0113
    { 8, 16, 148, 1, 16, 16, 2957 }, // U+0114
    { 9, 14, 150, 0, 13, 16, 2973 }, // U+0115
    { 8, 16, 148, 1, 16, 16, 2989 }, // U+0116
    { 9, 14, 150, 0, 13, 16, 3005 }, // U+0117
    { 8, 16, 148, 1, 12, 16, 3021 }, // U+0118
    { 9, 14, 150, 0, 10, 16, 3037 }, // U+0119
    { 8, 16, 148, 1, 16, 16, 3053 }, // U+011A
    { 9, 14, 150, 0, 13, 16, 3069 }, // U+011B
    { 10, 17, 194, 1, 16, 22, 3085 }, // U+011C
    { 9, 17, 164, 0, 13, 20, 3107 }, // U+011D
    { 10, 17, 194, 1, 16, 22, 3127 }, // U+011E
    { 9, 17, 164, 0, 13, 20, 3149 }, // U+011F
    { 10, 17, 194, 1, 16, 22, 3169 }, // U+0120
    { 9, 17, 164, 0, 13, 20, 3191 }, // U+0121
    { 10, 17, 194, 1, 13, 22, 3211 }, // U+0122
    { 9, 17, 164, 0, 13, 20, 3233 }, // U+0123
    { 10, 16, 198, 1, 16, 20, 3253 }, // U+0124
    { 10, 17, 165, -1, 17, 22, 3273 }, // U+0125
    { 13, 12, 198, 0, 12, 20, 3295 }, // U+0126
    { 9, 13, 165, 0, 13, 15, 3315 }, // U+0127
    { 7, 16, 90, -1, 16, 14, 3330 }, // U+0128
    { 7, 13, 69, -1, 13, 12, 3344 }, // U+0129
    { 6, 15, 90, 0, 15, 12, 3356 }, // U+012A
    { 6, 12, 69, -1, 12, 9, 3368 }, // U+012B
    { 6, 16, 90, 0, 16, 12, 3377 }, // U+012C
    { 6, 13, 69, -1, 13, 10, 3389 }, // U+012D
    { 5, 16, 90, 0, 12, 10, 3399 }, // U+012E
    { 4, 17, 69, 0, 13, 9, 3409 }, // U+012F
    { 5, 16, 90, 0, 16, 10, 3418 }, // U+0130
    { 2, 9, 69, 1, 9, 3, 3428 }, // U+0131
    { 9, 16, 163, 0, 12, 18, 3431 }, // U+0132
    { 7, 17, 138, 1, 13, 15, 3449 }, // U+0133
    { 8, 20, 73, -2, 16, 20, 3464 }, // U+0134
    { 6, 17, 69, -1, 13, 13, 3484 }, // U+0135
    { 10, 16, 165, 1, 12, 20, 3497 }, // U+0136
    { 8, 17, 142, 1, 13, 17, 3517 }, // U+0137
    { 8, 9, 142, 1, 9, 9, 3534 }, // U+0138
    { 8, 16, 140, 1, 16, 16, 3543 }, // U+0139
    { 4, 17, 69, 1, 17, 9, 3559 }, // U+013A
    { 8, 16, 140, 1, 12, 16, 3568 }, // U+013B
    { 3, 17, 69, 1, 13, 7, 3584 }, // U+013C
    { 8, 12, 140, 1, 12, 12, 3591 }, // U+013D
    { 5, 13, 69, 1, 13, 9, 3603 }, // U+013E
    { 8, 12, 140, 1, 12, 12, 3612 }, // U+013F
    { 5, 13, 71, 1, 13, 9, 3624 }, // U+0140
    { 9, 12, 140, 0, 12, 14, 3633 }, // U+0141
    { 6, 13, 69, -1, 13, 10, 3647 }, // U+0142
    { 11, 16, 203, 1, 16, 22, 3657 }, // U+0143
    { 8, 13, 165, 1, 13, 13, 3679 }, // U+0144
    { 11, 16, 203, 1, 12, 22, 3692 }, // U+0145
    { 8, 14, 165, 1, 10, 14, 3714 }, // U+0146
    { 11, 16, 203, 1, 16, 22, 3728 }, // U+0147
    { 8, 13, 165, 1, 13, 13, 3750 }, // U+0148
    { 11, 12, 184, 0, 12, 17, 3763 }, // U+0149
    { 11, 16, 203, 1, 12, 22, 3780 }, // U+014A
    { 8, 14, 165, 1, 10, 14, 3802 }, // U+014B
    { 11, 16, 208, 1, 15, 22, 3816 }, // U+014C
    { 10, 13, 161, 0, 12, 17, 3838 }, // U+014D
    { 11, 17, 208, 1, 16, 24, 3855 }, // U+014E
    { 10, 14, 161, 0, 13, 18, 3879 }, // U+014F
    { 11, 17, 208, 1, 16, 24, 3897 }, // U+0150
    { 10, 14, 161, 0, 13, 18, 3921 }, // U+0151
    { 14, 14, 248, 1, 13, 25, 3939 }, // U+0152
    { 15, 11, 252, 0, 10, 21, 3964 }, // U+0153
    { 10, 16, 166, 1, 16, 20, 3985 }, // U+0154
    { 6, 13, 110, 1, 13, 10, 4005 }, // U+0155
    { 10, 16, 166, 1, 12, 20, 4015 }, // U+0156
    { 6, 14, 110, 1, 10, 11, 4035 }, // U+0157
    { 10, 16, 166, 1, 16, 20, 4046 }, // U+0158
    { 6, 13, 110, 1, 13, 10, 4066 }, // U+0159
    { 9, 17, 146, 0, 16, 20, 4076 }, // U+015A
    { 8, 14, 128, 0, 13, 14, 4096 }, // U+015B
    { 9, 17, 146, 0, 16, 20, 4110 }, // U+015C
    { 8, 14, 128, 0, 13, 14, 4130 }, // U+015D
    { 9, 17, 146, 0, 13, 20, 4144 }, // U+015E
    { 8, 14, 128, 0, 10, 14, 4164 }, // U+015F
    { 9, 17, 146, 0, 16, 20, 4178 }, // U+0160
    { 8, 14, 128, 0, 13, 14, 4198 }, // U+0161
    { 10, 16, 148, 0, 12, 20, 4212 }, // U+0162
    { 6, 15, 96, 0, 11, 12, 4232 }, // U+0163
    { 10, 16, 148, 0, 16, 20, 4244 }, // U+0164
    { 8, 14, 96, 0, 13, 14, 4264 }, // U+0165
    { 10, 12, 148, 0, 12, 15, 4278 }, // U+0166
    { 6, 12, 96, 0, 11, 9, 4293 }, // U+0167
    { 10, 17, 195, 1, 16, 22, 4302 }, // U+0168
    { 8, 14, 165, 1, 13, 14, 4324 }, // U+0169
    { 10, 16, 195, 1, 15, 20, 4338 }, // U+016A
    { 8, 13, 165, 1, 12, 13, 4358 }, // U+016B
    { 10, 17, 195, 1, 16, 22, 4371 }, // U+016C
    { 8, 14, 165, 1, 13, 14, 4393 }, // U+016D
    { 10, 18, 195, 1, 17, 23, 4407 }, // U+016E
    { 8, 15, 165, 1, 14, 15, 4430 }, // U+016F
    { 10, 17, 195, 1, 16, 22, 4445 }, // U+0170
    { 8, 14, 165, 1, 13, 14, 4467 }, // U+0171
    { 10, 16, 195, 1, 12, 20, 4481 }, // U+0172
    { 9, 13, 165, 1, 9, 15, 4501 }, // U+0173
    { 16, 16, 248, 0, 16, 32, 4516 }, // U+0174
    { 13, 13, 210, 0, 13, 22, 4548 }, // U+0175
    { 10, 16, 151, 0, 16, 20, 4570 }, // U+0176
    { 9, 17, 136, 0, 13, 20, 4590 }, // U+0177
    { 10, 16, 151, 0, 16, 20, 4610 }, // U+0178
    { 9, 16, 153, 0, 16, 18, 4630 }, // U+0179
    { 8, 13, 125, 0, 13, 13, 4648 }, // U+017A
    { 9, 16, 153, 0, 16, 18, 4661 }, // U+017B
    { 8, 13, 125, 0, 13, 13, 4679 }, // U+017C
    { 9, 16, 153, 0, 16, 18, 4692 }, // U+017D
    { 8, 13, 125, 0, 13, 13, 4710 }, // U+017E
    { 6, 13, 87, 1, 13, 10, 4723 }, // U+017F
    { 13, 14, 209, 1, 13, 23, 4733 }, // U+01A0
    { 11, 12, 164, 0, 11, 17, 4756 }, // U+01A1
    { 13, 14, 208, 1, 13, 23, 4773 }, // U+01AF
    { 11, 12, 180, 1, 11, 17, 4796 }, // U+01B0
    { 20, 16, 345, 1, 16, 40, 4813 }, // U+01C4
    { 19, 13, 320, 1, 13, 31, 4853 }, // U+01C5
    { 18, 14, 289, 0, 13, 32, 4884 }, // U+01C6
    { 11, 16, 213, 1, 12, 22, 4916 }, // U+01C7
    { 11, 17, 209, 1, 13, 24, 4938 }, // U+01C8
    { 7, 17, 138, 1, 13, 15, 4962 }, // U+01C9
    { 15, 16, 276, 1, 12, 30, 4977 }, // U+01CA
    { 15, 17, 272, 1, 13, 32, 5007 }, // U+01CB
    { 13, 17, 234, 1, 13, 28, 5039 }, // U+01CC
    { 11, 16, 170, 0, 16, 22, 5067 }, // U+01CD
    { 8, 14, 150, 0, 13, 14, 5089 }, // U+01CE
    { 6, 16, 90, 0, 16, 12, 5103 }, // U+01CF
    { 6, 13, 69, -1, 13, 10, 5115 }, // U+01D0
    { 11, 17, 208, 1, 16, 24, 5125 }, // U+01D1
    { 10, 14, 161, 0, 13, 18, 5149 }, // U+01D2
    { 10, 17, 195, 1, 16, 22, 5167 }, // U+01D3
    { 8, 14, 165, 1, 13, 14, 5189 }, // U+01D4
    { 10, 18, 195, 1, 17, 23, 5203 }, // U+01D5
    { 8, 15, 165, 1, 14, 15, 5226 }, // U+01D6
    { 10, 19, 195, 1, 18, 24, 5241 }, // U+01D7
    { 8, 16, 165, 1, 15, 16, 5265 }, // U+01D8
    { 10, 19, 195, 1, 18, 24, 5281 }, // U+01D9
    { 8, 16, 165, 1, 15, 16, 5305 }, // U+01DA
    { 10, 19, 195, 1, 18, 24, 5321 }, // U+01DB
    { 8, 16, 165, 1, 15, 16, 5345 }, // U+01DC
    { 9, 11, 150, 0, 10, 13, 5361 }, // U+01DD
    { 11, 17, 170, 0, 17, 24, 5374 }, // U+01DE
    { 8, 15, 150, 0, 14, 15, 5398 }, // U+01DF
    { 11, 17, 170, 0, 17, 24, 5413 }, // U+01E0
    { 8, 15, 150, 0, 14, 15, 5437 }, // U+01E1
    { 15, 15, 235, -1, 15, 29, 5452 }, // U+01E2
    { 14, 13, 230, 0, 12, 23, 5481 }, // U+01E3
    { 11, 14, 194, 1, 13, 20, 5504 }, // U+01E4
    { 10, 14, 164, 0, 10, 18, 5524 }, // U+01E5
    { 10, 17, 194, 1, 16, 22, 5542 }, // U+01E6
    { 9, 17, 164, 0, 13, 20, 5564 }, // U+01E7
    { 10, 16, 165, 1, 16, 20, 5584 }, // U+01E8
    { 10, 17, 142, -1, 17, 22, 5604 }, // U+01E9
    { 11, 17, 208, 1, 13, 24, 5626 }, // U+01EA
    { 10, 14, 161, 0, 10, 18, 5650 }, // U+01EB
    { 11, 19, 208, 1, 15, 27, 5668 }, // U+01EC
    { 10, 16, 161, 0, 12, 20, 5695 }, // U+01ED
    { 9, 17, 156, 0, 16, 20, 5715 }, // U+01EE
    { 8, 17, 133, 0, 13, 17, 5735 }, // U+01EF
    { 6, 17, 69, -1, 13, 13, 5752 }, // U+01F0
    { 20, 12, 345, 1, 12, 30, 5765 }, // U+01F1
    { 19, 12, 320, 1, 12, 29, 5795 }, // U+01F2
    { 18, 14, 289, 0, 13, 32, 5824 }, // U+01F3
    { 10, 17, 194, 1, 16, 22, 5856 }, // U+01F4
    { 9, 17, 164, 0, 13, 20, 5878 }, // U+01F5
    { 14, 13, 250, 1, 12, 23, 5898 }, // U+01F6
    { 10, 17, 176, 1, 13, 22, 5921 }, // U+01F7
    { 11, 16, 203, 1, 16, 22, 5943 }, // U+01F8
    { 8, 13, 165, 1, 13, 13, 5965 }, // U+01F9
    { 11, 16, 171, 0, 16, 22, 5978 }, // U+01FA
    { 8, 17, 150, 0, 16, 17, 6000 }, // U+01FB
    { 15, 16, 235, -1, 16, 30, 6017 }, // U+01FC
    { 14, 14, 230, 0, 13, 25, 6047 }, // U+01FD
    { 11, 17, 208, 1, 16, 24, 6072 }, // U+01FE
    { 10, 14, 161, 0, 13, 18, 6096 }, // U+01FF
    { 11, 16, 170, 0, 16, 22, 6114 }, // U+0200
    { 8, 14, 150, 0, 13, 14, 6136 }, // U+0201
    { 11, 16, 170, 0, 16, 22, 6150 }, // U+0202
    { 8, 14, 150, 0, 13, 14, 6172 }, // U+0203
    { 8, 16, 148, 1, 16, 16, 6186 }, // U+0204
    { 9, 14, 150, 0, 13, 16, 6202 }, // U+0205
    { 8, 16, 148, 1, 16, 16, 6218 }, // U+0206
    { 9, 14, 150, 0, 13, 16, 6234 }, // U+0207
    { 7, 16, 90, -1, 16, 14, 6250 }, // U+0208
    { 7, 13, 69, -2, 13, 12, 6264 }, // U+0209
    { 6, 16, 90, 0, 16, 12, 6276 }, // U+020A
    { 6, 13, 69, -1, 13, 10, 6288 }, // U+020B
    { 11, 17, 208, 1, 16, 24, 6298 }, // U+020C
    { 10, 14, 161, 0, 13, 18, 6322 }, // U+020D
    { 11, 17, 208, 1, 16, 24, 6340 }, // U+020E
    { 10, 14, 161, 0, 13, 18, 6364 }, // U+020F
    { 10, 16, 166, 1, 16, 20, 6382 }, // U+0210
    { 7, 13, 110, 0, 13, 12, 6402 }, // U+0211
    { 10, 16, 166, 1, 16, 20, 6414 }, // U+0212
    { 6, 13, 110, 1, 13, 10, 6434 }, // U+0213
    { 10, 17, 195, 1, 16, 22, 6444 }, // U+0214
    { 8, 14, 165, 1, 13, 14, 6466 }, // U+0215
    { 10, 17, 195, 1, 16, 22, 6480 }, // U+0216
    { 8, 14, 165, 1, 13, 14, 6502 }, // U+0217
    { 9, 17, 146, 0, 13, 20, 6516 }, // U+0218
    { 8, 14, 128, 0, 10, 14, 6536 }, // U+0219
    { 10, 16, 148, 0, 12, 20, 6550 }, // U+021A
    { 6, 15, 96, 0, 11, 12, 6570 }, // U+021B
    { 9, 16, 153, 0, 13, 18, 6582 }, // U+021C
    { 8, 14, 132, 0, 10, 14, 6600 }, // U+021D
    { 10, 16, 198, 1, 16, 20, 6614 }, // U+021E
    { 10, 17, 165, -1, 17, 22, 6634 }, // U+021F
    { 5, 3, 0, -9, 13, 2, 6656 }, // U+0300
    { 4, 3, 0, -6, 13, 2, 6658 }, // U+0301
    { 6, 3, 0, -3, 13, 3, 6660 }, // U+0302
    { 7, 3, 0, -9, 13, 3, 6663 }, // U+0303
    { 6, 2, 0, -3, 12, 2, 6666 }, // U+0304
    { 8, 3, 0, -4, 15, 3, 6668 }, // U+0305
    { 6, 3, 0, -3, 13, 3, 6671 }, // U+0306
    { 2, 3, 0, -1, 13, 1, 6674 }, // U+0307
    { 6, 3, 0, -3, 13, 3, 6675 }, // U+0308
    { 4, 5, 0, -7, 14, 3, 6678 }, // U+0309
    { 4, 4, 0, -2, 14, 2, 6681 }, // U+030A
    { 7, 3, 0, -3, 13, 3, 6683 }, // U+030B
    { 6, 3, 0, -3, 13, 3, 6686 }, // U+030C
    { 2, 4, 0, -1, 13, 1, 6689 }, // U+030D
    { 4, 4, 0, -2, 13, 2, 6690 }, // U+030E
    { 7, 3, 0, -9, 13, 3, 6692 }, // U+030F
    { 6, 5, 0, -3, 15, 4, 6695 }, // U+0310
    { 6, 3, 0, -3, 13, 3, 6699 }, // U+0311
    { 4, 5, 0, -2, 12, 3, 6702 }, // U+0312
    { 4, 5, 0, -2, 12, 3, 6705 }, // U+0313
    { 4, 5, 0, -2, 12, 3, 6708 }, // U+0314
    { 4, 5, 0, -2, 12, 3, 6711 }, // U+0315
    { 4, 3, 0, -2, 0, 2, 6714 }, // U+0316
    { 4, 3, 0, -2, 0, 2, 6716 }, // U+0317
    { 4, 4, 0, -2, 0, 2, 6718 }, // U+0318
    { 4, 4, 0, -2, 0, 2, 6720 }, // U+0319
    { 5, 5, 83, 0, 13, 4, 6722 }, // U+031A
    { 4, 4, 0, -2, 13, 2, 6726 }, // U+031B
    { 2, 4, 0, -1, 0, 1, 6728 }, // U+031C
    { 4, 4, 0, -2, 0, 2, 6729 }, // U+031D
    { 4, 4, 0, -2, 0, 2, 6731 }, // U+031E
    { 4, 4, 0, -2, 0, 2, 6733 }, // U+031F
    { 4, 2, 0, -2, -1, 1, 6735 }, // U+0320
    { 3, 5, 0, -3, 1, 2, 6736 }, // U+0321
    { 3, 5, 0, 0, 1, 2, 6738 }, // U+0322
    { 2, 2, 0, -6, -1, 1, 6740 }, // U+0323
    { 6, 3, 0, -3, 0, 3, 6741 }, // U+0324
    { 4, 4, 0, -2, 0, 2, 6744 }, // U+0325
    { 4, 3, 0, -2, -1, 2, 6746 }, // U+0326
    { 4, 4, 0, -2, 0, 2, 6748 }, // U+0327
    { 4, 5, 0, -2, 1, 3, 6750 }, // U+0328
    { 2, 4, 0, -1, 0, 1, 6753 }, // U+0329
    { 6, 4, 0, -3, 0, 3, 6754 }, // U+032A
    { 8, 2, 0, -4, -1, 2, 6757 }, // U+032B
    { 6, 3, 0, -3, 0, 3, 6759 }, // U+032C
    { 6, 3, 0, -3, 0, 3, 6762 }, // U+032D
    { 6, 3, 0, -3, 0, 3, 6765 }, // U+032E
    { 6, 3, 0, -3, 0, 3, 6768 }, // U+032F
    { 8, 3, 0, -4, 0, 3, 6771 }, // U+0330
    { 6, 2, 0, -3, -1, 2, 6774 }, // U+0331
    { 8, 2, 0, -4, -1, 2, 6776 }, // U+0332
    { 8, 4, 0, -4, 0, 4, 6778 }, // U+0333
    { 7, 3, 0, -3, 6, 3, 6782 }, // U+0334
    { 8, 3, 0, -4, 6, 3, 6785 }, // U+0335
    { 12, 2, 0, -6, 6, 3, 6788 }, // U+0336
    { 6, 4, 0, -3, 7, 3, 6791 }, // U+0337
    { 8, 14, 0, -4, 13, 14, 6794 }, // U+0338
    { 2, 4, 0, -1, 0, 1, 6808 }, // U+0339
    { 6, 4, 0, -3, 0, 3, 6809 }, // U+033A
    { 8, 4, 0, -4, 0, 4, 6812 }, // U+033B
    { 8, 2, 0, -4, -1, 2, 6816 }, // U+033C
    { 4, 4, 0, -2, 13, 2, 6818 }, // U+033D
    { 4, 6, 0, -2, 15, 3, 6820 }, // U+033E
    { 8, 4, 0, -4, 16, 4, 6823 }, // U+033F
    { 4, 3, 0, -3, 13, 2, 6827 }, // U+0340
    { 4, 3, 0, -1, 13, 2, 6829 }, // U+0341
    { 8, 3, 0, -4, 13, 3, 6831 }, // U+0342
    { 4, 3, 0, -2, 13, 2, 6834 }, // U+0343
    { 7, 3, 0, -3, 13, 3, 6836 }, // U+0344
    { 3, 3, 0, -1, -1, 2, 6839 }, // U+0345
    { 8, 4, 0, -4, 13, 4, 6841 }, // U+0346
    { 8, 4, 0, -4, 0, 4, 6845 }, // U+0347
    { 4, 4, 0, -2, 0, 2, 6849 }, // U+0348
    { 4, 3, 0, -2, -1, 2, 6851 }, // U+0349
    { 8, 4, 0, -4, 13, 4, 6853 }, // U+034A
    { 8, 7, 0, -4, 16, 7, 6857 }, // U+034B
    { 6, 5, 0, -3, 15, 4, 6864 }, // U+034C
    { 6, 4, 0, -3, 0, 3, 6868 }, // U+034D
    { 4, 4, 0, -2, 0, 2, 6871 }, // U+034E
    { 12, 12, 0, -6, 12, 18, 6873 }, // U+034F
    { 4, 5, 0, -2, 14, 3, 6891 }, // U+0350
    { 3, 5, 0, -1, 14, 2, 6894 }, // U+0351
    { 6, 4, 0, -3, 14, 3, 6896 }, // U+0352
    { 4, 4, 0, -2, 0, 2, 6899 }, // U+0353
    { 4, 4, 0, -2, 0, 2, 6901 }, // U+0354
    { 4, 4, 0, -2, 0, 2, 6903 }, // U+0355
    { 8, 4, 0, -4, 0, 4, 6905 }, // U+0356
    { 3, 5, 0, -1, 14, 2, 6909 }, // U+0357
    { 2, 3, 0, 2, 13, 1, 6911 }, // U+0358
    { 4, 4, 0, -2, 0, 2, 6912 }, // U+0359
    { 8, 4, 0, -4, 0, 4, 6914 }, // U+035A
    { 4, 5, 0, -2, 14, 3, 6918 }, // U+035B
    { 14, 4, 0, -7, 0, 7, 6921 }, // U+035C
    { 14, 4, 0, -7, 14, 7, 6928 }, // U+035D
    { 10, 2, 0, -5, 12, 3, 6935 }, // U+035E
    { 10, 2, 0, -5, 0, 3, 6938 }, // U+035F
    { 14, 3, 0, -7, 13, 6, 6941 }, // U+0360
    { 14, 5, 0, -7, 15, 9, 6947 }, // U+0361
    { 14, 4, 0, -7, 0, 7, 6956 }, // U+0362
    { 4, 4, 0, -2, 14, 2, 6963 }, // U+0363
    { 4, 4, 0, -2, 14, 2, 6965 }, // U+0364
    { 2, 6, 0, -1, 16, 2, 6967 }, // U+0365
    { 5, 4, 0, -2, 14, 3, 6969 }, // U+0366
    { 4, 4, 0, -2, 14, 2, 6972 }, // U+0367
    { 4, 4, 0, -2, 14, 2, 6974 }, // U+0368
    { 4, 6, 0, -2, 16, 3, 6976 }, // U+0369
    { 4, 6, 0, -2, 16, 3, 6979 }, // U+036A
    { 7, 4, 0, -3, 14, 4, 6982 }, // U+036B
    { 3, 4, 0, -1, 14, 2, 6986 }, // U+036C
    { 4, 5, 0, -2, 15, 3, 6988 }, // U+036D
    { 5, 4, 0, -2, 14, 3, 6991 }, // U+036E
    { 5, 4, 0, -2, 14, 3, 6994 }, // U+036F
    { 8, 16, 148, 1, 16, 16, 6997 }, // U+0400
    { 8, 16, 148, 1, 16, 16, 7013 }, // U+0401
    { 12, 13, 191, 0, 12, 20, 7029 }, // U+0402
    { 8, 16, 136, 1, 16, 16, 7049 }, // U+0403
    { 9, 14, 170, 1, 13, 16, 7065 }, // U+0404
    { 9, 14, 146, 0, 13, 16, 7081 }, // U+0405
    { 3, 12, 76, 1, 12, 5, 7097 }, // U+0406
    { 5, 16, 76, 0, 16, 10, 7102 }, // U+0407
    { 6, 16, 73, -2, 12, 12, 7112 }, // U+0408
    { 16, 13, 269, 0, 12, 26, 7124 }, // U+0409
    { 16, 12, 274, 1, 12, 24, 7150 }, // U+040A
    { 11, 12, 191, 0, 12, 17, 7174 }, // U+040B
    { 10, 16, 167, 1, 16, 20, 7191 }, // U+040C
    { 10, 16, 202, 1, 16, 20, 7211 }, // U+040D
    { 11, 17, 164, 0, 16, 24, 7231 }, // U+040E
    { 10, 15, 195, 1, 12, 19, 7255 }, // U+040F
    { 11, 12, 170, 0, 12, 17, 7274 }, // U+0410
    { 9, 12, 164, 1, 12, 14, 7291 }, // U+0411
    { 9, 12, 173, 1, 12, 14, 7305 }, // U+0412
    { 8, 12, 136, 1, 12, 12, 7319 }, // U+0413
    { 12, 15, 194, 0, 12, 23, 7331 }, // U+0414
    { 8, 12, 148, 1, 12, 12, 7354 }, // U+0415
    { 16, 12, 241, 0, 12, 24, 7366 }, // U+0416
    { 9, 14, 154, 0, 13, 16, 7390 }, // U+0417
    { 10, 12, 202, 1, 12, 15, 7406 }, // U+0418
    { 10, 16, 202, 1, 16, 20, 7421 }, // U+0419
    { 10, 12, 167, 1, 12, 15, 7441 }, // U+041A
    { 11, 13, 186, 0, 12, 18, 7456 }, // U+041B
    { 13, 12, 242, 1, 12, 20, 7474 }, // U+041C
    { 10, 12, 198, 1, 12, 15, 7494 }, // U+041D
    { 11, 14, 203, 1, 13, 20, 7509 }, // U+041E
    { 10, 12, 196, 1, 12, 15, 7529 }, // U+041F
    { 9, 12, 161, 1, 12, 14, 7544 }, // U+0420
    { 9, 14, 171, 1, 13, 16, 7558 }, // U+0421
    { 10, 12, 148, 0, 12, 15, 7574 }, // U+0422
    { 11, 13, 164, 0, 12, 18, 7589 }, // U+0423
    { 13, 14, 218, 0, 13, 23, 7607 }, // U+0424
    { 10, 12, 157, 0, 12, 15, 7630 }, // U+0425
    { 12, 15, 197, 1, 12, 23, 7645 }, // U+0426
    { 9, 12, 180, 1, 12, 14, 7668 }, // U+0427
    { 15, 12, 276, 1, 12, 23, 7682 }, // U+0428
    { 16, 15, 274, 1, 12, 30, 7705 }, // U+0429
    { 11, 12, 183, 0, 12, 17, 7735 }, // U+042A
    { 12, 12, 226, 1, 12, 18, 7752 }, // U+042B
    { 9, 12, 162, 1, 12, 14, 7770 }, // U+042C
    { 10, 14, 173, 0, 13, 18, 7784 }, // U+042D
    { 15, 14, 266, 1, 13, 27, 7802 }, // U+042E
    { 10, 12, 170, 0, 12, 15, 7829 }, // U+042F
    { 8, 11, 148, 0, 10, 11, 7844 }, // U+0430
    { 10, 14, 159, 0, 13, 18, 7855 }, // U+0431
    { 8, 9, 150, 1, 9, 9, 7873 }, // U+0432
    { 6, 9, 117, 1, 9, 7, 7882 }, // U+0433
    { 10, 12, 162, 0, 9, 15, 7889 }, // U+0434
    { 9, 11, 147, 0, 10, 13, 7904 }, // U+0435
    { 13, 9, 202, 0, 9, 15, 7917 }, // U+0436
    { 8, 11, 130, 0, 10, 11, 7932 }, // U+0437
    { 8, 9, 166, 1, 9, 9, 7943 }, // U+0438
    { 8, 13, 166, 1, 13, 13, 7952 }, // U+0439
    { 8, 9, 142, 1, 9, 9, 7965 }, // U+043A
    { 9, 10, 157, 0, 9, 12, 7974 }, // U+043B
    { 11, 9, 205, 1, 9, 13, 7986 }, // U+043C
    { 8, 9, 164, 1, 9, 9, 7999 }, // U+043D
    { 10, 11, 158, 0, 10, 14, 8008 }, // U+043E
    { 8, 9, 162, 1, 9, 9, 8022 }, // U+043F
    { 9, 14, 162, 1, 10, 16, 8031 }, // U+0440
    { 8, 11, 132, 0, 10, 11, 8047 }, // U+0441
    { 8, 9, 124, 0, 9, 9, 8058 }, // U+0442
    { 9, 13, 136, 0, 9, 15, 8067 }, // U+0443
    { 12, 17, 197, 0, 13, 26, 8082 }, // U+0444
    { 9, 9, 136, 0, 9, 11, 8108 }, // U+0445
    { 10, 12, 163, 1, 9, 15, 8119 }, // U+0446
    { 8, 9, 157, 1, 9, 9, 8134 }, // U+0447
    { 13, 9, 238, 1, 9, 15, 8143 }, // U+0448
    { 14, 12, 239, 1, 9, 21, 8158 }, // U+0449
    { 10, 9, 166, 0, 9, 12, 8179 }, // U+044A
    { 11, 9, 202, 1, 9, 13, 8191 }, // U+044B
    { 8, 9, 145, 1, 9, 9, 8204 }, // U+044C
    { 8, 11, 132, 0, 10, 11, 8213 }, // U+044D
    { 12, 11, 213, 1, 10, 17, 8224 }, // U+044E
    { 9, 9, 154, 0, 9, 11, 8241 }, // U+044F
    { 9, 14, 147, 0, 13, 16, 8252 }, // U+0450
    { 9, 14, 147, 0, 13, 16, 8268 }, // U+0451
    { 9, 17, 165, 0, 13, 20, 8284 }, // U+0452
    { 6, 13, 117, 1, 13, 10, 8304 }, // U+0453
    { 8, 11, 132, 0, 10, 11, 8314 }, // U+0454
    { 8, 11, 125, 0, 10, 11, 8325 }, // U+0455
    { 3, 13, 69, 1, 13, 5, 8336 }, // U+0456
    { 4, 13, 69, 0, 13, 7, 8341 }, // U+0457
    { 5, 17, 69, -1, 13, 11, 8348 }, // U+0458
    { 14, 10, 229, 0, 9, 18, 8359 }, // U+0459
    { 14, 9, 237, 1, 9, 16, 8377 }, // U+045A
    { 9, 13, 166, 0, 13, 15, 8393 }, // U+045B
    { 8, 13, 142, 1, 13, 13, 8408 }, // U+045C
    { 8, 13, 166, 1, 13, 13, 8421 }, // U+045D
    { 9, 17, 136, 0, 13, 20, 8434 }, // U+045E
    { 8, 12, 162, 1, 9, 12, 8454 }, // U+045F
    { 15, 13, 245, 0, 12, 25, 8466 }, // U+0460
    { 13, 9, 210, 0, 9, 15, 8491 }, // U+0461
    { 11, 12, 180, 0, 12, 17, 8506 }, // U+0462
    { 10, 11, 169, 0, 11, 14, 8523 }, // U+0463
    { 14, 14, 246, 1, 13, 25, 8537 }, // U+0464
    { 11, 11, 198, 1, 10, 16, 8562 }, // U+0465
    { 12, 12, 182, 0, 12, 18, 8578 }, // U+0466
    { 10, 9, 153, 0, 9, 12, 8596 }, // U+0467
    { 15, 12, 248, 1, 12, 23, 8608 }, // U+0468
    { 12, 9, 208, 1, 9, 14, 8631 }, // U+0469
    { 12, 12, 194, 0, 12, 18, 8645 }, // U+046A
    { 11, 9, 171, 0, 9, 13, 8663 }, // U+046B
    { 16, 12, 262, 1, 12, 24, 8676 }, // U+046C
    { 14, 9, 226, 1, 9, 16, 8700 }, // U+046D
    { 9, 19, 157, 0, 15, 22, 8716 }, // U+046E
    { 8, 16, 131, 0, 12, 16, 8738 }, // U+046F
    { 12, 12, 214, 1, 12, 18, 8754 }, // U+0470
    { 11, 17, 203, 1, 13, 24, 8772 }, // U+0471
    { 11, 14, 209, 1, 13, 20, 8796 }, // U+0472
    { 10, 11, 161, 0, 10, 14, 8816 }, // U+0473
    { 12, 12, 169, 0, 12, 18, 8830 }, // U+0474
    { 9, 10, 138, 0, 10, 12, 8848 }, // U+0475
    { 12, 16, 169, 0, 16, 24, 8860 }, // U+0476
    { 9, 13, 138, 0, 13, 15, 8884 }, // U+0477
    { 20, 17, 325, 1, 13, 43, 8899 }, // U+0478
    { 19, 14, 292, 0, 10, 34, 8942 }, // U+0479
    { 12, 14, 219, 1, 13, 21, 8976 }, // U+047A
    { 11, 11, 176, 0, 10, 16, 8997 }, // U+047B
    { 16, 19, 274, 1, 18, 38, 9013 }, // U+047C
    { 15, 16, 241, 0, 15, 30, 9051 }, // U+047D
    { 15, 16, 245, 0, 15, 30, 9081 }, // U+047E
    { 13, 12, 210, 0, 12, 20, 9111 }, // U+047F
    { 10, 17, 172, 1, 13, 22, 9131 }, // U+0480
    { 8, 14, 131, 0, 10, 14, 9153 }, // U+0481
    { 10, 12, 162, 0, 11, 15, 9167 }, // U+0482
    { 7, 3, 0, -8, 12, 3, 9182 }, // U+0483
    { 7, 3, 0, -8, 13, 3, 9185 }, // U+0484
    { 3, 3, 0, -6, 13, 2, 9188 }, // U+0485
    { 3, 3, 0, -6, 13, 2, 9190 }, // U+0486
    { 7, 3, 0, -4, 15, 3, 9192 }, // U+0487
    { 20, 19, 0, -10, 14, 48, 9195 }, // U+0488
    { 20, 19, 0, -10, 14, 48, 9243 }, // U+0489
    { 12, 20, 209, 1, 16, 30, 9291 }, // U+048A
    { 10, 17, 176, 1, 13, 22, 9321 }, // U+048B
    { 10, 12, 164, 0, 12, 15, 9343 }, // U+048C
    { 10, 13, 158, 0, 13, 17, 9358 }, // U+048D
    { 9, 12, 164, 1, 12, 14, 9375 }, // U+048E
    { 9, 14, 164, 1, 10, 16, 9389 }, // U+048F
    { 8, 15, 142, 1, 15, 15, 9405 }, // U+0490
    { 6, 12, 116, 1, 12, 9, 9420 }, // U+0491
    { 9, 12, 141, 0, 12, 14, 9429 }, // U+0492
    { 7, 9, 116, 0, 9, 8, 9443 }, // U+0493
    { 10, 17, 174, 1, 12, 22, 9451 }, // U+0494
    { 8, 14, 142, 1, 9, 14, 9473 }, // U+0495
    { 15, 16, 241, 0, 12, 30, 9487 }, // U+0496
    { 13, 13, 212, 0, 9, 22, 9517 }, // U+0497
    { 9, 17, 154, 0, 13, 20, 9539 }, // U+0498
    { 8, 14, 130, 0, 10, 14, 9559 }, // U+0499
    { 10, 16, 179, 1, 12, 20, 9573 }, // U+049A
    { 9, 13, 149, 1, 9, 15, 9593 }, // U+049B
    { 10, 12, 167, 1, 12, 15, 9608 }, // U+049C
    { 8, 9, 141, 1, 9, 9, 9623 }, // U+049D
    { 11, 12, 167, 0, 12, 17, 9632 }, // U+049E
    { 9, 13, 142, 0, 13, 15, 9649 }, // U+049F
    { 12, 12, 185, 0, 12, 18, 9664 }, // U+04A0
    { 11, 9, 166, 0, 9, 13, 9682 }, // U+04A1
    { 12, 16, 201, 1, 12, 24, 9695 }, // U+04A2
    { 10, 13, 175, 1, 9, 17, 9719 }, // U+04A3
    { 13, 12, 217, 1, 12, 20, 9736 }, // U+04A4
    { 12, 9, 197, 1, 9, 14, 9756 }, // U+04A5
    { 16, 17, 282, 1, 12, 34, 9770 }, // U+04A6
    { 13, 14, 230, 1, 9, 23, 9804 }, // U+04A7
    { 12, 14, 208, 1, 13, 21, 9827 }, // U+04A8
    { 11, 11, 171, 0, 10, 16, 9848 }, // U+04A9
    { 10, 17, 169, 1, 13, 22, 9864 }, // U+04AA
    { 8, 14, 128, 0, 10, 14, 9886 }, // U+04AB
    { 10, 16, 148, 0, 12, 20, 9900 }, // U+04AC
    { 8, 13, 127, 0, 9, 13, 9920 }, // U+04AD
    { 10, 12, 151, 0, 12, 15, 9933 }, // U+04AE
    { 9, 13, 136, 0, 9, 15, 9948 }, // U+04AF
    { 10, 12, 151, 0, 12, 15, 9963 }, // U+04B0
    { 9, 13, 136, 0, 9, 15, 9978 }, // U+04B1
    { 11, 16, 168, 0, 12, 22, 9993 }, // U+04B2
    { 9, 13, 147, 0, 9, 15, 10015 }, // U+04B3
    { 14, 16, 230, 0, 12, 28, 10030 }, // U+04B4
    { 12, 13, 193, 0, 9, 20, 10058 }, // U+04B5
    { 11, 16, 188, 1, 12, 22, 10078 }, // U+04B6
    { 10, 13, 166, 1, 9, 17, 10100 }, // U+04B7
    { 10, 12, 186, 1, 12, 15, 10117 }, // U+04B8
    { 8, 9, 162, 1, 9, 9, 10132 }, // U+04B9
    { 10, 12, 186, 1, 12, 15, 10141 }, // U+04BA
    { 8, 13, 165, 1, 13, 13, 10156 }, // U+04BB
    { 14, 14, 226, 0, 13, 25, 10169 }, // U+04BC
    { 11, 11, 177, 0, 10, 16, 10194 }, // U+04BD
    { 14, 17, 226, 0, 13, 30, 10210 }, // U+04BE
    { 11, 14, 177, 0, 10, 20, 10240 }, // U+04BF
    { 5, 12, 90, 0, 12, 8, 10260 }, // U+04C0
    { 16, 16, 241, 0, 16, 32, 10268 }, // U+04C1
    { 13, 13, 202, 0, 13, 22, 10300 }, // U+04C2
    { 10, 17, 186, 1, 12, 22, 10322 }, // U+04C3
    { 8, 14, 149, 1, 9, 14, 10344 }, // U+04C4
    { 12, 16, 192, 0, 12, 24, 10358 }, // U+04C5
    { 10, 13, 157, 0, 9, 17, 10382 }, // U+04C6
    { 10, 17, 195, 1, 12, 22, 10399 }, // U+04C7
    { 9, 14, 166, 1, 9, 16, 10421 }, // U+04C8
    { 12, 16, 202, 1, 12, 24, 10437 }, // U+04C9
    { 10, 13, 177, 1, 9, 17, 10461 }, // U+04CA
    { 10, 16, 186, 1, 12, 20, 10478 }, // U+04CB
    { 8, 13, 164, 1, 9, 13, 10498 }, // U+04CC
    { 15, 16, 245, 1, 12, 30, 10511 }, // U+04CD
    { 12, 13, 201, 1, 9, 20, 10541 }, // U+04CE
    { 5, 12, 90, 0, 12, 8, 10561 }, // U+04CF
    { 11, 16, 170, 0, 16, 22, 10569 }, // U+04D0
    { 8, 14, 150, 0, 13, 14, 10591 }, // U+04D1
    { 11, 16, 170, 0, 16, 22, 10605 }, // U+04D2
    { 8, 14, 150, 0, 13, 14, 10627 }, // U+04D3
    { 15, 12, 235, -1, 12, 23, 10641 }, // U+04D4
    { 14, 11, 230, 0, 10, 20, 10664 }, // U+04D5
    { 8, 16, 148, 1, 16, 16, 10684 }, // U+04D6
    { 9, 14, 150, 0, 13, 16, 10700 }, // U+04D7
    { 12, 14, 197, 0, 13, 21, 10716 }, // U+04D8
    { 9, 11, 150, 0, 10, 13, 10737 }, // U+04D9
    { 12, 17, 197, 0, 16, 26, 10750 }, // U+04DA
    { 9, 14, 150, 0, 13, 16, 10776 }, // U+04DB
    { 16, 16, 241, 0, 16, 32, 10792 }, // U+04DC
    { 13, 13, 202, 0, 13, 22, 10824 }, // U+04DD
    { 9, 17, 154, 0, 16, 20, 10846 }, // U+04DE
    { 8, 14, 130, 0, 13, 14, 10866 }, // U+04DF
    { 9, 13, 156, 0, 12, 15, 10880 }, // U+04E0
    { 8, 13, 133, 0, 9, 13, 10895 }, // U+04E1
    { 10, 15, 202, 1, 15, 19, 10908 }, // U+04E2
    { 8, 12, 166, 1, 12, 12, 10927 }, // U+04E3
    { 10, 16, 202, 1, 16, 20, 10939 }, // U+04E4
    { 8, 13, 166, 1, 13, 13, 10959 }, // U+04E5
    { 11, 17, 208, 1, 16, 24, 10972 }, // U+04E6
    { 10, 14, 161, 0, 13, 18, 10996 }, // U+04E7
    { 11, 14, 209, 1, 13, 20, 11014 }, // U+04E8
    { 10, 11, 161, 0, 10, 14, 11034 }, // U+04E9
    { 11, 17, 209, 1, 16, 24, 11048 }, // U+04EA
    { 10, 14, 161, 0, 13, 18, 11072 }, // U+04EB
    { 10, 17, 173, 0, 16, 22, 11090 }, // U+04EC
    { 8, 14, 132, 0, 13, 14, 11112 }, // U+04ED
    { 11, 16, 164, 0, 15, 22, 11126 }, // U+04EE
    { 9, 16, 136, 0, 12, 18, 11148 }, // U+04EF
    { 11, 17, 164, 0, 16, 24, 11166 }, // U+04F0
    { 9, 17, 136, 0, 13, 20, 11190 }, // U+04F1
    { 11, 17, 164, 0, 16, 24, 11210 }, // U+04F2
    { 9, 17, 136, 0, 13, 20, 11234 }, // U+04F3
    { 9, 16, 180, 1, 16, 18, 11254 }, // U+04F4
    { 8, 13, 157, 1, 13, 13, 11272 }, // U+04F5
    { 8, 16, 141, 1, 12, 16, 11285 }, // U+04F6
    { 6, 13, 116, 1, 9, 10, 11301 }, // U+04F7
    { 12, 16, 226, 1, 16, 24, 11311 }, // U+04F8
    { 11, 13, 202, 1, 13, 18, 11335 }, // U+04F9
    { 9, 16, 141, 0, 12, 18, 11353 }, // U+04FA
    { 7, 13, 116, 0, 9, 12, 11371 }, // U+04FB
    { 11, 16, 169, 0, 12, 22, 11383 }, // U+04FC
    { 9, 13, 147, 0, 9, 15, 11405 }, // U+04FD
    { 10, 12, 156, 0, 12, 15, 11420 }, // U+04FE
    { 9, 9, 141, 0, 9, 11, 11435 }, // U+04FF
    { 11, 15, 170, 0, 12, 21, 11446 }, // U+1EA0
    { 8, 13, 150, 0, 10, 13, 11467 }, // U+1EA1
    { 11, 17, 170, 0, 17, 24, 11480 }, // U+1EA2
    { 8, 15, 150, 0, 14, 15, 11504 }, // U+1EA3
    { 11, 17, 170, 0, 17, 24, 11519 }, // U+1EA4
    { 10, 15, 150, 0, 14, 19, 11543 }, // U+1EA5
    { 11, 17, 170, 0, 17, 24, 11562 }, // U+1EA6
    { 8, 15, 150, 0, 14, 15, 11586 }, // U+1EA7
    { 11, 18, 170, 0, 18, 25, 11601 }, // U+1EA8
    { 9, 16, 150, 0, 15, 18, 11626 }, // U+1EA9
    { 11, 18, 170, 0, 18, 25, 11644 }, // U+1EAA
    { 8, 16, 150, 0, 15, 16, 11669 }, // U+1EAB
    { 11, 19, 170, 0, 16, 27, 11685 }, // U+1EAC
    { 8, 16, 150, 0, 13, 16, 11712 }, // U+1EAD
    { 11, 17, 170, 0, 17, 24, 11728 }, // U+1EAE
    { 8, 16, 150, 0, 15, 16, 11752 }, // U+1EAF
    { 11, 17, 170, 0, 17, 24, 11768 }, // U+1EB0
    { 8, 16, 150, 0, 15, 16, 11792 }, // U+1EB1
    { 11, 18, 170, 0, 18, 25, 11808 }, // U+1EB2
    { 8, 16, 150, 0, 15, 16, 11833 }, // U+1EB3
    { 11, 18, 170, 0, 18, 25, 11849 }, // U+1EB4
    { 8, 16, 150, 0, 15, 16, 11874 }, // U+1EB5
    { 11, 19, 170, 0, 16, 27, 11890 }, // U+1EB6
    { 8, 16, 150, 0, 13, 16, 11917 }, // U+1EB7
    { 8, 15, 148, 1, 12, 15, 11933 }, // U+1EB8
    { 9, 13, 150, 0, 10, 15, 11948 }, // U+1EB9
    { 8, 17, 148, 1, 17, 17, 11963 }, // U+1EBA
    { 9, 15, 150, 0, 14, 17, 11980 }, // U+1EBB
    { 8, 16, 148, 1, 16, 16, 11997 }, // U+1EBC
    { 9, 14, 150, 0, 13, 16, 12013 }, // U+1EBD
    { 9, 17, 148, 1, 17, 20, 12029 }, // U+1EBE
    { 10, 15, 150, 0, 14, 19, 12049 }, // U+1EBF
    { 9, 17, 148, 0, 17, 20, 12068 }, // U+1EC0
    { 9, 15, 150, 0, 14, 17, 12088 }, // U+1EC1
    { 8, 18, 148, 1, 18, 18, 12105 }, // U+1EC2
    { 9, 16, 150, 0, 15, 18, 12123 }, // U+1EC3
    { 8, 18, 148, 1, 18, 18, 12141 }, // U+1EC4
    { 9, 16, 150, 0, 15, 18, 12159 }, // U+1EC5
    { 8, 19, 148, 1, 16, 19, 12177 }, // U+1EC6
    { 9, 16, 150, 0, 13, 18, 12196 }, // U+1EC7
    { 5, 17, 90, 0, 17, 11, 12214 }, // U+1EC8
    { 4, 14, 69, 1, 14, 7, 12225 }, // U+1EC9
    { 5, 15, 90, 0, 12, 10, 12232 }, // U+1ECA
    { 3, 16, 69, 1, 13, 6, 12242 }, // U+1ECB
    { 11, 16, 208, 1, 13, 22, 12248 }, // U+1ECC
    { 10, 13, 161, 0, 10, 17, 12270 }, // U+1ECD
    { 11, 18, 208, 1, 17, 25, 12287 }, // U+1ECE
    { 10, 15, 161, 0, 14, 19, 12312 }, // U+1ECF
    { 11, 18, 208, 1, 17, 25, 12331 }, // U+1ED0
    { 10, 15, 161, 0, 14, 19, 12356 }, // U+1ED1
    { 11, 18, 208, 1, 17, 25, 12375 }, // U+1ED2
    { 10, 15, 161, 0, 14, 19, 12400 }, // U+1ED3
    { 11, 19, 208, 1, 18, 27, 12419 }, // U+1ED4
    { 10, 16, 161, 0, 15, 20, 12446 }, // U+1ED5
    { 11, 19, 208, 1, 18, 27, 12466 }, // U+1ED6
    { 10, 16, 161, 0, 15, 20, 12493 }, // U+1ED7
    { 11, 19, 208, 1, 16, 27, 12513 }, // U+1ED8
    { 10, 16, 161, 0, 13, 20, 12540 }, // U+1ED9
    { 13, 17, 209, 1, 16, 28, 12560 }, // U+1EDA
    { 11, 14, 164, 0, 13, 20, 12588 }, // U+1EDB
    { 13, 17, 209, 1, 16, 28, 12608 }, // U+1EDC
    { 11, 14, 164, 0, 13, 20, 12636 }, // U+1EDD
    { 13, 18, 209, 1, 17, 30, 12656 }, // U+1EDE
    { 11, 15, 164, 0, 14, 21, 12686 }, // U+1EDF
    { 13, 17, 209, 1, 16, 28, 12707 }, // U+1EE0
    { 11, 14, 164, 0, 13, 20, 12735 }, // U+1EE1
    { 13, 16, 209, 1, 13, 26, 12755 }, // U+1EE2
    { 11, 14, 164, 0, 11, 20, 12781 }, // U+1EE3
    { 10, 15, 195, 1, 12, 19, 12801 }, // U+1EE4
    { 8, 12, 165, 1, 9, 12, 12820 }, // U+1EE5
    { 10, 18, 195, 1, 17, 23, 12832 }, // U+1EE6
    { 8, 15, 165, 1, 14, 15, 12855 }, // U+1EE7
    { 13, 17, 208, 1, 16, 28, 12870 }, // U+1EE8
    { 11, 14, 180, 1, 13, 20, 12898 }, // U+1EE9
    { 13, 17, 208, 1, 16, 28, 12918 }, // U+1EEA
    { 11, 14, 180, 1, 13, 20, 12946 }, // U+1EEB
    { 13, 18, 208, 1, 17, 30, 12966 }, // U+1EEC
    { 11, 15, 180, 1, 14, 21, 12996 }, // U+1EED
    { 13, 17, 208, 1, 16, 28, 13017 }, // U+1EEE
    { 11, 14, 180, 1, 13, 20, 13045 }, // U+1EEF
    { 13, 16, 208, 1, 13, 26, 13065 }, // U+1EF0
    { 11, 14, 180, 1, 11, 20, 13091 }, // U+1EF1
    { 10, 16, 151, 0, 16, 20, 13111 }, // U+1EF2
    { 9, 17, 136, 0, 13, 20, 13131 }, // U+1EF3
    { 10, 15, 151, 0, 12, 19, 13151 }, // U+1EF4
    { 9, 13, 136, 0, 9, 15, 13170 }, // U+1EF5
    { 10, 17, 151, 0, 17, 22, 13185 }, // U+1EF6
    { 9, 18, 136, 0, 14, 21, 13207 }, // U+1EF7
    { 10, 16, 151, 0, 16, 20, 13228 }, // U+1EF8
    { 9, 17, 136, 0, 13, 20, 13248 }, // U+1EF9
    { 0, 0, 133, 0, 0, 0, 13268 }, // U+2000
    { 0, 0, 267, 0, 0, 0, 13268 }, // U+2001
    { 0, 0, 133, 0, 0, 0, 13268 }, // U+2002
    { 0, 0, 267, 0, 0, 0, 13268 }, // U+2003
    { 0, 0, 89, 0, 0, 0, 13268 }, // U+2004
    { 0, 0, 67, 0, 0, 0, 13268 }, // U+2005
    { 0, 0, 45, 0, 0, 0, 13268 }, // U+2006
    { 0, 0, 153, 0, 0, 0, 13268 }, // U+2007
    { 0, 0, 71, 0, 0, 0, 13268 }, // U+2008
    { 0, 0, 44, 0, 0, 0, 13268 }, // U+2009
    { 0, 0, 27, 0, 0, 0, 13268 }, // U+200A
    { 0, 0, 0, 0, 0, 0, 13268 }, // U+200B
    { 0, 0, 0, 0, 0, 0, 13268 }, // U+200C
    { 0, 0, 0, 0, 0, 0, 13268 }, // U+200D
    { 5, 15, 0, -1, 12, 10, 13268 }, // U+200E
    { 5, 15, 0, -4, 12, 10, 13278 }, // U+200F
    { 5, 3, 86, 0, 6, 2, 13288 }, // U+2010
    { 5, 3, 86, 0, 6, 2, 13290 }, // U+2011
    { 9, 2, 153, 0, 7, 3, 13292 }, // U+2012
    { 8, 3, 133, 0, 6, 3, 13295 }, // U+2013
    { 16, 3, 267, 0, 6, 6, 13298 }, // U+2014
    { 16, 3, 267, 0, 6, 6, 13304 }, // U+2015
    { 6, 18, 147, 2, 13, 14, 13310 }, // U+2016
    { 8, 4, 110, -1, 0, 4, 13324 }, // U+2017
    { 3, 5, 47, 0, 12, 2, 13328 }, // U+2018
    { 3, 5, 47, 0, 12, 2, 13330 }, // U+2019
    { 4, 5, 67, 0, 2, 3, 13332 }, // U+201A
    { 3, 5, 47, 0, 12, 2, 13335 }, // U+201B
    { 6, 5, 96, 0, 12, 4, 13337 }, // U+201C
    { 6, 5, 96, 0, 12, 4, 13341 }, // U+201D
    { 7, 5, 111, 0, 2, 5, 13345 }, // U+201E
    { 6, 5, 96, 0, 12, 4, 13350 }, // U+201F
    { 7, 13, 137, 1, 13, 12, 13354 }, // U+2020
    { 7, 13, 137, 1, 13, 12, 13366 }, // U+2021
    { 4, 5, 100, 1, 9, 3, 13378 }, // U+2022
    { 5, 6, 98, 1, 9, 4, 13381 }, // U+2023
    { 3, 4, 133, 3, 3, 2, 13385 }, // U+2024
    { 7, 4, 143, 1, 3, 4, 13387 }, // U+2025
    { 11, 4, 211, 1, 3, 6, 13391 }, // U+2026
    { 3, 4, 71, 1, 6, 2, 13397 }, // U+2027
    { 0, 0, 160, 0, 0, 0, 13399 }, // U+2028
    { 0, 0, 160, 0, 0, 0, 13399 }, // U+2029
    { 5, 14, 0, -1, 11, 9, 13399 }, // U+202A
    { 5, 14, 0, -4, 11, 9, 13408 }, // U+202B
    { 4, 15, 0, -2, 12, 8, 13417 }, // U+202C
    { 4, 15, 0, -2, 12, 8, 13425 }, // U+202D
    { 4, 15, 0, -2, 12, 8, 13433 }, // U+202E
    { 0, 0, 44, 0, 0, 0, 13441 }, // U+202F
    { 19, 14, 314, 0, 13, 34, 13441 }, // U+2030
    { 25, 14, 412, 0, 13, 44, 13475 }, // U+2031
    { 5, 5, 62, 0, 12, 4, 13519 }, // U+2032
    { 8, 5, 109, 0, 12, 5, 13523 }, // U+2033
    { 11, 5, 156, 0, 12, 7, 13528 }, // U+2034
    { 5, 5, 62, -1, 12, 4, 13535 }, // U+2035
    { 7, 5, 117, -1, 12, 5, 13539 }, // U+2036
    { 10, 5, 161, -1, 12, 7, 13544 }, // U+2037
    { 7, 6, 106, 0, 2, 6, 13551 }, // U+2038
    { 5, 8, 83, 0, 8, 5, 13557 }, // U+2039
    { 5, 8, 83, 0, 8, 5, 13562 }, // U+203A
    { 14, 14, 223, 0, 13, 25, 13567 }, // U+203B
    { 7, 13, 133, 1, 12, 12, 13592 }, // U+203C
    { 7, 14, 118, 0, 13, 13, 13604 }, // U+203D
    { 10, 2, 133, -1, 14, 3, 13617 }, // U+203E
    { 10, 4, 162, 0, 0, 5, 13620 }, // U+203F
    { 10, 5, 162, 0, 14, 7, 13625 }, // U+2040
    { 6, 11, 100, 0, 7, 9, 13632 }, // U+2041
    { 19, 16, 298, 0, 13, 38, 13641 }, // U+2042
    { 5, 3, 86, 0, 6, 2, 13679 }, // U+2043
    { 10, 12, 35, -4, 12, 15, 13681 }, // U+2044
    { 4, 15, 86, 1, 12, 8, 13696 }, // U+2045
    { 5, 15, 86, 0, 12, 10, 13704 }, // U+2046
    { 14, 14, 228, 0, 13, 25, 13714 }, // U+2047
    { 11, 14, 181, 0, 13, 20, 13739 }, // U+2048
    { 10, 14, 182, 1, 13, 18, 13759 }, // U+2049
    { 9, 9, 153, 0, 9, 11, 13777 }, // U+204A
    { 9, 16, 175, 1, 13, 18, 13788 }, // U+204B
    { 10, 9, 170, 0, 9, 12, 13806 }, // U+204C
    { 9, 9, 170, 1, 9, 11, 13818 }, // U+204D
    { 9, 8, 147, 0, 5, 9, 13829 }, // U+204E
    { 4, 13, 63, 0, 10, 7, 13838 }, // U+204F
    { 10, 18, 161, 0, 14, 23, 13845 }, // U+2050
    { 9, 16, 147, 0, 13, 18, 13868 }, // U+2051
    { 7, 14, 99, 0, 13, 13, 13886 }, // U+2052
    { 15, 4, 267, 1, 7, 8, 13899 }, // U+2053
    { 10, 4, 161, 0, 0, 5, 13907 }, // U+2054
    { 9, 10, 153, 0, 9, 12, 13912 }, // U+2055
    { 8, 14, 138, 0, 13, 14, 13924 }, // U+2056
    { 13, 5, 198, 0, 12, 9, 13938 }, // U+2057
    { 13, 14, 219, 0, 13, 23, 13947 }, // U+2058
    { 13, 14, 221, 0, 13, 23, 13970 }, // U+2059
    { 3, 14, 59, 0, 13, 6, 13993 }, // U+205A
    { 11, 14, 174, 0, 13, 20, 13999 }, // U+205B
    { 13, 14, 212, 0, 13, 23, 14019 }, // U+205C
    { 3, 13, 71, 1, 12, 5, 14042 }, // U+205D
    { 3, 14, 71, 1, 13, 6, 14047 }, // U+205E
    { 0, 0, 59, 0, 0, 0, 14053 }, // U+205F
    { 0, 0, 160, 0, 0, 0, 14053 }, // U+2060
    { 0, 0, 160, 0, 0, 0, 14053 }, // U+2061
    { 0, 0, 160, 0, 0, 0, 14053 }, // U+2062
    { 0, 0, 160, 0, 0, 0, 14053 }, // U+2063
    { 0, 0, 160, 0, 0, 0, 14053 }, // U+2064
    { 0, 0, 0, 0, 0, 0, 14053 }, // U+2066
    { 0, 0, 0, 0, 0, 0, 14053 }, // U+2067
    { 0, 0, 0, 0, 0, 0, 14053 }, // U+2068
    { 0, 0, 0, 0, 0, 0, 14053 }, // U+2069
    { 4, 15, 0, -2, 12, 8, 14053 }, // U+206A
    { 4, 15, 0, -2, 12, 8, 14061 }, // U+206B
    { 4, 15, 0, -2, 12, 8, 14069 }, // U+206C
    { 4, 15, 0, -2, 12, 8, 14077 }, // U+206D
    { 4, 15, 0, -2, 12, 8, 14085 }, // U+206E
    { 4, 15, 0, -2, 12, 8, 14093 }, // U+206F
    { 6, 9, 93, 0, 15, 7, 14101 }, // U+2070
    { 2, 9, 45, 0, 13, 3, 14108 }, // U+2071
    { 6, 9, 93, 0, 15, 7, 14111 }, // U+2074
    { 6, 9, 93, 0, 15, 7, 14118 }, // U+2075
    { 6, 9, 93, 0, 15, 7, 14125 }, // U+2076
    { 6, 9, 93, 0, 15, 7, 14132 }, // U+2077
    { 6, 9, 93, 0, 15, 7, 14139 }, // U+2078
    { 6, 9, 93, 0, 15, 7, 14146 }, // U+2079
    { 6, 6, 90, 0, 13, 5, 14153 }, // U+207A
    { 6, 2, 90, 0, 11, 2, 14158 }, // U+207B
    { 6, 4, 90, 0, 12, 3, 14160 }, // U+207C
    { 3, 10, 60, 1, 16, 4, 14163 }, // U+207D
    { 3, 10, 60, 0, 16, 4, 14167 }, // U+207E
    { 6, 7, 107, 0, 11, 6, 14171 }, // U+207F
    { 6, 9, 93, 0, 6, 7, 14177 }, // U+2080
    { 4, 9, 93, 0, 6, 5, 14184 }, // U+2081
    { 6, 9, 93, 0, 6, 7, 14189 }, // U+2082
    { 6, 9, 93, 0, 6, 7, 14196 }, // U+2083
    { 6, 9, 93, 0, 6, 7, 14203 }, // U+2084
    { 6, 9, 93, 0, 6, 7, 14210 }, // U+2085
    { 6, 9, 93, 0, 6, 7, 14217 }, // U+2086
    { 6, 9, 93, 0, 6, 7, 14224 }, // U+2087
    { 6, 9, 93, 0, 6, 7, 14231 }, // U+2088
    { 6, 9, 93, 0, 6, 7, 14238 }, // U+2089
    { 6, 6, 90, 0, 4, 5, 14245 }, // U+208A
    { 6, 2, 90, 0, 2, 2, 14250 }, // U+208B
    { 6, 4, 90, 0, 3, 3, 14252 }, // U+208C
    { 3, 10, 60, 1, 7, 4, 14255 }, // U+208D
    { 3, 10, 60, 0, 7, 4, 14259 }, // U+208E
    { 6, 6, 97, 0, 4, 5, 14263 }, // U+2090
    { 6, 6, 98, 0, 4, 5, 14268 }, // U+2091
    { 6, 6, 105, 0, 4, 5, 14273 }, // U+2092
    { 6, 6, 92, 0, 4, 5, 14278 }, // U+2093
    { 6, 6, 98, 0, 4, 5, 14283 }, // U+2094
    { 6, 8, 107, 0, 6, 6, 14288 }, // U+2095
    { 6, 8, 93, 0, 6, 6, 14294 }, // U+2096
    { 2, 8, 45, 0, 6, 2, 14300 }, // U+2097
    { 10, 6, 162, 0, 4, 8, 14302 }, // U+2098
    { 6, 6, 107, 0, 4, 5, 14310 }, // U+2099
    { 7, 8, 107, 0, 4, 7, 14315 }, // U+209A
    { 5, 6, 83, 0, 4, 4, 14322 }, // U+209B
    { 4, 7, 63, 0, 5, 4, 14326 }, // U+209C
    { 9, 13, 153, 0, 13, 15, 14330 }, // U+20A0
    { 10, 14, 153, 0, 13, 18, 14345 }, // U+20A1
    { 9, 14, 153, 0, 13, 16, 14363 }, // U+20A2
    { 9, 12, 153, 0, 12, 14, 14379 }, // U+20A3
    { 9, 13, 153, 0, 13, 15, 14393 }, // U+20A4
    { 14, 14, 249, 1, 12, 25, 14408 }, // U+20A5
    { 10, 12, 153, 0, 12, 15, 14433 }, // U+20A6
    { 12, 13, 207, 1, 12, 20, 14448 }, // U+20A7
    { 13, 13, 222, 1, 12, 22, 14468 }, // U+20A8
    { 11, 12, 179, 0, 12, 17, 14490 }, // U+20A9
    { 11, 12, 213, 1, 12, 17, 14507 }, // U+20AA
    { 11, 16, 165, 0, 13, 22, 14524 }, // U+20AB
    { 10, 14, 153, 0, 13, 18, 14546 }, // U+20AC
    { 10, 12, 153, 0, 12, 15, 14564 }, // U+20AD
    { 10, 12, 153, 0, 12, 15, 14579 }, // U+20AE
    { 16, 17, 259, 0, 13, 34, 14594 }, // U+20AF
    { 9, 17, 153, 0, 13, 20, 14628 }, // U+20B0
    { 10, 12, 153, 0, 12, 15, 14648 }, // U+20B1
    { 10, 15, 194, 1, 13, 19, 14663 }, // U+20B2
    { 11, 12, 162, 0, 12, 17, 14682 }, // U+20B3
    { 9, 14, 146, 0, 13, 16, 14699 }, // U+20B4
    { 10, 15, 169, 1, 13, 19, 14715 }, // U+20B5
    { 10, 12, 166, 0, 11, 15, 14734 }, // U+20B6
    { 12, 15, 194, 0, 13, 23, 14749 }, // U+20B7
    { 9, 12, 146, 0, 12, 14, 14772 }, // U+20B8
    { 8, 12, 153, 1, 12, 12, 14786 }, // U+20B9
    { 10, 13, 153, 0, 12, 17, 14798 }, // U+20BA
    { 13, 14, 208, 0, 13, 23, 14815 }, // U+20BB
    { 13, 12, 216, 0, 12, 20, 14838 }, // U+20BC
    { 10, 12, 155, 0, 12, 15, 14858 }, // U+20BD
    { 11, 13, 206, 1, 13, 18, 14873 }, // U+20BE
    { 8, 16, 153, 1, 14, 16, 14891 }, // U+20BF
    { 8, 13, 132, 0, 10, 13, 14907 }, // U+20C0
    { 9, 2, 153, 0, 7, 3, 14920 }, // U+2212
    { 0, 0, 267, 0, 0, 0, 14923 }, // U+3000
    { 6, 5, 267, 0, 4, 4, 14923 }, // U+3001
    { 6, 5, 267, 0, 4, 4, 14927 }, // U+3002
    { 10, 9, 267, 3, 11, 12, 14931 }, // U+3003
    { 16, 17, 267, 0, 15, 34, 14943 }, // U+3004
    { 13, 15, 267, 1, 14, 25, 14977 }, // U+3005
    { 13, 15, 267, 2, 14, 25, 15002 }, // U+3006
    { 16, 17, 267, 0, 15, 34, 15027 }, // U+3007
    { 7, 16, 267, 9, 15, 14, 15061 }, // U+3008
    { 7, 16, 267, 0, 15, 14, 15075 }, // U+3009
    { 9, 16, 267, 8, 15, 18, 15089 }, // U+300A
    { 8, 16, 267, 0, 15, 16, 15107 }, // U+300B
    { 7, 12, 267, 10, 15, 11, 15123 }, // U+300C
    { 6, 12, 267, 0, 10, 9, 15134 }, // U+300D
    { 8, 12, 267, 9, 15, 12, 15143 }, // U+300E
    { 7, 12, 267, 0, 10, 11, 15155 }, // U+300F
    { 6, 16, 267, 11, 15, 12, 15166 }, // U+3010
    { 6, 16, 267, 0, 15, 12, 15178 }, // U+3011
    { 12, 14, 267, 2, 13, 21, 15190 }, // U+3012
    { 14, 15, 267, 1, 14, 27, 15211 }, // U+3013
    { 6, 16, 267, 11, 15, 12, 15238 }, // U+3014
    { 5, 16, 267, 0, 15, 10, 15250 }, // U+3015
    { 7, 17, 267, 10, 15, 15, 15260 }, // U+3016
    { 7, 17, 267, 0, 15, 15, 15275 }, // U+3017
    { 7, 17, 267, 10, 15, 15, 15290 }, // U+3018
    { 6, 17, 267, 0, 15, 13, 15305 }, // U+3019
    { 6, 17, 267, 11, 15, 13, 15318 }, // U+301A
    { 6, 17, 267, 0, 15, 13, 15331 }, // U+301B
    { 16, 5, 267, 0, 9, 10, 15344 }, // U+301C
    { 5, 7, 267, 11, 15, 5, 15354 }, // U+301D
    { 6, 7, 267, 0, 15, 6, 15359 }, // U+301E
    { 6, 7, 267, 0, 5, 6, 15365 }, // U+301F
    { 16, 13, 267, 0, 13, 26, 15371 }, // U+3020
    { 2, 15, 267, 7, 14, 4, 15397 }, // U+3021
    { 7, 15, 267, 5, 14, 14, 15401 }, // U+3022
    { 11, 15, 267, 3, 14, 21, 15415 }, // U+3023
    { 14, 14, 267, 1, 13, 25, 15436 }, // U+3024
    { 9, 14, 267, 4, 13, 16, 15461 }, // U+3025
    { 15, 7, 267, 1, 14, 14, 15477 }, // U+3026
    { 15, 12, 267, 1, 14, 23, 15491 }, // U+3027
    { 15, 15, 267, 1, 14, 29, 15514 }, // U+3028
    { 15, 16, 267, 1, 15, 30, 15543 }, // U+3029
    { 4, 4, 0, -17, -2, 2, 15573 }, // U+302A
    { 4, 4, 0, -17, 19, 2, 15575 }, // U+302B
    { 5, 4, 0, -4, 19, 3, 15577 }, // U+302C
    { 5, 4, 0, -4, -2, 3, 15580 }, // U+302D
    { 4, 3, 67, 0, 8, 2, 15583 }, // U+302E
    { 4, 7, 67, 0, 10, 4, 15585 }, // U+302F
    { 17, 5, 267, 0, 9, 11, 15589 }, // U+3030
    { 11, 33, 267, 2, 23, 46, 15600 }, // U+3031
    { 13, 33, 267, 2, 23, 54, 15646 }, // U+3032
    { 10, 16, 267, 2, 14, 20, 15700 }, // U+3033
    { 13, 16, 267, 2, 14, 26, 15720 }, // U+3034
    { 10, 16, 267, 3, 15, 20, 15746 }, // U+3035
    { 16, 17, 267, 0, 15, 34, 15766 }, // U+3036
    { 17, 16, 267, 0, 14, 34, 15800 }, // U+3037
    { 15, 17, 267, 1, 15, 32, 15834 }, // U+3038
    { 15, 17, 267, 1, 15, 32, 15866 }, // U+3039
    { 15, 17, 267, 1, 15, 32, 15898 }, // U+303A
    { 9, 16, 267, 4, 14, 18, 15930 }, // U+303B
    { 14, 15, 267, 1, 14, 27, 15948 }, // U+303C
    { 15, 13, 267, 1, 13, 25, 15975 }, // U+303D
    { 16, 17, 267, 0, 15, 34, 16000 }, // U+303E
    { 9, 15, 267, 4, 14, 17, 16034 }, // U+303F
    { 12, 14, 267, 3, 12, 21, 16051 }, // U+3041
    { 15, 17, 267, 1, 15, 32, 16072 }, // U+3042
    { 12, 11, 267, 3, 10, 17, 16104 }, // U+3043
    { 14, 14, 267, 2, 13, 25, 16121 }, // U+3044
    { 10, 13, 267, 3, 11, 17, 16146 }, // U+3045
    { 12, 16, 267, 2, 14, 24, 16163 }, // U+3046
    { 12, 13, 267, 3, 11, 20, 16187 }, // U+3047
    { 15, 16, 267, 1, 14, 30, 16207 }, // U+3048
    { 13, 13, 267, 2, 11, 22, 16237 }, // U+3049
    { 15, 16, 267, 1, 15, 30, 16259 }, // U+304A
    { 16, 16, 267, 1, 14, 32, 16289 }, // U+304B
    { 16, 17, 267, 1, 15, 34, 16321 }, // U+304C
    { 13, 17, 267, 2, 15, 28, 16355 }, // U+304D
    { 14, 17, 267, 2, 15, 30, 16383 }, // U+304E
    { 11, 15, 267, 2, 14, 21, 16413 }, // U+304F
    { 13, 15, 267, 2, 14, 25, 16434 }, // U+3050
    { 15, 16, 267, 1, 14, 30, 16459 }, // U+3051
    { 16, 17, 267, 1, 15, 34, 16489 }, // U+3052
    { 12, 14, 267, 2, 13, 21, 16523 }, // U+3053
    { 15, 16, 267, 2, 15, 30, 16544 }, // U+3054
    { 13, 16, 267, 2, 15, 26, 16574 }, // U+3055
    { 15, 18, 267, 2, 16, 34, 16600 }, // U+3056
    { 12, 16, 267, 3, 14, 24, 16634 }, // U+3057
    { 12, 16, 267, 3, 14, 24, 16658 }, // U+3058
    { 15, 16, 267, 1, 14, 30, 16682 }, // U+3059
    { 15, 17, 267, 1, 15, 32, 16712 }, // U+305A
    { 16, 15, 267, 0, 14, 30, 16744 }, // U+305B
    { 17, 15, 267, 0, 14, 32, 16774 }, // U+305C
    { 14, 16, 267, 1, 14, 28, 16806 }, // U+305D
    { 15, 16, 267, 1, 14, 30, 16834 }, // U+305E
    { 15, 17, 267, 1, 15, 32, 16864 }, // U+305F
    { 15, 16, 267, 1, 14, 30, 16896 }, // U+3060
    { 14, 16, 267, 1, 14, 28, 16926 }, // U+3061
    { 16, 17, 267, 1, 15, 34, 16954 }, // U+3062
    { 13, 10, 267, 2, 9, 17, 16988 }, // U+3063
    { 15, 12, 267, 1, 12, 23, 17005 }, // U+3064
    { 16, 16, 267, 0, 15, 32, 17028 }, // U+3065
    { 14, 14, 267, 1, 13, 25, 17060 }, // U+3066
    { 15, 14, 267, 1, 13, 27, 17085 }, // U+3067
    { 12, 15, 267, 3, 14, 23, 17112 }, // U+3068
    { 15, 16, 267, 2, 15, 30, 17135 }, // U+3069
    { 15, 17, 267, 1, 15, 32, 17165 }, // U+306A
    { 13, 16, 267, 2, 14, 26, 17197 }, // U+306B
    { 16, 15, 267, 1, 14, 30, 17223 }, // U+306C
    { 17, 15, 267, 0, 14, 32, 17253 }, // U+306D
    { 15, 14, 267, 1, 13, 27, 17285 }, // U+306E
    { 15, 16, 267, 1, 14, 30, 17312 }, // U+306F
    { 16, 17, 267, 1, 15, 34, 17342 }, // U+3070
    { 16, 17, 267, 1, 15, 34, 17376 }, // U+3071
    { 15, 15, 267, 1, 13, 29, 17410 }, // U+3072
    { 16, 17, 267, 1, 15, 34, 17439 }, // U+3073
    { 16, 16, 267, 1, 14, 32, 17473 }, // U+3074
    { 17, 15, 267, 0, 14, 32, 17505 }, // U+3075
    { 16, 15, 267, 0, 14, 30, 17537 }, // U+3076
    { 16, 15, 267, 0, 14, 30, 17567 }, // U+3077
    { 16, 12, 267, 0, 12, 24, 17597 }, // U+3078
    { 16, 14, 267, 0, 13, 28, 17621 }, // U+3079
    { 16, 14, 267, 0, 13, 28, 17649 }, // U+307A
    { 15, 16, 267, 1, 14, 30, 17677 }, // U+307B
    { 16, 17, 267, 1, 15, 34, 17707 }, // U+307C
    { 16, 17, 267, 1, 15, 34, 17741 }, // U+307D
    { 12, 16, 267, 3, 14, 24, 17775 }, // U+307E
    { 15, 16, 267, 1, 14, 30, 17799 }, // U+307F
    { 15, 15, 267, 1, 14, 29, 17829 }, // U+3080
    { 15, 16, 267, 1, 14, 30, 17858 }, // U+3081
    { 14, 16, 267, 1, 15, 28, 17888 }, // U+3082
    { 13, 14, 267, 1, 12, 23, 17916 }, // U+3083
    { 15, 17, 267, 1, 15, 32, 17939 }, // U+3084
    { 12, 13, 267, 3, 11, 20, 17971 }, // U+3085
    { 14, 16, 267, 2, 14, 28, 17991 }, // U+3086
    { 11, 13, 267, 3, 11, 18, 18019 }, // U+3087
    { 13, 15, 267, 2, 14, 25, 18037 }, // U+3088
    { 13, 16, 267, 2, 14, 26, 18062 }, // U+3089
    { 11, 16, 267, 3, 14, 22, 18088 }, // U+308A
    { 14, 15, 267, 1, 14, 27, 18110 }, // U+308B
    { 17, 16, 267, 0, 14, 34, 18137 }, // U+308C
    { 14, 16, 267, 1, 14, 28, 18171 }, // U+308D
    { 13, 14, 267, 2, 12, 23, 18199 }, // U+308E
    { 16, 16, 267, 0, 14, 32, 18222 }, // U+308F
    { 14, 15, 267, 1, 14, 27, 18254 }, // U+3090
    { 16, 16, 267, 0, 14, 32, 18281 }, // U+3091
    { 14, 16, 267, 1, 15, 28, 18313 }, // U+3092
    { 15, 16, 267, 1, 14, 30, 18341 }, // U+3093
    { 14, 16, 267, 2, 14, 28, 18371 }, // U+3094
    { 14, 13, 267, 2, 11, 23, 18399 }, // U+3095
    { 12, 13, 267, 3, 11, 20, 18422 }, // U+3096
    { 5, 4, 0, -5, 15, 3, 18442 }, // U+3099
    { 4, 4, 0, -4, 15, 2, 18445 }, // U+309A
    { 5, 4, 267, 0, 15, 3, 18447 }, // U+309B
    { 5, 5, 267, 0, 15, 4, 18450 }, // U+309C
    { 8, 10, 267, 5, 11, 10, 18454 }, // U+309D
    { 10, 12, 267, 4, 13, 15, 18464 }, // U+309E
    { 14, 17, 267, 1, 15, 30, 18479 }, // U+309F
    { 8, 3, 267, 4, 8, 3, 18509 }, // U+30A0
    { 13, 12, 267, 2, 10, 20, 18512 }, // U+30A1
    { 14, 15, 267, 2, 13, 27, 18532 }, // U+30A2
    { 12, 12, 267, 2, 10, 18, 18559 }, // U+30A3
    { 14, 14, 267, 1, 13, 25, 18577 }, // U+30A4
    { 11, 13, 267, 3, 11, 18, 18602 }, // U+30A5
    { 13, 17, 267, 2, 15, 28, 18620 }, // U+30A6
    { 13, 11, 267, 2, 10, 18, 18648 }, // U+30A7
    { 15, 12, 267, 1, 12, 23, 18666 }, // U+30A8
    { 13, 13, 267, 2, 11, 22, 18689 }, // U+30A9
    { 14, 15, 267, 1, 14, 27, 18711 }, // U+30AA
    { 14, 15, 267, 1, 14, 27, 18738 }, // U+30AB
    { 15, 17, 267, 1, 15, 32, 18765 }, // U+30AC
    { 14, 14, 267, 1, 13, 25, 18797 }, // U+30AD
    { 15, 16, 267, 1, 15, 30, 18822 }, // U+30AE
    { 14, 17, 267, 1, 15, 30, 18852 }, // U+30AF
    { 16, 17, 267, 0, 15, 34, 18882 }, // U+30B0
    { 15, 16, 267, 1, 14, 30, 18916 }, // U+30B1
    { 16, 17, 267, 0, 15, 34, 18946 }, // U+30B2
    { 13, 14, 267, 2, 13, 23, 18980 }, // U+30B3
    { 14, 18, 267, 2, 16, 32, 19003 }, // U+30B4
    { 15, 16, 267, 1, 14, 30, 19035 }, // U+30B5
    { 16, 16, 267, 0, 14, 32, 19065 }, // U+30B6
    { 15, 14, 267, 1, 13, 27, 19097 }, // U+30B7
    { 15, 14, 267, 1, 13, 27, 19124 }, // U+30B8
    { 14, 14, 267, 1, 13, 25, 19151 }, // U+30B9
    { 15, 17, 267, 1, 15, 32, 19176 }, // U+30BA
    { 14, 15, 267, 1, 14, 27, 19208 }, // U+30BB
    { 16, 16, 267, 0, 15, 32, 19235 }, // U+30BC
    { 13, 13, 267, 2, 12, 22, 19267 }, // U+30BD
    { 15, 16, 267, 1, 15, 30, 19289 }, // U+30BE
    { 14, 17, 267, 1, 15, 30, 19319 }, // U+30BF
    { 15, 17, 267, 1, 15, 32, 19349 }, // U+30C0
    { 15, 16, 267, 1, 14, 30, 19381 }, // U+30C1
    { 15, 16, 267, 1, 14, 30, 19411 }, // U+30C2
    { 13, 11, 267, 2, 10, 18, 19441 }, // U+30C3
    { 14, 14, 267, 1, 13, 25, 19459 }, // U+30C4
    { 15, 16, 267, 1, 15, 30, 19484 }, // U+30C5
    { 15, 16, 267, 1, 14, 30, 19514 }, // U+30C6
    { 16, 18, 267, 1, 16, 36, 19544 }, // U+30C7
    { 10, 14, 267, 5, 13, 18, 19580 }, // U+30C8
    { 11, 14, 267, 4, 13, 20, 19598 }, // U+30C9
    { 15, 16, 267, 1, 14, 30, 19618 }, // U+30CA
    { 14, 12, 267, 1, 12, 21, 19648 }, // U+30CB
    { 12, 15, 267, 2, 13, 23, 19669 }, // U+30CC
    { 15, 17, 267, 1, 15, 32, 19692 }, // U+30CD
    { 12, 13, 267, 2, 13, 20, 19724 }, // U+30CE
    { 15, 12, 267, 1, 12, 23, 19744 }, // U+30CF
    { 15, 14, 267, 1, 14, 27, 19767 }, // U+30D0
    { 16, 15, 267, 1, 14, 30, 19794 }, // U+30D1
    { 12, 15, 267, 3, 14, 23, 19824 }, // U+30D2
    { 13, 16, 267, 3, 15, 26, 19847 }, // U+30D3
    { 13, 15, 267, 3, 14, 25, 19873 }, // U+30D4
    { 13, 14, 267, 2, 13, 23, 19898 }, // U+30D5
    { 15, 17, 267, 2, 16, 32, 19921 }, // U+30D6
    { 15, 16, 267, 2, 15, 30, 19953 }, // U+30D7
    { 15, 12, 267, 1, 12, 23, 19983 }, // U+30D8
    { 16, 13, 267, 0, 13, 26, 20006 }, // U+30D9
    { 16, 13, 267, 0, 13, 26, 20032 }, // U+30DA
    { 15, 15, 267, 1, 14, 29, 20058 }, // U+30DB
    { 15, 16, 267, 1, 15, 30, 20087 }, // U+30DC
    { 15, 16, 267, 1, 15, 30, 20117 }, // U+30DD
    { 15, 15, 267, 1, 13, 29, 20147 }, // U+30DE
    { 12, 14, 267, 2, 13, 21, 20176 }, // U+30DF
    { 15, 15, 267, 1, 14, 29, 20197 }, // U+30E0
    { 14, 14, 267, 1, 13, 25, 20226 }, // U+30E1
    { 15, 14, 267, 1, 13, 27, 20251 }, // U+30E2
    { 13, 12, 267, 2, 10, 20, 20278 }, // U+30E3
    { 15, 14, 267, 1, 13, 27, 20298 }, // U+30E4
    { 13, 10, 267, 2, 9, 17, 20325 }, // U+30E5
    { 15, 12, 267, 1, 12, 23, 20342 }, // U+30E6
    { 10, 12, 267, 3, 10, 15, 20365 }, // U+30E7
    { 12, 14, 267, 2, 13, 21, 20380 }, // U+30E8
    { 13, 16, 267, 2, 14, 26, 20401 }, // U+30E9
    { 10, 14, 267, 3, 13, 18, 20427 }, // U+30EA
    { 15, 13, 267, 1, 13, 25, 20445 }, // U+30EB
    { 13, 13, 267, 3, 13, 22, 20470 }, // U+30EC
    { 13, 14, 267, 2, 13, 23, 20492 }, // U+30ED
    { 11, 12, 267, 3, 10, 17, 20515 }, // U+30EE
    { 13, 14, 267, 2, 13, 23, 20532 }, // U+30EF
    { 15, 15, 267, 1, 14, 29, 20555 }, // U+30F0
    { 15, 13, 267, 1, 13, 25, 20584 }, // U+30F1
    { 13, 15, 267, 2, 13, 25, 20609 }, // U+30F2
    { 14, 13, 267, 2, 13, 23, 20634 }, // U+30F3
    { 15, 17, 267, 1, 15, 32, 20657 }, // U+30F4
    { 12, 13, 267, 2, 11, 20, 20689 }, // U+30F5
    { 13, 13, 267, 2, 11, 22, 20709 }, // U+30F6
    { 15, 18, 267, 1, 16, 34, 20731 }, // U+30F7
    { 15, 17, 267, 1, 15, 32, 20765 }, // U+30F8
    { 15, 16, 267, 1, 15, 30, 20797 }, // U+30F9
    { 14, 18, 267, 2, 16, 32, 20827 }, // U+30FA
    { 5, 4, 267, 6, 9, 3, 20859 }, // U+30FB
    { 14, 3, 267, 1, 8, 6, 20862 }, // U+30FC
    { 9, 8, 267, 4, 10, 9, 20868 }, // U+30FD
    { 10, 11, 267, 4, 13, 14, 20877 }, // U+30FE
    { 11, 16, 267, 3, 14, 22, 20891 }, // U+30FF
    { 16, 2, 267, 0, 8, 4, 20913 }, // U+4E00
    { 16, 16, 267, 0, 15, 32, 20917 }, // U+4E0A
    { 16, 16, 267, 0, 14, 32, 20949 }, // U+4E0B
    { 16, 17, 267, 0, 14, 34, 20981 }, // U+4E21
    { 15, 17, 267, 1, 15, 32, 21015 }, // U+4E2D
    { 14, 16, 267, 1, 14, 28, 21047 }, // U+4E86
    { 17, 17, 267, 0, 15, 37, 21075 }, // U+4ED6
    { 16, 18, 267, 0, 15, 36, 21112 }, // U+4ED8
    { 16, 17, 267, 0, 15, 34, 21148 }, // U+4EF6
    { 17, 17, 267, 0, 15, 37, 21182 }, // U+4F4D
    { 17, 17, 267, 0, 15, 37, 21219 }, // U+4F53
    { 17, 18, 267, 0, 15, 39, 21256 }, // U+4F59
    { 17, 17, 267, 0, 15, 37, 21295 }, // U+4F5C
    { 17, 17, 267, 0, 15, 37, 21332 }, // U+4F7F
    { 17, 17, 267, 0, 15, 37, 21369 }, // U+4FDD
    { 17, 17, 267, 0, 15, 37, 21406 }, // U+4FE1
    { 17, 17, 267, 0, 15, 37, 21443 }, // U+5099
    { 17, 17, 267, 0, 15, 37, 21480 }, // U+50BE
    { 17, 17, 267, 0, 15, 37, 21517 }, // U+50CF
    { 16, 17, 267, 0, 15, 34, 21554 }, // U+5148
    { 16, 18, 267, 0, 15, 36, 21588 }, // U+5149
    { 17, 16, 267, 0, 14, 34, 21624 }, // U+5165
    { 17, 17, 267, 0, 15, 37, 21658 }, // U+5168
    { 15, 18, 267, 1, 15, 34, 21695 }, // U+5185
    { 17, 17, 267, 0, 14, 37, 21729 }, // U+518D
    { 14, 17, 267, 1, 15, 30, 21766 }, // U+51FA
    { 17, 18, 267, 0, 15, 39, 21796 }, // U+5206
    { 16, 17, 267, 0, 15, 34, 21835 }, // U+5207
    { 16, 18, 267, 0, 15, 36, 21869 }, // U+523B
    { 16, 17, 267, 0, 15, 34, 21905 }, // U+524A
    { 16, 18, 267, 0, 15, 36, 21939 }, // U+524D
    { 16, 18, 267, 0, 15, 36, 21975 }, // U+526F
    { 16, 17, 267, 0, 15, 34, 22011 }, // U+5272
    { 16, 17, 267, 0, 15, 34, 22045 }, // U+529B
    { 16, 17, 267, 0, 15, 34, 22079 }, // U+529F
    { 16, 17, 267, 0, 15, 34, 22113 }, // U+52A0
    { 16, 18, 267, 0, 15, 36, 22147 }, // U+52B9
    { 16, 18, 267, 0, 15, 36, 22183 }, // U+52D5
    { 17, 17, 267, 0, 15, 37, 22219 }, // U+5316
    { 17, 16, 267, 0, 14, 34, 22256 }, // U+539F
    { 16, 17, 267, 0, 15, 34, 22290 }, // U+53BB
    { 16, 16, 267, 0, 14, 32, 22324 }, // U+53CD
    { 17, 17, 267, 0, 15, 37, 22356 }, // U+53CE
    { 17, 16, 267, 0, 14, 34, 22393 }, // U+53D6
    { 16, 17, 267, 0, 15, 34, 22427 }, // U+53D7
    { 16, 17, 267, 0, 15, 34, 22461 }, // U+53F3
    { 16, 17, 267, 0, 14, 34, 22495 }, // U+53F7
    { 17, 17, 267, 0, 15, 37, 22529 }, // U+5404
    { 17, 17, 267, 0, 15, 37, 22566 }, // U+5408
    { 15, 17, 267, 1, 14, 32, 22603 }, // U+540C
    { 15, 17, 267, 0, 15, 32, 22635 }, // U+540D
    { 15, 17, 267, 1, 15, 32, 22667 }, // U+5411
    { 15, 17, 267, 1, 15, 32, 22699 }, // U+544A
    { 15, 16, 267, 1, 14, 30, 22731 }, // U+56DE
    { 15, 16, 267, 1, 14, 30, 22761 }, // U+56E0
    { 15, 16, 267, 1, 14, 30, 22791 }, // U+56F2
    { 16, 17, 267, 0, 15, 34, 22821 }, // U+5728
    { 17, 17, 267, 0, 15, 37, 22855 }, // U+57CB
    { 17, 17, 267, 0, 15, 37, 22892 }, // U+5831
    { 17, 18, 267, 0, 15, 39, 22929 }, // U+5834
    { 17, 17, 267, 0, 15, 37, 22968 }, // U+5909
    { 17, 17, 267, 0, 15, 37, 23005 }, // U+5916
    { 16, 17, 267, 0, 15, 34, 23042 }, // U+5927
    { 17, 17, 267, 0, 15, 37, 23076 }, // U+592A
    { 17, 17, 267, 0, 15, 37, 23113 }, // U+592E
    { 17, 17, 267, 0, 15, 37, 23150 }, // U+5931
    { 15, 17, 267, 1, 15, 32, 23187 }, // U+5B57
    { 16, 17, 267, 0, 15, 34, 23219 }, // U+5B58
    { 16, 17, 267, 0, 15, 34, 23253 }, // U+5B8C
    { 16, 17, 267, 0, 15, 34, 23287 }, // U+5B9A
    { 16, 17, 267, 0, 15, 34, 23321 }, // U+5B9B
    { 16, 17, 267, 0, 15, 34, 23355 }, // U+5BB3
    { 17, 17, 267, 0, 15, 37, 23389 }, // U+5C0E
    { 17, 18, 267, 0, 15, 39, 23426 }, // U+5C0F
    { 16, 16, 267, 0, 14, 32, 23465 }, // U+5C3E
    { 16, 17, 267, 0, 15, 34, 23497 }, // U+5DE6
    { 15, 17, 267, 1, 15, 32, 23531 }, // U+5E38
    { 17, 17, 267, 0, 15, 37, 23563 }, // U+5E83
    { 17, 17, 267, 0, 15, 37, 23600 }, // U+5EA6
    { 14, 17, 267, 1, 15, 30, 23637 }, // U+5F53
    { 17, 17, 267, 0, 15, 37, 23667 }, // U+5F79
    { 16, 17, 267, 0, 15, 34, 23704 }, // U+5F97
    { 17, 17, 267, 0, 15, 37, 23738 }, // U+5FC5
    { 16, 18, 267, 0, 15, 36, 23775 }, // U+60C5
    { 17, 17, 267, 0, 15, 37, 23811 }, // U+614B
    { 16, 17, 267, 0, 15, 34, 23848 }, // U+6210
    { 17, 16, 267, 0, 14, 34, 23882 }, // U+623B
    { 17, 18, 267, 0, 15, 39, 23916 }, // U+629C
    { 17, 18, 267, 0, 15, 39, 23955 }, // U+629E
    { 16, 18, 267, 0, 15, 36, 23994 }, // U+62BC
    { 16, 18, 267, 0, 15, 36, 24030 }, // U+6357
    { 16, 18, 267, 0, 15, 36, 24066 }, // U+63A5
    { 16, 18, 267, 0, 15, 36, 24102 }, // U+63C3
    { 17, 18, 267, 0, 15, 39, 24138 }, // U+64CD
    { 17, 17, 267, 0, 15, 37, 24177 }, // U+6557
    { 17, 17, 267, 0, 15, 37, 24214 }, // U+6570
    { 17, 17, 267, 0, 15, 37, 24251 }, // U+6587
    { 16, 17, 267, 0, 15, 34, 24288 }, // U+65B0
    { 17, 16, 267, 0, 14, 34, 24322 }, // U+65E2
    { 12, 16, 267, 2, 14, 24, 24356 }, // U+65E5
    { 16, 17, 267, 1, 15, 34, 24380 }, // U+6642
    { 16, 17, 267, 1, 15, 34, 24414 }, // U+6697
    { 17, 17, 267, 0, 14, 37, 24448 }, // U+66F4
    { 16, 17, 267, 0, 15, 34, 24485 }, // U+66F8
    { 17, 17, 267, 0, 15, 37, 24519 }, // U+66FF
    { 17, 16, 267, 0, 14, 34, 24556 }, // U+6700
    { 16, 18, 267, 0, 15, 36, 24590 }, // U+671F
    { 17, 17, 267, 0, 15, 37, 24626 }, // U+672A
    { 17, 17, 267, 0, 15, 37, 24663 }, // U+672B
    { 17, 17, 267, 0, 15, 37, 24700 }, // U+672C
    { 17, 17, 267, 0, 15, 37, 24737 }, // U+6790
    { 17, 17, 267, 0, 15, 37, 24774 }, // U+691C
    { 17, 17, 267, 0, 15, 37, 24811 }, // U+69CB
    { 17, 17, 267, 0, 15, 37, 24848 }, // U+6A19
    { 17, 17, 267, 0, 15, 37, 24885 }, // U+6A2A
    { 17, 17, 267, 0, 15, 37, 24922 }, // U+6B21
    { 16, 16, 267, 0, 15, 32, 24959 }, // U+6B62
    { 16, 15, 267, 0, 14, 30, 24991 }, // U+6B63
    { 17, 18, 267, 0, 15, 39, 25021 }, // U+6B8B
    { 17, 17, 267, 0, 15, 37, 25060 }, // U+6BB5
    { 16, 17, 267, 0, 15, 34, 25097 }, // U+6BCE
    { 17, 17, 267, 0, 15, 37, 25131 }, // U+6C7A
    { 17, 17, 267, 0, 15, 37, 25168 }, // U+6CE8
    { 16, 18, 267, 0, 15, 36, 25205 }, // U+6D88
    { 17, 17, 267, 0, 15, 37, 25241 }, // U+6DFB
    { 17, 17, 267, 0, 15, 37, 25278 }, // U+6E08
    { 17, 18, 267, 0, 15, 39, 25315 }, // U+6E90
    { 16, 17, 267, 0, 15, 34, 25354 }, // U+6E96
    { 16, 17, 267, 0, 15, 34, 25388 }, // U+7121
    { 16, 16, 267, 0, 14, 32, 25422 }, // U+7167
    { 16, 17, 267, 0, 15, 34, 25454 }, // U+7279
    { 17, 17, 267, 0, 15, 37, 25488 }, // U+72B6
    { 17, 18, 267, 0, 15, 39, 25525 }, // U+72ED
    { 16, 17, 267, 0, 15, 34, 25564 }, // U+7387
    { 17, 17, 267, 0, 14, 37, 25598 }, // U+73FE
    { 15, 17, 267, 0, 14, 32, 25635 }, // U+7528
    { 16, 16, 267, 0, 14, 32, 25667 }, // U+753B
    { 17, 17, 267, 0, 15, 37, 25699 }, // U+756A
    { 13, 17, 267, 2, 15, 28, 25736 }, // U+767D
    { 15, 18, 267, 1, 15, 34, 25764 }, // U+7684
    { 12, 16, 267, 2, 14, 24, 25798 }, // U+76EE
    { 16, 17, 267, 0, 15, 34, 25822 }, // U+77ED
    { 16, 17, 267, 0, 15, 34, 25856 }, // U+78BA
    { 16, 16, 267, 0, 14, 32, 25890 }, // U+793A
    { 17, 17, 267, 0, 15, 37, 25922 }, // U+79D2
    { 17, 17, 267, 0, 15, 37, 25959 }, // U+79FB
    { 15, 17, 267, 1, 15, 32, 25996 }, // U+7A7A
    { 16, 17, 267, 0, 15, 34, 26028 }, // U+7AE0
    { 16, 17, 267, 0, 15, 34, 26062 }, // U+7AEF
    { 16, 17, 267, 0, 15, 34, 26096 }, // U+7B2C
    { 16, 17, 267, 0, 15, 34, 26130 }, // U+7B97
    { 17, 17, 267, 0, 15, 37, 26164 }, // U+7BC4
    { 16, 17, 267, 0, 15, 34, 26201 }, // U+7C4D
    { 17, 18, 267, 0, 15, 39, 26235 }, // U+7D19
    { 16, 17, 267, 0, 15, 34, 26274 }, // U+7D22
    { 16, 17, 267, 0, 15, 34, 26308 }, // U+7D30
    { 17, 17, 267, 0, 15, 37, 26342 }, // U+7D42
    { 17, 17, 267, 0, 15, 37, 26379 }, // U+7D9A
    { 16, 17, 267, 0, 15, 34, 26416 }, // U+7DE8
    { 17, 17, 267, 0, 15, 37, 26450 }, // U+7E26
    { 15, 16, 267, 1, 14, 30, 26487 }, // U+7F6E
    { 16, 18, 267, 0, 15, 36, 26517 }, // U+811A
    { 13, 17, 267, 2, 15, 28, 26553 }, // U+81EA
    { 17, 17, 267, 0, 15, 37, 26581 }, // U+822C
    { 16, 17, 267, 0, 15, 34, 26618 }, // U+8272
    { 17, 17, 267, 0, 15, 37, 26652 }, // U+843D
    { 16, 18, 267, 0, 15, 36, 26689 }, // U+884C
    { 17, 17, 267, 0, 15, 37, 26725 }, // U+8868
    { 16, 17, 267, 0, 15, 34, 26762 }, // U+88DC
    { 16, 17, 267, 0, 14, 34, 26796 }, // U+8981
    { 17, 17, 267, 0, 15, 37, 26830 }, // U+898B
    { 17, 18, 267, 0, 15, 39, 26867 }, // U+8996
    { 17, 18, 267, 0, 15, 39, 26906 }, // U+89E3
    { 16, 16, 267, 0, 14, 32, 26945 }, // U+8A00
    { 17, 17, 267, 0, 15, 37, 26977 }, // U+8A08
    { 17, 16, 267, 0, 14, 34, 27014 }, // U+8A18
    { 17, 17, 267, 0, 15, 37, 27048 }, // U+8A2D
    { 17, 16, 267, 0, 14, 34, 27085 }, // U+8A3C
    { 17, 17, 267, 0, 15, 37, 27119 }, // U+8A66
    { 17, 17, 267, 0, 15, 37, 27156 }, // U+8A73
    { 17, 16, 267, 0, 14, 34, 27193 }, // U+8A8D
    { 17, 16, 267, 0, 14, 34, 27227 }, // U+8A9E
    { 17, 17, 267, 0, 15, 37, 27261 }, // U+8AAD
    { 17, 17, 267, 0, 15, 37, 27298 }, // U+8D77
    { 17, 17, 267, 0, 15, 37, 27335 }, // U+8EE2
    { 17, 17, 267, 0, 15, 37, 27372 }, // U+8FBC
    { 17, 17, 267, 0, 15, 37, 27409 }, // U+8FD1
    { 17, 17, 267, 0, 15, 37, 27446 }, // U+8FFD
    { 17, 17, 267, 0, 15, 37, 27483 }, // U+9000
    { 17, 17, 267, 0, 15, 37, 27520 }, // U+9001
    { 17, 17, 267, 0, 15, 37, 27557 }, // U+9006
    { 17, 17, 267, 0, 15, 37, 27594 }, // U+9032
    { 17, 17, 267, 0, 15, 37, 27631 }, // U+9069
    { 17, 17, 267, 0, 15, 37, 27668 }, // U+9078
    { 17, 16, 267, 0, 14, 34, 27705 }, // U+914D
    { 16, 15, 267, 0, 14, 30, 27739 }, // U+91CF
    { 17, 17, 267, 0, 15, 37, 27769 }, // U+9332
    { 17, 16, 267, 0, 14, 34, 27806 }, // U+9577
    { 15, 17, 267, 1, 14, 32, 27840 }, // U+958B
    { 15, 17, 267, 1, 14, 32, 27872 }, // U+9593
    { 16, 17, 267, 1, 15, 34, 27904 }, // U+9664
    { 16, 18, 267, 1, 15, 36, 27938 }, // U+969B
    { 15, 17, 267, 1, 15, 32, 27974 }, // U+969C
    { 15, 17, 267, 1, 15, 32, 28006 }, // U+96A0
    { 17, 17, 267, 0, 15, 37, 28038 }, // U+96C6
    { 16, 16, 267, 1, 14, 32, 28075 }, // U+96FB
    { 16, 17, 267, 0, 15, 34, 28107 }, // U+975E
    { 16, 16, 267, 0, 14, 32, 28141 }, // U+9762
    { 17, 16, 267, 0, 14, 34, 28173 }, // U+9805
    { 17, 17, 267, 0, 15, 37, 28207 }, // U+983B
    { 13, 13, 184, 0, 13, 22, 28244 }, // U+FB00
    { 9, 13, 161, 0, 13, 15, 28266 }, // U+FB01
    { 9, 13, 161, 0, 13, 15, 28281 }, // U+FB02
    { 15, 13, 252, 0, 13, 25, 28296 }, // U+FB03
    { 15, 13, 252, 0, 13, 25, 28321 }, // U+FB04
    { 10, 14, 180, 1, 13, 18, 28346 }, // U+FB05
    { 14, 14, 224, 0, 13, 25, 28364 }, // U+FB06
    { 16, 16, 267, 0, 13, 32, 28389 }, // U+FFFD
};

static const EpdUnicodeInterval notosans_8_regularIntervals[] = {
    { 0x0, 0x0, 0x0 },
    { 0xD, 0xD, 0x1 },
    { 0x20, 0x7E, 0x2 },
    { 0xA0, 0xFF, 0x61 },
    { 0x100, 0x17F, 0xC1 },
    { 0x1A0, 0x1A1, 0x141 },
    { 0x1AF, 0x1B0, 0x143 },
    { 0x1C4, 0x21F, 0x145 },
    { 0x300, 0x36F, 0x1A1 },
    { 0x400, 0x4FF, 0x211 },
    { 0x1EA0, 0x1EF9, 0x311 },
    { 0x2000, 0x2064, 0x36B },
    { 0x2066, 0x206F, 0x3D0 },
    { 0x2070, 0x2071, 0x3DA },
    { 0x2074, 0x208E, 0x3DC },
    { 0x2090, 0x209C, 0x3F7 },
    { 0x20A0, 0x20C0, 0x404 },
    { 0x2212, 0x2212, 0x425 },
    { 0x3000, 0x303F, 0x426 },
    { 0x3041, 0x3096, 0x466 },
    { 0x3099, 0x309F, 0x4BC },
    { 0x30A0, 0x30FF, 0x4C3 },
    { 0x4E00, 0x4E00, 0x523 },
    { 0x4E0A, 0x4E0B, 0x524 },
    { 0x4E21, 0x4E21, 0x526 },
    { 0x4E2D, 0x4E2D, 0x527 },
    { 0x4E86, 0x4E86, 0x528 },
    { 0x4ED6, 0x4ED6, 0x529 },
    { 0x4ED8, 0x4ED8, 0x52A },
    { 0x4EF6, 0x4EF6, 0x52B },
    { 0x4F4D, 0x4F4D, 0x52C },
    { 0x4F53, 0x4F53, 0x52D },
    { 0x4F59, 0x4F59, 0x52E },
    { 0x4F5C, 0x4F5C, 0x52F },
    { 0x4F7F, 0x4F7F, 0x530 },
    { 0x4FDD, 0x4FDD, 0x531 },
    { 0x4FE1, 0x4FE1, 0x532 },
    { 0x5099, 0x5099, 0x533 },
    { 0x50BE, 0x50BE, 0x534 },
    { 0x50CF, 0x50CF, 0x535 },
    { 0x5148, 0x5149, 0x536 },
    { 0x5165, 0x5165, 0x538 },
    { 0x5168, 0x5168, 0x539 },
    { 0x5185, 0x5185, 0x53A },
    { 0x518D, 0x518D, 0x53B },
    { 0x51FA, 0x51FA, 0x53C },
    { 0x5206, 0x5207, 0x53D },
    { 0x523B, 0x523B, 0x53F },
    { 0x524A, 0x524A, 0x540 },
    { 0x524D, 0x524D, 0x541 },
    { 0x526F, 0x526F, 0x542 },
    { 0x5272, 0x5272, 0x543 },
    { 0x529B, 0x529B, 0x544 },
    { 0x529F, 0x52A0, 0x545 },
    { 0x52B9, 0x52B9, 0x547 },
    { 0x52D5, 0x52D5, 0x548 },
    { 0x5316, 0x5316, 0x549 },
    { 0x539F, 0x539F, 0x54A },
    { 0x53BB, 0x53BB, 0x54B },
    { 0x53CD, 0x53CE, 0x54C },
    { 0x53D6, 0x53D7, 0x54E },
    { 0x53F3, 0x53F3, 0x550 },
    { 0x53F7, 0x53F7, 0x551 },
    { 0x5404, 0x5404, 0x552 },
    { 0x5408, 0x5408, 0x553 },
    { 0x540C, 0x540D, 0x554 },
    { 0x5411, 0x5411, 0x556 },
    { 0x544A, 0x544A, 0x557 },
    { 0x56DE, 0x56DE, 0x558 },
    { 0x56E0, 0x56E0, 0x559 },
    { 0x56F2, 0x56F2, 0x55A },
    { 0x5728, 0x5728, 0x55B },
    { 0x57CB, 0x57CB, 0x55C },
    { 0x5831, 0x5831, 0x55D },
    { 0x5834, 0x5834, 0x55E },
    { 0x5909, 0x5909, 0x55F },
    { 0x5916, 0x5916, 0x560 },
    { 0x5927, 0x5927, 0x561 },
    { 0x592A, 0x592A, 0x562 },
    { 0x592E, 0x592E, 0x563 },
    { 0x5931, 0x5931, 0x564 },
    { 0x5B57, 0x5B58, 0x565 },
    { 0x5B8C, 0x5B8C, 0x567 },
    { 0x5B9A, 0x5B9B, 0x568 },
    { 0x5BB3, 0x5BB3, 0x56A },
    { 0x5C0E, 0x5C0F, 0x56B },
    { 0x5C3E, 0x5C3E, 0x56D },
    { 0x5DE6, 0x5DE6, 0x56E },
    { 0x5E38, 0x5E38, 0x56F },
    { 0x5E83, 0x5E83, 0x570 },
    { 0x5EA6, 0x5EA6, 0x571 },
    { 0x5F53, 0x5F53, 0x572 },
    { 0x5F79, 0x5F79, 0x573 },
    { 0x5F97, 0x5F97, 0x574 },
    { 0x5FC5, 0x5FC5, 0x575 },
    { 0x60C5, 0x60C5, 0x576 },
    { 0x614B, 0x614B, 0x577 },
    { 0x6210, 0x6210, 0x578 },
    { 0x623B, 0x623B, 0x579 },
    { 0x629C, 0x629C, 0x57A },
    { 0x629E, 0x629E, 0x57B },
    { 0x62BC, 0x62BC, 0x57C },
    { 0x6357, 0x6357, 0x57D },
    { 0x63A5, 0x63A5, 0x57E },
    { 0x63C3, 0x63C3, 0x57F },
    { 0x64CD, 0x64CD, 0x580 },
    { 0x6557, 0x6557, 0x581 },
    { 0x6570, 0x6570, 0x582 },
    { 0x6587, 0x6587, 0x583 },
    { 0x65B0, 0x65B0, 0x584 },
    { 0x65E2, 0x65E2, 0x585 },
    { 0x65E5, 0x65E5, 0x586 },
    { 0x6642, 0x6642, 0x587 },
    { 0x6697, 0x6697, 0x588 },
    { 0x66F4, 0x66F4, 0x589 },
    { 0x66F8, 0x66F8, 0x58A },
    { 0x66FF, 0x6700, 0x58B },
    { 0x671F, 0x671F, 0x58D },
    { 0x672A, 0x672C, 0x58E },
    { 0x6790, 0x6790, 0x591 },
    { 0x691C, 0x691C, 0x592 },
    { 0x69CB, 0x69CB, 0x593 },
    { 0x6A19, 0x6A19, 0x594 },
    { 0x6A2A, 0x6A2A, 0x595 },
    { 0x6B21, 0x6B21, 0x596 },
    { 0x6B62, 0x6B63, 0x597 },
    { 0x6B8B, 0x6B8B, 0x599 },
    { 0x6BB5, 0x6BB5, 0x59A },
    { 0x6BCE, 0x6BCE, 0x59B },
    { 0x6C7A, 0x6C7A, 0x59C },
    { 0x6CE8, 0x6CE8, 0x59D },
    { 0x6D88, 0x6D88, 0x59E },
    { 0x6DFB, 0x6DFB, 0x59F },
    { 0x6E08, 0x6E08, 0x5A0 },
    { 0x6E90, 0x6E90, 0x5A1 },
    { 0x6E96, 0x6E96, 0x5A2 },
    { 0x7121, 0x7121, 0x5A3 },
    { 0x7167, 0x7167, 0x5A4 },
    { 0x7279, 0x7279, 0x5A5 },
    { 0x72B6, 0x72B6, 0x5A6 },
    { 0x72ED, 0x72ED, 0x5A7 },
    { 0x7387, 0x7387, 0x5A8 },
    { 0x73FE, 0x73FE, 0x5A9 },
    { 0x7528, 0x7528, 0x5AA },
    { 0x753B, 0x753B, 0x5AB },
    { 0x756A, 0x756A, 0x5AC },
    { 0x767D, 0x767D, 0x5AD },
    { 0x7684, 0x7684, 0x5AE },
    { 0x76EE, 0x76EE, 0x5AF },
    { 0x77ED, 0x77ED, 0x5B0 },
    { 0x78BA, 0x78BA, 0x5B1 },
    { 0x793A, 0x793A, 0x5B2 },
    { 0x79D2, 0x79D2, 0x5B3 },
    { 0x79FB, 0x79FB, 0x5B4 },
    { 0x7A7A, 0x7A7A, 0x5B5 },
    { 0x7AE0, 0x7AE0, 0x5B6 },
    { 0x7AEF, 0x7AEF, 0x5B7 },
    { 0x7B2C, 0x7B2C, 0x5B8 },
    { 0x7B97, 0x7B97, 0x5B9 },
    { 0x7BC4, 0x7BC4, 0x5BA },
    { 0x7C4D, 0x7C4D, 0x5BB },
    { 0x7D19, 0x7D19, 0x5BC },
    { 0x7D22, 0x7D22, 0x5BD },
    { 0x7D30, 0x7D30, 0x5BE },
    { 0x7D42, 0x7D42, 0x5BF },
    { 0x7D9A, 0x7D9A, 0x5C0 },
    { 0x7DE8, 0x7DE8, 0x5C1 },
    { 0x7E26, 0x7E26, 0x5C2 },
    { 0x7F6E, 0x7F6E, 0x5C3 },
    { 0x811A, 0x811A, 0x5C4 },
    { 0x81EA, 0x81EA, 0x5C5 },
    { 0x822C, 0x822C, 0x5C6 },
    { 0x8272, 0x8272, 0x5C7 },
    { 0x843D, 0x843D, 0x5C8 },
    { 0x884C, 0x884C, 0x5C9 },
    { 0x8868, 0x8868, 0x5CA },
    { 0x88DC, 0x88DC, 0x5CB },
    { 0x8981, 0x8981, 0x5CC },
    { 0x898B, 0x898B, 0x5CD },
    { 0x8996, 0x8996, 0x5CE },
    { 0x89E3, 0x89E3, 0x5CF },
    { 0x8A00, 0x8A00, 0x5D0 },
    { 0x8A08, 0x8A08, 0x5D1 },
    { 0x8A18, 0x8A18, 0x5D2 },
    { 0x8A2D, 0x8A2D, 0x5D3 },
    { 0x8A3C, 0x8A3C, 0x5D4 },
    { 0x8A66, 0x8A66, 0x5D5 },
    { 0x8A73, 0x8A73, 0x5D6 },
    { 0x8A8D, 0x8A8D, 0x5D7 },
    { 0x8A9E, 0x8A9E, 0x5D8 },
    { 0x8AAD, 0x8AAD, 0x5D9 },
    { 0x8D77, 0x8D77, 0x5DA },
    { 0x8EE2, 0x8EE2, 0x5DB },
    { 0x8FBC, 0x8FBC, 0x5DC },
    { 0x8FD1, 0x8FD1, 0x5DD },
    { 0x8FFD, 0x8FFD, 0x5DE },
    { 0x9000, 0x9001, 0x5DF },
    { 0x9006, 0x9006, 0x5E1 },
    { 0x9032, 0x9032, 0x5E2 },
    { 0x9069, 0x9069, 0x5E3 },
    { 0x9078, 0x9078, 0x5E4 },
    { 0x914D, 0x914D, 0x5E5 },
    { 0x91CF, 0x91CF, 0x5E6 },
    { 0x9332, 0x9332, 0x5E7 },
    { 0x9577, 0x9577, 0x5E8 },
    { 0x958B, 0x958B, 0x5E9 },
    { 0x9593, 0x9593, 0x5EA },
    { 0x9664, 0x9664, 0x5EB },
    { 0x969B, 0x969C, 0x5EC },
    { 0x96A0, 0x96A0, 0x5EE },
    { 0x96C6, 0x96C6, 0x5EF },
    { 0x96FB, 0x96FB, 0x5F0 },
    { 0x975E, 0x975E, 0x5F1 },
    { 0x9762, 0x9762, 0x5F2 },
    { 0x9805, 0x9805, 0x5F3 },
    { 0x983B, 0x983B, 0x5F4 },
    { 0xFB00, 0xFB06, 0x5F5 },
    { 0xFFFD, 0xFFFD, 0x5FC },
};

static const EpdLigaturePair notosans_8_regularLigaturePairs[] = {
    { 0x00660066, 0xFB00 }, // f f -> U+FB00
    { 0x00660069, 0xFB01 }, // f i -> U+FB01
    { 0x0066006C, 0xFB02 }, // f l -> U+FB02
    { 0xFB000069, 0xFB03 }, // U+FB00 i -> U+FB03
    { 0xFB00006C, 0xFB04 }, // U+FB00 l -> U+FB04
};

static const EpdFontData notosans_8_regular = {
    notosans_8_regularBitmaps,
    notosans_8_regularGlyphs,
    notosans_8_regularIntervals,
    218,
    23,
    18,
    -5,
    false,
    nullptr,
    0,
    nullptr,
    nullptr,
    nullptr,
    nullptr,
    0,
    0,
    0,
    0,
    notosans_8_regularLigaturePairs,
    5,
};
