/**
 * generated by fontconvert.py
 * name: ubuntu_12_regular
 * size: 12
 * mode: 1-bit
 * Command used: fontconvert.py ubuntu_12_regular 12 ../builtinFonts/source/Ubuntu/Ubuntu-Regular.ttf ../builtinFonts/source/NotoSansJP/NotoSansJP-Regular-jp-only.ttf --no-kerning --additional-intervals=0x3000,0x303F --additional-intervals=0x3040,0x309F --additional-intervals=0x30A0,0x30FF --additional-intervals=0x4E00,0x4E00 --additional-intervals=0x4E0A,0x4E0B --additional-intervals=0x4E21,0x4E21 --additional-intervals=0x4E2D,0x4E2D --additional-intervals=0x4E86,0x4E86 --additional-intervals=0x4ED6,0x4ED6 --additional-intervals=0x4ED8,0x4ED8 --additional-intervals=0x4EF6,0x4EF6 --additional-intervals=0x4F4D,0x4F4D --additional-intervals=0x4F53,0x4F53 --additional-intervals=0x4F59,0x4F59 --additional-intervals=0x4F5C,0x4F5C --additional-intervals=0x4F7F,0x4F7F --additional-intervals=0x4FDD,0x4FDD --additional-intervals=0x4FE1,0x4FE1 --additional-intervals=0x5099,0x5099 --additional-intervals=0x50BE,0x50BE --additional-intervals=0x50CF,0x50CF --additional-intervals=0x5148,0x5149 --additional-intervals=0x5165,0x5165 --additional-intervals=0x5168,0x5168 --additional-intervals=0x5185,0x5185 --additional-intervals=0x518D,0x518D --additional-intervals=0x51FA,0x51FA --additional-intervals=0x5206,0x5207 --additional-intervals=0x523B,0x523B --additional-intervals=0x524A,0x524A --additional-intervals=0x524D,0x524D --additional-intervals=0x526F,0x526F --additional-intervals=0x5272,0x5272 --additional-intervals=0x529B,0x529B --additional-intervals=0x529F,0x52A0 --additional-intervals=0x52B9,0x52B9 --additional-intervals=0x52D5,0x52D5 --additional-intervals=0x5316,0x5316 --additional-intervals=0x539F,0x539F --additional-intervals=0x53BB,0x53BB --additional-intervals=0x53CD,0x53CE --additional-intervals=0x53D6,0x53D7 --additional-intervals=0x53F3,0x53F3 --additional-intervals=0x53F7,0x53F7 --additional-intervals=0x5404,0x5404 --additional-intervals=0x5408,0x5408 --additional-intervals=0x540C,0x540D --additional-intervals=0x5411,0x5411 --additional-intervals=0x544A,0x544A --additional-intervals=0x56DE,0x56DE --additional-intervals=0x56E0,0x56E0 --additional-intervals=0x56F2,0x56F2 --additional-intervals=0x5728,0x5728 --additional-intervals=0x57CB,0x57CB --additional-intervals=0x5831,0x5831 --additional-intervals=0x5834,0x5834 --additional-intervals=0x5909,0x5909 --additional-intervals=0x5916,0x5916 --additional-intervals=0x5927,0x5927 --additional-intervals=0x592A,0x592A --additional-intervals=0x592E,0x592E --additional-intervals=0x5931,0x5931 --additional-intervals=0x5B57,0x5B58 --additional-intervals=0x5B8C,0x5B8C --additional-intervals=0x5B9A,0x5B9B --additional-intervals=0x5BB3,0x5BB3 --additional-intervals=0x5C0E,0x5C0F --additional-intervals=0x5C3E,0x5C3E --additional-intervals=0x5DE6,0x5DE6 --additional-intervals=0x5E38,0x5E38 --additional-intervals=0x5E83,0x5E83 --additional-intervals=0x5EA6,0x5EA6 --additional-intervals=0x5F53,0x5F53 --additional-intervals=0x5F79,0x5F79 --additional-intervals=0x5F97,0x5F97 --additional-intervals=0x5FC5,0x5FC5 --additional-intervals=0x60C5,0x60C5 --additional-intervals=0x614B,0x614B --additional-intervals=0x6210,0x6210 --additional-intervals=0x623B,0x623B --additional-intervals=0x629C,0x629C --additional-intervals=0x629E,0x629E --additional-intervals=0x62BC,0x62BC --additional-intervals=0x6357,0x6357 --additional-intervals=0x63A5,0x63A5 --additional-intervals=0x63C3,0x63C3 --additional-intervals=0x64CD,0x64CD --additional-intervals=0x6557,0x6557 --additional-intervals=0x6570,0x6570 --additional-intervals=0x6587,0x6587 --additional-intervals=0x65B0,0x65B0 --additional-intervals=0x65E2,0x65E2 --additional-intervals=0x65E5,0x65E5 --additional-intervals=0x6642,0x6642 --additional-intervals=0x6697,0x6697 --additional-intervals=0x66F4,0x66F4 --additional-intervals=0x66F8,0x66F8 --additional-intervals=0x66FF,0x6700 --additional-intervals=0x671F,0x671F --additional-intervals=0x672A,0x672C --additional-intervals=0x6790,0x6790 --additional-intervals=0x691C,0x691C --additional-intervals=0x69CB,0x69CB --additional-intervals=0x6A19,0x6A19 --additional-intervals=0x6A2A,0x6A2A --additional-intervals=0x6B21,0x6B21 --additional-intervals=0x6B62,0x6B63 --additional-intervals=0x6B8B,0x6B8B --additional-intervals=0x6BB5,0x6BB5 --additional-intervals=0x6BCE,0x6BCE --additional-intervals=0x6C7A,0x6C7A --additional-intervals=0x6CE8,0x6CE8 --additional-intervals=0x6D88,0x6D88 --additional-intervals=0x6DFB,0x6DFB --additional-intervals=0x6E08,0x6E08 --additional-intervals=0x6E90,0x6E90 --additional-intervals=0x6E96,0x6E96 --additional-intervals=0x7121,0x7121 --additional-intervals=0x7167,0x7167 --additional-intervals=0x7279,0x7279 --additional-intervals=0x72B6,0x72B6 --additional-intervals=0x72ED,0x72ED --additional-intervals=0x7387,0x7387 --additional-intervals=0x73FE,0x73FE --additional-intervals=0x7528,0x7528 --additional-intervals=0x753B,0x753B --additional-intervals=0x756A,0x756A --additional-intervals=0x767D,0x767D --additional-intervals=0x7684,0x7684 --additional-intervals=0x76EE,0x76EE --additional-intervals=0x77ED,0x77ED --additional-intervals=0x78BA,0x78BA --additional-intervals=0x793A,0x793A --additional-intervals=0x79D2,0x79D2 --additional-intervals=0x79FB,0x79FB --additional-intervals=0x7A7A,0x7A7A --additional-intervals=0x7AE0,0x7AE0 --additional-intervals=0x7AEF,0x7AEF --additional-intervals=0x7B2C,0x7B2C --additional-intervals=0x7B97,0x7B97 --additional-intervals=0x7BC4,0x7BC4 --additional-intervals=0x7C4D,0x7C4D --additional-intervals=0x7D19,0x7D19 --additional-intervals=0x7D22,0x7D22 --additional-intervals=0x7D30,0x7D30 --additional-intervals=0x7D42,0x7D42 --additional-intervals=0x7D9A,0x7D9A --additional-intervals=0x7DE8,0x7DE8 --additional-intervals=0x7E26,0x7E26 --additional-intervals=0x7F6E,0x7F6E --additional-intervals=0x811A,0x811A --additional-intervals=0x81EA,0x81EA --additional-intervals=0x822C,0x822C --additional-intervals=0x8272,0x8272 --additional-intervals=0x843D,0x843D --additional-intervals=0x884C,0x884C --additional-intervals=0x8868,0x8868 --additional-intervals=0x88DC,0x88DC --additional-intervals=0x8981,0x8981 --additional-intervals=0x898B,0x898B --additional-intervals=0x8996,0x8996 --additional-intervals=0x89E3,0x89E3 --additional-intervals=0x8A00,0x8A00 --additional-intervals=0x8A08,0x8A08 --additional-intervals=0x8A18,0x8A18 --additional-intervals=0x8A2D,0x8A2D --additional-intervals=0x8A3C,0x8A3C --additional-intervals=0x8A66,0x8A66 --additional-intervals=0x8A73,0x8A73 --additional-intervals=0x8A8D,0x8A8D --additional-intervals=0x8A9E,0x8A9E --additional-intervals=0x8AAD,0x8AAD --additional-intervals=0x8D77,0x8D77 --additional-intervals=0x8EE2,0x8EE2 --additional-intervals=0x8FBC,0x8FBC --additional-intervals=0x8FD1,0x8FD1 --additional-intervals=0x8FFD,0x8FFD --additional-intervals=0x9000,0x9001 --additional-intervals=0x9006,0x9006 --additional-intervals=0x9032,0x9032 --additional-intervals=0x9069,0x9069 --additional-intervals=0x9078,0x9078 --additional-intervals=0x914D,0x914D --additional-intervals=0x91CF,0x91CF --additional-intervals=0x9332,0x9332 --additional-intervals=0x9577,0x9577 --additional-intervals=0x958B,0x958B --additional-intervals=0x9593,0x9593 --additional-intervals=0x9664,0x9664 --additional-intervals=0x969B,0x969C --additional-intervals=0x96A0,0x96A0 --additional-intervals=0x96C6,0x96C6 --additional-intervals=0x96FB,0x96FB --additional-intervals=0x975E,0x975E --additional-intervals=0x9762,0x9762 --additional-intervals=0x9805,0x9805 --additional-intervals=0x983B,0x983B
 */
#pragma once
#include "EpdFontData.h"

static const uint8_t ubuntu_12_regularBitmaps[49103] = {
    0x73, 0x9C, 0xE7, 0x39, 0xCE, 0x73, 0x9C, 0xE0, 0x01, 0xDE, 0x70, 0xF7, 0xF7, 0xF7, 0x67, 0x67,
    0x67, 0x0E, 0x18, 0x1C, 0x70, 0x38, 0xE0, 0x71, 0xC0, 0xC3, 0x9F, 0xFF, 0xFF, 0xFF, 0x8E, 0x38,
    0x1C, 0x70, 0x30, 0xE3, 0xFF, 0xFF, 0xFF, 0xF3, 0x8E, 0x07, 0x1C, 0x0E, 0x38, 0x38, 0x60, 0x71,
    0xC0, 0x06, 0x00, 0x60, 0x06, 0x01, 0xFE, 0x7F, 0xE7, 0x8E, 0x70, 0x07, 0x00, 0x70, 0x07, 0x80,
    0x3E, 0x01, 0xF8, 0x03, 0xC0, 0x1E, 0x00, 0xF0, 0x07, 0x00, 0xF7, 0x1F, 0xFF, 0xE7, 0xFC, 0x06,
    0x00, 0x60, 0x06, 0x00, 0x3E, 0x07, 0x07, 0xF0, 0xE0, 0xF7, 0x0E, 0x0E, 0x31, 0xC0, 0xE3, 0xBC,
    0x0E, 0x3B, 0x80, 0xE3, 0x70, 0x0F, 0x77, 0x7C, 0x7F, 0xEF, 0xE3, 0xEF, 0xEE, 0x01, 0xDC, 0x60,
    0x3D, 0xC7, 0x03, 0x9C, 0x70, 0x71, 0xC6, 0x07, 0x1E, 0xE0, 0xE0, 0xFE, 0x0E, 0x07, 0xC0, 0x0F,
    0x80, 0x3F, 0xC0, 0x3D, 0xE0, 0x38, 0xE0, 0x38, 0xE0, 0x38, 0xE0, 0x3B, 0xC0, 0x1F, 0x80, 0x3F,
    0x00, 0x7F, 0x0C, 0xF3, 0x9C, 0xE1, 0xDC, 0xE0, 0xF8, 0xE0, 0x78, 0xF9, 0xF8, 0x7F, 0xFE, 0x3F,
    0x8E, 0xFF, 0xF6, 0x66, 0x06, 0x1C, 0x70, 0xE3, 0x87, 0x1E, 0x38, 0x70, 0xE1, 0xC3, 0x87, 0x0E,
    0x1C, 0x38, 0x70, 0xE1, 0xE1, 0xC3, 0x83, 0x87, 0x07, 0x06, 0xE1, 0xC1, 0xC3, 0x83, 0x87, 0x07,
    0x0E, 0x1C, 0x38, 0x70, 0xE1, 0xE3, 0x87, 0x0E, 0x1C, 0x38, 0x71, 0xC3, 0x8E, 0x1C, 0x70, 0xE0,
    0x06, 0x00, 0x60, 0x66, 0x67, 0xFE, 0x7F, 0xE0, 0xF0, 0x1F, 0x81, 0xF8, 0x39, 0xC1, 0x98, 0x06,
    0x00, 0x60, 0x06, 0x00, 0x60, 0x06, 0x0F, 0xFF, 0xFF, 0xF0, 0x60, 0x06, 0x00, 0x60, 0x06, 0x00,
    0x60, 0x39, 0xDE, 0xE7, 0x39, 0x80, 0xFF, 0xFC, 0xFF, 0xF0, 0x00, 0xE0, 0x0E, 0x00, 0xE0, 0x1C,
    0x01, 0xC0, 0x1C, 0x03, 0x80, 0x38, 0x03, 0x80, 0x70, 0x07, 0x00, 0x70, 0x0E, 0x00, 0xE0, 0x0E,
    0x01, 0xC0, 0x1C, 0x01, 0xC0, 0x38, 0x03, 0x80, 0x38, 0x07, 0x00, 0x70, 0x07, 0x00, 0xE0, 0x00,
    0x1F, 0x83, 0xFC, 0x79, 0xE7, 0x0E, 0xF0, 0x7E, 0x07, 0xE0, 0x7E, 0x07, 0xE0, 0x7E, 0x07, 0xE0,
    0x7E, 0x07, 0xF0, 0x77, 0x0E, 0x79, 0xE3, 0xFC, 0x1F, 0x80, 0x0F, 0x1F, 0x7F, 0xFF, 0xE7, 0x07,
    0x07, 0x07, 0x07, 0x07, 0x07, 0x07, 0x07, 0x07, 0x07, 0x07, 0x07, 0x3F, 0x87, 0xFC, 0xF3, 0xE4,
    0x0E, 0x00, 0xE0, 0x0E, 0x01, 0xE0, 0x3C, 0x07, 0x80, 0xF0, 0x1E, 0x01, 0xC0, 0x38, 0x07, 0x00,
    0x70, 0x0F, 0xFF, 0xFF, 0xF0, 0x3F, 0x87, 0xFC, 0x73, 0xC0, 0x1E, 0x00, 0xE0, 0x1E, 0x03, 0xC1,
    0xF8, 0x1F, 0xC0, 0x7E, 0x00, 0xE0, 0x0F, 0x00, 0xF0, 0x0E, 0xE3, 0xEF, 0xFC, 0xFF, 0x80, 0x01,
    0xC0, 0x1E, 0x01, 0xF0, 0x1F, 0x80, 0xFC, 0x0E, 0xE0, 0xE7, 0x07, 0x38, 0x71, 0xC3, 0x0E, 0x38,
    0x71, 0xFF, 0xEF, 0xFF, 0x00, 0xE0, 0x07, 0x00, 0x38, 0x01, 0xC0, 0x3F, 0xE3, 0xFE, 0x38, 0x03,
    0x80, 0x30, 0x03, 0x00, 0x7F, 0x07, 0xFC, 0x0F, 0xE0, 0x1E, 0x00, 0xF0, 0x0F, 0x00, 0xF0, 0x0E,
    0x63, 0xEF, 0xFC, 0x7F, 0x80, 0x03, 0xE0, 0xFE, 0x1F, 0xC3, 0xC0, 0x78, 0x07, 0x00, 0x7F, 0xCF,
    0xFE, 0xF9, 0xFE, 0x07, 0xE0, 0x7F, 0x07, 0xF0, 0x77, 0x0F, 0x7D, 0xE3, 0xFE, 0x1F, 0x80, 0xFF,
    0xFF, 0xFF, 0x00, 0xF0, 0x1E, 0x01, 0xC0, 0x3C, 0x03, 0x80, 0x70, 0x07, 0x00, 0x70, 0x0E, 0x00,
    0xE0, 0x0E, 0x01, 0xC0, 0x1C, 0x01, 0xC0, 0x1C, 0x00, 0x1F, 0x83, 0xFE, 0x79, 0xE7, 0x0F, 0xF0,
    0x77, 0x0E, 0x78, 0xE7, 0xFC, 0x3F, 0xC7, 0xFE, 0x71, 0xFE, 0x07, 0xE0, 0x7E, 0x07, 0xF9, 0xF7,
    0xFE, 0x3F, 0xC0, 0x1F, 0x87, 0xFC, 0x79, 0xEF, 0x0E, 0xE0, 0xFE, 0x07, 0xE0, 0x7F, 0x9F, 0x7F,
    0xF3, 0xFF, 0x00, 0xE0, 0x0E, 0x01, 0xE0, 0x3C, 0x1F, 0x87, 0xF0, 0x7C, 0x00, 0xFF, 0xF0, 0x00,
    0x00, 0x00, 0xFF, 0xF0, 0x7B, 0xDE, 0x00, 0x00, 0x00, 0x00, 0x0E, 0x77, 0xB9, 0xCE, 0x60, 0x00,
    0x70, 0x1F, 0x0F, 0xE3, 0xF8, 0xFC, 0x0F, 0x00, 0xFC, 0x03, 0xF8, 0x0F, 0xE0, 0x1F, 0x00, 0x70,
    0xFF, 0xFF, 0xFF, 0x00, 0x00, 0x00, 0x00, 0x0F, 0xFF, 0xFF, 0xF0, 0xE0, 0x0F, 0x80, 0x7F, 0x00,
    0xFC, 0x03, 0xF0, 0x0F, 0x03, 0xF0, 0xFC, 0x7F, 0x0F, 0x80, 0xE0, 0x00, 0x7F, 0x3F, 0xE6, 0x7C,
    0x0F, 0x01, 0xC0, 0xE0, 0x78, 0x3C, 0x0E, 0x07, 0x01, 0xC0, 0x60, 0x00, 0x00, 0x01, 0xC0, 0xF0,
    0x1C, 0x00, 0x01, 0xFE, 0x00, 0x1F, 0xFE, 0x00, 0xFC, 0xFC, 0x07, 0x80, 0x78, 0x3C, 0x00, 0x71,
    0xE3, 0xFD, 0xE7, 0x1F, 0xF3, 0x9C, 0xF9, 0xCE, 0xE3, 0x87, 0x3B, 0x8E, 0x1C, 0x6E, 0x78, 0x71,
    0xB9, 0xE1, 0xCE, 0xE3, 0x87, 0x3B, 0x8E, 0x1C, 0xE7, 0x3C, 0xF7, 0x9C, 0x7F, 0xFC, 0x78, 0xFF,
    0xE0, 0xF0, 0x00, 0x01, 0xE0, 0x00, 0x07, 0xF0, 0x80, 0x07, 0xFF, 0x00, 0x07, 0xFC, 0x00, 0x01,
    0xC0, 0x01, 0xF0, 0x00, 0xF8, 0x00, 0xFC, 0x00, 0x77, 0x00, 0x73, 0x80, 0x39, 0xE0, 0x3C, 0x70,
    0x1C, 0x3C, 0x0E, 0x0E, 0x0F, 0x07, 0x07, 0xFF, 0xC3, 0xFF, 0xE3, 0x80, 0x71, 0xC0, 0x3D, 0xE0,
    0x0E, 0xE0, 0x07, 0x80, 0xFF, 0xC7, 0xFF, 0x38, 0xFD, 0xC0, 0xEE, 0x07, 0x70, 0x3B, 0x87, 0xDF,
    0xFC, 0xFF, 0xF7, 0x0F, 0xB8, 0x1F, 0xC0, 0x7E, 0x03, 0xF0, 0x3F, 0x87, 0xDF, 0xFE, 0xFF, 0xC0,
    0x07, 0xF8, 0x7F, 0xF3, 0xF3, 0xDE, 0x00, 0x78, 0x01, 0xC0, 0x0F, 0x00, 0x38, 0x00, 0xE0, 0x03,
    0x80, 0x0F, 0x00, 0x3C, 0x00, 0x70, 0x01, 0xE0, 0x03, 0xF1, 0xC7, 0xFF, 0x07, 0xF8, 0xFF, 0xC1,
    0xFF, 0xC3, 0x87, 0xE7, 0x03, 0xCE, 0x03, 0xDC, 0x03, 0xB8, 0x07, 0xF0, 0x0F, 0xE0, 0x1F, 0xC0,
    0x3F, 0x80, 0x7F, 0x00, 0xEE, 0x03, 0xDC, 0x0F, 0x38, 0x7E, 0x7F, 0xF0, 0xFF, 0xC0, 0xFF, 0xEF,
    0xFE, 0xE0, 0x0E, 0x00, 0xE0, 0x0E, 0x00, 0xE0, 0x0F, 0xFC, 0xFF, 0xCE, 0x00, 0xE0, 0x0E, 0x00,
    0xE0, 0x0E, 0x00, 0xE0, 0x0F, 0xFF, 0xFF, 0xF0, 0xFF, 0xFF, 0xFF, 0x80, 0x70, 0x0E, 0x01, 0xC0,
    0x38, 0x07, 0xFE, 0xFF, 0xDC, 0x03, 0x80, 0x70, 0x0E, 0x01, 0xC0, 0x38, 0x07, 0x00, 0xE0, 0x00,
    0x07, 0xF8, 0x3F, 0xF8, 0xFC, 0xF3, 0xC0, 0x07, 0x80, 0x0E, 0x00, 0x3C, 0x00, 0x70, 0x00, 0xE0,
    0x01, 0xC0, 0x3F, 0xC0, 0x7F, 0x80, 0xF7, 0x01, 0xEF, 0x03, 0xCF, 0xC7, 0x8F, 0xFF, 0x07, 0xFC,
    0xE0, 0x1F, 0x80, 0x7E, 0x01, 0xF8, 0x07, 0xE0, 0x1F, 0x80, 0x7E, 0x01, 0xFF, 0xFF, 0xFF, 0xFF,
    0x80, 0x7E, 0x01, 0xF8, 0x07, 0xE0, 0x1F, 0x80, 0x7E, 0x01, 0xF8, 0x07, 0xE0, 0x1C, 0xFF, 0xFF,
    0xFF, 0xFF, 0xFF, 0xFF, 0xE0, 0x00, 0xE0, 0x1C, 0x03, 0x80, 0x70, 0x0E, 0x01, 0xC0, 0x38, 0x07,
    0x00, 0xE0, 0x1C, 0x03, 0x80, 0x70, 0x0E, 0x03, 0xF9, 0xF7, 0xFE, 0x7F, 0x00, 0xE0, 0x7B, 0x83,
    0xCE, 0x1E, 0x38, 0xF0, 0xE7, 0x83, 0xBC, 0x0F, 0xE0, 0x3F, 0x00, 0xFE, 0x03, 0xFC, 0x0E, 0xF8,
    0x39, 0xF0, 0xE3, 0xE3, 0x87, 0xCE, 0x0F, 0x38, 0x1E, 0xE0, 0x3C, 0xE0, 0x1C, 0x03, 0x80, 0x70,
    0x0E, 0x01, 0xC0, 0x38, 0x07, 0x00, 0xE0, 0x1C, 0x03, 0x80, 0x70, 0x0E, 0x01, 0xC0, 0x38, 0x07,
    0xFF, 0xFF, 0xE0, 0x38, 0x01, 0xC7, 0x80, 0x1C, 0x7C, 0x03, 0xC7, 0xC0, 0x3E, 0x7E, 0x06, 0xE7,
    0x60, 0x6E, 0x77, 0x0C, 0xE7, 0x30, 0xCE, 0x73, 0x1C, 0xE7, 0x39, 0x8E, 0x71, 0x98, 0xE7, 0x1F,
    0x8E, 0x70, 0xF0, 0xEF, 0x0F, 0x0E, 0xF0, 0xE0, 0xEE, 0x00, 0x0E, 0xE0, 0x00, 0xE0, 0xE0, 0x1D,
    0xE0, 0x3B, 0xE0, 0x77, 0xE0, 0xEF, 0xC1, 0xDD, 0xC3, 0xBB, 0xC7, 0x73, 0xCE, 0xE3, 0x9D, 0xC3,
    0xBB, 0x87, 0xF7, 0x07, 0xEE, 0x07, 0xDC, 0x0F, 0xB8, 0x0F, 0x70, 0x0E, 0xE0, 0x1C, 0x07, 0xF8,
    0x0F, 0xFE, 0x0F, 0xCF, 0x8F, 0x01, 0xE7, 0x00, 0x7B, 0x80, 0x3F, 0xC0, 0x0F, 0xC0, 0x07, 0xE0,
    0x03, 0xF0, 0x01, 0xFC, 0x00, 0xEE, 0x00, 0xF7, 0x00, 0x7B, 0xC0, 0x78, 0xFC, 0xF8, 0x3F, 0xF8,
    0x07, 0xF8, 0x00, 0xFF, 0x87, 0xFF, 0x38, 0xFD, 0xC0, 0xEE, 0x07, 0xF0, 0x3F, 0x81, 0xFC, 0x0E,
    0xE3, 0xF7, 0xFF, 0x3F, 0xF1, 0xC0, 0x0E, 0x00, 0x70, 0x03, 0x80, 0x1C, 0x00, 0xE0, 0x00, 0x07,
    0xF8, 0x0F, 0xFE, 0x0F, 0xCF, 0x8F, 0x01, 0xE7, 0x00, 0x7B, 0x80, 0x3F, 0xC0, 0x0F, 0xC0, 0x07,
    0xE0, 0x03, 0xF0, 0x01, 0xFC, 0x00, 0xEE, 0x00, 0xF7, 0x00, 0x7B, 0xC0, 0x78, 0xFC, 0xF8, 0x3F,
    0xF8, 0x07, 0xF8, 0x00, 0x70, 0x00, 0x3C, 0x00, 0x0F, 0xC0, 0x03, 0xF0, 0x00, 0x78, 0xFF, 0xC3,
    0xFF, 0x8E, 0x3F, 0x38, 0x1C, 0xE0, 0x7B, 0x81, 0xEE, 0x07, 0x38, 0x7C, 0xFF, 0xE3, 0xFF, 0x0E,
    0x3C, 0x38, 0x70, 0xE0, 0xE3, 0x83, 0xCE, 0x07, 0x38, 0x1E, 0xE0, 0x38, 0x1F, 0xE1, 0xFF, 0x9F,
    0x1C, 0xE0, 0x07, 0x00, 0x3C, 0x00, 0xF8, 0x03, 0xE0, 0x07, 0xC0, 0x0F, 0x80, 0x3C, 0x00, 0xF0,
    0x03, 0x80, 0x3D, 0xE7, 0xCF, 0xFE, 0x3F, 0xC0, 0xFF, 0xFF, 0xFF, 0xF0, 0x78, 0x01, 0xE0, 0x07,
    0x80, 0x1E, 0x00, 0x78, 0x01, 0xE0, 0x07, 0x80, 0x1E, 0x00, 0x78, 0x01, 0xE0, 0x07, 0x80, 0x1E,
    0x00, 0x78, 0x01, 0xE0, 0x07, 0x80, 0xE0, 0x3F, 0x80, 0xFE, 0x03, 0xF8, 0x0F, 0xE0, 0x3F, 0x80,
    0xFE, 0x03, 0xF8, 0x0F, 0xE0, 0x3F, 0x80, 0xFE, 0x03, 0xF8, 0x0E, 0xE0, 0x3B, 0xC1, 0xE7, 0xCF,
    0x0F, 0xFC, 0x1F, 0xC0, 0xE0, 0x07, 0x78, 0x03, 0x9C, 0x03, 0xCF, 0x01, 0xC7, 0x80, 0xE1, 0xC0,
    0xF0, 0xF0, 0x70, 0x38, 0x78, 0x1C, 0x38, 0x0F, 0x1C, 0x03, 0x9E, 0x01, 0xEE, 0x00, 0x7F, 0x00,
    0x3F, 0x00, 0x0F, 0x80, 0x07, 0x80, 0x03, 0xC0, 0x00, 0xF0, 0x00, 0x0E, 0xE0, 0x00, 0x3D, 0xC0,
    0xE0, 0x73, 0x81, 0xE0, 0xE7, 0x07, 0xC1, 0xCF, 0x0F, 0x83, 0x8E, 0x1F, 0x8F, 0x1C, 0x77, 0x1C,
    0x38, 0xEE, 0x38, 0x79, 0xCE, 0x70, 0x77, 0x1C, 0xE0, 0xEE, 0x3B, 0x81, 0xDC, 0x3F, 0x03, 0xF0,
    0x7E, 0x03, 0xE0, 0x78, 0x07, 0x80, 0xF0, 0x0F, 0x01, 0xE0, 0x70, 0x1E, 0x78, 0x1C, 0x3C, 0x3C,
    0x1C, 0x78, 0x1E, 0x70, 0x0F, 0xF0, 0x07, 0xE0, 0x03, 0xC0, 0x03, 0xC0, 0x07, 0xE0, 0x0F, 0xE0,
    0x0E, 0xF0, 0x1E, 0x78, 0x3C, 0x3C, 0x38, 0x1C, 0x78, 0x1E, 0xF0, 0x0E, 0xF0, 0x1E, 0xE0, 0x39,
    0xE0, 0xF1, 0xC1, 0xC3, 0xC7, 0x83, 0xDE, 0x03, 0xB8, 0x07, 0xF0, 0x07, 0xC0, 0x07, 0x00, 0x0E,
    0x00, 0x1C, 0x00, 0x38, 0x00, 0x70, 0x00, 0xE0, 0x01, 0xC0, 0x03, 0x80, 0x7F, 0xFD, 0xFF, 0xF0,
    0x07, 0x80, 0x3C, 0x00, 0xE0, 0x07, 0x80, 0x3C, 0x01, 0xE0, 0x07, 0x00, 0x3C, 0x01, 0xE0, 0x07,
    0x00, 0x3C, 0x01, 0xE0, 0x07, 0x00, 0x3F, 0xFF, 0xFF, 0xFC, 0xFD, 0xFB, 0x87, 0x0E, 0x1C, 0x38,
    0x70, 0xE1, 0xC3, 0x87, 0x0E, 0x1C, 0x38, 0x70, 0xE1, 0xC3, 0x87, 0x0E, 0x1C, 0x38, 0x7E, 0xFC,
    0xE0, 0x07, 0x00, 0x70, 0x07, 0x00, 0x38, 0x03, 0x80, 0x38, 0x01, 0xC0, 0x1C, 0x01, 0xC0, 0x0E,
    0x00, 0xE0, 0x0E, 0x00, 0x70, 0x07, 0x00, 0x70, 0x03, 0x80, 0x38, 0x03, 0x80, 0x1C, 0x01, 0xC0,
    0x1C, 0x00, 0xE0, 0x0E, 0x00, 0xE0, 0xFF, 0xF1, 0xC7, 0x1C, 0x71, 0xC7, 0x1C, 0x71, 0xC7, 0x1C,
    0x71, 0xC7, 0x1C, 0x71, 0xC7, 0x1C, 0x71, 0xFF, 0xFC, 0x0F, 0x00, 0xF0, 0x1F, 0x81, 0xDC, 0x39,
    0xC7, 0x0E, 0x70, 0xEE, 0x07, 0xE0, 0x70, 0x7F, 0xFD, 0xFF, 0xF0, 0x63, 0xC7, 0x0E, 0x18, 0x7F,
    0x8F, 0xF9, 0x8F, 0x00, 0xE0, 0x0E, 0x7F, 0xDF, 0xFF, 0xCF, 0xE0, 0xFC, 0x1F, 0xC7, 0xFF, 0xF3,
    0xFC, 0xE0, 0x0E, 0x00, 0xE0, 0x0E, 0x00, 0xE0, 0x0E, 0x00, 0xFF, 0x8F, 0xFC, 0xF3, 0xEE, 0x0E,
    0xE0, 0xFE, 0x07, 0xE0, 0x7E, 0x07, 0xE0, 0xFE, 0x0E, 0xE3, 0xEF, 0xFC, 0xFF, 0x80, 0x1F, 0xC7,
    0xF9, 0xF3, 0x38, 0x0E, 0x01, 0xC0, 0x38, 0x07, 0x00, 0xE0, 0x1E, 0x01, 0xF3, 0x1F, 0xE1, 0xFC,
    0x00, 0x70, 0x07, 0x00, 0x70, 0x07, 0x00, 0x70, 0x07, 0x1F, 0xF3, 0xFF, 0x79, 0xFF, 0x07, 0xE0,
    0x7E, 0x07, 0xE0, 0x7E, 0x07, 0xE0, 0x7F, 0x07, 0x7C, 0x73, 0xFF, 0x1F, 0xF0, 0x1F, 0x83, 0xFE,
    0x79, 0xEF, 0x0F, 0xE0, 0x7F, 0xFF, 0xFF, 0xFE, 0x00, 0xE0, 0x0F, 0x00, 0x7C, 0x63, 0xFE, 0x1F,
    0xE0, 0x3F, 0x7F, 0xF3, 0xE0, 0xE0, 0xE0, 0xFF, 0xFF, 0xE0, 0xE0, 0xE0, 0xE0, 0xE0, 0xE0, 0xE0,
    0xE0, 0xE0, 0xE0, 0xE0, 0x1F, 0xF3, 0xFF, 0x7C, 0xF7, 0x07, 0xE0, 0x7E, 0x07, 0xE0, 0x7E, 0x07,
    0xE0, 0x7F, 0x07, 0x7D, 0xF3, 0xFF, 0x1F, 0xF0, 0x07, 0x00, 0xF7, 0x1E, 0x7F, 0xE7, 0xF8, 0xE0,
    0x1C, 0x03, 0x80, 0x70, 0x0E, 0x01, 0xC0, 0x3F, 0xE7, 0xFE, 0xF3, 0xDC, 0x3F, 0x83, 0xF0, 0x7E,
    0x0F, 0xC1, 0xF8, 0x3F, 0x07, 0xE0, 0xFC, 0x1F, 0x83, 0x80, 0xFF, 0x00, 0x07, 0x77, 0x77, 0x77,
    0x77, 0x77, 0x77, 0x1E, 0x3C, 0x00, 0x00, 0x01, 0xC3, 0x87, 0x0E, 0x1C, 0x38, 0x70, 0xE1, 0xC3,
    0x87, 0x0E, 0x1C, 0x38, 0xF3, 0xDF, 0xBE, 0x00, 0xE0, 0x1C, 0x03, 0x80, 0x70, 0x0E, 0x01, 0xC0,
    0x38, 0x77, 0x1C, 0xEF, 0x1F, 0xC3, 0xF0, 0x7C, 0x0F, 0xC1, 0xFC, 0x3B, 0xC7, 0x3C, 0xE3, 0xDC,
    0x3B, 0x87, 0x80, 0x71, 0xC7, 0x1C, 0x71, 0xC7, 0x1C, 0x71, 0xC7, 0x1C, 0x71, 0xC7, 0x1C, 0x79,
    0xF3, 0x80, 0xFF, 0x7F, 0x3F, 0xFF, 0xEE, 0x3E, 0x7F, 0x87, 0x07, 0xE1, 0xC1, 0xF8, 0x70, 0x7E,
    0x1C, 0x1F, 0x87, 0x07, 0xE1, 0xC1, 0xF8, 0x70, 0x7E, 0x1C, 0x1F, 0x87, 0x07, 0xE1, 0xC1, 0xC0,
    0xFF, 0x9F, 0xFB, 0x8F, 0x70, 0xFE, 0x0F, 0xC1, 0xF8, 0x3F, 0x07, 0xE0, 0xFC, 0x1F, 0x83, 0xF0,
    0x7E, 0x0E, 0x1F, 0xC1, 0xFF, 0x1E, 0x7C, 0xE0, 0xEE, 0x07, 0xF0, 0x1F, 0x80, 0xFC, 0x07, 0xE0,
    0x7B, 0x83, 0x9E, 0x7C, 0x7F, 0xC1, 0xFC, 0x00, 0xFF, 0x8F, 0xFC, 0xE3, 0xEE, 0x0E, 0xE0, 0xFE,
    0x07, 0xE0, 0x7E, 0x07, 0xE0, 0xFE, 0x0E, 0xF3, 0xEF, 0xFC, 0xFF, 0x8E, 0x00, 0xE0, 0x0E, 0x00,
    0xE0, 0x0E, 0x00, 0x1F, 0xF3, 0xFF, 0x7C, 0x7F, 0x07, 0xE0, 0x7E, 0x07, 0xE0, 0x7E, 0x07, 0xE0,
    0x7F, 0x07, 0x79, 0xF3, 0xFF, 0x1F, 0xF0, 0x07, 0x00, 0x70, 0x07, 0x00, 0x70, 0x07, 0xFF, 0xFF,
    0xE2, 0xE0, 0xE0, 0xE0, 0xE0, 0xE0, 0xE0, 0xE0, 0xE0, 0xE0, 0xE0, 0x3F, 0xBF, 0xEF, 0x33, 0x80,
    0xF0, 0x3F, 0x03, 0xF0, 0x3E, 0x03, 0x80, 0xFE, 0x7B, 0xFE, 0xFF, 0x00, 0x70, 0x78, 0x3C, 0x1E,
    0x0F, 0xF7, 0xFB, 0xC1, 0xE0, 0xF0, 0x78, 0x3C, 0x1E, 0x0F, 0x03, 0x81, 0xE4, 0xFF, 0x3F, 0x80,
    0xF0, 0x7F, 0x07, 0xF0, 0x7F, 0x07, 0xF0, 0x7F, 0x07, 0xF0, 0x7F, 0x07, 0x70, 0x77, 0x07, 0x78,
    0xF3, 0xFF, 0x1F, 0xF0, 0xE0, 0x77, 0x83, 0x9C, 0x1C, 0xE1, 0xC7, 0x8E, 0x1C, 0x70, 0xE7, 0x03,
    0xB8, 0x1F, 0xC0, 0xFC, 0x03, 0xE0, 0x1E, 0x00, 0x70, 0x00, 0xE0, 0xE0, 0xFE, 0x1C, 0x1D, 0xC3,
    0xC3, 0xB8, 0x78, 0xE7, 0x1F, 0x1C, 0x73, 0xF3, 0x8E, 0x6E, 0xE1, 0xDD, 0xDC, 0x1F, 0x9B, 0x83,
    0xE3, 0xE0, 0x7C, 0x7C, 0x07, 0x87, 0x80, 0xE0, 0xE0, 0x70, 0x73, 0xC7, 0x0E, 0x78, 0x3B, 0x81,
    0xF8, 0x07, 0x80, 0x3C, 0x01, 0xF0, 0x1F, 0xC1, 0xEF, 0x0E, 0x38, 0xE1, 0xEF, 0x07, 0x00, 0xE0,
    0x7F, 0x07, 0x70, 0x77, 0x0E, 0x78, 0xE3, 0x8E, 0x38, 0xC1, 0xDC, 0x1D, 0xC1, 0xF8, 0x0F, 0x80,
    0xF8, 0x07, 0x00, 0x70, 0x07, 0x09, 0xE0, 0xFC, 0x0F, 0x80, 0x7F, 0xEF, 0xFC, 0x07, 0x81, 0xE0,
    0x78, 0x1E, 0x03, 0x80, 0xF0, 0x3C, 0x0F, 0x01, 0xC0, 0x3F, 0xF7, 0xFE, 0x0E, 0x1F, 0x3C, 0x38,
    0x38, 0x38, 0x38, 0x38, 0x38, 0x38, 0x38, 0x70, 0xE0, 0xF0, 0x78, 0x38, 0x38, 0x38, 0x38, 0x38,
    0x38, 0x38, 0x3C, 0x1F, 0x1F, 0xFF, 0xFF, 0xFF, 0xFF, 0xFF, 0xFF, 0xFF, 0xFF, 0xFF, 0xE0, 0xF0,
    0xF8, 0x78, 0x38, 0x38, 0x38, 0x38, 0x38, 0x38, 0x18, 0x1C, 0x1E, 0x0F, 0x1F, 0x1E, 0x1C, 0x38,
    0x38, 0x38, 0x38, 0x38, 0x38, 0x78, 0xF8, 0xF0, 0x7C, 0x3F, 0xF7, 0xEF, 0xFC, 0x3E, 0x77, 0x9C,
    0x00, 0x39, 0xCE, 0x73, 0x9C, 0xE7, 0x39, 0xCE, 0x73, 0x80, 0x06, 0x01, 0x80, 0x60, 0x7F, 0x3F,
    0xDF, 0x3F, 0x03, 0x80, 0xE0, 0x38, 0x0E, 0x03, 0x80, 0xF0, 0x1F, 0x33, 0xFC, 0x7F, 0x06, 0x01,
    0x80, 0x60, 0x07, 0xF0, 0xFF, 0x1E, 0x61, 0xC0, 0x1C, 0x03, 0xC0, 0x3C, 0x03, 0xC0, 0xFF, 0xCF,
    0xFC, 0x3C, 0x03, 0x80, 0x38, 0x03, 0x80, 0x38, 0x03, 0xFF, 0x3F, 0xF0, 0x60, 0x7F, 0xFF, 0x7F,
    0xE7, 0x9E, 0x70, 0xE7, 0x06, 0x70, 0x67, 0x0E, 0x79, 0xE7, 0xFE, 0xFF, 0xF6, 0x07, 0xF0, 0x3D,
    0xC0, 0xE7, 0x87, 0x8E, 0x1C, 0x1C, 0xE0, 0x7B, 0x80, 0xFC, 0x01, 0xF0, 0x7F, 0xF9, 0xFF, 0xE0,
    0x38, 0x00, 0xE0, 0x7F, 0xF9, 0xFF, 0xE0, 0x38, 0x00, 0xE0, 0x03, 0x80, 0xFF, 0xFF, 0xFF, 0xFC,
    0x00, 0x07, 0xFF, 0xFF, 0xFF, 0xE0, 0x3F, 0xCF, 0xF9, 0xE7, 0x38, 0x07, 0x00, 0xF8, 0x1F, 0xC7,
    0xFE, 0xE3, 0xDC, 0x1F, 0x83, 0xF8, 0xE7, 0xFC, 0x7F, 0x01, 0xF0, 0x0E, 0x01, 0xDC, 0x7B, 0xFE,
    0x7F, 0x80, 0x73, 0xBB, 0xDC, 0xE0, 0x07, 0xF8, 0x03, 0xFF, 0x81, 0xF3, 0xF0, 0xE0, 0x1E, 0x73,
    0xFB, 0x9D, 0xFE, 0x7E, 0x7B, 0x1F, 0xB8, 0x07, 0xEE, 0x00, 0xFB, 0x80, 0x7E, 0x79, 0x9D, 0xDF,
    0xE7, 0x73, 0xFB, 0x8E, 0x01, 0xE1, 0xF1, 0xF0, 0x3F, 0xF8, 0x07, 0xF8, 0x00, 0x3F, 0x1F, 0x88,
    0xE7, 0xF7, 0xFB, 0x9D, 0xCE, 0xFF, 0x3F, 0x80, 0x0C, 0x61, 0xCF, 0x3C, 0xE3, 0x9C, 0x7B, 0xC7,
    0x38, 0x7B, 0xC3, 0x9C, 0x3C, 0xE1, 0xCF, 0x0C, 0x60, 0xFF, 0xFF, 0xFF, 0x00, 0x70, 0x07, 0x00,
    0x70, 0x07, 0x00, 0x70, 0x07, 0x00, 0x70, 0xFF, 0xFC, 0x07, 0xF8, 0x03, 0xFF, 0x81, 0xF3, 0xF0,
    0xE0, 0x1E, 0x77, 0xF3, 0x9D, 0xFE, 0x7E, 0x73, 0x9F, 0x9C, 0xE7, 0xE7, 0xF8, 0xF9, 0xFC, 0x7E,
    0x77, 0x1D, 0xDC, 0xE7, 0x77, 0x1F, 0x8E, 0x01, 0xE1, 0xF1, 0xF0, 0x3F, 0xF8, 0x07, 0xF8, 0x00,
    0xFF, 0xFF, 0x3E, 0x7E, 0xF7, 0xE3, 0xF7, 0x7E, 0x3E, 0x06, 0x00, 0x60, 0x06, 0x00, 0x60, 0x06,
    0x0F, 0xFF, 0xFF, 0xF0, 0x60, 0x06, 0x00, 0x60, 0x06, 0x00, 0x60, 0x00, 0x0F, 0xFF, 0xFF, 0xF0,
    0x7E, 0x7F, 0x67, 0x07, 0x0E, 0x1C, 0x38, 0x70, 0x7F, 0x7F, 0x7E, 0x7E, 0x6F, 0x3E, 0x3E, 0x0F,
    0x07, 0x67, 0x7F, 0x7E, 0x19, 0xDD, 0xCC, 0x00, 0xE0, 0xFC, 0x1F, 0x83, 0xF0, 0x7E, 0x0F, 0xC1,
    0xF8, 0x3F, 0x07, 0xE0, 0xFC, 0x1F, 0xE7, 0xFF, 0xFF, 0xFF, 0xC0, 0x38, 0x07, 0x00, 0xE0, 0x1C,
    0x00, 0x1F, 0xF9, 0xFF, 0xDF, 0xCF, 0xFE, 0x7F, 0xF3, 0xFF, 0x9F, 0xFC, 0xFF, 0xE7, 0xFF, 0x3B,
    0xF9, 0xC7, 0xCE, 0x06, 0x70, 0x33, 0x81, 0x9C, 0x0C, 0xE0, 0x67, 0x03, 0x38, 0x19, 0xC0, 0xCE,
    0x06, 0x70, 0x33, 0x81, 0x9C, 0xFF, 0xF0, 0x38, 0xE3, 0x87, 0x7F, 0xE0, 0x3B, 0xFF, 0xF1, 0x8C,
    0x63, 0x18, 0xC0, 0x3E, 0x1F, 0xCF, 0x7B, 0x86, 0xC1, 0xB8, 0x6F, 0x79, 0xFC, 0x3E, 0x00, 0xC7,
    0x1C, 0xE1, 0xCE, 0x3D, 0xE3, 0x9C, 0x7B, 0xCE, 0x73, 0xDE, 0x73, 0x9C, 0xE3, 0x1C, 0x00, 0x38,
    0x00, 0x03, 0xC0, 0x38, 0x3E, 0x03, 0x81, 0xF0, 0x1C, 0x01, 0x81, 0xC0, 0x0C, 0x0E, 0x00, 0x60,
    0xE0, 0x03, 0x07, 0x00, 0x18, 0x70, 0xE0, 0xC7, 0x0F, 0x00, 0x38, 0x78, 0x03, 0x87, 0xC0, 0x1C,
    0x76, 0x01, 0xC3, 0x30, 0x0E, 0x3F, 0xE0, 0xE1, 0xFF, 0x0E, 0x00, 0x60, 0x70, 0x03, 0x00, 0x38,
    0x00, 0x07, 0x80, 0xE0, 0xF8, 0x0E, 0x0F, 0x81, 0xC0, 0x18, 0x1C, 0x01, 0x83, 0x80, 0x18, 0x38,
    0x01, 0x87, 0x00, 0x18, 0xE7, 0xE1, 0x8E, 0xFE, 0x01, 0xC6, 0x70, 0x1C, 0x06, 0x03, 0x80, 0xE0,
    0x38, 0x1C, 0x07, 0x03, 0x80, 0xE0, 0x70, 0x0E, 0x07, 0xF1, 0xC0, 0x7F, 0x7E, 0x00, 0x01, 0xF8,
    0x0E, 0x06, 0xF0, 0x38, 0x0F, 0x81, 0xC0, 0x3E, 0x07, 0x00, 0x3C, 0x38, 0x00, 0x71, 0xC0, 0x19,
    0xC7, 0x00, 0x7F, 0x38, 0x71, 0xF8, 0xE3, 0xC0, 0x07, 0x0F, 0x00, 0x1C, 0x7C, 0x00, 0xE3, 0xB0,
    0x07, 0x0C, 0xC0, 0x1C, 0x7F, 0xC0, 0xE1, 0xFF, 0x03, 0x80, 0x30, 0x1C, 0x00, 0xC0, 0x0E, 0x03,
    0xC0, 0xE0, 0x00, 0x00, 0x01, 0x80, 0xE0, 0x38, 0x1E, 0x0F, 0x03, 0x81, 0xC0, 0x70, 0x3C, 0x0F,
    0x01, 0xE6, 0x7F, 0xCF, 0xE0, 0x07, 0x00, 0x03, 0x80, 0x00, 0xE0, 0x00, 0x38, 0x00, 0x0C, 0x00,
    0x00, 0x00, 0x00, 0x00, 0x03, 0x80, 0x03, 0xE0, 0x01, 0xF0, 0x01, 0xF8, 0x00, 0xEE, 0x00, 0xE7,
    0x00, 0x73, 0xC0, 0x78, 0xE0, 0x38, 0x78, 0x1C, 0x1C, 0x1E, 0x0E, 0x0F, 0xFF, 0x87, 0xFF, 0xC7,
    0x00, 0xE3, 0x80, 0x7B, 0xC0, 0x1D, 0xC0, 0x0F, 0x00, 0x60, 0x00, 0x70, 0x00, 0x78, 0x00, 0x38,
    0x00, 0x18, 0x00, 0x00, 0x00, 0x00, 0x00, 0x03, 0x80, 0x03, 0xE0, 0x01, 0xF0, 0x01, 0xF8, 0x00,
    0xEE, 0x00, 0xE7, 0x00, 0x73, 0xC0, 0x78, 0xE0, 0x38, 0x78, 0x1C, 0x1C, 0x1E, 0x0E, 0x0F, 0xFF,
    0x87, 0xFF, 0xC7, 0x00, 0xE3, 0x80, 0x7B, 0xC0, 0x1D, 0xC0, 0x0F, 0x01, 0x80, 0x01, 0xE0, 0x00,
    0xF8, 0x00, 0xEE, 0x00, 0x63, 0x00, 0x00, 0x00, 0x00, 0x00, 0x03, 0x80, 0x03, 0xE0, 0x01, 0xF0,
    0x01, 0xF8, 0x00, 0xEE, 0x00, 0xE7, 0x00, 0x73, 0xC0, 0x78, 0xE0, 0x38, 0x78, 0x1C, 0x1C, 0x1E,
    0x0E, 0x0F, 0xFF, 0x87, 0xFF, 0xC7, 0x00, 0xE3, 0x80, 0x7B, 0xC0, 0x1D, 0xC0, 0x0F, 0x07, 0xB8,
    0x07, 0xF8, 0x03, 0x7C, 0x00, 0x00, 0x00, 0x00, 0x00, 0x00, 0x00, 0x07, 0x00, 0x07, 0xC0, 0x03,
    0xE0, 0x03, 0xF0, 0x01, 0xDC, 0x01, 0xCE, 0x00, 0xE7, 0x80, 0xF1, 0xC0, 0x70, 0xF0, 0x38, 0x38,
    0x3C, 0x1C, 0x1F, 0xFF, 0x0F, 0xFF, 0x8E, 0x01, 0xC7, 0x00, 0xF7, 0x80, 0x3B, 0x80, 0x1E, 0x0E,
    0x70, 0x07, 0xB8, 0x03, 0x9C, 0x00, 0x00, 0x00, 0x00, 0x00, 0x0E, 0x00, 0x0F, 0x80, 0x07, 0xC0,
    0x07, 0xE0, 0x03, 0xB8, 0x03, 0x9C, 0x01, 0xCF, 0x01, 0xE3, 0x80, 0xE1, 0xE0, 0x70, 0x70, 0x78,
    0x38, 0x3F, 0xFE, 0x1F, 0xFF, 0x1C, 0x03, 0x8E, 0x01, 0xEF, 0x00, 0x77, 0x00, 0x3C, 0x03, 0xC0,
    0x01, 0xB0, 0x01, 0x98, 0x00, 0xEC, 0x00, 0x3E, 0x00, 0x1E, 0x00, 0x0F, 0x80, 0x0F, 0xC0, 0x07,
    0x70, 0x07, 0x38, 0x03, 0x9E, 0x03, 0xC7, 0x01, 0xC3, 0xC0, 0xE0, 0xE0, 0xF0, 0x70, 0x7F, 0xFC,
    0x7F, 0xFE, 0x38, 0x07, 0x1C, 0x03, 0xDE, 0x00, 0xEE, 0x00, 0x78, 0x00, 0x3F, 0xFC, 0x00, 0xFF,
    0xF8, 0x03, 0xF8, 0x00, 0x07, 0x70, 0x00, 0x1E, 0xE0, 0x00, 0x39, 0xC0, 0x00, 0xE3, 0x80, 0x03,
    0xC7, 0xFC, 0x07, 0x0F, 0xF8, 0x1C, 0x1C, 0x00, 0x78, 0x38, 0x00, 0xFF, 0xF0, 0x03, 0xFF, 0xE0,
    0x07, 0x01, 0xC0, 0x1E, 0x03, 0x80, 0x38, 0x07, 0xFF, 0xE0, 0x0F, 0xFE, 0x07, 0xF8, 0x7F, 0xF3,
    0xF3, 0xDE, 0x00, 0x78, 0x01, 0xC0, 0x0F, 0x00, 0x38, 0x00, 0xE0, 0x03, 0x80, 0x0F, 0x00, 0x3C,
    0x00, 0x70, 0x01, 0xE0, 0x03, 0xF1, 0xC7, 0xFF, 0x07, 0xF8, 0x06, 0x00, 0x3C, 0x00, 0x70, 0x01,
    0xC0, 0x1F, 0x00, 0x7C, 0x00, 0x18, 0x01, 0xC0, 0x0E, 0x00, 0x70, 0x03, 0x00, 0x00, 0x00, 0x0F,
    0xFE, 0xFF, 0xEE, 0x00, 0xE0, 0x0E, 0x00, 0xE0, 0x0E, 0x00, 0xFF, 0xCF, 0xFC, 0xE0, 0x0E, 0x00,
    0xE0, 0x0E, 0x00, 0xE0, 0x0E, 0x00, 0xFF, 0xFF, 0xFF, 0x01, 0x80, 0x38, 0x07, 0x00, 0xE0, 0x0C,
    0x00, 0x00, 0x00, 0x0F, 0xFE, 0xFF, 0xEE, 0x00, 0xE0, 0x0E, 0x00, 0xE0, 0x0E, 0x00, 0xFF, 0xCF,
    0xFC, 0xE0, 0x0E, 0x00, 0xE0, 0x0E, 0x00, 0xE0, 0x0E, 0x00, 0xFF, 0xFF, 0xFF, 0x0C, 0x00, 0xE0,
    0x1F, 0x03, 0xB8, 0x31, 0x80, 0x00, 0x00, 0x0F, 0xFE, 0xFF, 0xEE, 0x00, 0xE0, 0x0E, 0x00, 0xE0,
    0x0E, 0x00, 0xFF, 0xCF, 0xFC, 0xE0, 0x0E, 0x00, 0xE0, 0x0E, 0x00, 0xE0, 0x0E, 0x00, 0xFF, 0xFF,
    0xFF, 0x3B, 0x87, 0xBC, 0x3B, 0x80, 0x00, 0x00, 0x0F, 0xFE, 0xFF, 0xEE, 0x00, 0xE0, 0x0E, 0x00,
    0xE0, 0x0E, 0x00, 0xFF, 0xCF, 0xFC, 0xE0, 0x0E, 0x00, 0xE0, 0x0E, 0x00, 0xE0, 0x0E, 0x00, 0xFF,
    0xFF, 0xFF, 0xE3, 0xC7, 0x0E, 0x18, 0x00, 0x0E, 0x38, 0xE3, 0x8E, 0x38, 0xE3, 0x8E, 0x38, 0xE3,
    0x8E, 0x38, 0xE3, 0x8E, 0x18, 0xE7, 0x9C, 0x60, 0x00, 0x1C, 0x71, 0xC7, 0x1C, 0x71, 0xC7, 0x1C,
    0x71, 0xC7, 0x1C, 0x71, 0xC7, 0x1C, 0x18, 0x1C, 0x3E, 0x77, 0x63, 0x00, 0x00, 0x1C, 0x1C, 0x1C,
    0x1C, 0x1C, 0x1C, 0x1C, 0x1C, 0x1C, 0x1C, 0x1C, 0x1C, 0x1C, 0x1C, 0x1C, 0x1C, 0x1C, 0x67, 0x7B,
    0xD9, 0xC0, 0x00, 0x00, 0xE0, 0x70, 0x38, 0x1C, 0x0E, 0x07, 0x03, 0x81, 0xC0, 0xE0, 0x70, 0x38,
    0x1C, 0x0E, 0x07, 0x03, 0x81, 0xC0, 0xE0, 0x3F, 0xF0, 0x1F, 0xFE, 0x0E, 0x1F, 0x87, 0x01, 0xE3,
    0x80, 0x71, 0xC0, 0x3C, 0xE0, 0x0F, 0xFF, 0x07, 0xFF, 0x83, 0x9C, 0x01, 0xCE, 0x00, 0xE7, 0x00,
    0xF3, 0x80, 0x71, 0xC0, 0x78, 0xE1, 0xF8, 0x7F, 0xF8, 0x3F, 0xF0, 0x00, 0x0F, 0x60, 0x3F, 0xC0,
    0x6F, 0x00, 0x00, 0x00, 0x00, 0x00, 0x00, 0x38, 0x07, 0x78, 0x0E, 0xF8, 0x1D, 0xF8, 0x3B, 0xF0,
    0x77, 0x70, 0xEE, 0xF1, 0xDC, 0xF3, 0xB8, 0xE7, 0x70, 0xEE, 0xE1, 0xFD, 0xC1, 0xFB, 0x81, 0xF7,
    0x03, 0xEE, 0x03, 0xDC, 0x03, 0xB8, 0x07, 0x00, 0x03, 0x00, 0x01, 0xC0, 0x00, 0x70, 0x00, 0x38,
    0x00, 0x0C, 0x00, 0x00, 0x00, 0x00, 0x00, 0x0F, 0xF0, 0x1F, 0xFC, 0x1F, 0x9F, 0x1E, 0x03, 0xCE,
    0x00, 0xF7, 0x00, 0x7F, 0x80, 0x1F, 0x80, 0x0F, 0xC0, 0x07, 0xE0, 0x03, 0xF8, 0x01, 0xDC, 0x01,
    0xEE, 0x00, 0xF7, 0x80, 0xF1, 0xF9, 0xF0, 0x7F, 0xF0, 0x0F, 0xF0, 0x00, 0x70, 0x00, 0x38, 0x00,
    0x38, 0x00, 0x38, 0x00, 0x18, 0x00, 0x00, 0x00, 0x00, 0x00, 0x0F, 0xF0, 0x1F, 0xFC, 0x1F, 0x9F,
    0x1E, 0x03, 0xCE, 0x00, 0xF7, 0x00, 0x7F, 0x80, 0x1F, 0x80, 0x0F, 0xC0, 0x07, 0xE0, 0x03, 0xF8,
    0x01, 0xDC, 0x01, 0xEE, 0x00, 0xF7, 0x80, 0xF1, 0xF9, 0xF0, 0x7F, 0xF0, 0x0F, 0xF0, 0x00, 0xC0,
    0x00, 0xF0, 0x00, 0xF8, 0x00, 0xEE, 0x00, 0x63, 0x00, 0x00, 0x00, 0x00, 0x00, 0x0F, 0xF0, 0x1F,
    0xFC, 0x1F, 0x9F, 0x1E, 0x03, 0xCE, 0x00, 0xF7, 0x00, 0x7F, 0x80, 0x1F, 0x80, 0x0F, 0xC0, 0x07,
    0xE0, 0x03, 0xF8, 0x01, 0xDC, 0x01, 0xEE, 0x00, 0xF7, 0x80, 0xF1, 0xF9, 0xF0, 0x7F, 0xF0, 0x0F,
    0xF0, 0x07, 0xD8, 0x03, 0xFC, 0x03, 0xBC, 0x00, 0x00, 0x00, 0x00, 0x00, 0x00, 0x00, 0x1F, 0xE0,
    0x3F, 0xF8, 0x3F, 0x3E, 0x3C, 0x07, 0x9C, 0x01, 0xEE, 0x00, 0xFF, 0x00, 0x3F, 0x00, 0x1F, 0x80,
    0x0F, 0xC0, 0x07, 0xF0, 0x03, 0xB8, 0x03, 0xDC, 0x01, 0xEF, 0x01, 0xE3, 0xF3, 0xE0, 0xFF, 0xE0,
    0x1F, 0xE0, 0x07, 0x38, 0x03, 0xBC, 0x01, 0xCE, 0x00, 0x00, 0x00, 0x00, 0x00, 0x3F, 0xC0, 0x7F,
    0xF0, 0x7E, 0x7C, 0x78, 0x0F, 0x38, 0x03, 0xDC, 0x01, 0xFE, 0x00, 0x7E, 0x00, 0x3F, 0x00, 0x1F,
    0x80, 0x0F, 0xE0, 0x07, 0x70, 0x07, 0xB8, 0x03, 0xDE, 0x03, 0xC7, 0xE7, 0xC1, 0xFF, 0xC0, 0x3F,
    0xC0, 0x40, 0x9C, 0x3B, 0xCF, 0x3F, 0xC3, 0xF0, 0x3C, 0x0F, 0xC3, 0xFC, 0xF3, 0xDC, 0x39, 0x02,
    0x00, 0x00, 0x03, 0x03, 0xFD, 0xC7, 0xFF, 0xC7, 0xE7, 0xC7, 0x81, 0xF3, 0x81, 0xF9, 0xC0, 0xFF,
    0xE0, 0xE7, 0xE0, 0xE3, 0xF0, 0xE1, 0xF8, 0xF0, 0xFE, 0xF0, 0x77, 0x70, 0x3B, 0xF0, 0x3D, 0xF0,
    0x3C, 0x7E, 0x7C, 0x7F, 0xFC, 0x3B, 0xFC, 0x18, 0x00, 0x00, 0x0C, 0x00, 0x38, 0x00, 0xF0, 0x01,
    0xC0, 0x03, 0x00, 0x00, 0x00, 0x00, 0x38, 0x0F, 0xE0, 0x3F, 0x80, 0xFE, 0x03, 0xF8, 0x0F, 0xE0,
    0x3F, 0x80, 0xFE, 0x03, 0xF8, 0x0F, 0xE0, 0x3F, 0x80, 0xFE, 0x03, 0xB8, 0x0E, 0xF0, 0x79, 0xF3,
    0xC3, 0xFF, 0x07, 0xF0, 0x01, 0xC0, 0x0F, 0x00, 0x38, 0x01, 0xC0, 0x06, 0x00, 0x00, 0x00, 0x00,
    0x38, 0x0F, 0xE0, 0x3F, 0x80, 0xFE, 0x03, 0xF8, 0x0F, 0xE0, 0x3F, 0x80, 0xFE, 0x03, 0xF8, 0x0F,
    0xE0, 0x3F, 0x80, 0xFE, 0x03, 0xB8, 0x0E, 0xF0, 0x79, 0xF3, 0xC3, 0xFF, 0x07, 0xF0, 0x03, 0x00,
    0x1C, 0x00, 0xF8, 0x07, 0x70, 0x18, 0xC0, 0x00, 0x00, 0x00, 0x38, 0x0F, 0xE0, 0x3F, 0x80, 0xFE,
    0x03, 0xF8, 0x0F, 0xE0, 0x3F, 0x80, 0xFE, 0x03, 0xF8, 0x0F, 0xE0, 0x3F, 0x80, 0xFE, 0x03, 0xB8,
    0x0E, 0xF0, 0x79, 0xF3, 0xC3, 0xFF, 0x07, 0xF0, 0x1D, 0xC0, 0xF7, 0x81, 0xDC, 0x00, 0x00, 0x00,
    0x03, 0x80, 0xFE, 0x03, 0xF8, 0x0F, 0xE0, 0x3F, 0x80, 0xFE, 0x03, 0xF8, 0x0F, 0xE0, 0x3F, 0x80,
    0xFE, 0x03, 0xF8, 0x0F, 0xE0, 0x3B, 0x80, 0xEF, 0x07, 0x9F, 0x3C, 0x3F, 0xF0, 0x7F, 0x00, 0x00,
    0xC0, 0x03, 0xC0, 0x07, 0x00, 0x1C, 0x00, 0x30, 0x00, 0x00, 0x00, 0x00, 0x78, 0x0F, 0x70, 0x1C,
    0xF0, 0x78, 0xE0, 0xE1, 0xE3, 0xC1, 0xEF, 0x01, 0xDC, 0x03, 0xF8, 0x03, 0xE0, 0x03, 0x80, 0x07,
    0x00, 0x0E, 0x00, 0x1C, 0x00, 0x38, 0x00, 0x70, 0x00, 0xE0, 0x01, 0xC0, 0xE0, 0x07, 0x00, 0x38,
    0x01, 0xFF, 0x0F, 0xFE, 0x71, 0xFB, 0x81, 0xDC, 0x0F, 0xE0, 0x7F, 0x03, 0xF8, 0x1D, 0xC7, 0xEF,
    0xFE, 0x7F, 0xE3, 0x80, 0x1C, 0x00, 0xE0, 0x00, 0x3F, 0x83, 0xFE, 0x3E, 0xF9, 0xC1, 0xCE, 0x0E,
    0x70, 0xE3, 0x87, 0x1C, 0x70, 0xE7, 0x07, 0x38, 0x39, 0xE1, 0xCF, 0xCE, 0x3F, 0x70, 0x7F, 0x80,
    0xFC, 0x07, 0xEE, 0x7F, 0x7F, 0xBB, 0xF8, 0x18, 0x03, 0x80, 0x78, 0x07, 0x00, 0x60, 0x00, 0x00,
    0x03, 0xFC, 0x7F, 0xCC, 0x78, 0x07, 0x00, 0x73, 0xFE, 0xFF, 0xFE, 0x7F, 0x07, 0xE0, 0xFE, 0x3F,
    0xFF, 0x9F, 0xE0, 0x03, 0x00, 0xF0, 0x1C, 0x07, 0x00, 0xC0, 0x00, 0x00, 0x03, 0xFC, 0x7F, 0xCC,
    0x78, 0x07, 0x00, 0x73, 0xFE, 0xFF, 0xFE, 0x7F, 0x07, 0xE0, 0xFE, 0x3F, 0xFF, 0x9F, 0xE0, 0x04,
    0x01, 0xC0, 0x7C, 0x1D, 0xC3, 0x18, 0x00, 0x00, 0x03, 0xFC, 0x7F, 0xCC, 0x78, 0x07, 0x00, 0x73,
    0xFE, 0xFF, 0xFE, 0x7F, 0x07, 0xE0, 0xFE, 0x3F, 0xFF, 0x9F, 0xE0, 0x3E, 0xC7, 0xF9, 0xDE, 0x00,
    0x00, 0x00, 0x00, 0x1F, 0xE3, 0xFE, 0x63, 0xC0, 0x38, 0x03, 0x9F, 0xF7, 0xFF, 0xF3, 0xF8, 0x3F,
    0x07, 0xF1, 0xFF, 0xFC, 0xFF, 0x00, 0x3B, 0x8F, 0x78, 0xEE, 0x00, 0x00, 0x00, 0xFF, 0x1F, 0xF3,
    0x1E, 0x01, 0xC0, 0x1C, 0xFF, 0xBF, 0xFF, 0x9F, 0xC1, 0xF8, 0x3F, 0x8F, 0xFF, 0xE7, 0xF8, 0x1F,
    0x03, 0x60, 0x6C, 0x0D, 0x81, 0xF0, 0x00, 0x00, 0x03, 0xFC, 0x7F, 0xCC, 0x78, 0x07, 0x00, 0x73,
    0xFE, 0xFF, 0xFE, 0x7F, 0x07, 0xE0, 0xFE, 0x3F, 0xFF, 0x9F, 0xE0, 0x7F, 0x1F, 0x87, 0xFB, 0xFC,
    0x63, 0xFB, 0xE0, 0x1E, 0x0E, 0x00, 0xE0, 0xE3, 0xFF, 0xFE, 0x7F, 0xFF, 0xEF, 0x9E, 0x00, 0xE0,
    0xE0, 0x0E, 0x0F, 0x00, 0xF1, 0xF8, 0xCF, 0xFF, 0xFC, 0x3F, 0x9F, 0xC0, 0x1F, 0xC7, 0xF9, 0xF3,
    0x38, 0x0E, 0x01, 0xC0, 0x38, 0x07, 0x00, 0xE0, 0x1E, 0x01, 0xF3, 0x1F, 0xE1, 0xFC, 0x0C, 0x01,
    0xC0, 0x38, 0x07, 0x03, 0xE0, 0x7C, 0x00, 0x1C, 0x01, 0xC0, 0x0E, 0x00, 0x70, 0x03, 0x00, 0x00,
    0x00, 0x01, 0xF8, 0x3F, 0xE7, 0x9E, 0xF0, 0xFE, 0x07, 0xFF, 0xFF, 0xFF, 0xE0, 0x0E, 0x00, 0xF0,
    0x07, 0xC6, 0x3F, 0xE1, 0xFE, 0x01, 0x80, 0x38, 0x07, 0x00, 0xE0, 0x06, 0x00, 0x00, 0x00, 0x01,
    0xF8, 0x3F, 0xE7, 0x9E, 0xF0, 0xFE, 0x07, 0xFF, 0xFF, 0xFF, 0xE0, 0x0E, 0x00, 0xF0, 0x07, 0xC6,
    0x3F, 0xE1, 0xFE, 0x06, 0x00, 0xF0, 0x1F, 0x81, 0x9C, 0x18, 0x80, 0x00, 0x00, 0x01, 0xF8, 0x3F,
    0xE7, 0x9E, 0xF0, 0xFE, 0x07, 0xFF, 0xFF, 0xFF, 0xE0, 0x0E, 0x00, 0xF0, 0x07, 0xC6, 0x3F, 0xE1,
    0xFE, 0x39, 0xC3, 0xDC, 0x39, 0xC0, 0x00, 0x00, 0x01, 0xF8, 0x3F, 0xE7, 0x9E, 0xF0, 0xFE, 0x07,
    0xFF, 0xFF, 0xFF, 0xE0, 0x0E, 0x00, 0xF0, 0x07, 0xC6, 0x3F, 0xE1, 0xFE, 0xE7, 0x1C, 0x71, 0x80,
    0x07, 0x39, 0xCE, 0x73, 0x9C, 0xE7, 0x39, 0xCE, 0x70, 0x18, 0xE7, 0x38, 0x60, 0x00, 0x1C, 0x71,
    0xC7, 0x1C, 0x71, 0xC7, 0x1C, 0x71, 0xC7, 0x1C, 0x18, 0x3C, 0x7E, 0x67, 0x62, 0x00, 0x00, 0x1C,
    0x1C, 0x1C, 0x1C, 0x1C, 0x1C, 0x1C, 0x1C, 0x1C, 0x1C, 0x1C, 0x1C, 0x1C, 0xE7, 0xF7, 0xE7, 0x00,
    0x00, 0x1C, 0x1C, 0x1C, 0x1C, 0x1C, 0x1C, 0x1C, 0x1C, 0x1C, 0x1C, 0x1C, 0x1C, 0x1C, 0x03, 0x00,
    0x1E, 0xE0, 0x3F, 0x81, 0xF8, 0x07, 0xE0, 0x01, 0xC0, 0x07, 0x07, 0xFC, 0x7F, 0xF9, 0xE7, 0xEF,
    0x03, 0xB8, 0x0E, 0xE0, 0x7B, 0x81, 0xCE, 0x07, 0x3C, 0x1C, 0x79, 0xE0, 0xFF, 0x81, 0xF8, 0x00,
    0x3D, 0xCF, 0xF1, 0xBE, 0x00, 0x00, 0x00, 0x00, 0x3F, 0xE7, 0xFE, 0xE3, 0xDC, 0x3F, 0x83, 0xF0,
    0x7E, 0x0F, 0xC1, 0xF8, 0x3F, 0x07, 0xE0, 0xFC, 0x1F, 0x83, 0x80, 0x1C, 0x00, 0xF0, 0x03, 0x80,
    0x0E, 0x00, 0x30, 0x00, 0x00, 0x00, 0x03, 0xF8, 0x3F, 0xE3, 0xCF, 0x9C, 0x1D, 0xC0, 0xFE, 0x03,
    0xF0, 0x1F, 0x80, 0xFC, 0x0F, 0x70, 0x73, 0xCF, 0x8F, 0xF8, 0x3F, 0x80, 0x01, 0x80, 0x1C, 0x01,
    0xE0, 0x0E, 0x00, 0x60, 0x00, 0x00, 0x00, 0x03, 0xF8, 0x3F, 0xE3, 0xCF, 0x9C, 0x1D, 0xC0, 0xFE,
    0x03, 0xF0, 0x1F, 0x80, 0xFC, 0x0F, 0x70, 0x73, 0xCF, 0x8F, 0xF8, 0x3F, 0x80, 0x06, 0x00, 0x38,
    0x03, 0xE0, 0x3B, 0x81, 0x8C, 0x00, 0x00, 0x00, 0x03, 0xF8, 0x3F, 0xE3, 0xCF, 0x9C, 0x1D, 0xC0,
    0xFE, 0x03, 0xF0, 0x1F, 0x80, 0xFC, 0x0F, 0x70, 0x73, 0xCF, 0x8F, 0xF8, 0x3F, 0x80, 0x1E, 0xE1,
    0xFE, 0x0D, 0xF0, 0x00, 0x00, 0x00, 0x00, 0x00, 0x7F, 0x07, 0xFC, 0x79, 0xF3, 0x83, 0xB8, 0x1F,
    0xC0, 0x7E, 0x03, 0xF0, 0x1F, 0x81, 0xEE, 0x0E, 0x79, 0xF1, 0xFF, 0x07, 0xF0, 0x19, 0xC1, 0xEF,
    0x06, 0x70, 0x00, 0x00, 0x00, 0x0F, 0xE0, 0xFF, 0x8F, 0x3E, 0x70, 0x77, 0x03, 0xF8, 0x0F, 0xC0,
    0x7E, 0x03, 0xF0, 0x3D, 0xC1, 0xCF, 0x3E, 0x3F, 0xE0, 0xFE, 0x00, 0x0F, 0x00, 0xF0, 0x0F, 0x00,
    0x00, 0x00, 0x0F, 0xFF, 0xFF, 0xF0, 0x00, 0x00, 0x00, 0xF0, 0x0F, 0x00, 0xF0, 0x00, 0x30, 0xFF,
    0x8F, 0xFC, 0xF3, 0xEF, 0x1F, 0x70, 0xFF, 0x8E, 0xFC, 0xE7, 0xEE, 0x3F, 0xE3, 0xDE, 0x1C, 0xFB,
    0xE7, 0xFE, 0x7F, 0xE3, 0x00, 0x00, 0x18, 0x01, 0xC0, 0x0E, 0x00, 0x70, 0x03, 0x00, 0x00, 0x00,
    0x0F, 0x07, 0xF0, 0x7F, 0x07, 0xF0, 0x7F, 0x07, 0xF0, 0x7F, 0x07, 0xF0, 0x77, 0x07, 0x70, 0x77,
    0x8F, 0x3F, 0xF1, 0xFF, 0x01, 0x80, 0x38, 0x07, 0x00, 0xE0, 0x0E, 0x00, 0x00, 0x00, 0x0F, 0x07,
    0xF0, 0x7F, 0x07, 0xF0, 0x7F, 0x07, 0xF0, 0x7F, 0x07, 0xF0, 0x77, 0x07, 0x70, 0x77, 0x8F, 0x3F,
    0xF1, 0xFF, 0x06, 0x00, 0xF0, 0x1F, 0x81, 0x9C, 0x18, 0x80, 0x00, 0x00, 0x0F, 0x07, 0xF0, 0x7F,
    0x07, 0xF0, 0x7F, 0x07, 0xF0, 0x7F, 0x07, 0xF0, 0x77, 0x07, 0x70, 0x77, 0x8F, 0x3F, 0xF1, 0xFF,
    0x39, 0xC3, 0xDC, 0x39, 0xC0, 0x00, 0x00, 0x0F, 0x07, 0xF0, 0x7F, 0x07, 0xF0, 0x7F, 0x07, 0xF0,
    0x7F, 0x07, 0xF0, 0x77, 0x07, 0x70, 0x77, 0x8F, 0x3F, 0xF1, 0xFF, 0x01, 0x80, 0x3C, 0x03, 0x80,
    0x70, 0x06, 0x00, 0x00, 0x00, 0x0E, 0x07, 0xF0, 0x77, 0x07, 0x70, 0xE7, 0x8E, 0x38, 0xE3, 0x8C,
    0x1D, 0xC1, 0xDC, 0x1F, 0x80, 0xF8, 0x0F, 0x80, 0x70, 0x07, 0x00, 0x70, 0x9E, 0x0F, 0xC0, 0xF8,
    0x00, 0xE0, 0x0E, 0x00, 0xE0, 0x0E, 0x00, 0xE0, 0x0E, 0x00, 0xFF, 0x8F, 0xFC, 0xF3, 0xEE, 0x0E,
    0xE0, 0xFE, 0x07, 0xE0, 0x7E, 0x07, 0xE0, 0xFE, 0x0E, 0xF3, 0xEF, 0xFC, 0xFF, 0x8E, 0x00, 0xE0,
    0x0E, 0x00, 0xE0, 0x0E, 0x00, 0x1D, 0xC3, 0xDE, 0x1D, 0xC0, 0x00, 0x00, 0x0E, 0x07, 0xF0, 0x77,
    0x07, 0x70, 0xE7, 0x8E, 0x38, 0xE3, 0x8C, 0x1D, 0xC1, 0xDC, 0x1F, 0x80, 0xF8, 0x0F, 0x80, 0x70,
    0x07, 0x00, 0x70, 0x9E, 0x0F, 0xC0, 0xF8, 0x00, 0x0F, 0xF0, 0x07, 0xF8, 0x00, 0x00, 0x00, 0x00,
    0x00, 0x00, 0x00, 0x0E, 0x00, 0x0F, 0x80, 0x07, 0xC0, 0x07, 0xE0, 0x03, 0xB8, 0x03, 0x9C, 0x01,
    0xCF, 0x01, 0xE3, 0x80, 0xE1, 0xE0, 0x70, 0x70, 0x78, 0x38, 0x3F, 0xFE, 0x1F, 0xFF, 0x1C, 0x03,
    0x8E, 0x01, 0xEF, 0x00, 0x77, 0x00, 0x3C, 0x3F, 0xC7, 0xF8, 0x00, 0x00, 0x00, 0x00, 0xFF, 0x1F,
    0xF3, 0x1E, 0x01, 0xC0, 0x1C, 0xFF, 0xBF, 0xFF, 0x9F, 0xC1, 0xF8, 0x3F, 0x8F, 0xFF, 0xE7, 0xF8,
    0x06, 0x30, 0x03, 0xB8, 0x01, 0xF8, 0x00, 0x7C, 0x00, 0x00, 0x00, 0x00, 0x00, 0x07, 0x00, 0x07,
    0xC0, 0x03, 0xE0, 0x03, 0xF0, 0x01, 0xDC, 0x01, 0xCE, 0x00, 0xE7, 0x80, 0xF1, 0xC0, 0x70, 0xF0,
    0x38, 0x38, 0x3C, 0x1C, 0x1F, 0xFF, 0x0F, 0xFF, 0x8E, 0x01, 0xC7, 0x00, 0xF7, 0x80, 0x3B, 0x80,
    0x1E, 0x31, 0x87, 0x70, 0x7E, 0x0F, 0x80, 0x00, 0x00, 0x1F, 0xE3, 0xFE, 0x63, 0xC0, 0x38, 0x03,
    0x9F, 0xF7, 0xFF, 0xF3, 0xF8, 0x3F, 0x07, 0xF1, 0xFF, 0xFC, 0xFF, 0x00, 0x01, 0xC0, 0x01, 0xF0,
    0x00, 0xF8, 0x00, 0xFC, 0x00, 0x77, 0x00, 0x73, 0x80, 0x39, 0xE0, 0x3C, 0x70, 0x1C, 0x3C, 0x0E,
    0x0E, 0x0F, 0x07, 0x07, 0xFF, 0xC3, 0xFF, 0xE3, 0x80, 0x71, 0xC0, 0x3D, 0xE0, 0x0E, 0xE0, 0x07,
    0x80, 0x03, 0x80, 0x03, 0x80, 0x01, 0xC0, 0x00, 0xF8, 0x00, 0x7C, 0x7F, 0x8F, 0xF9, 0x8F, 0x00,
    0xE0, 0x0E, 0x7F, 0xDF, 0xFF, 0xCF, 0xE0, 0xFC, 0x1F, 0xC7, 0xFF, 0xF3, 0xFC, 0x07, 0x80, 0xE0,
    0x3C, 0x03, 0xC0, 0x7C, 0x00, 0x60, 0x03, 0x80, 0x1C, 0x00, 0xE0, 0x01, 0x80, 0x00, 0x00, 0x00,
    0x01, 0xFE, 0x1F, 0xFC, 0xFC, 0xF7, 0x80, 0x1E, 0x00, 0x70, 0x03, 0xC0, 0x0E, 0x00, 0x38, 0x00,
    0xE0, 0x03, 0xC0, 0x0F, 0x00, 0x1C, 0x00, 0x78, 0x00, 0xFC, 0x71, 0xFF, 0xC1, 0xFE, 0x01, 0x80,
    0x70, 0x1C, 0x07, 0x00, 0x60, 0x00, 0x00, 0x00, 0xFE, 0x3F, 0xCF, 0x99, 0xC0, 0x70, 0x0E, 0x01,
    0xC0, 0x38, 0x07, 0x00, 0xF0, 0x0F, 0x98, 0xFF, 0x0F, 0xE0, 0x01, 0x80, 0x0F, 0x00, 0x7E, 0x01,
    0x9C, 0x06, 0x20, 0x00, 0x00, 0x00, 0x01, 0xFE, 0x1F, 0xFC, 0xFC, 0xF7, 0x80, 0x1E, 0x00, 0x70,
    0x03, 0xC0, 0x0E, 0x00, 0x38, 0x00, 0xE0, 0x03, 0xC0, 0x0F, 0x00, 0x1C, 0x00, 0x78, 0x00, 0xFC,
    0x71, 0xFF, 0xC1, 0xFE, 0x06, 0x01, 0xE0, 0x7E, 0x0C, 0xE1, 0x88, 0x00, 0x00, 0x00, 0xFE, 0x3F,
    0xCF, 0x99, 0xC0, 0x70, 0x0E, 0x01, 0xC0, 0x38, 0x07, 0x00, 0xF0, 0x0F, 0x98, 0xFF, 0x0F, 0xE0,
    0x01, 0xC0, 0x0F, 0x00, 0x1C, 0x00, 0x00, 0x00, 0x00, 0x1F, 0xE1, 0xFF, 0xCF, 0xCF, 0x78, 0x01,
    0xE0, 0x07, 0x00, 0x3C, 0x00, 0xE0, 0x03, 0x80, 0x0E, 0x00, 0x3C, 0x00, 0xF0, 0x01, 0xC0, 0x07,
    0x80, 0x0F, 0xC7, 0x1F, 0xFC, 0x1F, 0xE0, 0x07, 0x01, 0xE0, 0x1C, 0x00, 0x00, 0x00, 0x3F, 0x8F,
    0xF3, 0xE6, 0x70, 0x1C, 0x03, 0x80, 0x70, 0x0E, 0x01, 0xC0, 0x3C, 0x03, 0xE6, 0x3F, 0xC3, 0xF8,
    0x06, 0x20, 0x19, 0xC0, 0x7E, 0x00, 0xF0, 0x01, 0x80, 0x00, 0x00, 0x00, 0x01, 0xFE, 0x1F, 0xFC,
    0xFC, 0xF7, 0x80, 0x1E, 0x00, 0x70, 0x03, 0xC0, 0x0E, 0x00, 0x38, 0x00, 0xE0, 0x03, 0xC0, 0x0F,
    0x00, 0x1C, 0x00, 0x78, 0x00, 0xFC, 0x71, 0xFF, 0xC1, 0xFE, 0x18, 0x83, 0x38, 0x7E, 0x07, 0x80,
    0x60, 0x00, 0x00, 0x00, 0xFE, 0x3F, 0xCF, 0x99, 0xC0, 0x70, 0x0E, 0x01, 0xC0, 0x38, 0x07, 0x00,
    0xF0, 0x0F, 0x98, 0xFF, 0x0F, 0xE0, 0x18, 0xC0, 0x3B, 0x80, 0x3E, 0x00, 0x78, 0x00, 0x60, 0x00,
    0x00, 0x00, 0x00, 0x7F, 0xE0, 0xFF, 0xE1, 0xC3, 0xF3, 0x81, 0xE7, 0x01, 0xEE, 0x01, 0xDC, 0x03,
    0xF8, 0x07, 0xF0, 0x0F, 0xE0, 0x1F, 0xC0, 0x3F, 0x80, 0x77, 0x01, 0xEE, 0x07, 0x9C, 0x3F, 0x3F,
    0xF8, 0x7F, 0xE0, 0x00, 0x77, 0x00, 0x77, 0x00, 0x77, 0x00, 0x77, 0x00, 0x77, 0x00, 0x76, 0x1F,
    0xF0, 0x3F, 0xF0, 0x79, 0xF0, 0xF0, 0x70, 0xE0, 0x70, 0xE0, 0x70, 0xE0, 0x70, 0xE0, 0x70, 0xE0,
    0x70, 0xF0, 0x70, 0x7C, 0x70, 0x3F, 0xF0, 0x1F, 0xF0, 0x3F, 0xF0, 0x1F, 0xFE, 0x0E, 0x1F, 0x87,
    0x01, 0xE3, 0x80, 0x71, 0xC0, 0x3C, 0xE0, 0x0F, 0xFF, 0x07, 0xFF, 0x83, 0x9C, 0x01, 0xCE, 0x00,
    0xE7, 0x00, 0xF3, 0x80, 0x71, 0xC0, 0x78, 0xE1, 0xF8, 0x7F, 0xF8, 0x3F, 0xF0, 0x00, 0x00, 0x70,
    0x01, 0xC0, 0x7F, 0xC1, 0xFF, 0x00, 0x70, 0x01, 0xC1, 0xFF, 0x0F, 0xFC, 0x79, 0xF3, 0xC1, 0xCE,
    0x07, 0x38, 0x1C, 0xE0, 0x73, 0x81, 0xCE, 0x07, 0x3C, 0x1C, 0x7C, 0x70, 0xFF, 0xC1, 0xFF, 0x00,
    0x7F, 0x87, 0xF8, 0x00, 0x00, 0x00, 0x00, 0x0F, 0xFE, 0xFF, 0xEE, 0x00, 0xE0, 0x0E, 0x00, 0xE0,
    0x0E, 0x00, 0xFF, 0xCF, 0xFC, 0xE0, 0x0E, 0x00, 0xE0, 0x0E, 0x00, 0xE0, 0x0E, 0x00, 0xFF, 0xFF,
    0xFF, 0x3F, 0xC3, 0xFC, 0x00, 0x00, 0x00, 0x00, 0x01, 0xF8, 0x3F, 0xE7, 0x9E, 0xF0, 0xFE, 0x07,
    0xFF, 0xFF, 0xFF, 0xE0, 0x0E, 0x00, 0xF0, 0x07, 0xC6, 0x3F, 0xE1, 0xFE, 0x31, 0x83, 0xB8, 0x3F,
    0x01, 0xE0, 0x00, 0x00, 0x00, 0xFF, 0xEF, 0xFE, 0xE0, 0x0E, 0x00, 0xE0, 0x0E, 0x00, 0xE0, 0x0F,
    0xFC, 0xFF, 0xCE, 0x00, 0xE0, 0x0E, 0x00, 0xE0, 0x0E, 0x00, 0xE0, 0x0F, 0xFF, 0xFF, 0xF0, 0x39,
    0xC1, 0xDC, 0x1F, 0x80, 0xF0, 0x00, 0x00, 0x00, 0x1F, 0x83, 0xFE, 0x79, 0xEF, 0x0F, 0xE0, 0x7F,
    0xFF, 0xFF, 0xFE, 0x00, 0xE0, 0x0F, 0x00, 0x7C, 0x63, 0xFE, 0x1F, 0xE0, 0x0E, 0x00, 0xE0, 0x0E,
    0x00, 0x00, 0x00, 0x0F, 0xFE, 0xFF, 0xEE, 0x00, 0xE0, 0x0E, 0x00, 0xE0, 0x0E, 0x00, 0xFF, 0xCF,
    0xFC, 0xE0, 0x0E, 0x00, 0xE0, 0x0E, 0x00, 0xE0, 0x0E, 0x00, 0xFF, 0xFF, 0xFF, 0x07, 0x00, 0xF0,
    0x07, 0x00, 0x00, 0x00, 0x01, 0xF8, 0x3F, 0xE7, 0x9E, 0xF0, 0xFE, 0x07, 0xFF, 0xFF, 0xFF, 0xE0,
    0x0E, 0x00, 0xF0, 0x07, 0xC6, 0x3F, 0xE1, 0xFE, 0xFF, 0xEF, 0xFE, 0xE0, 0x0E, 0x00, 0xE0, 0x0E,
    0x00, 0xE0, 0x0F, 0xFC, 0xFF, 0xCE, 0x00, 0xE0, 0x0E, 0x00, 0xE0, 0x0E, 0x00, 0xE0, 0x0F, 0xFF,
    0xFF, 0xF0, 0x0E, 0x01, 0xC0, 0x1C, 0x01, 0xF0, 0x1F, 0x1F, 0x83, 0xFE, 0x79, 0xEF, 0x0F, 0xE0,
    0x7F, 0xFF, 0xFF, 0xFE, 0x00, 0xE0, 0x0F, 0x00, 0x7C, 0x63, 0xFE, 0x1F, 0xE0, 0x1C, 0x03, 0x80,
    0x38, 0x03, 0xE0, 0x3E, 0x31, 0x03, 0x38, 0x1F, 0x01, 0xE0, 0x0C, 0x00, 0x00, 0x00, 0x0F, 0xFE,
    0xFF, 0xEE, 0x00, 0xE0, 0x0E, 0x00, 0xE0, 0x0E, 0x00, 0xFF, 0xCF, 0xFC, 0xE0, 0x0E, 0x00, 0xE0,
    0x0E, 0x00, 0xE0, 0x0E, 0x00, 0xFF, 0xFF, 0xFF, 0x18, 0x81, 0x9C, 0x1F, 0x80, 0xF0, 0x06, 0x00,
    0x00, 0x00, 0x00, 0x00, 0x1F, 0x83, 0xFE, 0x79, 0xEF, 0x0F, 0xE0, 0x7F, 0xFF, 0xFF, 0xFE, 0x00,
    0xE0, 0x0F, 0x00, 0x7C, 0x63, 0xFE, 0x1F, 0xE0, 0x01, 0x80, 0x03, 0x80, 0x0F, 0x80, 0x3B, 0x80,
    0x63, 0x00, 0x00, 0x00, 0x00, 0x03, 0xFC, 0x1F, 0xFC, 0x7E, 0x79, 0xE0, 0x03, 0xC0, 0x07, 0x00,
    0x1E, 0x00, 0x38, 0x00, 0x70, 0x00, 0xE0, 0x1F, 0xE0, 0x3F, 0xC0, 0x7B, 0x80, 0xF7, 0x81, 0xE7,
    0xE3, 0xC7, 0xFF, 0x83, 0xFE, 0x02, 0x00, 0x70, 0x0F, 0x81, 0xDC, 0x18, 0xC0, 0x00, 0x00, 0x01,
    0xFF, 0x3F, 0xF7, 0xCF, 0x70, 0x7E, 0x07, 0xE0, 0x7E, 0x07, 0xE0, 0x7E, 0x07, 0xF0, 0x77, 0xDF,
    0x3F, 0xF1, 0xFF, 0x00, 0x70, 0x0F, 0x71, 0xE7, 0xFE, 0x7F, 0x80, 0x06, 0x30, 0x0E, 0xE0, 0x1F,
    0x80, 0x1F, 0x00, 0x00, 0x00, 0x00, 0x01, 0xFE, 0x0F, 0xFE, 0x3F, 0x3C, 0xF0, 0x01, 0xE0, 0x03,
    0x80, 0x0F, 0x00, 0x1C, 0x00, 0x38, 0x00, 0x70, 0x0F, 0xF0, 0x1F, 0xE0, 0x3D, 0xC0, 0x7B, 0xC0,
    0xF3, 0xF1, 0xE3, 0xFF, 0xC1, 0xFF, 0x00, 0x18, 0xC1, 0xDC, 0x0F, 0xC0, 0xF8, 0x00, 0x00, 0x00,
    0x1F, 0xF3, 0xFF, 0x7C, 0xF7, 0x07, 0xE0, 0x7E, 0x07, 0xE0, 0x7E, 0x07, 0xE0, 0x7F, 0x07, 0x7D,
    0xF3, 0xFF, 0x1F, 0xF0, 0x07, 0x00, 0xF7, 0x1E, 0x7F, 0xE7, 0xF8, 0x01, 0xC0, 0x03, 0x80, 0x07,
    0x00, 0x00, 0x00, 0x00, 0x00, 0xFF, 0x07, 0xFF, 0x1F, 0x9E, 0x78, 0x00, 0xF0, 0x01, 0xC0, 0x07,
    0x80, 0x0E, 0x00, 0x1C, 0x00, 0x38, 0x07, 0xF8, 0x0F, 0xF0, 0x1E, 0xE0, 0x3D, 0xE0, 0x79, 0xF8,
    0xF1, 0xFF, 0xE0, 0xFF, 0x80, 0x07, 0x00, 0x70, 0x07, 0x00, 0x00, 0x00, 0x01, 0xFF, 0x3F, 0xF7,
    0xCF, 0x70, 0x7E, 0x07, 0xE0, 0x7E, 0x07, 0xE0, 0x7E, 0x07, 0xF0, 0x77, 0xDF, 0x3F, 0xF1, 0xFF,
    0x00, 0x70, 0x0F, 0x71, 0xE7, 0xFE, 0x7F, 0x80, 0x07, 0xF8, 0x3F, 0xF8, 0xFC, 0xF3, 0xC0, 0x07,
    0x80, 0x0E, 0x00, 0x3C, 0x00, 0x70, 0x00, 0xE0, 0x01, 0xC0, 0x3F, 0xC0, 0x7F, 0x80, 0xF7, 0x01,
    0xEF, 0x03, 0xCF, 0xC7, 0x8F, 0xFF, 0x07, 0xFC, 0x00, 0x00, 0x07, 0x00, 0x3E, 0x00, 0x78, 0x00,
    0x03, 0x80, 0x38, 0x07, 0x00, 0x70, 0x00, 0x00, 0x00, 0x1F, 0xF3, 0xFF, 0x7C, 0xF7, 0x07, 0xE0,
    0x7E, 0x07, 0xE0, 0x7E, 0x07, 0xE0, 0x7F, 0x07, 0x7D, 0xF3, 0xFF, 0x1F, 0xF0, 0x07, 0x00, 0xF7,
    0x1E, 0x7F, 0xE7, 0xF8, 0x03, 0x00, 0x1E, 0x00, 0xF8, 0x07, 0x30, 0x18, 0xC0, 0x00, 0x00, 0x00,
    0x38, 0x07, 0xE0, 0x1F, 0x80, 0x7E, 0x01, 0xF8, 0x07, 0xE0, 0x1F, 0x80, 0x7F, 0xFF, 0xFF, 0xFF,
    0xE0, 0x1F, 0x80, 0x7E, 0x01, 0xF8, 0x07, 0xE0, 0x1F, 0x80, 0x7E, 0x01, 0xF8, 0x07, 0x30, 0x07,
    0xC0, 0xFE, 0x0C, 0xC0, 0x00, 0x00, 0x00, 0x70, 0x07, 0x00, 0x70, 0x07, 0x00, 0x70, 0x07, 0x00,
    0x7F, 0xC7, 0xFE, 0x79, 0xE7, 0x0F, 0x70, 0x77, 0x07, 0x70, 0x77, 0x07, 0x70, 0x77, 0x07, 0x70,
    0x77, 0x07, 0x70, 0x70, 0x38, 0x07, 0x0E, 0x01, 0xCF, 0xFF, 0xFF, 0xFF, 0xFF, 0x38, 0x07, 0x0E,
    0x01, 0xC3, 0x80, 0x70, 0xFF, 0xFC, 0x3F, 0xFF, 0x0E, 0x01, 0xC3, 0x80, 0x70, 0xE0, 0x1C, 0x38,
    0x07, 0x0E, 0x01, 0xC3, 0x80, 0x70, 0xE0, 0x1C, 0x38, 0x07, 0x00, 0x38, 0x01, 0xC0, 0x3F, 0xE1,
    0xFF, 0x03, 0x80, 0x1C, 0x00, 0xFF, 0x87, 0xFE, 0x3C, 0xF1, 0xC3, 0xCE, 0x0E, 0x70, 0x73, 0x83,
    0x9C, 0x1C, 0xE0, 0xE7, 0x07, 0x38, 0x39, 0xC1, 0xCE, 0x0E, 0x7B, 0xFF, 0xB7, 0xC0, 0x00, 0x00,
    0x00, 0x70, 0x38, 0x1C, 0x0E, 0x07, 0x03, 0x81, 0xC0, 0xE0, 0x70, 0x38, 0x1C, 0x0E, 0x07, 0x03,
    0x81, 0xC0, 0xE0, 0x70, 0x7B, 0x7F, 0xB7, 0xC0, 0x00, 0x00, 0x00, 0x70, 0x38, 0x1C, 0x0E, 0x07,
    0x03, 0x81, 0xC0, 0xE0, 0x70, 0x38, 0x1C, 0x0E, 0x07, 0x00, 0xFF, 0xFF, 0x00, 0x00, 0x00, 0x1C,
    0x1C, 0x1C, 0x1C, 0x1C, 0x1C, 0x1C, 0x1C, 0x1C, 0x1C, 0x1C, 0x1C, 0x1C, 0x1C, 0x1C, 0x1C, 0x1C,
    0xFF, 0xFF, 0x00, 0x00, 0x00, 0x1C, 0x1C, 0x1C, 0x1C, 0x1C, 0x1C, 0x1C, 0x1C, 0x1C, 0x1C, 0x1C,
    0x1C, 0x1C, 0xC7, 0xDF, 0xF3, 0xE0, 0x00, 0x0E, 0x1C, 0x38, 0x70, 0xE1, 0xC3, 0x87, 0x0E, 0x1C,
    0x38, 0x70, 0xE1, 0xC3, 0x87, 0x0E, 0x00, 0x63, 0x77, 0x7E, 0x3C, 0x00, 0x00, 0x1C, 0x1C, 0x1C,
    0x1C, 0x1C, 0x1C, 0x1C, 0x1C, 0x1C, 0x1C, 0x1C, 0x1C, 0x1C, 0x39, 0xCE, 0x73, 0x9C, 0xE7, 0x39,
    0xCE, 0x73, 0x9C, 0xE7, 0x3B, 0x99, 0xCF, 0xBC, 0x7B, 0xC0, 0x00, 0x1C, 0xE7, 0x39, 0xCE, 0x73,
    0x9C, 0xE7, 0x39, 0xDD, 0xCE, 0x7F, 0xE0, 0x77, 0x70, 0x07, 0x77, 0x77, 0x77, 0x77, 0x77, 0x77,
    0x77, 0x77, 0xFF, 0xFF, 0xFF, 0xFF, 0xFE, 0xE0, 0x0F, 0xE0, 0x0F, 0xE0, 0x0F, 0xE0, 0x0F, 0xE0,
    0x0F, 0xE0, 0x0F, 0xE0, 0x0F, 0xE0, 0x0F, 0xE0, 0x0F, 0xE0, 0x0F, 0xE0, 0x0F, 0xE0, 0x0F, 0xE0,
    0x0F, 0xE0, 0x0E, 0xE7, 0x3E, 0xE7, 0xFC, 0xE3, 0xF8, 0xF1, 0xDE, 0x38, 0x00, 0x00, 0x00, 0x00,
    0xE3, 0x9C, 0x73, 0x8E, 0x71, 0xCE, 0x39, 0xC7, 0x38, 0xE7, 0x1C, 0xE3, 0x9C, 0x73, 0x8E, 0x71,
    0xCE, 0x38, 0x07, 0x00, 0xE0, 0x3C, 0x1F, 0x07, 0xC0, 0x00, 0xC0, 0x0F, 0x00, 0x7C, 0x06, 0x70,
    0x31, 0x80, 0x00, 0x00, 0x00, 0x1C, 0x00, 0xE0, 0x07, 0x00, 0x38, 0x01, 0xC0, 0x0E, 0x00, 0x70,
    0x03, 0x80, 0x1C, 0x00, 0xE0, 0x07, 0x00, 0x38, 0x01, 0xC0, 0x1E, 0x73, 0xE3, 0xFF, 0x0F, 0xE0,
    0x0C, 0x0F, 0x0F, 0xC6, 0x73, 0x10, 0x00, 0x00, 0x1C, 0x0E, 0x07, 0x03, 0x81, 0xC0, 0xE0, 0x70,
    0x38, 0x1C, 0x0E, 0x07, 0x03, 0x81, 0xC0, 0xE0, 0xF0, 0xF1, 0xF8, 0xF8, 0x00, 0xE0, 0x7B, 0x83,
    0xCE, 0x1E, 0x38, 0xF0, 0xE7, 0x83, 0xBC, 0x0F, 0xE0, 0x3F, 0x00, 0xFE, 0x03, 0xFC, 0x0E, 0xF8,
    0x39, 0xF0, 0xE3, 0xE3, 0x87, 0xCE, 0x0F, 0x38, 0x1E, 0xE0, 0x3C, 0x00, 0x00, 0x70, 0x07, 0xC0,
    0x1E, 0x00, 0xE0, 0x1C, 0x03, 0x80, 0x70, 0x0E, 0x01, 0xC0, 0x38, 0x77, 0x1C, 0xEF, 0x1F, 0xC3,
    0xF0, 0x7C, 0x0F, 0xC1, 0xFC, 0x3B, 0xC7, 0x3C, 0xE3, 0xDC, 0x3B, 0x87, 0x80, 0x01, 0xC0, 0x78,
    0x0F, 0x00, 0xE1, 0xEE, 0x3C, 0xE7, 0x8E, 0xF0, 0xFE, 0x0F, 0xC0, 0xFC, 0x0F, 0xE0, 0xEF, 0x0E,
    0x78, 0xE3, 0xCE, 0x1C, 0xE0, 0xE0, 0x18, 0x07, 0x01, 0xC0, 0x70, 0x0C, 0x00, 0x00, 0x00, 0x07,
    0x00, 0xE0, 0x1C, 0x03, 0x80, 0x70, 0x0E, 0x01, 0xC0, 0x38, 0x07, 0x00, 0xE0, 0x1C, 0x03, 0x80,
    0x70, 0x0E, 0x01, 0xC0, 0x3F, 0xFF, 0xFF, 0x19, 0xEF, 0x80, 0x71, 0xC7, 0x1C, 0x71, 0xC7, 0x1C,
    0x71, 0xC7, 0x1C, 0x71, 0xC7, 0x1C, 0x79, 0xF3, 0x80, 0xE0, 0x1C, 0x03, 0x80, 0x70, 0x0E, 0x01,
    0xC0, 0x38, 0x07, 0x00, 0xE0, 0x1C, 0x03, 0x80, 0x70, 0x0E, 0x01, 0xC0, 0x38, 0x07, 0xFF, 0xFF,
    0xE0, 0x00, 0x38, 0x1F, 0x03, 0xC0, 0x38, 0x70, 0xE1, 0xC3, 0x87, 0x0E, 0x1C, 0x38, 0x70, 0xE1,
    0xC3, 0x87, 0x0E, 0x1C, 0x3C, 0x7C, 0x70, 0x03, 0x8F, 0x1C, 0x00, 0xEE, 0x1D, 0xC3, 0xB8, 0x77,
    0x0E, 0xE1, 0xDC, 0x38, 0x07, 0x00, 0xE0, 0x1C, 0x03, 0x80, 0x70, 0x0E, 0x01, 0xC0, 0x38, 0x07,
    0xFF, 0xFF, 0xE0, 0x77, 0x76, 0x76, 0x76, 0x76, 0x76, 0x70, 0x70, 0x70, 0x70, 0x70, 0x70, 0x70,
    0x70, 0x70, 0x70, 0x78, 0x7C, 0x38, 0xE0, 0x1C, 0x03, 0x80, 0x70, 0x0E, 0x01, 0xC0, 0x38, 0x07,
    0x1C, 0xE3, 0xDC, 0x73, 0x80, 0x70, 0x0E, 0x01, 0xC0, 0x38, 0x07, 0xFF, 0xFF, 0xE0, 0x70, 0x38,
    0x1C, 0x0E, 0x07, 0x03, 0x81, 0xC0, 0xE0, 0x70, 0x3B, 0x9D, 0xEE, 0xE7, 0x03, 0x81, 0xC0, 0xE0,
    0x78, 0x3E, 0x0E, 0x00, 0x1C, 0x00, 0x38, 0x00, 0x70, 0x00, 0xE0, 0x01, 0xC0, 0x03, 0x90, 0x07,
    0xF0, 0x0F, 0xC0, 0x3E, 0x00, 0xF8, 0x01, 0xF0, 0x00, 0xE0, 0x01, 0xC0, 0x03, 0x80, 0x07, 0x00,
    0x0F, 0xFE, 0x1F, 0xFC, 0x38, 0x38, 0x38, 0x38, 0x38, 0x38, 0x3A, 0x3E, 0x3E, 0xF8, 0xF8, 0x38,
    0x38, 0x38, 0x38, 0x38, 0x3C, 0x3E, 0x1E, 0x00, 0xC0, 0x03, 0x80, 0x0E, 0x00, 0x38, 0x00, 0x70,
    0x00, 0x00, 0x00, 0x00, 0x70, 0x0E, 0xF0, 0x1D, 0xF0, 0x3B, 0xF0, 0x77, 0xE0, 0xEE, 0xE1, 0xDD,
    0xE3, 0xB9, 0xE7, 0x71, 0xCE, 0xE1, 0xDD, 0xC3, 0xFB, 0x83, 0xF7, 0x03, 0xEE, 0x07, 0xDC, 0x07,
    0xB8, 0x07, 0x70, 0x0E, 0x03, 0x00, 0xE0, 0x38, 0x07, 0x00, 0xC0, 0x00, 0x00, 0x07, 0xFC, 0xFF,
    0xDC, 0x7B, 0x87, 0xF0, 0x7E, 0x0F, 0xC1, 0xF8, 0x3F, 0x07, 0xE0, 0xFC, 0x1F, 0x83, 0xF0, 0x70,
    0xE0, 0x1D, 0xE0, 0x3B, 0xE0, 0x77, 0xE0, 0xEF, 0xC1, 0xDD, 0xC3, 0xBB, 0xC7, 0x73, 0xCE, 0xE3,
    0x9D, 0xC3, 0xBB, 0x87, 0xF7, 0x07, 0xEE, 0x07, 0xDC, 0x0F, 0xB8, 0x0F, 0x70, 0x0E, 0xE0, 0x1C,
    0x00, 0x00, 0x1E, 0x00, 0x78, 0x00, 0xF0, 0x00, 0xFF, 0x9F, 0xFB, 0x8F, 0x70, 0xFE, 0x0F, 0xC1,
    0xF8, 0x3F, 0x07, 0xE0, 0xFC, 0x1F, 0x83, 0xF0, 0x7E, 0x0E, 0x00, 0x03, 0x81, 0xF0, 0x3C, 0x00,
    0x0C, 0x40, 0x19, 0xC0, 0x3F, 0x00, 0x3C, 0x00, 0x30, 0x00, 0x00, 0x00, 0x00, 0x70, 0x0E, 0xF0,
    0x1D, 0xF0, 0x3B, 0xF0, 0x77, 0xE0, 0xEE, 0xE1, 0xDD, 0xE3, 0xB9, 0xE7, 0x71, 0xCE, 0xE1, 0xDD,
    0xC3, 0xFB, 0x83, 0xF7, 0x03, 0xEE, 0x07, 0xDC, 0x07, 0xB8, 0x07, 0x70, 0x0E, 0x31, 0x86, 0x70,
    0x7C, 0x0F, 0x00, 0xC0, 0x00, 0x00, 0x07, 0xFC, 0xFF, 0xDC, 0x7B, 0x87, 0xF0, 0x7E, 0x0F, 0xC1,
    0xF8, 0x3F, 0x07, 0xE0, 0xFC, 0x1F, 0x83, 0xF0, 0x70, 0x70, 0x03, 0x80, 0x38, 0x01, 0xC0, 0x0E,
    0x00, 0x00, 0x00, 0xFF, 0x87, 0xFE, 0x38, 0xF1, 0xC3, 0xCE, 0x0E, 0x70, 0x73, 0x83, 0x9C, 0x1C,
    0xE0, 0xE7, 0x07, 0x38, 0x39, 0xC1, 0xCE, 0x0E, 0xE0, 0x1D, 0xE0, 0x3B, 0xE0, 0x77, 0xE0, 0xEF,
    0xC1, 0xDD, 0xC3, 0xBB, 0xC7, 0x73, 0xCE, 0xE3, 0x9D, 0xC3, 0xBB, 0x83, 0xF7, 0x07, 0xEE, 0x07,
    0xDC, 0x07, 0xB8, 0x07, 0x70, 0x0E, 0xE0, 0x1C, 0x00, 0x38, 0x00, 0x70, 0x00, 0xE0, 0x07, 0xC0,
    0x0F, 0x00, 0xFF, 0x9F, 0xFB, 0x8F, 0x70, 0xFE, 0x0F, 0xC1, 0xF8, 0x3F, 0x07, 0xE0, 0xFC, 0x1F,
    0x83, 0xF0, 0x7E, 0x0E, 0x01, 0xC0, 0x38, 0x0F, 0x07, 0xC0, 0xF8, 0x07, 0xF8, 0x03, 0xFC, 0x00,
    0x00, 0x00, 0x00, 0x00, 0x00, 0x00, 0x3F, 0xC0, 0x7F, 0xF0, 0x7E, 0x7C, 0x78, 0x0F, 0x38, 0x03,
    0xDC, 0x01, 0xFE, 0x00, 0x7E, 0x00, 0x3F, 0x00, 0x1F, 0x80, 0x0F, 0xE0, 0x07, 0x70, 0x07, 0xB8,
    0x03, 0xDE, 0x03, 0xC7, 0xE7, 0xC1, 0xFF, 0xC0, 0x3F, 0xC0, 0x3F, 0xC1, 0xFE, 0x00, 0x00, 0x00,
    0x00, 0x00, 0x0F, 0xE0, 0xFF, 0x8F, 0x3E, 0x70, 0x77, 0x03, 0xF8, 0x0F, 0xC0, 0x7E, 0x03, 0xF0,
    0x3D, 0xC1, 0xCF, 0x3E, 0x3F, 0xE0, 0xFE, 0x00, 0x06, 0x30, 0x03, 0xB8, 0x00, 0xFC, 0x00, 0x7C,
    0x00, 0x00, 0x00, 0x00, 0x00, 0x1F, 0xE0, 0x3F, 0xF8, 0x3F, 0x3E, 0x3C, 0x07, 0x9C, 0x01, 0xEE,
    0x00, 0xFF, 0x00, 0x3F, 0x00, 0x1F, 0x80, 0x0F, 0xC0, 0x07, 0xF0, 0x03, 0xB8, 0x03, 0xDC, 0x01,
    0xEF, 0x01, 0xE3, 0xF3, 0xE0, 0xFF, 0xE0, 0x1F, 0xE0, 0x18, 0xC0, 0xEE, 0x07, 0xE0, 0x1F, 0x00,
    0x00, 0x00, 0x00, 0x7F, 0x07, 0xFC, 0x79, 0xF3, 0x83, 0xB8, 0x1F, 0xC0, 0x7E, 0x03, 0xF0, 0x1F,
    0x81, 0xEE, 0x0E, 0x79, 0xF1, 0xFF, 0x07, 0xF0, 0x00, 0xCC, 0x00, 0xEE, 0x00, 0xEE, 0x00, 0x66,
    0x00, 0x33, 0x00, 0x00, 0x00, 0x00, 0x00, 0x0F, 0xF0, 0x1F, 0xFC, 0x1F, 0x9F, 0x1E, 0x03, 0xCE,
    0x00, 0xF7, 0x00, 0x7F, 0x80, 0x1F, 0x80, 0x0F, 0xC0, 0x07, 0xE0, 0x03, 0xF8, 0x01, 0xDC, 0x01,
    0xEE, 0x00, 0xF7, 0x80, 0xF1, 0xF9, 0xF0, 0x7F, 0xF0, 0x0F, 0xF0, 0x06, 0x70, 0x3B, 0x83, 0xB8,
    0x3B, 0x81, 0x98, 0x00, 0x00, 0x00, 0x03, 0xF8, 0x3F, 0xE3, 0xCF, 0x9C, 0x1D, 0xC0, 0xFE, 0x03,
    0xF0, 0x1F, 0x80, 0xFC, 0x0F, 0x70, 0x73, 0xCF, 0x8F, 0xF8, 0x3F, 0x80, 0x07, 0xFF, 0xFE, 0x3F,
    0xFF, 0xFC, 0xFC, 0x38, 0x01, 0xE0, 0x70, 0x07, 0x80, 0xE0, 0x0E, 0x01, 0xC0, 0x3C, 0x03, 0x80,
    0x70, 0x07, 0xFE, 0xE0, 0x0F, 0xFD, 0xC0, 0x1C, 0x03, 0xC0, 0x38, 0x03, 0x80, 0x70, 0x07, 0x80,
    0xE0, 0x0F, 0x81, 0xC0, 0x0F, 0xC3, 0x80, 0x0F, 0xFF, 0xFF, 0x07, 0xFF, 0xFE, 0x1F, 0x87, 0xE0,
    0xFF, 0xBF, 0xC7, 0x9F, 0xE7, 0x9C, 0x1E, 0x0E, 0xE0, 0x78, 0x3F, 0x80, 0xFF, 0xFE, 0x03, 0xFF,
    0xF8, 0x0E, 0x00, 0xE0, 0x78, 0x01, 0xC1, 0xF0, 0x07, 0x9F, 0xF3, 0x0F, 0xFB, 0xFE, 0x1F, 0x87,
    0xF8, 0x03, 0x00, 0x1C, 0x00, 0xF0, 0x03, 0x80, 0x0C, 0x00, 0x00, 0x00, 0x00, 0x3F, 0xF0, 0xFF,
    0xE3, 0x8F, 0xCE, 0x07, 0x38, 0x1E, 0xE0, 0x7B, 0x81, 0xCE, 0x1F, 0x3F, 0xF8, 0xFF, 0xC3, 0x8F,
    0x0E, 0x1C, 0x38, 0x38, 0xE0, 0xF3, 0x81, 0xCE, 0x07, 0xB8, 0x0E, 0x0E, 0x0E, 0x1C, 0x38, 0x30,
    0x00, 0x00, 0xFF, 0xFF, 0xE2, 0xE0, 0xE0, 0xE0, 0xE0, 0xE0, 0xE0, 0xE0, 0xE0, 0xE0, 0xE0, 0xFF,
    0xC3, 0xFF, 0x8E, 0x3F, 0x38, 0x1C, 0xE0, 0x7B, 0x81, 0xEE, 0x07, 0x38, 0x7C, 0xFF, 0xE3, 0xFF,
    0x0E, 0x3C, 0x38, 0x70, 0xE0, 0xE3, 0x83, 0xCE, 0x07, 0x38, 0x1E, 0xE0, 0x38, 0x00, 0x00, 0x70,
    0x07, 0xC0, 0x1E, 0x00, 0x3F, 0xCF, 0xF3, 0x88, 0xE0, 0x38, 0x0E, 0x03, 0x80, 0xE0, 0x38, 0x0E,
    0x03, 0x80, 0xE0, 0x38, 0x00, 0x07, 0x83, 0xC0, 0xF0, 0x00, 0x31, 0x80, 0xEE, 0x01, 0xF0, 0x03,
    0x80, 0x0C, 0x00, 0x00, 0x00, 0x00, 0x3F, 0xF0, 0xFF, 0xE3, 0x8F, 0xCE, 0x07, 0x38, 0x1E, 0xE0,
    0x7B, 0x81, 0xCE, 0x1F, 0x3F, 0xF8, 0xFF, 0xC3, 0x8F, 0x0E, 0x1C, 0x38, 0x38, 0xE0, 0xF3, 0x81,
    0xCE, 0x07, 0xB8, 0x0E, 0xC6, 0xEE, 0x7C, 0x3C, 0x18, 0x00, 0x00, 0xFF, 0xFF, 0xE2, 0xE0, 0xE0,
    0xE0, 0xE0, 0xE0, 0xE0, 0xE0, 0xE0, 0xE0, 0xE0, 0x00, 0xC0, 0x0E, 0x00, 0xE0, 0x0E, 0x00, 0x60,
    0x00, 0x00, 0x00, 0x03, 0xFC, 0x3F, 0xF3, 0xE3, 0x9C, 0x00, 0xE0, 0x07, 0x80, 0x1F, 0x00, 0x7C,
    0x00, 0xF8, 0x01, 0xF0, 0x07, 0x80, 0x1E, 0x00, 0x70, 0x07, 0xBC, 0xF9, 0xFF, 0xC7, 0xF8, 0x07,
    0x01, 0xC0, 0xE0, 0x70, 0x18, 0x00, 0x00, 0x00, 0xFE, 0xFF, 0xBC, 0xCE, 0x03, 0xC0, 0xFC, 0x0F,
    0xC0, 0xF8, 0x0E, 0x03, 0xF9, 0xEF, 0xFB, 0xFC, 0x03, 0x00, 0x3C, 0x03, 0xF0, 0x39, 0x80, 0x8C,
    0x00, 0x00, 0x00, 0x03, 0xFC, 0x3F, 0xF3, 0xE3, 0x9C, 0x00, 0xE0, 0x07, 0x80, 0x1F, 0x00, 0x7C,
    0x00, 0xF8, 0x01, 0xF0, 0x07, 0x80, 0x1E, 0x00, 0x70, 0x07, 0xBC, 0xF9, 0xFF, 0xC7, 0xF8, 0x0C,
    0x07, 0x03, 0xE1, 0xDC, 0x63, 0x00, 0x00, 0x00, 0xFE, 0xFF, 0xBC, 0xCE, 0x03, 0xC0, 0xFC, 0x0F,
    0xC0, 0xF8, 0x0E, 0x03, 0xF9, 0xEF, 0xFB, 0xFC, 0x1F, 0xE1, 0xFF, 0x9F, 0x1C, 0xE0, 0x07, 0x00,
    0x3C, 0x00, 0xF8, 0x03, 0xE0, 0x07, 0xC0, 0x0F, 0x80, 0x3C, 0x00, 0xF0, 0x03, 0x80, 0x3D, 0xE7,
    0xCF, 0xFE, 0x3F, 0xC0, 0x38, 0x01, 0xC0, 0x07, 0x00, 0xF8, 0x07, 0x80, 0x3F, 0xBF, 0xEF, 0x33,
    0x80, 0xF0, 0x3F, 0x03, 0xF0, 0x3E, 0x03, 0x80, 0xFE, 0x7B, 0xFE, 0xFF, 0x07, 0x01, 0xC0, 0x38,
    0x3E, 0x1F, 0x00, 0x08, 0xC0, 0xE6, 0x03, 0xF0, 0x0F, 0x00, 0x30, 0x00, 0x00, 0x00, 0x03, 0xFC,
    0x3F, 0xF3, 0xE3, 0x9C, 0x00, 0xE0, 0x07, 0x80, 0x1F, 0x00, 0x7C, 0x00, 0xF8, 0x01, 0xF0, 0x07,
    0x80, 0x1E, 0x00, 0x70, 0x07, 0xBC, 0xF9, 0xFF, 0xC7, 0xF8, 0x63, 0x1D, 0xC3, 0xE0, 0x70, 0x08,
    0x00, 0x00, 0x00, 0xFE, 0xFF, 0xBC, 0xCE, 0x03, 0xC0, 0xFC, 0x0F, 0xC0, 0xF8, 0x0E, 0x03, 0xF9,
    0xEF, 0xFB, 0xFC, 0xFF, 0xFF, 0xFF, 0xF0, 0x78, 0x01, 0xE0, 0x07, 0x80, 0x1E, 0x00, 0x78, 0x01,
    0xE0, 0x07, 0x80, 0x1E, 0x00, 0x78, 0x01, 0xE0, 0x07, 0x80, 0x1E, 0x00, 0x78, 0x01, 0xE0, 0x07,
    0x80, 0x0C, 0x00, 0x70, 0x00, 0xE0, 0x03, 0x80, 0x3E, 0x00, 0xF0, 0x00, 0x70, 0x78, 0x3C, 0x1E,
    0x0F, 0xF7, 0xFB, 0xC1, 0xE0, 0xF0, 0x78, 0x3C, 0x1E, 0x07, 0x03, 0x81, 0xE4, 0xFF, 0x3F, 0x86,
    0x03, 0x81, 0xC3, 0xE1, 0xF0, 0x08, 0x40, 0x33, 0x80, 0xFC, 0x01, 0xE0, 0x03, 0x00, 0x00, 0x00,
    0x00, 0x3F, 0xFF, 0xFF, 0xFC, 0x1E, 0x00, 0x78, 0x01, 0xE0, 0x07, 0x80, 0x1E, 0x00, 0x78, 0x01,
    0xE0, 0x07, 0x80, 0x1E, 0x00, 0x78, 0x01, 0xE0, 0x07, 0x80, 0x1E, 0x00, 0x78, 0x01, 0xE0, 0x06,
    0x03, 0x01, 0x8E, 0xCF, 0x67, 0x83, 0xC1, 0xFE, 0xFF, 0x78, 0x3C, 0x1E, 0x0F, 0x07, 0x83, 0xC1,
    0xE0, 0x70, 0x3C, 0x9F, 0xE7, 0xF0, 0xFF, 0xFF, 0xFF, 0xF0, 0x78, 0x01, 0xE0, 0x07, 0x80, 0x1E,
    0x00, 0x78, 0x0F, 0xFC, 0x3F, 0xF0, 0x1E, 0x00, 0x78, 0x01, 0xE0, 0x07, 0x80, 0x1E, 0x00, 0x78,
    0x01, 0xE0, 0x07, 0x80, 0x70, 0x78, 0x3C, 0x1E, 0x0F, 0xF7, 0xFB, 0xC1, 0xE0, 0xF0, 0x7F, 0xBF,
    0xDE, 0x0F, 0x03, 0x81, 0xE4, 0xFF, 0x3F, 0x80, 0x1F, 0x60, 0x7F, 0x83, 0xBC, 0x00, 0x00, 0x00,
    0x00, 0x00, 0x0E, 0x03, 0xF8, 0x0F, 0xE0, 0x3F, 0x80, 0xFE, 0x03, 0xF8, 0x0F, 0xE0, 0x3F, 0x80,
    0xFE, 0x03, 0xF8, 0x0F, 0xE0, 0x3F, 0x80, 0xEE, 0x03, 0xBC, 0x1E, 0x7C, 0xF0, 0xFF, 0xC1, 0xFC,
    0x00, 0x1E, 0xC3, 0xFC, 0x37, 0x80, 0x00, 0x00, 0x00, 0x00, 0xF0, 0x7F, 0x07, 0xF0, 0x7F, 0x07,
    0xF0, 0x7F, 0x07, 0xF0, 0x7F, 0x07, 0x70, 0x77, 0x07, 0x78, 0xF3, 0xFF, 0x1F, 0xF0, 0x1F, 0xE0,
    0x7F, 0x80, 0x00, 0x00, 0x00, 0x00, 0x03, 0x80, 0xFE, 0x03, 0xF8, 0x0F, 0xE0, 0x3F, 0x80, 0xFE,
    0x03, 0xF8, 0x0F, 0xE0, 0x3F, 0x80, 0xFE, 0x03, 0xF8, 0x0F, 0xE0, 0x3B, 0x80, 0xEF, 0x07, 0x9F,
    0x3C, 0x3F, 0xF0, 0x7F, 0x00, 0x3F, 0xC3, 0xFC, 0x00, 0x00, 0x00, 0x00, 0x0F, 0x07, 0xF0, 0x7F,
    0x07, 0xF0, 0x7F, 0x07, 0xF0, 0x7F, 0x07, 0xF0, 0x77, 0x07, 0x70, 0x77, 0x8F, 0x3F, 0xF1, 0xFF,
    0x18, 0xC0, 0x77, 0x00, 0xFC, 0x03, 0xE0, 0x00, 0x00, 0x00, 0x0E, 0x03, 0xF8, 0x0F, 0xE0, 0x3F,
    0x80, 0xFE, 0x03, 0xF8, 0x0F, 0xE0, 0x3F, 0x80, 0xFE, 0x03, 0xF8, 0x0F, 0xE0, 0x3F, 0x80, 0xEE,
    0x03, 0xBC, 0x1E, 0x7C, 0xF0, 0xFF, 0xC1, 0xFC, 0x00, 0x39, 0xC1, 0xDC, 0x1F, 0x80, 0xF0, 0x00,
    0x00, 0x00, 0xF0, 0x7F, 0x07, 0xF0, 0x7F, 0x07, 0xF0, 0x7F, 0x07, 0xF0, 0x7F, 0x07, 0x70, 0x77,
    0x07, 0x78, 0xF3, 0xFF, 0x1F, 0xF0, 0x07, 0x80, 0x36, 0x00, 0xCC, 0x03, 0x60, 0x07, 0x80, 0x00,
    0x00, 0x00, 0x38, 0x0F, 0xE0, 0x3F, 0x80, 0xFE, 0x03, 0xF8, 0x0F, 0xE0, 0x3F, 0x80, 0xFE, 0x03,
    0xF8, 0x0F, 0xE0, 0x3F, 0x80, 0xFE, 0x03, 0xB8, 0x0E, 0xF0, 0x79, 0xF3, 0xC3, 0xFF, 0x07, 0xF0,
    0x0F, 0x01, 0xD8, 0x19, 0x81, 0xD8, 0x0F, 0x00, 0x00, 0x00, 0x0F, 0x07, 0xF0, 0x7F, 0x07, 0xF0,
    0x7F, 0x07, 0xF0, 0x7F, 0x07, 0xF0, 0x77, 0x07, 0x70, 0x77, 0x8F, 0x3F, 0xF1, 0xFF, 0x03, 0x30,
    0x1D, 0xC0, 0xEE, 0x07, 0x30, 0x18, 0xC0, 0x00, 0x00, 0x00, 0x38, 0x0F, 0xE0, 0x3F, 0x80, 0xFE,
    0x03, 0xF8, 0x0F, 0xE0, 0x3F, 0x80, 0xFE, 0x03, 0xF8, 0x0F, 0xE0, 0x3F, 0x80, 0xFE, 0x03, 0xB8,
    0x0E, 0xF0, 0x79, 0xF3, 0xC3, 0xFF, 0x07, 0xF0, 0x06, 0x60, 0xEE, 0x0E, 0xE1, 0xDC, 0x19, 0x80,
    0x00, 0x00, 0x0F, 0x07, 0xF0, 0x7F, 0x07, 0xF0, 0x7F, 0x07, 0xF0, 0x7F, 0x07, 0xF0, 0x77, 0x07,
    0x70, 0x77, 0x8F, 0x3F, 0xF1, 0xFF, 0xE0, 0x3F, 0x80, 0xFE, 0x03, 0xF8, 0x0F, 0xE0, 0x3F, 0x80,
    0xFE, 0x03, 0xF8, 0x0F, 0xE0, 0x3F, 0x80, 0xFE, 0x03, 0xF8, 0x0E, 0xE0, 0x3B, 0xC1, 0xE7, 0xCF,
    0x8F, 0xFC, 0x1F, 0xE0, 0x0E, 0x00, 0x70, 0x01, 0xC0, 0x07, 0xC0, 0x0F, 0x00, 0xF0, 0x7F, 0x07,
    0xF0, 0x7F, 0x07, 0xF0, 0x7F, 0x07, 0xF0, 0x7F, 0x07, 0x70, 0x77, 0x07, 0x78, 0xF3, 0xFF, 0x1F,
    0xF0, 0x0E, 0x01, 0xC0, 0x1C, 0x01, 0xF0, 0x1F, 0x00, 0x18, 0x00, 0x00, 0x70, 0x00, 0x01, 0xF0,
    0x00, 0x07, 0x70, 0x00, 0x0C, 0x60, 0x00, 0x00, 0x00, 0x00, 0x00, 0x00, 0x78, 0x00, 0x07, 0x70,
    0x00, 0x1E, 0xE0, 0x70, 0x39, 0xC0, 0xF0, 0x73, 0x83, 0xE0, 0xE7, 0x87, 0xC1, 0xC7, 0x0F, 0xC7,
    0x8E, 0x3B, 0x8E, 0x1C, 0x77, 0x1C, 0x3C, 0xE7, 0x38, 0x3B, 0x8E, 0x70, 0x77, 0x1D, 0xC0, 0xEE,
    0x1F, 0x81, 0xF8, 0x3F, 0x01, 0xF0, 0x3C, 0x03, 0xC0, 0x78, 0x07, 0x80, 0xF0, 0x00, 0x60, 0x00,
    0x1C, 0x00, 0x07, 0xC0, 0x01, 0xDC, 0x00, 0x31, 0x80, 0x00, 0x00, 0x00, 0x00, 0x07, 0x07, 0x07,
    0xF0, 0xE0, 0xEE, 0x1E, 0x1D, 0xC3, 0xC7, 0x38, 0xF8, 0xE3, 0x9F, 0x9C, 0x73, 0x77, 0x0E, 0xEE,
    0xE0, 0xFC, 0xDC, 0x1F, 0x1F, 0x03, 0xE3, 0xE0, 0x3C, 0x3C, 0x07, 0x07, 0x00, 0x01, 0x00, 0x07,
    0x00, 0x1F, 0x00, 0x77, 0x00, 0xC6, 0x00, 0x00, 0x00, 0x00, 0x78, 0x0F, 0x70, 0x1C, 0xF0, 0x78,
    0xE0, 0xE1, 0xE3, 0xC1, 0xEF, 0x01, 0xDC, 0x03, 0xF8, 0x03, 0xE0, 0x03, 0x80, 0x07, 0x00, 0x0E,
    0x00, 0x1C, 0x00, 0x38, 0x00, 0x70, 0x00, 0xE0, 0x01, 0xC0, 0x02, 0x00, 0x70, 0x0F, 0x81, 0xDC,
    0x18, 0xC0, 0x00, 0x00, 0x0E, 0x07, 0xF0, 0x77, 0x07, 0x70, 0xE7, 0x8E, 0x38, 0xE3, 0x8C, 0x1D,
    0xC1, 0xDC, 0x1F, 0x80, 0xF8, 0x0F, 0x80, 0x70, 0x07, 0x00, 0x70, 0x9E, 0x0F, 0xC0, 0xF8, 0x00,
    0x0E, 0xE0, 0x3D, 0xE0, 0x3B, 0x80, 0x00, 0x00, 0x00, 0x1E, 0x03, 0xDC, 0x07, 0x3C, 0x1E, 0x38,
    0x38, 0x78, 0xF0, 0x7B, 0xC0, 0x77, 0x00, 0xFE, 0x00, 0xF8, 0x00, 0xE0, 0x01, 0xC0, 0x03, 0x80,
    0x07, 0x00, 0x0E, 0x00, 0x1C, 0x00, 0x38, 0x00, 0x70, 0x00, 0x00, 0xC0, 0x07, 0x00, 0x38, 0x00,
    0xE0, 0x03, 0x00, 0x00, 0x00, 0x00, 0x1F, 0xFF, 0x7F, 0xFC, 0x01, 0xE0, 0x0F, 0x00, 0x38, 0x01,
    0xE0, 0x0F, 0x00, 0x78, 0x01, 0xC0, 0x0F, 0x00, 0x78, 0x01, 0xC0, 0x0F, 0x00, 0x78, 0x01, 0xC0,
    0x0F, 0xFF, 0xFF, 0xFF, 0x03, 0x80, 0x70, 0x1C, 0x07, 0x00, 0xC0, 0x00, 0x00, 0x03, 0xFF, 0x7F,
    0xE0, 0x3C, 0x0F, 0x03, 0xC0, 0xF0, 0x1C, 0x07, 0x81, 0xE0, 0x78, 0x0E, 0x01, 0xFF, 0xBF, 0xF0,
    0x03, 0x80, 0x1E, 0x00, 0x38, 0x00, 0x00, 0x00, 0x01, 0xFF, 0xF7, 0xFF, 0xC0, 0x1E, 0x00, 0xF0,
    0x03, 0x80, 0x1E, 0x00, 0xF0, 0x07, 0x80, 0x1C, 0x00, 0xF0, 0x07, 0x80, 0x1C, 0x00, 0xF0, 0x07,
    0x80, 0x1C, 0x00, 0xFF, 0xFF, 0xFF, 0xF0, 0x0E, 0x01, 0xE0, 0x38, 0x00, 0x00, 0x00, 0xFF, 0xDF,
    0xF8, 0x0F, 0x03, 0xC0, 0xF0, 0x3C, 0x07, 0x01, 0xE0, 0x78, 0x1E, 0x03, 0x80, 0x7F, 0xEF, 0xFC,
    0x0C, 0x60, 0x3B, 0x80, 0x7C, 0x01, 0xE0, 0x03, 0x00, 0x00, 0x00, 0x00, 0x1F, 0xFF, 0x7F, 0xFC,
    0x01, 0xE0, 0x0F, 0x00, 0x38, 0x01, 0xE0, 0x0F, 0x00, 0x78, 0x01, 0xC0, 0x0F, 0x00, 0x78, 0x01,
    0xC0, 0x0F, 0x00, 0x78, 0x01, 0xC0, 0x0F, 0xFF, 0xFF, 0xFF, 0x31, 0x87, 0x30, 0x7C, 0x07, 0x80,
    0x60, 0x00, 0x00, 0x03, 0xFF, 0x7F, 0xE0, 0x3C, 0x0F, 0x03, 0xC0, 0xF0, 0x1C, 0x07, 0x81, 0xE0,
    0x78, 0x0E, 0x01, 0xFF, 0xBF, 0xF0, 0x3F, 0x7F, 0xF0, 0xE0, 0xE0, 0xE0, 0xE0, 0xE0, 0xE0, 0xE0,
    0xE0, 0xE0, 0xE0, 0xE0, 0xE0, 0xE0, 0xE0, 0xE0, 0xE0, 0x00, 0x03, 0x80, 0x00, 0xE0, 0x7F, 0xB8,
    0x7F, 0xFE, 0x3F, 0x3F, 0x1E, 0x03, 0xC7, 0x00, 0x71, 0xC0, 0x1E, 0xF0, 0x03, 0xB8, 0x00, 0xEE,
    0x00, 0x3B, 0x80, 0x0E, 0xF0, 0x03, 0x9C, 0x01, 0xE7, 0x00, 0x79, 0xE0, 0x3C, 0x3F, 0x3E, 0x07,
    0xFF, 0x00, 0x7F, 0x80, 0x00, 0x1C, 0x00, 0x71, 0xFD, 0xCF, 0xFE, 0x79, 0xF1, 0xC1, 0xCE, 0x07,
    0xB8, 0x0E, 0xE0, 0x3B, 0x80, 0xEE, 0x07, 0x9C, 0x1C, 0x79, 0xF0, 0xFF, 0x81, 0xFC, 0x00, 0x00,
    0x03, 0x80, 0x01, 0xC0, 0x01, 0xDC, 0x07, 0xEE, 0x03, 0xE7, 0x01, 0xE3, 0x80, 0xF1, 0xC0, 0x78,
    0xE0, 0x3C, 0x70, 0x1E, 0x38, 0x0F, 0x1C, 0x07, 0x8E, 0x03, 0xC7, 0x01, 0xE3, 0x80, 0xE1, 0xC0,
    0x70, 0xF0, 0x78, 0x3E, 0x7C, 0x0F, 0xFC, 0x03, 0xF8, 0x00, 0x00, 0x0E, 0x00, 0x1C, 0x00, 0x7F,
    0x83, 0xEF, 0x07, 0x9E, 0x0E, 0x3C, 0x1C, 0x78, 0x38, 0xF0, 0x71, 0xE0, 0xE3, 0xC1, 0xC3, 0x83,
    0x87, 0x07, 0x0F, 0x1E, 0x0F, 0xFC, 0x0F, 0xF8, 0x00, 0x00, 0x0C, 0x60, 0x00, 0x00, 0x33, 0x80,
    0x00, 0x00, 0x7C, 0x00, 0x00, 0x01, 0xE0, 0x00, 0x00, 0x03, 0x00, 0x00, 0x00, 0x00, 0x00, 0x00,
    0x00, 0x00, 0x3F, 0xF0, 0x1F, 0xFE, 0xFF, 0xE0, 0x7F, 0xFB, 0x87, 0xE0, 0x01, 0xEE, 0x07, 0x80,
    0x0F, 0x38, 0x0F, 0x00, 0x38, 0xE0, 0x1C, 0x01, 0xC3, 0x80, 0x78, 0x0F, 0x0E, 0x01, 0xE0, 0x78,
    0x38, 0x07, 0x81, 0xC0, 0xE0, 0x1E, 0x0F, 0x03, 0x80, 0x78, 0x78, 0x0E, 0x01, 0xC1, 0xC0, 0x38,
    0x0F, 0x0E, 0x00, 0xE0, 0x78, 0x78, 0x03, 0x87, 0xE1, 0xC0, 0x0F, 0xFE, 0x0F, 0xFF, 0xFF, 0xF0,
    0x3F, 0xFF, 0x00, 0x00, 0x31, 0x80, 0x00, 0x07, 0x70, 0x00, 0x00, 0x7C, 0x7F, 0xE0, 0x07, 0x8F,
    0xFE, 0x00, 0x61, 0xC3, 0xF0, 0x00, 0x38, 0x1E, 0x00, 0x07, 0x01, 0xE3, 0xFF, 0xE0, 0x1C, 0x7F,
    0xFC, 0x03, 0xC0, 0x3F, 0x80, 0x78, 0x0F, 0x70, 0x0F, 0x03, 0xCE, 0x01, 0xE0, 0xF1, 0xC0, 0x3C,
    0x3C, 0x38, 0x07, 0x07, 0x07, 0x01, 0xE1, 0xE0, 0xE0, 0x78, 0x78, 0x1C, 0x3F, 0x0E, 0x03, 0xFF,
    0x83, 0xFF, 0xFF, 0xE0, 0x7F, 0xF0, 0x00, 0x00, 0xC6, 0x00, 0x38, 0x77, 0x00, 0x1C, 0x1F, 0x00,
    0x0E, 0x07, 0x00, 0x07, 0x01, 0x80, 0x03, 0x80, 0x00, 0x01, 0xC0, 0x00, 0x3F, 0xE3, 0xFF, 0x3F,
    0xF1, 0xFF, 0xBC, 0xF8, 0x03, 0xBC, 0x1C, 0x03, 0xDC, 0x0E, 0x03, 0xCE, 0x07, 0x03, 0xC7, 0x03,
    0x83, 0xC3, 0x81, 0xC1, 0xC1, 0xC0, 0xE1, 0xE0, 0xF0, 0x71, 0xE0, 0x3E, 0x38, 0xE0, 0x0F, 0xFC,
    0xFF, 0xE3, 0xFE, 0x7F, 0xF0, 0xE0, 0x00, 0x1F, 0x80, 0x00, 0x7E, 0x00, 0x01, 0xF8, 0x00, 0x07,
    0xE0, 0x00, 0x1F, 0x80, 0x00, 0x7E, 0x00, 0x01, 0xF8, 0x00, 0x07, 0xE0, 0x00, 0x1F, 0x80, 0x00,
    0x7E, 0x00, 0x01, 0xF8, 0x00, 0x07, 0xE0, 0x00, 0x1F, 0x80, 0x00, 0xFE, 0x01, 0xE7, 0xBF, 0xFF,
    0xFE, 0xFF, 0xEF, 0xE0, 0x00, 0x07, 0xE0, 0x07, 0xE0, 0x00, 0xE0, 0x00, 0xE0, 0x00, 0xE0, 0x07,
    0xE0, 0x07, 0xE0, 0x07, 0xE0, 0x07, 0xE0, 0x07, 0xE0, 0x07, 0xE0, 0x07, 0xE0, 0x07, 0xE0, 0x07,
    0xE0, 0x07, 0xE0, 0x07, 0xFF, 0xE7, 0xFF, 0xE7, 0x00, 0x07, 0x00, 0x0F, 0x00, 0x0E, 0x00, 0x7E,
    0x00, 0x7C, 0x70, 0x0E, 0x3D, 0xC7, 0xB8, 0x07, 0x00, 0xE0, 0x1C, 0x3B, 0x87, 0x70, 0xEE, 0x1D,
    0xC3, 0xB8, 0x77, 0x0E, 0xE1, 0xDC, 0x3B, 0x87, 0x78, 0xEF, 0x9C, 0xE3, 0x80, 0x70, 0x1C, 0x07,
    0x83, 0xF0, 0x7C, 0xE0, 0x1C, 0x00, 0xFE, 0x03, 0x80, 0x1F, 0xE0, 0x70, 0x03, 0xFE, 0x0E, 0x00,
    0x7F, 0xC1, 0xC0, 0x0F, 0xDC, 0x38, 0x01, 0xFB, 0xC7, 0x00, 0x3F, 0x3C, 0xE0, 0x07, 0xE3, 0x9C,
    0x00, 0xFC, 0x3B, 0x80, 0x1F, 0x87, 0xF0, 0x03, 0xF0, 0x7E, 0x00, 0x7E, 0x07, 0xC0, 0x0F, 0xC0,
    0xF8, 0x01, 0xF8, 0x0F, 0x1C, 0xF7, 0x00, 0xE7, 0xFE, 0xE0, 0x1C, 0x7F, 0x80, 0x00, 0x00, 0x3F,
    0x00, 0xE1, 0xFC, 0x07, 0x01, 0xF0, 0x38, 0x0F, 0xC1, 0xC0, 0x7E, 0x0E, 0x1F, 0xB8, 0x70, 0xFD,
    0xE3, 0x87, 0xE7, 0x9C, 0x3F, 0x1C, 0xE1, 0xF8, 0x77, 0x0F, 0xC3, 0xF8, 0x7E, 0x0F, 0xC3, 0xF0,
    0x3E, 0x1F, 0x81, 0xF0, 0xFC, 0x07, 0x87, 0xE0, 0x1C, 0x3F, 0x00, 0xE1, 0xC0, 0x00, 0x0E, 0x00,
    0x00, 0x70, 0x00, 0x07, 0x80, 0x01, 0xF8, 0x00, 0x0F, 0x80, 0x00, 0x03, 0x80, 0x00, 0xE0, 0x00,
    0x00, 0x00, 0x00, 0x00, 0x00, 0x3F, 0xE0, 0xEF, 0xFC, 0x3B, 0x8F, 0x0E, 0xE1, 0xE3, 0xB8, 0x38,
    0xEE, 0x0E, 0x3B, 0x83, 0x8E, 0xE0, 0xE3, 0xB8, 0x38, 0xEE, 0x0E, 0x3B, 0x83, 0x8E, 0xE0, 0xE3,
    0xB8, 0x38, 0xE0, 0x00, 0x38, 0x00, 0x0E, 0x00, 0x07, 0x80, 0x07, 0xC0, 0x03, 0xE0, 0x06, 0x30,
    0x03, 0xB8, 0x00, 0xF8, 0x00, 0x78, 0x00, 0x18, 0x00, 0x00, 0x00, 0x00, 0x00, 0x03, 0x80, 0x03,
    0xE0, 0x01, 0xF0, 0x01, 0xF8, 0x00, 0xEE, 0x00, 0xE7, 0x00, 0x73, 0xC0, 0x78, 0xE0, 0x38, 0x78,
    0x1C, 0x1C, 0x1E, 0x0E, 0x0F, 0xFF, 0x87, 0xFF, 0xC7, 0x00, 0xE3, 0x80, 0x7B, 0xC0, 0x1D, 0xC0,
    0x0F, 0x31, 0x87, 0x70, 0x7C, 0x07, 0x00, 0x40, 0x00, 0x00, 0x03, 0xFC, 0x7F, 0xCC, 0x78, 0x07,
    0x00, 0x73, 0xFE, 0xFF, 0xFE, 0x7F, 0x07, 0xE0, 0xFE, 0x3F, 0xFF, 0x9F, 0xE0, 0xC7, 0xDD, 0xF1,
    0xC3, 0x00, 0x00, 0x1C, 0x38, 0x70, 0xE1, 0xC3, 0x87, 0x0E, 0x1C, 0x38, 0x70, 0xE1, 0xC3, 0x87,
    0x0E, 0x1C, 0x63, 0x67, 0x3E, 0x3C, 0x18, 0x00, 0x00, 0x1C, 0x1C, 0x1C, 0x1C, 0x1C, 0x1C, 0x1C,
    0x1C, 0x1C, 0x1C, 0x1C, 0x1C, 0x1C, 0x06, 0x30, 0x03, 0xB8, 0x00, 0xF8, 0x00, 0x3C, 0x00, 0x0C,
    0x00, 0x00, 0x00, 0x00, 0x00, 0x0F, 0xF0, 0x1F, 0xFC, 0x1F, 0x9F, 0x1E, 0x03, 0xCE, 0x00, 0xF7,
    0x00, 0x7F, 0x80, 0x1F, 0x80, 0x0F, 0xC0, 0x07, 0xE0, 0x03, 0xF8, 0x01, 0xDC, 0x01, 0xEE, 0x00,
    0xF7, 0x80, 0xF1, 0xF9, 0xF0, 0x7F, 0xF0, 0x0F, 0xF0, 0x18, 0xC0, 0xEE, 0x03, 0xE0, 0x0E, 0x00,
    0x60, 0x00, 0x00, 0x00, 0x03, 0xF8, 0x3F, 0xE3, 0xCF, 0x9C, 0x1D, 0xC0, 0xFE, 0x03, 0xF0, 0x1F,
    0x80, 0xFC, 0x0F, 0x70, 0x73, 0xCF, 0x8F, 0xF8, 0x3F, 0x80, 0x18, 0xC0, 0x77, 0x00, 0xF8, 0x01,
    0xC0, 0x03, 0x00, 0x00, 0x00, 0x00, 0x38, 0x0F, 0xE0, 0x3F, 0x80, 0xFE, 0x03, 0xF8, 0x0F, 0xE0,
    0x3F, 0x80, 0xFE, 0x03, 0xF8, 0x0F, 0xE0, 0x3F, 0x80, 0xFE, 0x03, 0xB8, 0x0E, 0xF0, 0x79, 0xF3,
    0xC3, 0xFF, 0x07, 0xF0, 0x18, 0x81, 0x9C, 0x1F, 0x80, 0xF0, 0x06, 0x00, 0x00, 0x00, 0x0F, 0x07,
    0xF0, 0x7F, 0x07, 0xF0, 0x7F, 0x07, 0xF0, 0x7F, 0x07, 0xF0, 0x77, 0x07, 0x70, 0x77, 0x8F, 0x3F,
    0xF1, 0xFF, 0x1F, 0xC0, 0x7F, 0x00, 0x00, 0x07, 0x38, 0x3D, 0xE0, 0x73, 0x80, 0x00, 0x00, 0x00,
    0xE0, 0x3F, 0x80, 0xFE, 0x03, 0xF8, 0x0F, 0xE0, 0x3F, 0x80, 0xFE, 0x03, 0xF8, 0x0F, 0xE0, 0x3F,
    0x80, 0xFE, 0x03, 0xF8, 0x0E, 0xE0, 0x3B, 0xC1, 0xE7, 0xCF, 0x0F, 0xFC, 0x1F, 0xC0, 0x1F, 0xC1,
    0xFC, 0x00, 0x03, 0x9C, 0x39, 0xC3, 0x9C, 0x00, 0x00, 0x00, 0xF0, 0x7F, 0x07, 0xF0, 0x7F, 0x07,
    0xF0, 0x7F, 0x07, 0xF0, 0x7F, 0x07, 0x70, 0x77, 0x07, 0x78, 0xF3, 0xFF, 0x1F, 0xF0, 0x01, 0x80,
    0x0E, 0x03, 0xF6, 0x0F, 0xBC, 0x38, 0x60, 0x00, 0x00, 0x00, 0x38, 0x0F, 0xE0, 0x3F, 0x80, 0xFE,
    0x03, 0xF8, 0x0F, 0xE0, 0x3F, 0x80, 0xFE, 0x03, 0xF8, 0x0F, 0xE0, 0x3F, 0x80, 0xFE, 0x03, 0xB8,
    0x0E, 0xF0, 0x79, 0xF3, 0xC3, 0xFF, 0x07, 0xF0, 0x01, 0x80, 0x38, 0x07, 0x03, 0xFC, 0x39, 0xC3,
    0x9C, 0x00, 0x00, 0x00, 0xF0, 0x7F, 0x07, 0xF0, 0x7F, 0x07, 0xF0, 0x7F, 0x07, 0xF0, 0x7F, 0x07,
    0x70, 0x77, 0x07, 0x78, 0xF3, 0xFF, 0x1F, 0xF0, 0x18, 0xC0, 0x3F, 0x00, 0x78, 0x0E, 0xD8, 0x38,
    0xF0, 0xE1, 0x80, 0x00, 0x00, 0x00, 0xE0, 0x3F, 0x80, 0xFE, 0x03, 0xF8, 0x0F, 0xE0, 0x3F, 0x80,
    0xFE, 0x03, 0xF8, 0x0F, 0xE0, 0x3F, 0x80, 0xFE, 0x03, 0xF8, 0x0E, 0xE0, 0x3B, 0xC1, 0xE7, 0xCF,
    0x0F, 0xFC, 0x1F, 0xC0, 0x19, 0x81, 0xF8, 0x0F, 0x00, 0x60, 0x39, 0xC3, 0x9C, 0x39, 0xC0, 0x00,
    0x00, 0x0F, 0x07, 0xF0, 0x7F, 0x07, 0xF0, 0x7F, 0x07, 0xF0, 0x7F, 0x07, 0xF0, 0x77, 0x07, 0x70,
    0x77, 0x8F, 0x3F, 0xF1, 0xFF, 0x0C, 0x00, 0x38, 0x03, 0xF6, 0x0E, 0xFC, 0x38, 0x60, 0x00, 0x00,
    0x00, 0x38, 0x0F, 0xE0, 0x3F, 0x80, 0xFE, 0x03, 0xF8, 0x0F, 0xE0, 0x3F, 0x80, 0xFE, 0x03, 0xF8,
    0x0F, 0xE0, 0x3F, 0x80, 0xFE, 0x03, 0xB8, 0x0E, 0xF0, 0x79, 0xF3, 0xC3, 0xFF, 0x07, 0xF0, 0x0C,
    0x01, 0xC0, 0x0E, 0x03, 0xFC, 0x39, 0xC3, 0x9C, 0x00, 0x00, 0x00, 0xF0, 0x7F, 0x07, 0xF0, 0x7F,
    0x07, 0xF0, 0x7F, 0x07, 0xF0, 0x7F, 0x07, 0x70, 0x77, 0x07, 0x78, 0xF3, 0xFF, 0x1F, 0xF0, 0x7F,
    0x87, 0xFC, 0x63, 0xE0, 0x0E, 0x00, 0xF0, 0x07, 0xFF, 0xFF, 0xFF, 0xE0, 0x7E, 0x0E, 0x7B, 0xE7,
    0xFC, 0x3F, 0x80, 0x07, 0xF0, 0x03, 0xF8, 0x00, 0x00, 0x01, 0xCE, 0x00, 0xE7, 0x00, 0x73, 0x80,
    0x00, 0x00, 0x00, 0x00, 0x01, 0xC0, 0x01, 0xF0, 0x00, 0xF8, 0x00, 0xFC, 0x00, 0x77, 0x00, 0x73,
    0x80, 0x39, 0xE0, 0x3C, 0x70, 0x1C, 0x3C, 0x0E, 0x0E, 0x0F, 0x07, 0x07, 0xFF, 0xC3, 0xFF, 0xE3,
    0x80, 0x71, 0xC0, 0x3D, 0xE0, 0x0E, 0xE0, 0x07, 0x80, 0x3F, 0x87, 0xF0, 0x00, 0x18, 0xE7, 0xBC,
    0x63, 0x80, 0x00, 0x00, 0x7F, 0x8F, 0xF9, 0x8F, 0x00, 0xE0, 0x0E, 0x7F, 0xDF, 0xFF, 0xCF, 0xE0,
    0xFC, 0x1F, 0xC7, 0xFF, 0xF3, 0xFC, 0x07, 0xF0, 0x03, 0xF8, 0x00, 0x00, 0x00, 0x38, 0x00, 0x1C,
    0x00, 0x0E, 0x00, 0x00, 0x00, 0x00, 0x00, 0x01, 0xC0, 0x01, 0xF0, 0x00, 0xF8, 0x00, 0xFC, 0x00,
    0x77, 0x00, 0x73, 0x80, 0x39, 0xE0, 0x3C, 0x70, 0x1C, 0x3C, 0x0E, 0x0E, 0x0F, 0x07, 0x07, 0xFF,
    0xC3, 0xFF, 0xE3, 0x80, 0x71, 0xC0, 0x3D, 0xE0, 0x0E, 0xE0, 0x07, 0x80, 0x3F, 0x87, 0xF0, 0x00,
    0x07, 0x00, 0xE0, 0x1C, 0x00, 0x00, 0x00, 0x7F, 0x8F, 0xF9, 0x8F, 0x00, 0xE0, 0x0E, 0x7F, 0xDF,
    0xFF, 0xCF, 0xE0, 0xFC, 0x1F, 0xC7, 0xFF, 0xF3, 0xFC, 0x00, 0x1F, 0xC0, 0x00, 0x3F, 0x80, 0x00,
    0x00, 0x00, 0x00, 0x00, 0x00, 0x00, 0x00, 0x00, 0x07, 0xFF, 0x80, 0x1F, 0xFF, 0x00, 0x7F, 0x00,
    0x00, 0xEE, 0x00, 0x03, 0xDC, 0x00, 0x07, 0x38, 0x00, 0x1C, 0x70, 0x00, 0x78, 0xFF, 0x80, 0xE1,
    0xFF, 0x03, 0x83, 0x80, 0x0F, 0x07, 0x00, 0x1F, 0xFE, 0x00, 0x7F, 0xFC, 0x00, 0xE0, 0x38, 0x03,
    0xC0, 0x70, 0x07, 0x00, 0xFF, 0xFC, 0x01, 0xFF, 0xC0, 0x03, 0xFC, 0x00, 0x3F, 0xC0, 0x00, 0x00,
    0x00, 0x00, 0x00, 0x00, 0x00, 0x07, 0xF1, 0xF8, 0x7F, 0xBF, 0xC6, 0x3F, 0xBE, 0x01, 0xE0, 0xE0,
    0x0E, 0x0E, 0x3F, 0xFF, 0xE7, 0xFF, 0xFE, 0xF9, 0xE0, 0x0E, 0x0E, 0x00, 0xE0, 0xF0, 0x0F, 0x1F,
    0x8C, 0xFF, 0xFF, 0xC3, 0xF9, 0xFC, 0x07, 0xF8, 0x0F, 0xFE, 0x0F, 0xCF, 0x0F, 0x00, 0x07, 0x00,
    0x03, 0x80, 0x03, 0xC0, 0x01, 0xC0, 0x00, 0xE0, 0x1E, 0x70, 0x0F, 0x3C, 0x1F, 0xFE, 0x0F, 0xF7,
    0x01, 0xE3, 0xC0, 0xF0, 0xFC, 0x78, 0x3F, 0xFC, 0x07, 0xFC, 0x00, 0x1F, 0xF0, 0xFF, 0xC7, 0xCF,
    0x1C, 0x1C, 0xE0, 0x73, 0x8F, 0xFE, 0x3F, 0xF8, 0x1C, 0xE0, 0x73, 0xC1, 0xC7, 0xDF, 0x0F, 0xFC,
    0x1F, 0xF0, 0x01, 0xC0, 0x0F, 0x1C, 0x78, 0x7F, 0xC1, 0xFE, 0x00, 0x06, 0x30, 0x0E, 0xE0, 0x0F,
    0x80, 0x0E, 0x00, 0x18, 0x00, 0x00, 0x00, 0x00, 0x03, 0xFC, 0x1F, 0xFC, 0x7E, 0x79, 0xE0, 0x03,
    0xC0, 0x07, 0x00, 0x1E, 0x00, 0x38, 0x00, 0x70, 0x00, 0xE0, 0x1F, 0xE0, 0x3F, 0xC0, 0x7B, 0x80,
    0xF7, 0x81, 0xE7, 0xE3, 0xC7, 0xFF, 0x83, 0xFE, 0x18, 0xC1, 0x9C, 0x0F, 0x80, 0xF0, 0x06, 0x00,
    0x00, 0x00, 0x01, 0xFF, 0x3F, 0xF7, 0xCF, 0x70, 0x7E, 0x07, 0xE0, 0x7E, 0x07, 0xE0, 0x7E, 0x07,
    0xF0, 0x77, 0xDF, 0x3F, 0xF1, 0xFF, 0x00, 0x70, 0x0F, 0x71, 0xE7, 0xFE, 0x7F, 0x80, 0x10, 0x80,
    0xE7, 0x01, 0xF8, 0x03, 0xC0, 0x06, 0x00, 0x00, 0x00, 0x00, 0x38, 0x1E, 0xE0, 0xF3, 0x87, 0x8E,
    0x3C, 0x39, 0xE0, 0xEF, 0x03, 0xF8, 0x0F, 0xC0, 0x3F, 0x80, 0xFF, 0x03, 0xBE, 0x0E, 0x7C, 0x38,
    0xF8, 0xE1, 0xF3, 0x83, 0xCE, 0x07, 0xB8, 0x0F, 0xCC, 0x0F, 0xE0, 0x7C, 0x03, 0x80, 0x00, 0x00,
    0x00, 0x70, 0x07, 0x00, 0x70, 0x07, 0x00, 0x70, 0x07, 0x00, 0x70, 0xE7, 0x1C, 0x77, 0x87, 0xF0,
    0x7E, 0x07, 0xC0, 0x7E, 0x07, 0xF0, 0x77, 0x87, 0x3C, 0x71, 0xE7, 0x0E, 0x70, 0xF0, 0x07, 0xF8,
    0x0F, 0xFE, 0x0F, 0xCF, 0x8F, 0x01, 0xE7, 0x00, 0x7B, 0x80, 0x3F, 0xC0, 0x0F, 0xC0, 0x07, 0xE0,
    0x03, 0xF0, 0x01, 0xFC, 0x00, 0xEE, 0x00, 0xF7, 0x00, 0x7B, 0xC0, 0x78, 0xFC, 0xF8, 0x3F, 0xF8,
    0x07, 0xF8, 0x00, 0x70, 0x00, 0x70, 0x00, 0x38, 0x00, 0x1F, 0x00, 0x07, 0x80, 0x1F, 0xC1, 0xFF,
    0x1E, 0x7C, 0xE0, 0xEE, 0x07, 0xF0, 0x1F, 0x80, 0xFC, 0x07, 0xE0, 0x7B, 0x83, 0x9E, 0x7C, 0x7F,
    0xC1, 0xFC, 0x03, 0x80, 0x38, 0x01, 0xC0, 0x0F, 0x80, 0x3C, 0x00, 0x07, 0xF8, 0x03, 0xFC, 0x00,
    0x00, 0x00, 0x00, 0x00, 0x00, 0x00, 0x3F, 0xC0, 0x7F, 0xF0, 0x7E, 0x7C, 0x78, 0x0F, 0x38, 0x03,
    0xDC, 0x01, 0xFE, 0x00, 0x7E, 0x00, 0x3F, 0x00, 0x1F, 0x80, 0x0F, 0xE0, 0x07, 0x70, 0x07, 0xB8,
    0x03, 0xDE, 0x03, 0xC7, 0xE7, 0xC1, 0xFF, 0xC0, 0x3F, 0xC0, 0x03, 0x80, 0x03, 0x80, 0x01, 0xC0,
    0x00, 0xF8, 0x00, 0x3C, 0x00, 0x3F, 0xC1, 0xFE, 0x00, 0x00, 0x00, 0x00, 0x00, 0x0F, 0xE0, 0xFF,
    0x8F, 0x3E, 0x70, 0x77, 0x03, 0xF8, 0x0F, 0xC0, 0x7E, 0x03, 0xF0, 0x3D, 0xC1, 0xCF, 0x3E, 0x3F,
    0xE0, 0xFE, 0x01, 0xC0, 0x1C, 0x00, 0xE0, 0x07, 0xC0, 0x1E, 0x00, 0x08, 0x40, 0xE7, 0x03, 0xF0,
    0x0F, 0x00, 0x30, 0x00, 0x00, 0x00, 0x0F, 0xFF, 0x7F, 0xF8, 0x03, 0x80, 0x38, 0x03, 0x80, 0x38,
    0x03, 0x80, 0x3F, 0x81, 0xFE, 0x01, 0xF8, 0x03, 0xC0, 0x0E, 0x00, 0x70, 0x03, 0xBC, 0xFF, 0xFF,
    0xCF, 0xF8, 0x10, 0x81, 0x9C, 0x1F, 0x80, 0xF0, 0x06, 0x00, 0x00, 0x00, 0x07, 0xFF, 0x7F, 0xE0,
    0x0E, 0x01, 0xC0, 0x38, 0x07, 0x00, 0xF0, 0x0F, 0x80, 0xFE, 0x03, 0xF0, 0x0F, 0x00, 0x70, 0x07,
    0x00, 0x70, 0x0F, 0x73, 0xE7, 0xFE, 0x7F, 0x80, 0x31, 0x99, 0xC7, 0xC3, 0xC0, 0xC0, 0x00, 0x00,
    0x1C, 0x0E, 0x07, 0x03, 0x81, 0xC0, 0xE0, 0x70, 0x38, 0x1C, 0x0E, 0x07, 0x03, 0x81, 0xC0, 0xE0,
    0xF0, 0xF1, 0xF8, 0xF8, 0x00, 0xFF, 0xC0, 0x7F, 0xFB, 0xFF, 0x81, 0xFF, 0xEE, 0x1F, 0x80, 0x07,
    0xB8, 0x1E, 0x00, 0x3C, 0xE0, 0x3C, 0x00, 0xE3, 0x80, 0x70, 0x07, 0x0E, 0x01, 0xE0, 0x3C, 0x38,
    0x07, 0x81, 0xE0, 0xE0, 0x1E, 0x07, 0x03, 0x80, 0x78, 0x3C, 0x0E, 0x01, 0xE1, 0xE0, 0x38, 0x07,
    0x07, 0x00, 0xE0, 0x3C, 0x38, 0x03, 0x81, 0xE1, 0xE0, 0x0E, 0x1F, 0x87, 0x00, 0x3F, 0xF8, 0x3F,
    0xFF, 0xFF, 0xC0, 0xFF, 0xFC, 0xFF, 0xC0, 0x00, 0x1F, 0xFC, 0x00, 0x03, 0x87, 0xE0, 0x00, 0x70,
    0x3C, 0x00, 0x0E, 0x03, 0xC7, 0xFF, 0xC0, 0x38, 0xFF, 0xF8, 0x07, 0x80, 0x7F, 0x00, 0xF0, 0x1E,
    0xE0, 0x1E, 0x07, 0x9C, 0x03, 0xC1, 0xE3, 0x80, 0x78, 0x78, 0x70, 0x0E, 0x0E, 0x0E, 0x03, 0xC3,
    0xC1, 0xC0, 0xF0, 0xF0, 0x38, 0x7E, 0x1C, 0x07, 0xFF, 0x07, 0xFF, 0xFF, 0xC0, 0xFF, 0xE0, 0x00,
    0x70, 0x00, 0x00, 0x38, 0x00, 0x00, 0x1C, 0x00, 0x00, 0x0E, 0x00, 0x00, 0x07, 0x00, 0x00, 0x03,
    0x80, 0x00, 0x7F, 0xC7, 0xFE, 0x7F, 0xE3, 0xFF, 0x79, 0xF0, 0x07, 0x78, 0x38, 0x07, 0xB8, 0x1C,
    0x07, 0x9C, 0x0E, 0x07, 0x8E, 0x07, 0x07, 0x87, 0x03, 0x83, 0x83, 0x81, 0xC3, 0xC1, 0xE0, 0xE3,
    0xC0, 0x7C, 0x71, 0xC0, 0x1F, 0xF9, 0xFF, 0xC7, 0xFC, 0xFF, 0xE0, 0x00, 0x60, 0x01, 0xE0, 0x03,
    0x80, 0x0E, 0x00, 0x18, 0x00, 0x00, 0x00, 0x00, 0x03, 0xFC, 0x1F, 0xFC, 0x7E, 0x79, 0xE0, 0x03,
    0xC0, 0x07, 0x00, 0x1E, 0x00, 0x38, 0x00, 0x70, 0x00, 0xE0, 0x1F, 0xE0, 0x3F, 0xC0, 0x7B, 0x80,
    0xF7, 0x81, 0xE7, 0xE3, 0xC7, 0xFF, 0x83, 0xFE, 0x01, 0x80, 0x38, 0x07, 0x80, 0x70, 0x06, 0x00,
    0x00, 0x00, 0x01, 0xFF, 0x3F, 0xF7, 0xCF, 0x70, 0x7E, 0x07, 0xE0, 0x7E, 0x07, 0xE0, 0x7E, 0x07,
    0xF0, 0x77, 0xDF, 0x3F, 0xF1, 0xFF, 0x00, 0x70, 0x0F, 0x71, 0xE7, 0xFE, 0x7F, 0x80, 0xE0, 0x1C,
    0x01, 0xC0, 0x38, 0x03, 0x80, 0x70, 0x07, 0x00, 0xE0, 0x0E, 0x01, 0xC0, 0xFC, 0x03, 0x81, 0xF8,
    0x07, 0x03, 0xFF, 0xFE, 0x07, 0xFF, 0xFC, 0x0F, 0xC0, 0x38, 0x1F, 0x80, 0x70, 0x3F, 0x00, 0xE0,
    0x7E, 0x01, 0xC0, 0xFC, 0x03, 0x83, 0xF8, 0x07, 0xCF, 0x70, 0x07, 0xFE, 0xE0, 0x07, 0xF0, 0x7F,
    0xC7, 0xFF, 0x3C, 0x7D, 0xC0, 0xFE, 0x03, 0xF0, 0x1F, 0x80, 0xFC, 0x07, 0xE0, 0x3F, 0x03, 0xF8,
    0x1D, 0xC1, 0xEE, 0x1E, 0x73, 0xE3, 0xFC, 0x1F, 0xC0, 0xF8, 0x07, 0x00, 0x38, 0x01, 0xC0, 0x0E,
    0x00, 0x70, 0x00, 0x0C, 0x00, 0x1C, 0x00, 0x1C, 0x00, 0x1C, 0x00, 0x18, 0x00, 0x00, 0x00, 0x00,
    0x70, 0x0E, 0xF0, 0x1D, 0xF0, 0x3B, 0xF0, 0x77, 0xE0, 0xEE, 0xE1, 0xDD, 0xE3, 0xB9, 0xE7, 0x71,
    0xCE, 0xE1, 0xDD, 0xC3, 0xFB, 0x83, 0xF7, 0x03, 0xEE, 0x07, 0xDC, 0x07, 0xB8, 0x07, 0x70, 0x0E,
    0x38, 0x07, 0x00, 0x70, 0x07, 0x00, 0x60, 0x00, 0x00, 0x07, 0xFC, 0xFF, 0xDC, 0x7B, 0x87, 0xF0,
    0x7E, 0x0F, 0xC1, 0xF8, 0x3F, 0x07, 0xE0, 0xFC, 0x1F, 0x83, 0xF0, 0x70, 0x00, 0xC0, 0x01, 0xF0,
    0x00, 0xF0, 0x00, 0x78, 0x00, 0x36, 0x00, 0x1B, 0x00, 0x0F, 0x80, 0x07, 0x80, 0x03, 0xE0, 0x03,
    0xF0, 0x01, 0xDC, 0x01, 0xCE, 0x00, 0xE7, 0x80, 0xF1, 0xC0, 0x70, 0xF0, 0x38, 0x38, 0x3C, 0x1C,
    0x1F, 0xFF, 0x1F, 0xFF, 0x8E, 0x01, 0xC7, 0x00, 0xF7, 0x80, 0x3B, 0x80, 0x1E, 0x07, 0x03, 0xE0,
    0x78, 0x07, 0x81, 0xB0, 0x36, 0x03, 0xC0, 0x00, 0x7F, 0x8F, 0xF9, 0x8F, 0x00, 0xE0, 0x0E, 0x7F,
    0xDF, 0xFF, 0xCF, 0xE0, 0xFC, 0x1F, 0xC7, 0xFF, 0xF3, 0xFC, 0x00, 0x01, 0x80, 0x00, 0x07, 0x00,
    0x00, 0x1C, 0x00, 0x00, 0x78, 0x00, 0x00, 0x60, 0x00, 0x00, 0x00, 0x00, 0x00, 0x00, 0x00, 0x1F,
    0xFE, 0x00, 0x7F, 0xFC, 0x01, 0xFC, 0x00, 0x03, 0xB8, 0x00, 0x0F, 0x70, 0x00, 0x1C, 0xE0, 0x00,
    0x71, 0xC0, 0x01, 0xE3, 0xFE, 0x03, 0x87, 0xFC, 0x0E, 0x0E, 0x00, 0x3C, 0x1C, 0x00, 0x7F, 0xF8,
    0x01, 0xFF, 0xF0, 0x03, 0x80, 0xE0, 0x0F, 0x01, 0xC0, 0x1C, 0x03, 0xFF, 0xF0, 0x07, 0xFF, 0x00,
    0x30, 0x00, 0x07, 0x80, 0x00, 0x70, 0x00, 0x0E, 0x00, 0x00, 0xC0, 0x00, 0x00, 0x00, 0x00, 0x00,
    0x07, 0xF1, 0xF8, 0x7F, 0xBF, 0xC6, 0x3F, 0xBE, 0x01, 0xE0, 0xE0, 0x0E, 0x0E, 0x3F, 0xFF, 0xE7,
    0xFF, 0xFE, 0xF9, 0xE0, 0x0E, 0x0E, 0x00, 0xE0, 0xF0, 0x0F, 0x1F, 0x8C, 0xFF, 0xFF, 0xC3, 0xF9,
    0xFC, 0x00, 0x70, 0x00, 0x38, 0x00, 0x38, 0x00, 0x38, 0x00, 0x18, 0x00, 0x00, 0x00, 0x00, 0x0C,
    0x0F, 0xF7, 0x1F, 0xFF, 0x1F, 0x9F, 0x1E, 0x07, 0xCE, 0x07, 0xE7, 0x03, 0xFF, 0x83, 0x9F, 0x83,
    0x8F, 0xC3, 0x87, 0xE3, 0xC3, 0xFB, 0xC1, 0xDD, 0xC0, 0xEF, 0xC0, 0xF7, 0xC0, 0xF1, 0xF9, 0xF1,
    0xFF, 0xF0, 0xEF, 0xF0, 0x60, 0x00, 0x00, 0x01, 0x80, 0x1C, 0x01, 0xE0, 0x0E, 0x00, 0x60, 0x00,
    0x00, 0x00, 0xC3, 0xFE, 0x3F, 0xF3, 0xCF, 0xBC, 0x7D, 0xC3, 0xFE, 0x3B, 0xF3, 0x9F, 0xB8, 0xFF,
    0x8F, 0x78, 0x73, 0xEF, 0x9F, 0xF9, 0xFF, 0x8C, 0x00, 0x00, 0x19, 0x80, 0x0E, 0xE0, 0x03, 0xB8,
    0x00, 0xEE, 0x00, 0x63, 0x00, 0x00, 0x00, 0x00, 0x00, 0x03, 0x80, 0x03, 0xE0, 0x01, 0xF0, 0x01,
    0xF8, 0x00, 0xEE, 0x00, 0xE7, 0x00, 0x73, 0xC0, 0x78, 0xE0, 0x38, 0x78, 0x1C, 0x1C, 0x1E, 0x0E,
    0x0F, 0xFF, 0x87, 0xFF, 0xC7, 0x00, 0xE3, 0x80, 0x7B, 0xC0, 0x1D, 0xC0, 0x0F, 0xE6, 0x1D, 0xC1,
    0xDC, 0x1D, 0xC1, 0x98, 0x00, 0x00, 0x03, 0xFC, 0x7F, 0xCC, 0x78, 0x07, 0x00, 0x73, 0xFE, 0xFF,
    0xFE, 0x7F, 0x07, 0xE0, 0xFE, 0x3F, 0xFF, 0x9F, 0xE0, 0x03, 0xC0, 0x03, 0xF0, 0x01, 0xDC, 0x01,
    0xC6, 0x00, 0x00, 0x00, 0x00, 0x00, 0x07, 0x00, 0x07, 0xC0, 0x03, 0xE0, 0x03, 0xF0, 0x01, 0xDC,
    0x01, 0xCE, 0x00, 0xE7, 0x80, 0xF1, 0xC0, 0x70, 0xF0, 0x38, 0x38, 0x3C, 0x1C, 0x1F, 0xFF, 0x0F,
    0xFF, 0x8E, 0x01, 0xC7, 0x00, 0xF7, 0x80, 0x3B, 0x80, 0x1E, 0x1F, 0x07, 0xF0, 0xEE, 0x18, 0xC0,
    0x00, 0x00, 0x1F, 0xE3, 0xFE, 0x63, 0xC0, 0x38, 0x03, 0x9F, 0xF7, 0xFF, 0xF3, 0xF8, 0x3F, 0x07,
    0xF1, 0xFF, 0xFC, 0xFF, 0x00, 0x66, 0x07, 0x70, 0x73, 0x83, 0xB8, 0x19, 0x80, 0x00, 0x00, 0x0F,
    0xFE, 0xFF, 0xEE, 0x00, 0xE0, 0x0E, 0x00, 0xE0, 0x0E, 0x00, 0xFF, 0xCF, 0xFC, 0xE0, 0x0E, 0x00,
    0xE0, 0x0E, 0x00, 0xE0, 0x0E, 0x00, 0xFF, 0xFF, 0xFF, 0x66, 0x07, 0x70, 0x3B, 0x83, 0x98, 0x19,
    0x80, 0x00, 0x00, 0x01, 0xF8, 0x3F, 0xE7, 0x9E, 0xF0, 0xFE, 0x07, 0xFF, 0xFF, 0xFF, 0xE0, 0x0E,
    0x00, 0xF0, 0x07, 0xC6, 0x3F, 0xE1, 0xFE, 0x1F, 0x03, 0xF0, 0x3B, 0x83, 0x18, 0x00, 0x00, 0x00,
    0xFF, 0xEF, 0xFE, 0xE0, 0x0E, 0x00, 0xE0, 0x0E, 0x00, 0xE0, 0x0F, 0xFC, 0xFF, 0xCE, 0x00, 0xE0,
    0x0E, 0x00, 0xE0, 0x0E, 0x00, 0xE0, 0x0F, 0xFF, 0xFF, 0xF0, 0x0F, 0x01, 0xF8, 0x1D, 0xC3, 0x8C,
    0x00, 0x00, 0x00, 0x1F, 0x83, 0xFE, 0x79, 0xEF, 0x0F, 0xE0, 0x7F, 0xFF, 0xFF, 0xFE, 0x00, 0xE0,
    0x0F, 0x00, 0x7C, 0x63, 0xFE, 0x1F, 0xE0, 0xCC, 0x77, 0x1D, 0xC7, 0x73, 0x18, 0x00, 0x00, 0x1C,
    0x0E, 0x07, 0x03, 0x81, 0xC0, 0xE0, 0x70, 0x38, 0x1C, 0x0E, 0x07, 0x03, 0x81, 0xC0, 0xE0, 0x70,
    0x38, 0x1C, 0x66, 0x1D, 0xC3, 0xB8, 0xE6, 0x19, 0x80, 0x00, 0x00, 0x1C, 0x07, 0x01, 0xC0, 0x70,
    0x1C, 0x07, 0x01, 0xC0, 0x70, 0x1C, 0x07, 0x01, 0xC0, 0x70, 0x1C, 0x7D, 0xFB, 0xBE, 0x30, 0x00,
    0x0E, 0x1C, 0x38, 0x70, 0xE1, 0xC3, 0x87, 0x0E, 0x1C, 0x38, 0x70, 0xE1, 0xC3, 0x87, 0x0E, 0x00,
    0x3C, 0x7E, 0x77, 0x63, 0x00, 0x00, 0x1C, 0x1C, 0x1C, 0x1C, 0x1C, 0x1C, 0x1C, 0x1C, 0x1C, 0x1C,
    0x1C, 0x1C, 0x1C, 0x0C, 0xC0, 0x0E, 0x70, 0x03, 0xB8, 0x00, 0xEE, 0x00, 0x33, 0x00, 0x00, 0x00,
    0x00, 0x00, 0x0F, 0xF0, 0x1F, 0xFC, 0x1F, 0x9F, 0x1E, 0x03, 0xCE, 0x00, 0xF7, 0x00, 0x7F, 0x80,
    0x1F, 0x80, 0x0F, 0xC0, 0x07, 0xE0, 0x03, 0xF8, 0x01, 0xDC, 0x01, 0xEE, 0x00, 0xF7, 0x80, 0xF1,
    0xF9, 0xF0, 0x7F, 0xF0, 0x0F, 0xF0, 0x66, 0x03, 0xB8, 0x0E, 0xE0, 0x33, 0x81, 0x98, 0x00, 0x00,
    0x00, 0x03, 0xF8, 0x3F, 0xE3, 0xCF, 0x9C, 0x1D, 0xC0, 0xFE, 0x03, 0xF0, 0x1F, 0x80, 0xFC, 0x0F,
    0x70, 0x73, 0xCF, 0x8F, 0xF8, 0x3F, 0x80, 0x01, 0xE0, 0x01, 0xF8, 0x01, 0xDC, 0x00, 0xC6, 0x00,
    0x00, 0x00, 0x00, 0x00, 0x1F, 0xE0, 0x3F, 0xF8, 0x3F, 0x3E, 0x3C, 0x07, 0x9C, 0x01, 0xEE, 0x00,
    0xFF, 0x00, 0x3F, 0x00, 0x1F, 0x80, 0x0F, 0xC0, 0x07, 0xF0, 0x03, 0xB8, 0x03, 0xDC, 0x01, 0xEF,
    0x01, 0xE3, 0xF3, 0xE0, 0xFF, 0xE0, 0x1F, 0xE0, 0x0F, 0x80, 0xFC, 0x07, 0x70, 0x31, 0x80, 0x00,
    0x00, 0x00, 0x7F, 0x07, 0xFC, 0x79, 0xF3, 0x83, 0xB8, 0x1F, 0xC0, 0x7E, 0x03, 0xF0, 0x1F, 0x81,
    0xEE, 0x0E, 0x79, 0xF1, 0xFF, 0x07, 0xF0, 0xCC, 0x03, 0xB8, 0x07, 0x70, 0x0C, 0xE0, 0x33, 0x00,
    0x00, 0x00, 0x00, 0x3F, 0xF0, 0xFF, 0xE3, 0x8F, 0xCE, 0x07, 0x38, 0x1E, 0xE0, 0x7B, 0x81, 0xCE,
    0x1F, 0x3F, 0xF8, 0xFF, 0xC3, 0x8F, 0x0E, 0x1C, 0x38, 0x38, 0xE0, 0xF3, 0x81, 0xCE, 0x07, 0xB8,
    0x0E, 0x66, 0x39, 0xC7, 0x70, 0xEE, 0x19, 0x80, 0x00, 0x00, 0xFF, 0x3F, 0xCE, 0x23, 0x80, 0xE0,
    0x38, 0x0E, 0x03, 0x80, 0xE0, 0x38, 0x0E, 0x03, 0x80, 0xE0, 0x1F, 0x00, 0xFC, 0x03, 0xB8, 0x0C,
    0x60, 0x00, 0x00, 0x00, 0x0F, 0xFC, 0x3F, 0xF8, 0xE3, 0xF3, 0x81, 0xCE, 0x07, 0xB8, 0x1E, 0xE0,
    0x73, 0x87, 0xCF, 0xFE, 0x3F, 0xF0, 0xE3, 0xC3, 0x87, 0x0E, 0x0E, 0x38, 0x3C, 0xE0, 0x73, 0x81,
    0xEE, 0x03, 0x80, 0x3C, 0x7E, 0xEE, 0xC6, 0x00, 0x00, 0xFF, 0xFF, 0xE2, 0xE0, 0xE0, 0xE0, 0xE0,
    0xE0, 0xE0, 0xE0, 0xE0, 0xE0, 0xE0, 0x73, 0x01, 0xDC, 0x03, 0xB8, 0x07, 0x70, 0x0C, 0xC0, 0x00,
    0x00, 0x00, 0x38, 0x0F, 0xE0, 0x3F, 0x80, 0xFE, 0x03, 0xF8, 0x0F, 0xE0, 0x3F, 0x80, 0xFE, 0x03,
    0xF8, 0x0F, 0xE0, 0x3F, 0x80, 0xFE, 0x03, 0xB8, 0x0E, 0xF0, 0x79, 0xF3, 0xC3, 0xFF, 0x07, 0xF0,
    0x66, 0x07, 0x70, 0x33, 0x83, 0xB8, 0x19, 0x80, 0x00, 0x00, 0x0F, 0x07, 0xF0, 0x7F, 0x07, 0xF0,
    0x7F, 0x07, 0xF0, 0x7F, 0x07, 0xF0, 0x77, 0x07, 0x70, 0x77, 0x8F, 0x3F, 0xF1, 0xFF, 0x0F, 0x80,
    0x3F, 0x01, 0xDC, 0x06, 0x30, 0x00, 0x00, 0x00, 0x0E, 0x03, 0xF8, 0x0F, 0xE0, 0x3F, 0x80, 0xFE,
    0x03, 0xF8, 0x0F, 0xE0, 0x3F, 0x80, 0xFE, 0x03, 0xF8, 0x0F, 0xE0, 0x3F, 0x80, 0xEE, 0x03, 0xBC,
    0x1E, 0x7C, 0xF0, 0xFF, 0xC1, 0xFC, 0x00, 0x0F, 0x01, 0xF8, 0x1D, 0xC3, 0x9C, 0x00, 0x00, 0x00,
    0xF0, 0x7F, 0x07, 0xF0, 0x7F, 0x07, 0xF0, 0x7F, 0x07, 0xF0, 0x7F, 0x07, 0x70, 0x77, 0x07, 0x78,
    0xF3, 0xFF, 0x1F, 0xF0, 0x1F, 0xE1, 0xFF, 0x9F, 0x1C, 0xE0, 0x07, 0x00, 0x3C, 0x00, 0xF8, 0x03,
    0xE0, 0x07, 0xC0, 0x0F, 0x80, 0x3C, 0x00, 0xF0, 0x03, 0x80, 0x3D, 0xE7, 0xCF, 0xFE, 0x3F, 0xC0,
    0x00, 0x01, 0xC0, 0x1E, 0x00, 0xE0, 0x00, 0x3F, 0xBF, 0xEF, 0x33, 0x80, 0xF0, 0x3F, 0x03, 0xF0,
    0x3E, 0x03, 0x80, 0xFE, 0x7B, 0xFE, 0xFF, 0x00, 0x01, 0xC1, 0xF0, 0x78, 0x00, 0xFF, 0xFF, 0xFF,
    0xF0, 0x78, 0x01, 0xE0, 0x07, 0x80, 0x1E, 0x00, 0x78, 0x01, 0xE0, 0x07, 0x80, 0x1E, 0x00, 0x78,
    0x01, 0xE0, 0x07, 0x80, 0x1E, 0x00, 0x78, 0x01, 0xE0, 0x07, 0x80, 0x00, 0x00, 0x78, 0x03, 0xC0,
    0x0F, 0x00, 0x70, 0x78, 0x3C, 0x1E, 0x0F, 0xF7, 0xFB, 0xC1, 0xE0, 0xF0, 0x78, 0x3C, 0x1E, 0x0F,
    0x03, 0x81, 0xE4, 0xFF, 0x3F, 0x80, 0x07, 0x07, 0x83, 0x80, 0x7F, 0x87, 0xFE, 0x1C, 0xF8, 0x01,
    0xC0, 0x0F, 0x00, 0x78, 0x03, 0x80, 0x3C, 0x07, 0xC0, 0xFC, 0x07, 0xF0, 0x0F, 0xC0, 0x0F, 0x00,
    0x38, 0x01, 0xC0, 0x0E, 0x00, 0x70, 0x07, 0x80, 0x78, 0x1F, 0xCF, 0xFC, 0x7F, 0x80, 0xFF, 0x3F,
    0xEE, 0x78, 0x0F, 0x03, 0xC0, 0xE0, 0xF8, 0xFC, 0x3F, 0x83, 0xE0, 0x1C, 0x07, 0x01, 0xC0, 0x70,
    0x7C, 0xFE, 0xFF, 0x3F, 0x00, 0x18, 0xC0, 0x73, 0x00, 0xF8, 0x01, 0xE0, 0x03, 0x00, 0x00, 0x00,
    0x00, 0x38, 0x07, 0xE0, 0x1F, 0x80, 0x7E, 0x01, 0xF8, 0x07, 0xE0, 0x1F, 0x80, 0x7F, 0xFF, 0xFF,
    0xFF, 0xE0, 0x1F, 0x80, 0x7E, 0x01, 0xF8, 0x07, 0xE0, 0x1F, 0x80, 0x7E, 0x01, 0xF8, 0x07, 0xCC,
    0x0F, 0xE0, 0x7C, 0x03, 0x80, 0x00, 0x00, 0x00, 0x70, 0x07, 0x00, 0x70, 0x07, 0x00, 0x70, 0x07,
    0x00, 0x7F, 0xC7, 0xFE, 0x79, 0xE7, 0x0F, 0x70, 0x77, 0x07, 0x70, 0x77, 0x07, 0x70, 0x77, 0x07,
    0x70, 0x77, 0x07, 0x70, 0x70, 0x7C, 0x7E, 0xEE, 0xC6, 0x18, 0x01, 0xC0, 0x0E, 0x00, 0x70, 0x03,
    0x00, 0x00, 0x00, 0x0F, 0xFE, 0xFF, 0xEE, 0x00, 0xE0, 0x0E, 0x00, 0xE0, 0x0E, 0x00, 0xFF, 0xCF,
    0xFC, 0xE0, 0x0E, 0x00, 0xE0, 0x0E, 0x00, 0xE0, 0x0E, 0x00, 0xFF, 0xFF, 0xFF, 0x3B, 0x87, 0xBC,
    0x3B, 0x80, 0x00, 0x00, 0x0F, 0xFE, 0xFF, 0xEE, 0x00, 0xE0, 0x0E, 0x00, 0xE0, 0x0E, 0x00, 0xFF,
    0xCF, 0xFC, 0xE0, 0x0E, 0x00, 0xE0, 0x0E, 0x00, 0xE0, 0x0E, 0x00, 0xFF, 0xFF, 0xFF, 0xFF, 0xFC,
    0x3F, 0xFF, 0x00, 0x70, 0x00, 0x1C, 0x00, 0x07, 0x00, 0x01, 0xC0, 0x00, 0x7F, 0xE0, 0x1F, 0xFE,
    0x07, 0x8F, 0x81, 0xC0, 0xF0, 0x70, 0x1C, 0x1C, 0x07, 0x07, 0x01, 0xC1, 0xC0, 0xF0, 0x70, 0x7C,
    0x1C, 0x7E, 0x07, 0x1F, 0x00, 0x03, 0x00, 0xE0, 0x38, 0x0F, 0x00, 0xC0, 0x00, 0x00, 0x07, 0xFF,
    0xFF, 0xFC, 0x03, 0x80, 0x70, 0x0E, 0x01, 0xC0, 0x38, 0x07, 0x00, 0xE0, 0x1C, 0x03, 0x80, 0x70,
    0x0E, 0x01, 0xC0, 0x38, 0x07, 0x00, 0x07, 0xF8, 0x7F, 0xF3, 0xF1, 0xDE, 0x00, 0x70, 0x01, 0xC0,
    0x0F, 0x00, 0x3F, 0xF8, 0xFF, 0xE3, 0x80, 0x0F, 0x00, 0x1C, 0x00, 0x70, 0x01, 0xE0, 0x03, 0xF1,
    0xC7, 0xFF, 0x07, 0xF8, 0x1F, 0xE1, 0xFF, 0x9F, 0x1C, 0xE0, 0x07, 0x00, 0x3C, 0x00, 0xF8, 0x03,
    0xE0, 0x07, 0xC0, 0x0F, 0x80, 0x3C, 0x00, 0xF0, 0x03, 0x80, 0x3D, 0xE7, 0xCF, 0xFE, 0x3F, 0xC0,
    0xFF, 0xFF, 0xFF, 0xFF, 0xFF, 0xFF, 0xE0, 0x67, 0x7B, 0xD9, 0xC0, 0x00, 0x00, 0xE0, 0x70, 0x38,
    0x1C, 0x0E, 0x07, 0x03, 0x81, 0xC0, 0xE0, 0x70, 0x38, 0x1C, 0x0E, 0x07, 0x03, 0x81, 0xC0, 0xE0,
    0x00, 0xE0, 0x1C, 0x03, 0x80, 0x70, 0x0E, 0x01, 0xC0, 0x38, 0x07, 0x00, 0xE0, 0x1C, 0x03, 0x80,
    0x70, 0x0E, 0x03, 0xF9, 0xF7, 0xFE, 0x7F, 0x00, 0x07, 0xFF, 0x00, 0x01, 0xFF, 0xC0, 0x00, 0x70,
    0x70, 0x00, 0x1C, 0x1C, 0x00, 0x07, 0x07, 0x00, 0x01, 0xC1, 0xC0, 0x00, 0x70, 0x7F, 0xC0, 0x1C,
    0x1F, 0xFC, 0x07, 0x07, 0x1F, 0x81, 0xC1, 0xC0, 0xE0, 0xF0, 0x70, 0x38, 0x38, 0x1C, 0x0F, 0x0E,
    0x07, 0x03, 0x87, 0x81, 0xC0, 0xE7, 0xC0, 0x71, 0xFB, 0xE0, 0x1F, 0xFC, 0xF0, 0x07, 0xFC, 0x00,
    0x00, 0x00, 0x00, 0xE0, 0x38, 0x01, 0xC0, 0x70, 0x03, 0x80, 0xE0, 0x07, 0x01, 0xC0, 0x0E, 0x03,
    0x80, 0x1C, 0x07, 0x00, 0x3F, 0xFF, 0xFC, 0x7F, 0xFF, 0xFE, 0xE0, 0x3C, 0x7D, 0xC0, 0x70, 0x3F,
    0x80, 0xE0, 0x3F, 0x01, 0xC0, 0x7E, 0x03, 0x80, 0xFC, 0x07, 0x03, 0xF8, 0x0F, 0x1F, 0x70, 0x1F,
    0xFC, 0xE0, 0x3F, 0xF0, 0xFF, 0xFC, 0x3F, 0xFF, 0x00, 0x70, 0x00, 0x1C, 0x00, 0x07, 0x00, 0x01,
    0xC0, 0x00, 0x7F, 0xE0, 0x1F, 0xFC, 0x07, 0x8F, 0x81, 0xC0, 0xE0, 0x70, 0x38, 0x1C, 0x0E, 0x07,
    0x03, 0x81, 0xC0, 0xE0, 0x70, 0x38, 0x1C, 0x0E, 0x07, 0x03, 0x80, 0x01, 0x80, 0x0E, 0x00, 0x70,
    0x03, 0x80, 0x0E, 0x00, 0x00, 0x00, 0x00, 0x38, 0x1E, 0xE0, 0xF3, 0x87, 0x8E, 0x3C, 0x39, 0xE0,
    0xEF, 0x03, 0xF8, 0x0F, 0xC0, 0x3F, 0x80, 0xFF, 0x03, 0xBE, 0x0E, 0x7C, 0x38, 0xF8, 0xE1, 0xF3,
    0x83, 0xCE, 0x07, 0xB8, 0x0F, 0x0C, 0x00, 0x1C, 0x00, 0x1C, 0x00, 0x1C, 0x00, 0x18, 0x00, 0x00,
    0x00, 0x00, 0x70, 0x0E, 0xE0, 0x3D, 0xC0, 0xFB, 0x81, 0xF7, 0x07, 0xEE, 0x1F, 0xDC, 0x7B, 0xB8,
    0xE7, 0x73, 0x8E, 0xEF, 0x1D, 0xFC, 0x3B, 0xF0, 0x77, 0xE0, 0xEF, 0x81, 0xDE, 0x03, 0xBC, 0x07,
    0x70, 0x0E, 0x0C, 0x70, 0x1D, 0xC0, 0x3F, 0x80, 0x3E, 0x00, 0x00, 0x00, 0x00, 0x3C, 0x07, 0xB8,
    0x0E, 0x78, 0x1C, 0x70, 0x78, 0xF0, 0xE0, 0xE1, 0xC1, 0xE7, 0x01, 0xCE, 0x03, 0xFC, 0x03, 0xF0,
    0x03, 0xE0, 0x07, 0x80, 0x07, 0x00, 0x1C, 0x04, 0xF8, 0x0F, 0xE0, 0x1F, 0x80, 0x00, 0xE0, 0x1F,
    0x80, 0x7E, 0x01, 0xF8, 0x07, 0xE0, 0x1F, 0x80, 0x7E, 0x01, 0xF8, 0x07, 0xE0, 0x1F, 0x80, 0x7E,
    0x01, 0xF8, 0x07, 0xE0, 0x1F, 0x80, 0x7E, 0x01, 0xFF, 0xFF, 0xFF, 0xFC, 0x1C, 0x00, 0x70, 0x01,
    0xC0, 0x07, 0x00, 0x1C, 0x00, 0x01, 0xC0, 0x01, 0xF0, 0x00, 0xF8, 0x00, 0xFC, 0x00, 0x77, 0x00,
    0x73, 0x80, 0x39, 0xE0, 0x3C, 0x70, 0x1C, 0x3C, 0x0E, 0x0E, 0x0F, 0x07, 0x07, 0xFF, 0xC3, 0xFF,
    0xE3, 0x80, 0x71, 0xC0, 0x3D, 0xE0, 0x0E, 0xE0, 0x07, 0x80, 0xFF, 0xE7, 0xFF, 0x38, 0x01, 0xC0,
    0x0E, 0x00, 0x70, 0x03, 0xFF, 0x1F, 0xFC, 0xE3, 0xF7, 0x03, 0xF8, 0x1F, 0xC0, 0x7E, 0x07, 0xF0,
    0x3B, 0x87, 0xDF, 0xFC, 0xFF, 0xC0, 0xFF, 0xC7, 0xFF, 0x38, 0xFD, 0xC0, 0xEE, 0x07, 0x70, 0x3B,
    0x87, 0xDF, 0xFC, 0xFF, 0xF7, 0x0F, 0xB8, 0x1F, 0xC0, 0x7E, 0x03, 0xF0, 0x3F, 0x87, 0xDF, 0xFE,
    0xFF, 0xC0, 0xFF, 0xFF, 0xFF, 0x80, 0x70, 0x0E, 0x01, 0xC0, 0x38, 0x07, 0x00, 0xE0, 0x1C, 0x03,
    0x80, 0x70, 0x0E, 0x01, 0xC0, 0x38, 0x07, 0x00, 0xE0, 0x00, 0x07, 0xFF, 0x01, 0xFF, 0xC0, 0x70,
    0x70, 0x1C, 0x1C, 0x07, 0x07, 0x01, 0xC1, 0xC0, 0x70, 0x70, 0x1C, 0x1C, 0x07, 0x07, 0x01, 0xC1,
    0xC0, 0xE0, 0x70, 0x38, 0x1C, 0x1E, 0x07, 0x07, 0x01, 0xC3, 0xC0, 0x73, 0xFF, 0xFF, 0xFF, 0xFF,
    0xF8, 0x00, 0x7E, 0x00, 0x1F, 0x80, 0x07, 0xE0, 0x01, 0xF8, 0x00, 0x70, 0xFF, 0xEF, 0xFE, 0xE0,
    0x0E, 0x00, 0xE0, 0x0E, 0x00, 0xE0, 0x0F, 0xFC, 0xFF, 0xCE, 0x00, 0xE0, 0x0E, 0x00, 0xE0, 0x0E,
    0x00, 0xE0, 0x0F, 0xFF, 0xFF, 0xF0, 0x78, 0x38, 0x3C, 0x78, 0x70, 0xF0, 0x70, 0xE3, 0xC0, 0x71,
    0xCF, 0x00, 0xF3, 0xBC, 0x00, 0xF7, 0xF0, 0x00, 0xFF, 0xC0, 0x00, 0xFF, 0x80, 0x03, 0xFF, 0x00,
    0x0F, 0x77, 0x00, 0x1C, 0xE7, 0x00, 0x71, 0xCF, 0x01, 0xC3, 0x8F, 0x07, 0x87, 0x0E, 0x0E, 0x0E,
    0x1E, 0x3C, 0x1C, 0x1E, 0xF0, 0x38, 0x1C, 0x3F, 0xC1, 0xFF, 0xC3, 0x9F, 0x00, 0x1E, 0x00, 0x78,
    0x01, 0xC0, 0x1F, 0x07, 0xF8, 0x1F, 0xF0, 0x07, 0xE0, 0x03, 0x80, 0x0E, 0x00, 0x38, 0x00, 0xE7,
    0x9F, 0x9F, 0xFC, 0x3F, 0xE0, 0xE0, 0x1D, 0xC0, 0x7B, 0x81, 0xF7, 0x03, 0xEE, 0x0F, 0xDC, 0x3F,
    0xB8, 0xF7, 0x71, 0xCE, 0xE7, 0x1D, 0xDE, 0x3B, 0xF8, 0x77, 0xE0, 0xEF, 0xC1, 0xDF, 0x03, 0xBC,
    0x07, 0x78, 0x0E, 0xE0, 0x1C, 0x1C, 0x60, 0x3D, 0xC0, 0x3F, 0x00, 0x3E, 0x00, 0x00, 0x00, 0x00,
    0x38, 0x07, 0x70, 0x1E, 0xE0, 0x7D, 0xC0, 0xFB, 0x83, 0xF7, 0x0F, 0xEE, 0x3D, 0xDC, 0x73, 0xB9,
    0xC7, 0x77, 0x8E, 0xFE, 0x1D, 0xF8, 0x3B, 0xF0, 0x77, 0xC0, 0xEF, 0x01, 0xDE, 0x03, 0xB8, 0x07,
    0x00, 0xE0, 0x7B, 0x83, 0xCE, 0x1E, 0x38, 0xF0, 0xE7, 0x83, 0xBC, 0x0F, 0xE0, 0x3F, 0x00, 0xFE,
    0x03, 0xFC, 0x0E, 0xF8, 0x39, 0xF0, 0xE3, 0xE3, 0x87, 0xCE, 0x0F, 0x38, 0x1E, 0xE0, 0x3C, 0x07,
    0xFF, 0x07, 0xFF, 0x07, 0x07, 0x07, 0x07, 0x07, 0x07, 0x07, 0x07, 0x07, 0x07, 0x07, 0x07, 0x07,
    0x07, 0x07, 0x07, 0x0F, 0x07, 0x0E, 0x07, 0x0E, 0x07, 0x1E, 0x07, 0x7C, 0x07, 0xF8, 0x07, 0xF0,
    0x07, 0x38, 0x01, 0xC7, 0x80, 0x1C, 0x7C, 0x03, 0xC7, 0xC0, 0x3E, 0x7E, 0x06, 0xE7, 0x60, 0x6E,
    0x77, 0x0C, 0xE7, 0x30, 0xCE, 0x73, 0x1C, 0xE7, 0x39, 0x8E, 0x71, 0x98, 0xE7, 0x1F, 0x8E, 0x70,
    0xF0, 0xEF, 0x0F, 0x0E, 0xF0, 0xE0, 0xEE, 0x00, 0x0E, 0xE0, 0x00, 0xE0, 0xE0, 0x1F, 0x80, 0x7E,
    0x01, 0xF8, 0x07, 0xE0, 0x1F, 0x80, 0x7E, 0x01, 0xFF, 0xFF, 0xFF, 0xFF, 0x80, 0x7E, 0x01, 0xF8,
    0x07, 0xE0, 0x1F, 0x80, 0x7E, 0x01, 0xF8, 0x07, 0xE0, 0x1C, 0x07, 0xF8, 0x0F, 0xFE, 0x0F, 0xCF,
    0x8F, 0x01, 0xE7, 0x00, 0x7B, 0x80, 0x3F, 0xC0, 0x0F, 0xC0, 0x07, 0xE0, 0x03, 0xF0, 0x01, 0xFC,
    0x00, 0xEE, 0x00, 0xF7, 0x00, 0x7B, 0xC0, 0x78, 0xFC, 0xF8, 0x3F, 0xF8, 0x07, 0xF8, 0x00, 0xFF,
    0xFF, 0xFF, 0xFE, 0x01, 0xF8, 0x07, 0xE0, 0x1F, 0x80, 0x7E, 0x01, 0xF8, 0x07, 0xE0, 0x1F, 0x80,
    0x7E, 0x01, 0xF8, 0x07, 0xE0, 0x1F, 0x80, 0x7E, 0x01, 0xF8, 0x07, 0xE0, 0x1C, 0xFF, 0x87, 0xFF,
    0x38, 0xFD, 0xC0, 0xEE, 0x07, 0xF0, 0x3F, 0x81, 0xFC, 0x0E, 0xE3, 0xF7, 0xFF, 0x3F, 0xF1, 0xC0,
    0x0E, 0x00, 0x70, 0x03, 0x80, 0x1C, 0x00, 0xE0, 0x00, 0x07, 0xF8, 0x7F, 0xF3, 0xF3, 0xDE, 0x00,
    0x78, 0x01, 0xC0, 0x0F, 0x00, 0x38, 0x00, 0xE0, 0x03, 0x80, 0x0F, 0x00, 0x3C, 0x00, 0x70, 0x01,
    0xE0, 0x03, 0xF1, 0xC7, 0xFF, 0x07, 0xF8, 0xFF, 0xFF, 0xFF, 0xF0, 0x78, 0x01, 0xE0, 0x07, 0x80,
    0x1E, 0x00, 0x78, 0x01, 0xE0, 0x07, 0x80, 0x1E, 0x00, 0x78, 0x01, 0xE0, 0x07, 0x80, 0x1E, 0x00,
    0x78, 0x01, 0xE0, 0x07, 0x80, 0xF0, 0x1E, 0xE0, 0x39, 0xE0, 0x71, 0xC1, 0xE3, 0xC3, 0x83, 0x87,
    0x07, 0x9C, 0x07, 0x38, 0x0F, 0xF0, 0x0F, 0xC0, 0x0F, 0x80, 0x1E, 0x00, 0x1C, 0x00, 0x70, 0x13,
    0xE0, 0x3F, 0x80, 0x7E, 0x00, 0x00, 0xE0, 0x00, 0x0E, 0x00, 0x07, 0xFE, 0x01, 0xFF, 0xF8, 0x3E,
    0xEF, 0xC7, 0x8E, 0x1E, 0x70, 0xE0, 0xEF, 0x0E, 0x0E, 0xE0, 0xE0, 0xFE, 0x0E, 0x0F, 0xF0, 0xE0,
    0xE7, 0x0E, 0x0E, 0x78, 0xE1, 0xE3, 0xEE, 0xFC, 0x1F, 0xFF, 0x80, 0xFF, 0xE0, 0x00, 0xE0, 0x00,
    0x0E, 0x00, 0x70, 0x1E, 0x78, 0x1C, 0x3C, 0x3C, 0x1C, 0x78, 0x1E, 0x70, 0x0F, 0xF0, 0x07, 0xE0,
    0x03, 0xC0, 0x03, 0xC0, 0x07, 0xE0, 0x0F, 0xE0, 0x0E, 0xF0, 0x1E, 0x78, 0x3C, 0x3C, 0x38, 0x1C,
    0x78, 0x1E, 0xF0, 0x0E, 0xE0, 0x1C, 0xE0, 0x1C, 0xE0, 0x1C, 0xE0, 0x1C, 0xE0, 0x1C, 0xE0, 0x1C,
    0xE0, 0x1C, 0xE0, 0x1C, 0xE0, 0x1C, 0xE0, 0x1C, 0xE0, 0x1C, 0xE0, 0x1C, 0xE0, 0x1C, 0xE0, 0x1C,
    0xE0, 0x1C, 0xFF, 0xFF, 0xFF, 0xFF, 0x00, 0x07, 0x00, 0x07, 0x00, 0x07, 0x00, 0x07, 0x00, 0x07,
    0xE0, 0x3F, 0x01, 0xF8, 0x0F, 0xC0, 0x7E, 0x03, 0xF0, 0x1F, 0x80, 0xFE, 0x07, 0x78, 0x7B, 0xFF,
    0xC7, 0xFE, 0x00, 0x70, 0x03, 0x80, 0x1C, 0x00, 0xE0, 0x07, 0x00, 0x38, 0xE0, 0x70, 0x3F, 0x03,
    0x81, 0xF8, 0x1C, 0x0F, 0xC0, 0xE0, 0x7E, 0x07, 0x03, 0xF0, 0x38, 0x1F, 0x81, 0xC0, 0xFC, 0x0E,
    0x07, 0xE0, 0x70, 0x3F, 0x03, 0x81, 0xF8, 0x1C, 0x0F, 0xC0, 0xE0, 0x7E, 0x07, 0x03, 0xF0, 0x38,
    0x1F, 0x81, 0xC0, 0xFF, 0xFF, 0xFF, 0xFF, 0xFF, 0xF8, 0xE0, 0x70, 0x39, 0xC0, 0xE0, 0x73, 0x81,
    0xC0, 0xE7, 0x03, 0x81, 0xCE, 0x07, 0x03, 0x9C, 0x0E, 0x07, 0x38, 0x1C, 0x0E, 0x70, 0x38, 0x1C,
    0xE0, 0x70, 0x39, 0xC0, 0xE0, 0x73, 0x81, 0xC0, 0xE7, 0x03, 0x81, 0xCE, 0x07, 0x03, 0x9C, 0x0E,
    0x07, 0x38, 0x1C, 0x0E, 0x7F, 0xFF, 0xFF, 0xFF, 0xFF, 0xFE, 0x00, 0x00, 0x1C, 0x00, 0x00, 0x38,
    0x00, 0x00, 0x70, 0x00, 0x00, 0xE0, 0x00, 0x01, 0xC0, 0xFF, 0x00, 0x3F, 0xC0, 0x00, 0x70, 0x00,
    0x1C, 0x00, 0x07, 0x00, 0x01, 0xC0, 0x00, 0x7F, 0xC0, 0x1F, 0xFC, 0x07, 0x1F, 0x81, 0xC0, 0xE0,
    0x70, 0x38, 0x1C, 0x0F, 0x07, 0x03, 0x81, 0xC0, 0xE0, 0x71, 0xF8, 0x1F, 0xFC, 0x07, 0xFC, 0x00,
    0xE0, 0x03, 0xF8, 0x00, 0xFE, 0x00, 0x3F, 0x80, 0x0F, 0xE0, 0x03, 0xF8, 0x00, 0xFF, 0xF8, 0x3F,
    0xFF, 0x8F, 0xE3, 0xF3, 0xF8, 0x1C, 0xFE, 0x07, 0x3F, 0x81, 0xEF, 0xE0, 0x73, 0xF8, 0x1C, 0xFE,
    0x3F, 0x3F, 0xFF, 0x8F, 0xFF, 0x83, 0xC0, 0xE0, 0x07, 0x00, 0x38, 0x01, 0xC0, 0x0E, 0x00, 0x70,
    0x03, 0xFF, 0x1F, 0xFC, 0xE3, 0xF7, 0x03, 0xB8, 0x1F, 0xC0, 0x7E, 0x07, 0xF0, 0x3B, 0x87, 0xDF,
    0xFC, 0xFF, 0xC0, 0x7F, 0xC1, 0xFF, 0xC1, 0xC7, 0xC0, 0x03, 0xC0, 0x03, 0xC0, 0x03, 0x80, 0x07,
    0x0F, 0xFE, 0x1F, 0xFC, 0x00, 0x38, 0x00, 0x70, 0x00, 0xE0, 0x03, 0xC0, 0x0F, 0x1C, 0x7C, 0x7F,
    0xF0, 0x7F, 0xC0, 0xE0, 0x1F, 0xC1, 0xC0, 0xFF, 0xE3, 0x83, 0xE7, 0xE7, 0x0F, 0x01, 0xCE, 0x1C,
    0x03, 0xDC, 0x78, 0x03, 0xB8, 0xF0, 0x07, 0x7F, 0xC0, 0x0F, 0xFF, 0x80, 0x1F, 0xC7, 0x00, 0x3F,
    0x8F, 0x00, 0x77, 0x0E, 0x00, 0xEE, 0x1C, 0x03, 0xDC, 0x3C, 0x07, 0x38, 0x3E, 0x7E, 0x70, 0x3F,
    0xF8, 0xE0, 0x1F, 0xC0, 0x0F, 0xFC, 0x7F, 0xF3, 0xE1, 0xDE, 0x07, 0x70, 0x1D, 0xC0, 0x77, 0x81,
    0xCF, 0x87, 0x3F, 0xFC, 0x3F, 0xF0, 0xE1, 0xC7, 0x87, 0x1C, 0x1C, 0xF0, 0x73, 0x81, 0xDE, 0x07,
    0x70, 0x1C, 0x7F, 0x8F, 0xF9, 0x8F, 0x00, 0xE0, 0x0E, 0x7F, 0xDF, 0xFF, 0xCF, 0xE0, 0xFC, 0x1F,
    0xC7, 0xFF, 0xF3, 0xFC, 0x03, 0xF0, 0x7F, 0x87, 0xF8, 0x78, 0x07, 0x80, 0x38, 0x01, 0xFF, 0x1F,
    0xFC, 0xFD, 0xF7, 0x83, 0xF8, 0x0F, 0xC0, 0x7E, 0x03, 0xF8, 0x1D, 0xC1, 0xEE, 0x0E, 0x7C, 0xF1,
    0xFF, 0x07, 0xF0, 0xFF, 0x9F, 0xFB, 0x8F, 0x70, 0xEE, 0x3D, 0xFF, 0x3F, 0xF7, 0x1F, 0xE0, 0xFC,
    0x1F, 0x8F, 0xFF, 0xEF, 0xF8, 0xFF, 0x7F, 0xB8, 0x1C, 0x0E, 0x07, 0x03, 0x81, 0xC0, 0xE0, 0x70,
    0x38, 0x1C, 0x0E, 0x00, 0x0F, 0xF8, 0x1F, 0xF0, 0x38, 0xE0, 0x71, 0xC0, 0xE3, 0x81, 0x87, 0x07,
    0x0E, 0x0E, 0x1C, 0x1C, 0x38, 0x70, 0x70, 0xE0, 0xE7, 0xFF, 0xFF, 0xFF, 0xFC, 0x01, 0xF8, 0x03,
    0xF0, 0x07, 0xE0, 0x0E, 0x1F, 0x83, 0xFE, 0x79, 0xEF, 0x0F, 0xE0, 0x7F, 0xFF, 0xFF, 0xFE, 0x00,
    0xE0, 0x0F, 0x00, 0x7C, 0x63, 0xFE, 0x1F, 0xE0, 0x78, 0xE1, 0xC7, 0x1C, 0x70, 0x73, 0x9C, 0x07,
    0x77, 0x00, 0x7F, 0xC0, 0x07, 0xF8, 0x01, 0xFF, 0x00, 0x77, 0x70, 0x1C, 0xE7, 0x07, 0x9C, 0xF0,
    0xE3, 0x8F, 0x38, 0x70, 0xEF, 0x0E, 0x1E, 0xFF, 0x3F, 0xEE, 0x7C, 0x07, 0x03, 0xCF, 0xE3, 0xF8,
    0x0F, 0x01, 0xC0, 0x7E, 0x3F, 0xFF, 0xFF, 0x00, 0xE0, 0xFC, 0x3F, 0x8F, 0xF1, 0xFE, 0x7F, 0xDD,
    0xFB, 0xBF, 0xE7, 0xF8, 0xFF, 0x1F, 0xC3, 0xF0, 0x7E, 0x0E, 0x71, 0x87, 0x70, 0xFE, 0x0F, 0x80,
    0x00, 0x00, 0x38, 0x3F, 0x0F, 0xE3, 0xFC, 0x7F, 0x9F, 0xF7, 0x7E, 0xEF, 0xF9, 0xFE, 0x3F, 0xC7,
    0xF0, 0xFC, 0x1F, 0x83, 0x80, 0xE1, 0xEE, 0x3C, 0xE7, 0x8E, 0xF0, 0xFE, 0x0F, 0xC0, 0xFC, 0x0F,
    0xE0, 0xEF, 0x0E, 0x78, 0xE3, 0xCE, 0x1C, 0xE0, 0xE0, 0x0F, 0xF8, 0x7F, 0xC3, 0x8E, 0x1C, 0x70,
    0xE3, 0x87, 0x1C, 0x38, 0xE3, 0x87, 0x1C, 0x39, 0xE1, 0xDE, 0x0F, 0xF0, 0x7E, 0x03, 0x80, 0x70,
    0x0E, 0x78, 0x1E, 0x78, 0x1E, 0x7C, 0x3E, 0x7C, 0x36, 0x76, 0x77, 0x76, 0x67, 0x67, 0xE7, 0x63,
    0xC7, 0xE3, 0xC7, 0xE1, 0xC7, 0xE0, 0x07, 0xE0, 0x07, 0xE0, 0xFC, 0x1F, 0x83, 0xF0, 0x7E, 0x0F,
    0xFF, 0xFF, 0xFF, 0x07, 0xE0, 0xFC, 0x1F, 0x83, 0xF0, 0x7E, 0x0E, 0x1F, 0xC1, 0xFF, 0x1E, 0x7C,
    0xE0, 0xEE, 0x07, 0xF0, 0x1F, 0x80, 0xFC, 0x07, 0xE0, 0x7B, 0x83, 0x9E, 0x7C, 0x7F, 0xC1, 0xFC,
    0x00, 0xFF, 0xFF, 0xFF, 0x83, 0xF0, 0x7E, 0x0F, 0xC1, 0xF8, 0x3F, 0x07, 0xE0, 0xFC, 0x1F, 0x83,
    0xF0, 0x7E, 0x0E, 0xFF, 0x8F, 0xFC, 0xE3, 0xEE, 0x0E, 0xE0, 0xFE, 0x07, 0xE0, 0x7E, 0x07, 0xE0,
    0xFE, 0x0E, 0xF3, 0xEF, 0xFC, 0xFF, 0x8E, 0x00, 0xE0, 0x0E, 0x00, 0xE0, 0x0E, 0x00, 0x1F, 0xC7,
    0xF9, 0xF3, 0x38, 0x0E, 0x01, 0xC0, 0x38, 0x07, 0x00, 0xE0, 0x1E, 0x01, 0xF3, 0x1F, 0xE1, 0xFC,
    0xFF, 0xFF, 0xFF, 0x0E, 0x00, 0xE0, 0x0E, 0x00, 0xE0, 0x0E, 0x00, 0xE0, 0x0E, 0x00, 0xE0, 0x0E,
    0x00, 0xE0, 0x0E, 0x00, 0xE0, 0x7F, 0x07, 0x70, 0x77, 0x0E, 0x78, 0xE3, 0x8E, 0x38, 0xC1, 0xDC,
    0x1D, 0xC1, 0xF8, 0x0F, 0x80, 0xF8, 0x07, 0x00, 0x70, 0x07, 0x09, 0xE0, 0xFC, 0x0F, 0x80, 0x01,
    0xC0, 0x00, 0xE0, 0x00, 0x70, 0x00, 0x38, 0x00, 0x1C, 0x00, 0x0E, 0x00, 0x3F, 0xE0, 0x7F, 0xFC,
    0x7D, 0xDF, 0x38, 0xE3, 0xF8, 0x70, 0xFC, 0x38, 0x7E, 0x1C, 0x3F, 0x0E, 0x1F, 0x87, 0x0E, 0xE3,
    0x8F, 0x7D, 0xDF, 0x1F, 0xFF, 0x03, 0xFE, 0x00, 0x38, 0x00, 0x1C, 0x00, 0x0E, 0x00, 0x07, 0x00,
    0x03, 0x80, 0x70, 0x73, 0xC7, 0x0E, 0x78, 0x3B, 0x81, 0xF8, 0x07, 0x80, 0x3C, 0x01, 0xF0, 0x1F,
    0xC1, 0xEF, 0x0E, 0x38, 0xE1, 0xEF, 0x07, 0x00, 0xE0, 0xE7, 0x07, 0x38, 0x39, 0xC1, 0xCE, 0x0E,
    0x70, 0x73, 0x83, 0x9C, 0x1C, 0xE0, 0xE7, 0x07, 0x38, 0x39, 0xFF, 0xFF, 0xFF, 0x80, 0x1C, 0x00,
    0xE0, 0x07, 0x00, 0x38, 0xE0, 0xFC, 0x1F, 0x83, 0xF0, 0x7E, 0x0F, 0xE3, 0xDF, 0xF9, 0xFF, 0x00,
    0xE0, 0x1C, 0x03, 0x80, 0x70, 0x0E, 0xE1, 0xC3, 0xF0, 0xE1, 0xF8, 0x70, 0xFC, 0x38, 0x7E, 0x1C,
    0x3F, 0x0E, 0x1F, 0x87, 0x0F, 0xC3, 0x87, 0xE1, 0xC3, 0xF0, 0xE1, 0xF8, 0x70, 0xFF, 0xFF, 0xFF,
    0xFF, 0xF8, 0xE1, 0xC3, 0x9C, 0x38, 0x73, 0x87, 0x0E, 0x70, 0xE1, 0xCE, 0x1C, 0x39, 0xC3, 0x87,
    0x38, 0x70, 0xE7, 0x0E, 0x1C, 0xE1, 0xC3, 0x9C, 0x38, 0x73, 0x87, 0x0E, 0x7F, 0xFF, 0xFF, 0xFF,
    0xFE, 0x00, 0x01, 0xC0, 0x00, 0x38, 0x00, 0x07, 0x00, 0x00, 0xE0, 0xFC, 0x01, 0xF8, 0x00, 0x70,
    0x00, 0xE0, 0x01, 0xFF, 0x03, 0xFF, 0x87, 0x8F, 0x0E, 0x0E, 0x1C, 0x1E, 0x38, 0x38, 0x78, 0xF0,
    0xFF, 0xE0, 0xFF, 0x00, 0xE0, 0x0F, 0xC0, 0x1F, 0x80, 0x3F, 0x00, 0x7E, 0x00, 0xFF, 0xF1, 0xFF,
    0xF3, 0xF1, 0xE7, 0xE1, 0xEF, 0xC3, 0xDF, 0x8F, 0x3F, 0xFE, 0x7F, 0xF8, 0xE0, 0xE0, 0x1C, 0x03,
    0x80, 0x70, 0x0F, 0xF9, 0xFF, 0xB8, 0xF7, 0x0F, 0xE0, 0xFC, 0x3F, 0x8F, 0x7F, 0xEF, 0xF8, 0x7F,
    0x07, 0xFC, 0x63, 0xC0, 0x0E, 0x00, 0xE1, 0xFE, 0x1F, 0xF0, 0x0E, 0x00, 0xE0, 0x1E, 0x63, 0xE7,
    0xFC, 0x7F, 0x00, 0xE0, 0xFC, 0x71, 0xFF, 0x38, 0xF3, 0xDC, 0xF0, 0xFE, 0x70, 0x3F, 0xF8, 0x1F,
    0xFC, 0x0F, 0xCE, 0x07, 0xE7, 0x03, 0xF3, 0xC3, 0xF8, 0xF3, 0xDC, 0x3F, 0xCE, 0x0F, 0xC0, 0x1F,
    0xF3, 0xFF, 0x3C, 0x77, 0x07, 0x70, 0x77, 0xC7, 0x3F, 0xF1, 0xFF, 0x1C, 0x73, 0x87, 0x38, 0x77,
    0x07, 0x70, 0x70, 0x1C, 0x01, 0xC0, 0x0E, 0x00, 0x70, 0x03, 0x00, 0x00, 0x00, 0x01, 0xF8, 0x3F,
    0xE7, 0x9E, 0xF0, 0xFE, 0x07, 0xFF, 0xFF, 0xFF, 0xE0, 0x0E, 0x00, 0xF0, 0x07, 0xC6, 0x3F, 0xE1,
    0xFE, 0x39, 0xC3, 0xDC, 0x39, 0xC0, 0x00, 0x00, 0x01, 0xF8, 0x3F, 0xE7, 0x9E, 0xF0, 0xFE, 0x07,
    0xFF, 0xFF, 0xFF, 0xE0, 0x0E, 0x00, 0xF0, 0x07, 0xC6, 0x3F, 0xE1, 0xFE, 0x38, 0x01, 0xC0, 0x3F,
    0xE1, 0xFF, 0x03, 0x80, 0x1C, 0x00, 0xFF, 0x87, 0xFE, 0x3C, 0xF1, 0xC3, 0xCE, 0x0E, 0x70, 0x73,
    0x83, 0x9C, 0x1C, 0xE0, 0xE7, 0x07, 0x38, 0x39, 0xC1, 0xCE, 0x0E, 0x00, 0x70, 0x03, 0x80, 0x3C,
    0x07, 0xC0, 0x3E, 0x07, 0x03, 0x83, 0x83, 0x81, 0x80, 0x00, 0x01, 0xFE, 0xFF, 0x70, 0x38, 0x1C,
    0x0E, 0x07, 0x03, 0x81, 0xC0, 0xE0, 0x70, 0x38, 0x1C, 0x00, 0x1F, 0xC7, 0xF9, 0xF3, 0x38, 0x0E,
    0x01, 0xFE, 0x3F, 0xC7, 0x00, 0xE0, 0x1E, 0x01, 0xF3, 0x9F, 0xF1, 0xFE, 0x3F, 0xBF, 0xEF, 0x33,
    0x80, 0xF0, 0x3F, 0x03, 0xF0, 0x3E, 0x03, 0x80, 0xFE, 0x7B, 0xFE, 0xFF, 0x00, 0xFF, 0x00, 0x07,
    0x77, 0x77, 0x77, 0x77, 0x77, 0x77, 0xE7, 0x7B, 0xB9, 0xC0, 0x00, 0x00, 0xE0, 0x70, 0x38, 0x1C,
    0x0E, 0x07, 0x03, 0x81, 0xC0, 0xE0, 0x70, 0x38, 0x1C, 0x0E, 0x00, 0x1E, 0x3C, 0x00, 0x00, 0x01,
    0xC3, 0x87, 0x0E, 0x1C, 0x38, 0x70, 0xE1, 0xC3, 0x87, 0x0E, 0x1C, 0x38, 0xF3, 0xDF, 0xBE, 0x00,
    0x0F, 0xF8, 0x00, 0x7F, 0xC0, 0x03, 0x8E, 0x00, 0x1C, 0x70, 0x00, 0xE3, 0x80, 0x07, 0x1F, 0xF0,
    0x38, 0xFF, 0xC3, 0x87, 0x9F, 0x1C, 0x38, 0x39, 0xE1, 0xC1, 0xDE, 0x0E, 0x1F, 0xF0, 0x7F, 0xEE,
    0x03, 0xFE, 0x00, 0xE0, 0xE0, 0x1C, 0x1C, 0x03, 0x83, 0x80, 0x70, 0x70, 0x0E, 0x0E, 0x01, 0xC1,
    0xFF, 0x3F, 0xFF, 0xF7, 0xFF, 0x1F, 0xE0, 0xE0, 0xFC, 0x1C, 0x1F, 0x83, 0x8F, 0xF0, 0x7F, 0xEE,
    0x0F, 0xF8, 0x38, 0x01, 0xC0, 0x3F, 0xE1, 0xFF, 0x03, 0x80, 0x1C, 0x00, 0xFF, 0x87, 0xFE, 0x3C,
    0xF1, 0xC3, 0xCE, 0x0E, 0x70, 0x73, 0x83, 0x9C, 0x1C, 0xE0, 0xE7, 0x07, 0x38, 0x39, 0xC1, 0xCE,
    0x0E, 0x03, 0x00, 0x70, 0x0E, 0x01, 0xC0, 0x1C, 0x00, 0x00, 0x00, 0x0E, 0x1E, 0xE3, 0xCE, 0x78,
    0xEF, 0x0F, 0xE0, 0xFC, 0x0F, 0xC0, 0xFE, 0x0E, 0xF0, 0xE7, 0x8E, 0x3C, 0xE1, 0xCE, 0x0E, 0x18,
    0x07, 0x80, 0x70, 0x07, 0x00, 0x60, 0x00, 0x00, 0x07, 0x07, 0xE1, 0xFC, 0x7F, 0x8F, 0xF3, 0xFE,
    0xEF, 0xDD, 0xFF, 0x3F, 0xC7, 0xF8, 0xFE, 0x1F, 0x83, 0xF0, 0x70, 0x18, 0xE1, 0xDC, 0x1F, 0xC0,
    0xF8, 0x00, 0x00, 0x00, 0xE0, 0x7F, 0x07, 0x70, 0x77, 0x0E, 0x78, 0xE3, 0x8E, 0x38, 0xC1, 0xDC,
    0x1D, 0xC1, 0xF8, 0x0F, 0x80, 0xF8, 0x07, 0x00, 0x70, 0x07, 0x09, 0xE0, 0xFC, 0x0F, 0x80, 0xE0,
    0xFC, 0x1F, 0x83, 0xF0, 0x7E, 0x0F, 0xC1, 0xF8, 0x3F, 0x07, 0xE0, 0xFC, 0x1F, 0x83, 0xFF, 0xFF,
    0xFE, 0x1C, 0x03, 0x80, 0x70, 0x0E, 0x00, 0x07, 0x00, 0x01, 0xC0, 0x0F, 0xFF, 0x83, 0xFF, 0xE0,
    0x07, 0x00, 0x01, 0xC0, 0x00, 0x70, 0x00, 0x1F, 0xF0, 0x07, 0xFF, 0x01, 0xC7, 0xE0, 0x70, 0x38,
    0x1C, 0x0E, 0x07, 0x03, 0xC1, 0xC0, 0xE0, 0x70, 0x38, 0x1C, 0x7E, 0x07, 0xFF, 0x01, 0xFF, 0x00,
    0x1C, 0x00, 0x38, 0x00, 0x70, 0x00, 0xE0, 0x01, 0xC0, 0x03, 0x80, 0x3F, 0xF8, 0x7F, 0xF0, 0x1C,
    0x00, 0x38, 0x00, 0x7F, 0xC0, 0xFF, 0xE1, 0xE3, 0xC3, 0x83, 0x87, 0x07, 0x8E, 0x0E, 0x1E, 0x3C,
    0x3F, 0xF8, 0x3F, 0xC0, 0x07, 0xF8, 0x0F, 0xFE, 0x0F, 0xCF, 0x8F, 0x01, 0xE7, 0x80, 0x7B, 0x80,
    0x3F, 0xC0, 0x0F, 0xFF, 0x07, 0xFF, 0xE7, 0xFC, 0xFF, 0xFC, 0x1F, 0xEE, 0x00, 0x77, 0x00, 0x7B,
    0xC0, 0x78, 0xF8, 0xF8, 0x3F, 0xF8, 0x07, 0xF8, 0x00, 0x1F, 0xC1, 0xFF, 0x1E, 0x7C, 0xE0, 0xEF,
    0xE7, 0xFF, 0xBF, 0xDF, 0xFC, 0x7F, 0xE0, 0x7B, 0x83, 0x9E, 0x7C, 0x7F, 0xC1, 0xFC, 0x00, 0xE0,
    0x03, 0xEF, 0x00, 0x7E, 0x70, 0x0F, 0x67, 0x80, 0xE0, 0x78, 0x0E, 0x03, 0x81, 0xC0, 0x3C, 0x1C,
    0x01, 0xC3, 0xC0, 0x1C, 0x38, 0x01, 0xE3, 0x80, 0x0E, 0x70, 0x00, 0xF7, 0x00, 0x07, 0xF0, 0x00,
    0x7E, 0x00, 0x03, 0xE0, 0x00, 0x3C, 0x00, 0x03, 0xC0, 0x00, 0xE0, 0x3D, 0xE0, 0xF9, 0xC1, 0xC3,
    0x87, 0x07, 0x8E, 0x07, 0x1C, 0x0E, 0x70, 0x0E, 0xE0, 0x1F, 0x80, 0x3F, 0x00, 0x3E, 0x00, 0x78,
    0x00, 0x70, 0x00, 0x1C, 0x60, 0x0F, 0x70, 0x03, 0xF0, 0x00, 0xF8, 0x00, 0x00, 0x00, 0x00, 0x03,
    0x80, 0x71, 0xC0, 0x78, 0xE0, 0x7C, 0x70, 0x3E, 0x38, 0x3F, 0x1C, 0x3F, 0x8E, 0x3D, 0xC7, 0x1C,
    0xE3, 0x9C, 0x71, 0xDE, 0x38, 0xFE, 0x1C, 0x7E, 0x0E, 0x3F, 0x07, 0x1F, 0x03, 0x8F, 0x01, 0xC7,
    0x80, 0xFF, 0x80, 0x7E, 0x00, 0x0E, 0x00, 0x07, 0x00, 0x07, 0x00, 0x03, 0x80, 0x01, 0x80, 0x71,
    0x80, 0xEE, 0x03, 0xF8, 0x07, 0xC0, 0x00, 0x00, 0x00, 0x0E, 0x0E, 0x38, 0x78, 0xE3, 0xE3, 0x8F,
    0x8E, 0x7E, 0x3B, 0xB8, 0xEE, 0xE3, 0xF3, 0x8F, 0x8E, 0x3E, 0x38, 0xF0, 0xE3, 0x83, 0xEE, 0x0F,
    0x80, 0x0E, 0x00, 0x38, 0x01, 0xE0, 0x07, 0x00, 0x18, 0x38, 0x00, 0x70, 0x03, 0xFE, 0x07, 0xFC,
    0x03, 0x80, 0x07, 0x00, 0x0E, 0x00, 0x1F, 0xF8, 0x3F, 0xF8, 0x71, 0xF8, 0xE0, 0x79, 0xC0, 0x73,
    0x80, 0xE7, 0x01, 0xCE, 0x07, 0x9C, 0x3E, 0x3F, 0xF8, 0x7F, 0xE0, 0x38, 0x07, 0xFC, 0x3F, 0xE0,
    0x70, 0x03, 0x80, 0x1F, 0xF0, 0xFF, 0xC7, 0x1F, 0x38, 0x39, 0xC1, 0xCE, 0x3E, 0x7F, 0xE3, 0xFE,
    0x00, 0xFF, 0x87, 0xFF, 0x38, 0xFD, 0xC0, 0xEE, 0x07, 0xF0, 0x3F, 0x99, 0xFC, 0xEE, 0xE7, 0xF7,
    0xFF, 0x3F, 0xF1, 0xC3, 0x8E, 0x0E, 0x70, 0x63, 0x80, 0x1C, 0x00, 0xE0, 0x00, 0xFF, 0x8F, 0xFC,
    0xE3, 0xEE, 0x0E, 0xE0, 0xFE, 0x07, 0xE0, 0x7E, 0x67, 0xE6, 0xFE, 0x7E, 0xF3, 0xEF, 0xFC, 0xFF,
    0xCE, 0x1C, 0xE0, 0xCE, 0x00, 0xE0, 0x0E, 0x00, 0x00, 0xE0, 0x1C, 0x03, 0xFF, 0xFF, 0xFF, 0xC0,
    0x38, 0x07, 0x00, 0xE0, 0x1C, 0x03, 0x80, 0x70, 0x0E, 0x01, 0xC0, 0x38, 0x07, 0x00, 0xE0, 0x1C,
    0x03, 0x80, 0x70, 0x00, 0x03, 0x81, 0xC0, 0xFF, 0xFF, 0xFF, 0x03, 0x81, 0xC0, 0xE0, 0x70, 0x38,
    0x1C, 0x0E, 0x07, 0x03, 0x81, 0xC0, 0x3F, 0xF9, 0xFF, 0xCE, 0x00, 0x70, 0x03, 0x80, 0x1C, 0x00,
    0xE0, 0x1F, 0xF0, 0xFF, 0x81, 0xC0, 0x0E, 0x00, 0x70, 0x03, 0x80, 0x1C, 0x00, 0xE0, 0x07, 0x00,
    0x38, 0x00, 0x3F, 0xE7, 0xFC, 0xE0, 0x1C, 0x03, 0x80, 0x70, 0x3F, 0xE7, 0xFC, 0x38, 0x07, 0x00,
    0xE0, 0x1C, 0x03, 0x80, 0xFF, 0xE7, 0xFF, 0x38, 0x01, 0xC0, 0x0E, 0x00, 0x70, 0x03, 0xFE, 0x1F,
    0xFC, 0xF1, 0xF7, 0x07, 0xB8, 0x1F, 0xC0, 0xFE, 0x03, 0xF0, 0x1F, 0x80, 0xFC, 0x07, 0xE0, 0x78,
    0x03, 0x80, 0x3C, 0x07, 0xC0, 0xFE, 0x07, 0xC0, 0xFF, 0x9F, 0xF3, 0x80, 0x70, 0x0E, 0x01, 0xFF,
    0x3F, 0xF7, 0x1E, 0xE1, 0xFC, 0x1F, 0x83, 0xF0, 0x7E, 0x0E, 0x01, 0xC0, 0x78, 0x1E, 0x0F, 0x81,
    0xE0, 0x78, 0x38, 0x3C, 0x78, 0x70, 0xF0, 0x70, 0xE3, 0xC0, 0x71, 0xCF, 0x00, 0x73, 0xBC, 0x00,
    0xF7, 0xF0, 0x00, 0xFF, 0xC0, 0x00, 0xFF, 0x80, 0x03, 0xFF, 0x00, 0x0F, 0x77, 0x00, 0x1C, 0xE7,
    0x00, 0x71, 0xCF, 0x01, 0xC3, 0x8F, 0x07, 0x87, 0x0E, 0x0E, 0x0E, 0x1E, 0x3C, 0x1C, 0x1F, 0xF0,
    0x38, 0x1E, 0x00, 0x00, 0x1C, 0x00, 0x00, 0x38, 0x00, 0x00, 0x70, 0x00, 0x00, 0xE0, 0x00, 0x01,
    0xC0, 0x78, 0xE1, 0xC3, 0x8E, 0x38, 0x1C, 0xE7, 0x00, 0xEE, 0xE0, 0x07, 0xFC, 0x00, 0x3F, 0xC0,
    0x07, 0xFC, 0x00, 0xEF, 0xE0, 0x1C, 0xEF, 0x03, 0xCE, 0x78, 0x38, 0xE3, 0xC7, 0x0E, 0x1F, 0xF0,
    0xE1, 0xF0, 0x00, 0x07, 0x00, 0x00, 0x70, 0x00, 0x07, 0x00, 0x00, 0x70, 0x3F, 0xC1, 0xFF, 0xC3,
    0x9F, 0x00, 0x1E, 0x00, 0x78, 0x01, 0xC0, 0x1F, 0x07, 0xF8, 0x1F, 0xF0, 0x07, 0xE0, 0x03, 0x80,
    0x0E, 0x00, 0x38, 0x00, 0xE7, 0x9F, 0x9F, 0xFC, 0x7F, 0xE0, 0x1C, 0x00, 0x38, 0x00, 0xE0, 0x0F,
    0x80, 0x3C, 0x00, 0xFF, 0x3F, 0xEE, 0x7C, 0x07, 0x03, 0xCF, 0xE3, 0xF8, 0x0F, 0x01, 0xC0, 0x7E,
    0x3F, 0xFF, 0xFF, 0x07, 0x00, 0xE0, 0x38, 0x3E, 0x0F, 0x00, 0xE0, 0x79, 0xC1, 0xE3, 0x87, 0x87,
    0x1E, 0x0E, 0x78, 0x1D, 0xE0, 0x3F, 0x80, 0x7E, 0x00, 0xFE, 0x01, 0xDE, 0x03, 0x9E, 0x07, 0x1E,
    0x0E, 0x1E, 0x1C, 0x3C, 0x38, 0x3C, 0x70, 0x3F, 0xE0, 0x3E, 0x00, 0x1C, 0x00, 0x38, 0x00, 0x70,
    0x00, 0xE0, 0x01, 0xC0, 0xE1, 0xEE, 0x3C, 0xE7, 0x8E, 0xE0, 0xFC, 0x0F, 0x80, 0xFC, 0x0F, 0xE0,
    0xEF, 0x0E, 0x78, 0xE3, 0xCE, 0x1F, 0xE0, 0xF0, 0x07, 0x00, 0x70, 0x07, 0x00, 0x70, 0xE0, 0x1E,
    0xE0, 0x3C, 0xE0, 0x78, 0xEC, 0xF0, 0xED, 0xE0, 0xED, 0xC0, 0xEF, 0x80, 0xFF, 0x80, 0xFF, 0x80,
    0xED, 0xC0, 0xED, 0xE0, 0xEC, 0xF0, 0xEC, 0x70, 0xE0, 0x78, 0xE0, 0x3C, 0xE0, 0x1E, 0xE0, 0x0E,
    0xE0, 0x73, 0x83, 0xCF, 0xDE, 0x3F, 0xF0, 0xFF, 0x83, 0xFC, 0x0F, 0xF8, 0x3F, 0xE0, 0xFD, 0xC3,
    0xF3, 0x8E, 0x0F, 0x38, 0x1E, 0xE0, 0x38, 0x38, 0x1E, 0x38, 0x3C, 0xFF, 0x78, 0xFF, 0xF0, 0x39,
    0xE0, 0x3B, 0xC0, 0x3F, 0x80, 0x3F, 0x00, 0x3F, 0x80, 0x3F, 0xC0, 0x3B, 0xE0, 0x38, 0xF0, 0x38,
    0x78, 0x38, 0x3C, 0x38, 0x1E, 0x38, 0x1E, 0x38, 0x0F, 0x38, 0x78, 0xE3, 0xCF, 0xFE, 0x3F, 0xF0,
    0x3F, 0x80, 0xFC, 0x03, 0xF0, 0x0F, 0xE0, 0x3B, 0xC0, 0xE7, 0x83, 0x8F, 0x0E, 0x1E, 0x38, 0x3C,
    0xFF, 0x03, 0xDF, 0xE0, 0xF0, 0x1C, 0x3C, 0x03, 0x8F, 0x00, 0x73, 0xC0, 0x0E, 0xF0, 0x01, 0xF8,
    0x00, 0x3F, 0x00, 0x07, 0xF0, 0x00, 0xFF, 0x00, 0x1D, 0xF0, 0x03, 0x9F, 0x00, 0x71, 0xE0, 0x0E,
    0x1E, 0x01, 0xC1, 0xE0, 0x38, 0x1E, 0x07, 0x01, 0xC0, 0xFC, 0x1D, 0xF8, 0x70, 0x71, 0xE0, 0xE7,
    0x81, 0xDE, 0x03, 0xF8, 0x07, 0xE0, 0x0F, 0xF0, 0x1C, 0xF0, 0x38, 0xF0, 0x70, 0xE0, 0xE0, 0xE1,
    0xC1, 0xE0, 0xE0, 0x1C, 0xE0, 0x1C, 0xE0, 0x1C, 0xE0, 0x1C, 0xE0, 0x1C, 0xE0, 0x1C, 0xE0, 0x1C,
    0xFF, 0xFC, 0xFF, 0xFC, 0xE0, 0x1C, 0xE0, 0x1C, 0xE0, 0x1C, 0xE0, 0x1C, 0xE0, 0x1C, 0xE0, 0x1C,
    0xE0, 0x1F, 0xE0, 0x1F, 0x00, 0x07, 0x00, 0x07, 0x00, 0x07, 0x00, 0x07, 0x00, 0x07, 0xE0, 0xE7,
    0x07, 0x38, 0x39, 0xC1, 0xCE, 0x0E, 0x7F, 0xF3, 0xFF, 0x9C, 0x1C, 0xE0, 0xE7, 0x07, 0x38, 0x39,
    0xC1, 0xFE, 0x0F, 0x80, 0x1C, 0x00, 0xE0, 0x07, 0x00, 0x38, 0xE0, 0x1F, 0xF8, 0x07, 0xFE, 0x01,
    0xC3, 0x80, 0x70, 0xE0, 0x1C, 0x38, 0x07, 0x0E, 0x01, 0xC3, 0xFF, 0xF0, 0xFF, 0xFC, 0x38, 0x07,
    0x0E, 0x01, 0xC3, 0x80, 0x70, 0xE0, 0x1C, 0x38, 0x07, 0x0E, 0x01, 0xC3, 0x80, 0x70, 0xE0, 0x1C,
    0x00, 0xE0, 0xFF, 0x83, 0xFE, 0x0E, 0x38, 0x38, 0xE0, 0xE3, 0xFF, 0x8F, 0xFE, 0x38, 0x38, 0xE0,
    0xE3, 0x83, 0x8E, 0x0E, 0x38, 0x38, 0xE0, 0xE0, 0xFF, 0xF8, 0x01, 0xFF, 0xF0, 0x03, 0x80, 0xE0,
    0x07, 0x01, 0xC0, 0x0E, 0x03, 0x80, 0x1C, 0x07, 0x00, 0x38, 0x0F, 0xFC, 0x70, 0x1F, 0xFC, 0xE0,
    0x3C, 0x7D, 0xC0, 0x70, 0x3B, 0x80, 0xE0, 0x7F, 0x01, 0xC0, 0x7E, 0x03, 0x80, 0xFC, 0x07, 0x01,
    0xF8, 0x0E, 0x03, 0xF0, 0x1C, 0x07, 0xE0, 0x38, 0x0E, 0x00, 0x00, 0x3C, 0x00, 0x00, 0x70, 0x00,
    0x03, 0xE0, 0x00, 0x3F, 0x80, 0x00, 0x7C, 0x00, 0xFF, 0xE0, 0x1F, 0xFC, 0x03, 0x83, 0x80, 0x70,
    0x70, 0x0E, 0x0E, 0x01, 0xC1, 0xFF, 0x38, 0x3F, 0xF7, 0x07, 0x1E, 0xE0, 0xE1, 0xFC, 0x1C, 0x1F,
    0x83, 0x83, 0xF0, 0x70, 0x7E, 0x0E, 0x0E, 0x00, 0x01, 0xC0, 0x00, 0x78, 0x00, 0x1E, 0x00, 0x0F,
    0xC0, 0x01, 0xE0, 0x07, 0xF8, 0x07, 0xFE, 0x03, 0xF1, 0x80, 0xF0, 0x00, 0x78, 0x00, 0x1C, 0x1F,
    0x8F, 0x0F, 0xF3, 0x87, 0xDE, 0xE1, 0xC3, 0xB8, 0x70, 0xFF, 0x1C, 0x3D, 0xC7, 0x0F, 0x71, 0xC3,
    0x9E, 0x71, 0xE3, 0xFD, 0xF0, 0x7F, 0xF8, 0x07, 0xF8, 0x00, 0x1C, 0x00, 0x07, 0x80, 0x00, 0xFC,
    0x00, 0x1F, 0x80, 0x01, 0xE0, 0x1F, 0x80, 0xFE, 0x07, 0xC0, 0x3C, 0x7C, 0xE3, 0xFB, 0x9E, 0xEE,
    0x73, 0xB9, 0xC6, 0xE7, 0x3B, 0xDC, 0xE7, 0xFF, 0x8F, 0xFC, 0x1F, 0xC0, 0x0F, 0x00, 0x1F, 0x00,
    0x3E, 0x00, 0x78, 0x07, 0xF8, 0x7F, 0xF3, 0xF3, 0xDE, 0x00, 0x78, 0x01, 0xC0, 0x0F, 0x00, 0x38,
    0x00, 0xE0, 0x03, 0x80, 0x0F, 0x00, 0x3C, 0x00, 0x70, 0x01, 0xE0, 0x03, 0xF1, 0xC7, 0xFF, 0x07,
    0xF8, 0x06, 0x00, 0x3C, 0x00, 0x70, 0x01, 0xC0, 0x1F, 0x00, 0x7C, 0x00, 0x1F, 0xC7, 0xF9, 0xF3,
    0x38, 0x0E, 0x01, 0xC0, 0x38, 0x07, 0x00, 0xE0, 0x1E, 0x01, 0xF3, 0x1F, 0xE1, 0xFC, 0x0C, 0x01,
    0xC0, 0x38, 0x07, 0x03, 0xE0, 0x7C, 0x00, 0xFF, 0xFF, 0xFF, 0xF0, 0x78, 0x01, 0xE0, 0x07, 0x80,
    0x1E, 0x00, 0x78, 0x01, 0xE0, 0x07, 0x80, 0x1E, 0x00, 0x78, 0x01, 0xE0, 0x07, 0x80, 0x1E, 0x00,
    0x78, 0x01, 0xF8, 0x07, 0xE0, 0x03, 0x80, 0x0E, 0x00, 0x38, 0x00, 0xE0, 0x03, 0x80, 0xFF, 0xFF,
    0xFF, 0x0E, 0x00, 0xE0, 0x0E, 0x00, 0xE0, 0x0E, 0x00, 0xE0, 0x0E, 0x00, 0xE0, 0x0E, 0x00, 0xF8,
    0x0F, 0x80, 0x38, 0x03, 0x80, 0x38, 0x03, 0x80, 0xF0, 0x1E, 0xE0, 0x39, 0xE0, 0xF1, 0xC1, 0xC3,
    0xC7, 0x83, 0xDE, 0x03, 0xB8, 0x07, 0xF0, 0x07, 0xC0, 0x07, 0x00, 0x0E, 0x00, 0x1C, 0x00, 0x38,
    0x00, 0x70, 0x00, 0xE0, 0x01, 0xC0, 0x03, 0x80, 0xE0, 0x77, 0x83, 0x9C, 0x1C, 0xE1, 0xE7, 0x8E,
    0x1C, 0x70, 0xE7, 0x07, 0xB8, 0x1D, 0xC0, 0xFC, 0x03, 0xE0, 0x1E, 0x00, 0xF0, 0x03, 0x80, 0x1C,
    0x00, 0xE0, 0x07, 0x00, 0x38, 0x00, 0xF0, 0x1E, 0xE0, 0x39, 0xE0, 0xF1, 0xC1, 0xC3, 0xC7, 0x83,
    0xCE, 0x03, 0xB8, 0x07, 0xF0, 0x07, 0xC0, 0x0F, 0x80, 0xFF, 0xE1, 0xFF, 0xC0, 0x38, 0x00, 0x70,
    0x00, 0xE0, 0x01, 0xC0, 0x03, 0x80, 0xE0, 0x77, 0x83, 0x9C, 0x1C, 0xE1, 0xC7, 0x8E, 0x1C, 0x70,
    0xE7, 0x03, 0xB8, 0x1F, 0x80, 0xFC, 0x03, 0xE0, 0xFF, 0xC7, 0xFE, 0x03, 0x80, 0x1C, 0x00, 0xE0,
    0x07, 0x00, 0x38, 0x00, 0x70, 0x1E, 0x3C, 0x0E, 0x0F, 0x0F, 0x03, 0x8F, 0x01, 0xE7, 0x00, 0x7F,
    0x80, 0x1F, 0x80, 0x07, 0x80, 0x03, 0xC0, 0x03, 0xF0, 0x03, 0xF8, 0x01, 0xDE, 0x01, 0xE7, 0x81,
    0xE1, 0xE0, 0xE0, 0x70, 0xF0, 0x3F, 0xF0, 0x0F, 0x80, 0x03, 0xC0, 0x01, 0xE0, 0x00, 0xF0, 0x00,
    0x78, 0x00, 0x3C, 0x70, 0x73, 0xC7, 0x0E, 0x78, 0x3B, 0x81, 0xF8, 0x07, 0x80, 0x3C, 0x01, 0xF0,
    0x1F, 0xC1, 0xEF, 0x0E, 0x38, 0xE1, 0xFF, 0x07, 0x80, 0x1C, 0x00, 0xE0, 0x07, 0x00, 0x38, 0xFF,
    0xF8, 0xE7, 0xFF, 0xC7, 0x01, 0xC0, 0x38, 0x0E, 0x01, 0xC0, 0x70, 0x0E, 0x03, 0x80, 0x70, 0x1C,
    0x03, 0x80, 0xE0, 0x1C, 0x07, 0x00, 0xE0, 0x38, 0x07, 0x01, 0xC0, 0x38, 0x0E, 0x01, 0xC0, 0x70,
    0x0E, 0x03, 0x80, 0x70, 0x1C, 0x03, 0x80, 0xFF, 0xFF, 0x07, 0xFF, 0xF8, 0x00, 0x01, 0xC0, 0x00,
    0x0E, 0x00, 0x00, 0x70, 0x00, 0x03, 0x80, 0x00, 0x1C, 0xFF, 0xCE, 0xFF, 0xCE, 0x1E, 0x0E, 0x1E,
    0x0E, 0x1E, 0x0E, 0x1E, 0x0E, 0x1E, 0x0E, 0x1E, 0x0E, 0x1E, 0x0E, 0x1E, 0x0E, 0x1E, 0x0E, 0x1F,
    0xFF, 0x1F, 0xFF, 0x00, 0x07, 0x00, 0x07, 0x00, 0x07, 0x00, 0x07, 0xE0, 0x39, 0xC0, 0x73, 0x80,
    0xE7, 0x01, 0xCE, 0x03, 0x9C, 0x07, 0x38, 0x0E, 0x78, 0x1C, 0x78, 0x78, 0xFF, 0xF0, 0x7F, 0xE0,
    0x01, 0xC0, 0x03, 0x80, 0x07, 0x00, 0x0E, 0x00, 0x1F, 0x00, 0x3E, 0x00, 0x1C, 0x00, 0x38, 0x00,
    0x70, 0x00, 0xE0, 0x01, 0xC0, 0xE0, 0xE7, 0x07, 0x38, 0x39, 0xC1, 0xCE, 0x0E, 0x78, 0xF1, 0xFF,
    0x87, 0xFC, 0x00, 0xE0, 0x07, 0x00, 0x38, 0x01, 0xE0, 0x0F, 0x00, 0x38, 0x01, 0xC0, 0x0E, 0x00,
    0x70, 0xE0, 0x3F, 0x01, 0xF8, 0x0F, 0xC0, 0x7E, 0x03, 0xF0, 0x1F, 0x9C, 0xFE, 0xE7, 0x7F, 0x7B,
    0xFF, 0xCF, 0xFE, 0x0E, 0x70, 0x73, 0x83, 0x9C, 0x00, 0xE0, 0x07, 0x00, 0x38, 0x70, 0x77, 0x07,
    0x70, 0x77, 0x07, 0x76, 0x77, 0xEF, 0x7F, 0xF3, 0xFF, 0x06, 0x70, 0x67, 0x00, 0x70, 0x07, 0x00,
    0x70, 0xE0, 0x07, 0x00, 0x38, 0x01, 0xC0, 0x0E, 0x00, 0x70, 0x03, 0xFF, 0x1F, 0xFE, 0xF1, 0xF7,
    0x03, 0xF8, 0x0F, 0xC0, 0x7E, 0x03, 0xF0, 0x1F, 0x80, 0xFC, 0x07, 0xE0, 0x38, 0xE0, 0x1C, 0x03,
    0x80, 0x70, 0x0E, 0x01, 0xC0, 0x3F, 0xE7, 0xFE, 0xF3, 0xDC, 0x3F, 0x83, 0xF0, 0x7E, 0x0F, 0xC1,
    0xF8, 0x3F, 0x07, 0xE0, 0xFC, 0x1F, 0x83, 0x80, 0x00, 0x7F, 0x00, 0x1F, 0xFC, 0x03, 0xE7, 0xC0,
    0x38, 0x1E, 0xE7, 0x00, 0xEE, 0x70, 0x0F, 0xFF, 0x00, 0x77, 0xFF, 0xFF, 0x3F, 0xFF, 0xF0, 0xF0,
    0x00, 0x07, 0x00, 0x00, 0x70, 0x00, 0x07, 0x80, 0x00, 0x38, 0x00, 0x03, 0xF1, 0xC0, 0x1F, 0xFE,
    0x00, 0x7F, 0xC0, 0x01, 0xF8, 0x07, 0xFC, 0xE7, 0x9E, 0xEF, 0x0E, 0xFE, 0x07, 0x7F, 0xFF, 0x3F,
    0xFF, 0x0E, 0x00, 0x0E, 0x00, 0x0F, 0x00, 0x07, 0xCE, 0x07, 0xFE, 0x01, 0xFE, 0x00, 0x7F, 0x00,
    0x1F, 0xFC, 0x03, 0xE7, 0xC0, 0x38, 0x1E, 0xE7, 0x00, 0xEE, 0x70, 0x0F, 0xFF, 0x00, 0x77, 0xFF,
    0xFF, 0x3F, 0xFF, 0xF0, 0xF0, 0x00, 0x0F, 0x00, 0x00, 0x70, 0x00, 0x07, 0x80, 0x00, 0x38, 0x00,
    0x03, 0xF1, 0xC0, 0x1F, 0xFE, 0x00, 0x7F, 0xC0, 0x01, 0xC0, 0x00, 0x1C, 0x00, 0x01, 0xC0, 0x00,
    0x1C, 0x00, 0x01, 0xC0, 0x01, 0xF8, 0x07, 0xFC, 0xE7, 0x9E, 0xEF, 0x0E, 0xFE, 0x07, 0x7F, 0xFF,
    0x3F, 0xFF, 0x0E, 0x00, 0x0E, 0x00, 0x0F, 0x00, 0x07, 0xCE, 0x07, 0xFE, 0x01, 0xFE, 0x00, 0xE0,
    0x00, 0xE0, 0x00, 0xE0, 0x00, 0xE0, 0xFF, 0xFF, 0xFF, 0xFF, 0xFF, 0xFF, 0xE0, 0x01, 0xC6, 0x00,
    0x01, 0xDC, 0x00, 0x03, 0xF8, 0x00, 0x03, 0xE0, 0x00, 0x00, 0x00, 0x00, 0x00, 0x00, 0x1E, 0x0E,
    0x0F, 0x1E, 0x1C, 0x3C, 0x1C, 0x38, 0xF0, 0x1C, 0x73, 0xC0, 0x3C, 0xEF, 0x00, 0x3D, 0xFC, 0x00,
    0x3F, 0xF0, 0x00, 0x3F, 0xE0, 0x00, 0xFF, 0xC0, 0x03, 0xDD, 0xC0, 0x07, 0x39, 0xC0, 0x1C, 0x73,
    0xC0, 0x70, 0xE3, 0xC1, 0xE1, 0xC3, 0x83, 0x83, 0x87, 0x8F, 0x07, 0x07, 0xBC, 0x0E, 0x07, 0x00,
    0x03, 0x1C, 0x00, 0x77, 0x00, 0x0F, 0xE0, 0x00, 0xF8, 0x00, 0x00, 0x00, 0x00, 0x00, 0x1E, 0x38,
    0x71, 0xC7, 0x1C, 0x1C, 0xE7, 0x01, 0xDD, 0xC0, 0x1F, 0xF0, 0x01, 0xFE, 0x00, 0x7F, 0xC0, 0x1D,
    0xDC, 0x07, 0x39, 0xC1, 0xE7, 0x3C, 0x38, 0xE3, 0xCE, 0x1C, 0x3B, 0xC3, 0x87, 0x80, 0xE0, 0x7F,
    0x07, 0xB8, 0x79, 0xC7, 0x8E, 0x78, 0x77, 0x83, 0xF8, 0x1F, 0xF0, 0xFF, 0xE7, 0x1F, 0xB8, 0x3D,
    0xC0, 0xFE, 0x03, 0xF0, 0x1F, 0x80, 0xFC, 0x07, 0xE0, 0x38, 0x03, 0xC0, 0x1C, 0x03, 0xE0, 0xFE,
    0x07, 0xE0, 0xE1, 0xFC, 0x7B, 0x9E, 0x77, 0x8F, 0xC1, 0xFE, 0x3F, 0xE7, 0x3E, 0xE1, 0xFC, 0x1F,
    0x83, 0xF0, 0x7E, 0x0E, 0x01, 0xC0, 0x78, 0x1E, 0x0F, 0x81, 0xE0, 0x07, 0xFF, 0x01, 0xFF, 0xC0,
    0x70, 0x70, 0x1C, 0x1C, 0x07, 0x07, 0x01, 0xC1, 0xC0, 0x70, 0x70, 0x1C, 0x1C, 0x07, 0x07, 0x01,
    0xC1, 0xC0, 0xF0, 0x70, 0x38, 0x1C, 0x0E, 0x07, 0x07, 0x81, 0xC7, 0xC0, 0x73, 0xE0, 0x1F, 0xF0,
    0x07, 0xC0, 0x00, 0x70, 0x00, 0x38, 0x00, 0x0E, 0x00, 0x07, 0x00, 0x01, 0xC0, 0x0F, 0xF8, 0x0F,
    0xF8, 0x0E, 0x38, 0x0E, 0x38, 0x0E, 0x38, 0x0E, 0x38, 0x0E, 0x38, 0x1C, 0x38, 0x1C, 0x38, 0x3C,
    0x38, 0x78, 0x38, 0xF8, 0x3E, 0xE0, 0x3E, 0x00, 0x0E, 0x00, 0x0E, 0x00, 0x1E, 0x00, 0x1C, 0x00,
    0x18, 0xE0, 0x1F, 0x80, 0x7E, 0x01, 0xF8, 0x07, 0xE0, 0x1F, 0x80, 0x7E, 0x01, 0xFF, 0xFF, 0xFF,
    0xFF, 0x80, 0x7E, 0x01, 0xF8, 0x07, 0xE0, 0x1F, 0x80, 0x7E, 0x01, 0xF8, 0x07, 0xE0, 0x1C, 0x00,
    0x70, 0x01, 0xC0, 0x0F, 0x00, 0xF8, 0x03, 0xE0, 0xE0, 0xFC, 0x1F, 0x83, 0xF0, 0x7E, 0x0F, 0xFF,
    0xFF, 0xFF, 0x07, 0xE0, 0xFC, 0x1F, 0x83, 0xF0, 0x7E, 0x0E, 0x01, 0xC0, 0x38, 0x0F, 0x07, 0xC0,
    0xF8, 0xE0, 0x1C, 0xE0, 0x1C, 0xE0, 0x1C, 0xE0, 0x1C, 0xE0, 0x1C, 0xE0, 0x1C, 0xE0, 0x1C, 0xFF,
    0xFC, 0xFF, 0xFC, 0xE0, 0x1C, 0xE0, 0x1C, 0xE0, 0x1C, 0xE0, 0x1C, 0xE0, 0x1C, 0xE0, 0x1C, 0xE0,
    0x1F, 0xE0, 0x1F, 0x00, 0x07, 0x00, 0x0E, 0x00, 0x0E, 0x00, 0x1C, 0x00, 0x1C, 0xE0, 0xE7, 0x07,
    0x38, 0x39, 0xC1, 0xCE, 0x0E, 0x7F, 0xF3, 0xFF, 0x9C, 0x1C, 0xE0, 0xE7, 0x07, 0x38, 0x39, 0xC1,
    0xFE, 0x0F, 0x80, 0x1C, 0x00, 0xE0, 0x0E, 0x00, 0x70, 0x03, 0x00, 0xE0, 0x3F, 0x01, 0xF8, 0x0F,
    0xC0, 0x7E, 0x03, 0xF0, 0x1F, 0xC0, 0xEE, 0x07, 0x7C, 0x7B, 0xFF, 0xC7, 0xFE, 0x00, 0x70, 0x03,
    0x80, 0x1C, 0x00, 0xE0, 0x1F, 0x00, 0xF8, 0x07, 0x00, 0x38, 0x01, 0xC0, 0x0E, 0x00, 0x70, 0xE0,
    0xFC, 0x1F, 0x83, 0xF0, 0x7E, 0x0F, 0xE3, 0xDF, 0xF9, 0xFF, 0x00, 0xE0, 0x1C, 0x03, 0x81, 0xF0,
    0x3E, 0x07, 0x00, 0xE0, 0x1C, 0x03, 0x80, 0x38, 0x01, 0xC1, 0xE0, 0x07, 0x07, 0xC0, 0x3C, 0x1F,
    0x00, 0xF8, 0x7E, 0x06, 0xE1, 0xD8, 0x1B, 0x87, 0x70, 0xCE, 0x1C, 0xC3, 0x38, 0x73, 0x1C, 0xE1,
    0xCE, 0x63, 0x87, 0x19, 0x8E, 0x1C, 0x7E, 0x38, 0x70, 0xF0, 0xE3, 0xC3, 0xC3, 0x8F, 0x0E, 0x0E,
    0x38, 0x00, 0x3F, 0xE0, 0x00, 0xFC, 0x00, 0x00, 0xE0, 0x00, 0x03, 0x80, 0x00, 0x1C, 0x00, 0x00,
    0x70, 0x00, 0x01, 0x80, 0x70, 0x0E, 0x1E, 0x07, 0x87, 0x81, 0xE1, 0xF0, 0xF8, 0x7C, 0x36, 0x1D,
    0x9D, 0xC7, 0x66, 0x71, 0x9F, 0x9C, 0x63, 0xC7, 0x38, 0xF1, 0xCE, 0x1C, 0x73, 0x80, 0x1F, 0xE0,
    0x07, 0xC0, 0x00, 0x70, 0x00, 0x38, 0x00, 0x0E, 0x00, 0x07, 0x80, 0x00, 0xC0, 0xFF, 0xFF, 0xFF,
    0xFF, 0xFF, 0xFF, 0xE0, 0x0E, 0x30, 0x03, 0xB8, 0x01, 0xFC, 0x00, 0x7C, 0x00, 0x00, 0x00, 0x00,
    0x00, 0x07, 0x00, 0x07, 0xC0, 0x03, 0xE0, 0x03, 0xF0, 0x01, 0xDC, 0x01, 0xCE, 0x00, 0xE7, 0x80,
    0xF1, 0xC0, 0x70, 0xF0, 0x38, 0x38, 0x3C, 0x1C, 0x1F, 0xFF, 0x0F, 0xFF, 0x8E, 0x01, 0xC7, 0x00,
    0xF7, 0x80, 0x3B, 0x80, 0x1E, 0x31, 0xC7, 0x70, 0xFE, 0x0F, 0x80, 0x00, 0x00, 0x1F, 0xE3, 0xFE,
    0x63, 0xC0, 0x38, 0x03, 0x9F, 0xF7, 0xFF, 0xF3, 0xF8, 0x3F, 0x07, 0xF1, 0xFF, 0xFC, 0xFF, 0x00,
    0x0E, 0x70, 0x07, 0xB8, 0x03, 0x9C, 0x00, 0x00, 0x00, 0x00, 0x00, 0x0E, 0x00, 0x0F, 0x80, 0x07,
    0xC0, 0x07, 0xE0, 0x03, 0xB8, 0x03, 0x9C, 0x01, 0xCF, 0x01, 0xE3, 0x80, 0xE1, 0xE0, 0x70, 0x70,
    0x78, 0x38, 0x3F, 0xFE, 0x1F, 0xFF, 0x1C, 0x03, 0x8E, 0x01, 0xEF, 0x00, 0x77, 0x00, 0x3C, 0x3B,
    0x8F, 0x78, 0xEE, 0x00, 0x00, 0x00, 0xFF, 0x1F, 0xF3, 0x1E, 0x01, 0xC0, 0x1C, 0xFF, 0xBF, 0xFF,
    0x9F, 0xC1, 0xF8, 0x3F, 0x8F, 0xFF, 0xE7, 0xF8, 0x00, 0x3F, 0xFC, 0x00, 0xFF, 0xF8, 0x03, 0xF8,
    0x00, 0x07, 0x70, 0x00, 0x1E, 0xE0, 0x00, 0x39, 0xC0, 0x00, 0xE3, 0x80, 0x03, 0xC7, 0xFC, 0x07,
    0x0F, 0xF8, 0x1C, 0x1C, 0x00, 0x78, 0x38, 0x00, 0xFF, 0xF0, 0x03, 0xFF, 0xE0, 0x07, 0x01, 0xC0,
    0x1E, 0x03, 0x80, 0x38, 0x07, 0xFF, 0xE0, 0x0F, 0xFE, 0x7F, 0x1F, 0x87, 0xFB, 0xFC, 0x63, 0xFB,
    0xE0, 0x1E, 0x0E, 0x00, 0xE0, 0xE3, 0xFF, 0xFE, 0x7F, 0xFF, 0xEF, 0x9E, 0x00, 0xE0, 0xE0, 0x0E,
    0x0F, 0x00, 0xF1, 0xF8, 0xCF, 0xFF, 0xFC, 0x3F, 0x9F, 0xC0, 0x71, 0x87, 0xB8, 0x3F, 0x01, 0xF0,
    0x00, 0x00, 0x00, 0xFF, 0xEF, 0xFE, 0xE0, 0x0E, 0x00, 0xE0, 0x0E, 0x00, 0xE0, 0x0F, 0xFC, 0xFF,
    0xCE, 0x00, 0xE0, 0x0E, 0x00, 0xE0, 0x0E, 0x00, 0xE0, 0x0F, 0xFF, 0xFF, 0xF0, 0x38, 0xC3, 0xDC,
    0x1F, 0x80, 0xF8, 0x00, 0x00, 0x00, 0x1F, 0x83, 0xFE, 0x79, 0xEF, 0x0F, 0xE0, 0x7F, 0xFF, 0xFF,
    0xFE, 0x00, 0xE0, 0x0F, 0x00, 0x7C, 0x63, 0xFE, 0x1F, 0xE0, 0x3F, 0xE0, 0x7F, 0xF8, 0x38, 0xFC,
    0x00, 0x3C, 0x00, 0x1E, 0x00, 0x0E, 0x00, 0x0E, 0x00, 0x0E, 0xFF, 0xFF, 0xFF, 0xFE, 0xE0, 0x0E,
    0xF0, 0x0E, 0x70, 0x1E, 0x78, 0x1C, 0x7C, 0x7C, 0x3F, 0xF8, 0x0F, 0xE0, 0x7F, 0x87, 0xFC, 0x63,
    0xE0, 0x0F, 0x00, 0x70, 0x07, 0xFF, 0xFF, 0xFF, 0xE0, 0x7F, 0x0F, 0x79, 0xE7, 0xFC, 0x3F, 0x80,
    0x0E, 0xE0, 0x1E, 0xF0, 0x0E, 0xE0, 0x00, 0x00, 0x00, 0x00, 0x3F, 0xE0, 0x7F, 0xF8, 0x38, 0xFC,
    0x00, 0x3C, 0x00, 0x1E, 0x00, 0x0E, 0x00, 0x0E, 0x00, 0x0E, 0xFF, 0xFF, 0xFF, 0xFE, 0xE0, 0x0E,
    0xF0, 0x0E, 0x70, 0x1E, 0x78, 0x1C, 0x7C, 0x7C, 0x3F, 0xF8, 0x0F, 0xE0, 0x39, 0xC3, 0xBC, 0x39,
    0xC0, 0x00, 0x00, 0x07, 0xF8, 0x7F, 0xC6, 0x3E, 0x00, 0xF0, 0x07, 0x00, 0x7F, 0xFF, 0xFF, 0xFE,
    0x07, 0xF0, 0xF7, 0x9E, 0x7F, 0xC3, 0xF8, 0x01, 0xCE, 0x00, 0x03, 0xDC, 0x00, 0x07, 0x38, 0x00,
    0x00, 0x00, 0x00, 0x00, 0x00, 0x0F, 0x07, 0x07, 0x8F, 0x0E, 0x1E, 0x0E, 0x1C, 0x78, 0x0E, 0x39,
    0xE0, 0x1E, 0x77, 0x80, 0x1E, 0xFE, 0x00, 0x1F, 0xF8, 0x00, 0x1F, 0xF0, 0x00, 0x7F, 0xE0, 0x01,
    0xEE, 0xE0, 0x03, 0x9C, 0xE0, 0x0E, 0x39, 0xE0, 0x38, 0x71, 0xE0, 0xF0, 0xE1, 0xC1, 0xC1, 0xC3,
    0xC7, 0x83, 0x83, 0xDE, 0x07, 0x03, 0x80, 0x03, 0xB8, 0x00, 0xF7, 0x80, 0x0E, 0xE0, 0x00, 0x00,
    0x00, 0x00, 0x00, 0xF1, 0xC3, 0x8E, 0x38, 0xE0, 0xE7, 0x38, 0x0E, 0xEE, 0x00, 0xFF, 0x80, 0x0F,
    0xF0, 0x03, 0xFE, 0x00, 0xEE, 0xE0, 0x39, 0xCE, 0x0F, 0x39, 0xE1, 0xC7, 0x1E, 0x70, 0xE1, 0xDE,
    0x1C, 0x3C, 0x19, 0xC0, 0xF7, 0x81, 0x9C, 0x00, 0x00, 0x00, 0x00, 0xFF, 0x07, 0xFF, 0x0E, 0x7C,
    0x00, 0x78, 0x01, 0xE0, 0x07, 0x00, 0x7C, 0x1F, 0xE0, 0x7F, 0xC0, 0x1F, 0x80, 0x0E, 0x00, 0x38,
    0x00, 0xE0, 0x03, 0x9E, 0x7E, 0x7F, 0xF0, 0xFF, 0x80, 0x73, 0x9D, 0xE7, 0x38, 0x00, 0x00, 0x3F,
    0xCF, 0xFB, 0x9F, 0x01, 0xC0, 0xF3, 0xF8, 0xFE, 0x03, 0xC0, 0x70, 0x1F, 0x8F, 0xFF, 0xFF, 0xC0,
    0x7F, 0xFB, 0xFF, 0xC0, 0x1C, 0x01, 0xC0, 0x1C, 0x01, 0xC0, 0x1C, 0x01, 0xFC, 0x0F, 0xF0, 0x0F,
    0xC0, 0x1E, 0x00, 0x70, 0x03, 0x80, 0x1D, 0xE7, 0xFF, 0xFE, 0x7F, 0xC0, 0x7F, 0xF7, 0xFE, 0x00,
    0xE0, 0x1C, 0x03, 0x80, 0x70, 0x0F, 0x00, 0xF8, 0x0F, 0xE0, 0x3F, 0x00, 0xF0, 0x07, 0x00, 0x70,
    0x07, 0x00, 0xF7, 0x3E, 0x7F, 0xE7, 0xF8, 0x1F, 0xE0, 0x3F, 0xC0, 0x00, 0x00, 0x00, 0x00, 0x00,
    0x1C, 0x03, 0xB8, 0x0F, 0x70, 0x3E, 0xE0, 0x7D, 0xC1, 0xFB, 0x87, 0xF7, 0x1E, 0xEE, 0x39, 0xDC,
    0xE3, 0xBB, 0xC7, 0x7F, 0x0E, 0xFC, 0x1D, 0xF8, 0x3B, 0xE0, 0x77, 0x80, 0xEF, 0x01, 0xDC, 0x03,
    0x80, 0x3F, 0x87, 0xF0, 0x00, 0x00, 0x00, 0x01, 0xC1, 0xF8, 0x7F, 0x1F, 0xE3, 0xFC, 0xFF, 0xBB,
    0xF7, 0x7F, 0xCF, 0xF1, 0xFE, 0x3F, 0x87, 0xE0, 0xFC, 0x1C, 0x1C, 0xE0, 0x3D, 0xC0, 0x73, 0x80,
    0x00, 0x00, 0x00, 0x1C, 0x03, 0xB8, 0x0F, 0x70, 0x3E, 0xE0, 0x7D, 0xC1, 0xFB, 0x87, 0xF7, 0x1E,
    0xEE, 0x39, 0xDC, 0xE3, 0xBB, 0xC7, 0x7F, 0x0E, 0xFC, 0x1D, 0xF8, 0x3B, 0xE0, 0x77, 0x80, 0xEF,
    0x01, 0xDC, 0x03, 0x80, 0x3B, 0x8F, 0x78, 0xEE, 0x00, 0x00, 0x01, 0xC1, 0xF8, 0x7F, 0x1F, 0xE3,
    0xFC, 0xFF, 0xBB, 0xF7, 0x7F, 0xCF, 0xF1, 0xFE, 0x3F, 0x87, 0xE0, 0xFC, 0x1C, 0x07, 0x38, 0x03,
    0xBC, 0x01, 0xCE, 0x00, 0x00, 0x00, 0x00, 0x00, 0x3F, 0xC0, 0x7F, 0xF0, 0x7E, 0x7C, 0x78, 0x0F,
    0x38, 0x03, 0xDC, 0x01, 0xFE, 0x00, 0x7E, 0x00, 0x3F, 0x00, 0x1F, 0x80, 0x0F, 0xE0, 0x07, 0x70,
    0x07, 0xB8, 0x03, 0xDE, 0x03, 0xC7, 0xE7, 0xC1, 0xFF, 0xC0, 0x3F, 0xC0, 0x19, 0xC1, 0xEF, 0x06,
    0x70, 0x00, 0x00, 0x00, 0x0F, 0xE0, 0xFF, 0x8F, 0x3E, 0x70, 0x77, 0x03, 0xF8, 0x0F, 0xC0, 0x7E,
    0x03, 0xF0, 0x3D, 0xC1, 0xCF, 0x3E, 0x3F, 0xE0, 0xFE, 0x00, 0x07, 0xF8, 0x0F, 0xFE, 0x0F, 0x8F,
    0x8F, 0x01, 0xE7, 0x00, 0x7B, 0x80, 0x1F, 0x80, 0x0F, 0xFF, 0xFF, 0xFF, 0xFF, 0xF0, 0x01, 0xFC,
    0x00, 0xEE, 0x00, 0xF7, 0x80, 0x7B, 0xC0, 0x78, 0xFC, 0xF8, 0x3F, 0xF8, 0x07, 0xF8, 0x00, 0x1F,
    0xC1, 0xFF, 0x1F, 0x7C, 0xE0, 0xEE, 0x07, 0xFF, 0xFF, 0xFF, 0xFC, 0x07, 0xE0, 0x7B, 0x83, 0x9E,
    0x7C, 0x7F, 0xC1, 0xFC, 0x00, 0x07, 0x38, 0x03, 0xBC, 0x01, 0xCE, 0x00, 0x00, 0x00, 0x00, 0x00,
    0x3F, 0xC0, 0x7F, 0xF0, 0x7C, 0x7C, 0x78, 0x0F, 0x38, 0x03, 0xDC, 0x00, 0xFC, 0x00, 0x7F, 0xFF,
    0xFF, 0xFF, 0xFF, 0x80, 0x0F, 0xE0, 0x07, 0x70, 0x07, 0xBC, 0x03, 0xDE, 0x03, 0xC7, 0xE7, 0xC1,
    0xFF, 0xC0, 0x3F, 0xC0, 0x39, 0xC1, 0xEF, 0x0E, 0x70, 0x00, 0x00, 0x00, 0x0F, 0xE0, 0xFF, 0x8F,
    0xBE, 0x70, 0x77, 0x03, 0xFF, 0xFF, 0xFF, 0xFE, 0x03, 0xF0, 0x3D, 0xC1, 0xCF, 0x3E, 0x3F, 0xE0,
    0xFE, 0x00, 0x39, 0xC0, 0x7B, 0x80, 0xE7, 0x00, 0x00, 0x00, 0x00, 0x0F, 0xF8, 0x3F, 0xF8, 0x38,
    0xF8, 0x00, 0x78, 0x00, 0x78, 0x00, 0x70, 0x00, 0xE1, 0xFF, 0xC3, 0xFF, 0x80, 0x07, 0x00, 0x0E,
    0x00, 0x1C, 0x00, 0x78, 0x01, 0xE3, 0x8F, 0x8F, 0xFE, 0x0F, 0xF8, 0x00, 0x73, 0x87, 0xB8, 0x73,
    0x80, 0x00, 0x00, 0x07, 0xF0, 0x7F, 0xC6, 0x3C, 0x00, 0xE0, 0x0E, 0x1F, 0xE1, 0xFF, 0x00, 0xE0,
    0x0E, 0x01, 0xE6, 0x3E, 0x7F, 0xC7, 0xF0, 0x0F, 0xF0, 0x1F, 0xE0, 0x00, 0x00, 0x00, 0x00, 0x00,
    0x1E, 0x03, 0xDC, 0x07, 0x3C, 0x0E, 0x38, 0x3C, 0x78, 0x70, 0x70, 0xE0, 0xF3, 0x80, 0xE7, 0x01,
    0xFE, 0x01, 0xF8, 0x01, 0xF0, 0x03, 0xC0, 0x03, 0x80, 0x0E, 0x02, 0x7C, 0x07, 0xF0, 0x0F, 0xC0,
    0x00, 0x1F, 0xC1, 0xFC, 0x00, 0x00, 0x00, 0x00, 0x0E, 0x07, 0xF0, 0x77, 0x07, 0x70, 0xE7, 0x8E,
    0x38, 0xE3, 0x8C, 0x1D, 0xC1, 0xDC, 0x1F, 0x80, 0xF8, 0x0F, 0x80, 0x70, 0x07, 0x00, 0x70, 0x9E,
    0x0F, 0xC0, 0xF8, 0x00, 0x0E, 0x70, 0x3D, 0xE0, 0x39, 0xC0, 0x00, 0x00, 0x00, 0x1E, 0x03, 0xDC,
    0x07, 0x3C, 0x0E, 0x38, 0x3C, 0x78, 0x70, 0x70, 0xE0, 0xF3, 0x80, 0xE7, 0x01, 0xFE, 0x01, 0xF8,
    0x01, 0xF0, 0x03, 0xC0, 0x03, 0x80, 0x0E, 0x02, 0x7C, 0x07, 0xF0, 0x0F, 0xC0, 0x00, 0x1D, 0xC3,
    0xDE, 0x1D, 0xC0, 0x00, 0x00, 0x0E, 0x07, 0xF0, 0x77, 0x07, 0x70, 0xE7, 0x8E, 0x38, 0xE3, 0x8C,
    0x1D, 0xC1, 0xDC, 0x1F, 0x80, 0xF8, 0x0F, 0x80, 0x70, 0x07, 0x00, 0x70, 0x9E, 0x0F, 0xC0, 0xF8,
    0x00, 0x01, 0x98, 0x07, 0x70, 0x1D, 0xC0, 0x73, 0x00, 0x66, 0x00, 0x00, 0x00, 0x00, 0x78, 0x0F,
    0x70, 0x1C, 0xF0, 0x38, 0xE0, 0xF1, 0xE1, 0xC1, 0xC3, 0x83, 0xCE, 0x03, 0x9C, 0x07, 0xF8, 0x07,
    0xE0, 0x07, 0xC0, 0x0F, 0x00, 0x0E, 0x00, 0x38, 0x09, 0xF0, 0x1F, 0xC0, 0x3F, 0x00, 0x07, 0x30,
    0x77, 0x0E, 0xE1, 0xDC, 0x18, 0xC0, 0x00, 0x00, 0x0E, 0x07, 0xF0, 0x77, 0x07, 0x70, 0xE7, 0x8E,
    0x38, 0xE3, 0x8C, 0x1D, 0xC1, 0xDC, 0x1F, 0x80, 0xF8, 0x0F, 0x80, 0x70, 0x07, 0x00, 0x70, 0x9E,
    0x0F, 0xC0, 0xF8, 0x00, 0x1C, 0xE0, 0xEF, 0x07, 0x38, 0x00, 0x00, 0x00, 0x70, 0x1F, 0x80, 0xFC,
    0x07, 0xE0, 0x3F, 0x01, 0xF8, 0x0F, 0xC0, 0x7F, 0x03, 0xBC, 0x3D, 0xFF, 0xE3, 0xFF, 0x00, 0x38,
    0x01, 0xC0, 0x0E, 0x00, 0x70, 0x03, 0x80, 0x1C, 0x73, 0x8F, 0x71, 0xCE, 0x00, 0x00, 0x01, 0xC1,
    0xF8, 0x3F, 0x07, 0xE0, 0xFC, 0x1F, 0xC7, 0xBF, 0xF3, 0xFE, 0x01, 0xC0, 0x38, 0x07, 0x00, 0xE0,
    0x1C, 0xFF, 0xFF, 0xFF, 0x80, 0x70, 0x0E, 0x01, 0xC0, 0x38, 0x07, 0x00, 0xE0, 0x1C, 0x03, 0x80,
    0x70, 0x0E, 0x01, 0xC0, 0x38, 0x07, 0xC0, 0xF8, 0x07, 0x00, 0xE0, 0x1C, 0x03, 0x80, 0x70, 0x00,
    0xFF, 0x7F, 0xB8, 0x1C, 0x0E, 0x07, 0x03, 0x81, 0xC0, 0xE0, 0x70, 0x38, 0x1E, 0x0F, 0x03, 0x81,
    0xC0, 0xE0, 0x70, 0x00, 0x07, 0x38, 0x01, 0xDE, 0x00, 0x73, 0x80, 0x00, 0x00, 0x00, 0x00, 0x38,
    0x00, 0xFE, 0x00, 0x3F, 0x80, 0x0F, 0xE0, 0x03, 0xF8, 0x00, 0xFE, 0x00, 0x3F, 0xFE, 0x0F, 0xFF,
    0xE3, 0xF8, 0xFC, 0xFE, 0x07, 0x3F, 0x81, 0xCF, 0xE0, 0x7B, 0xF8, 0x1C, 0xFE, 0x07, 0x3F, 0x8F,
    0xCF, 0xFF, 0xE3, 0xFF, 0xE0, 0xF0, 0x0E, 0xE0, 0x3D, 0xE0, 0x3B, 0x80, 0x00, 0x00, 0x00, 0x1C,
    0x01, 0xF8, 0x03, 0xF0, 0x07, 0xE0, 0x0F, 0xC0, 0x1F, 0xFE, 0x3F, 0xFE, 0x7E, 0x3C, 0xFC, 0x3D,
    0xF8, 0x7B, 0xF1, 0xE7, 0xFF, 0xCF, 0xFF, 0x1C, 0x06, 0x00, 0x1E, 0x00, 0x1C, 0x00, 0x1C, 0x00,
    0x18, 0x00, 0x00, 0x00, 0x00, 0x78, 0x0F, 0x70, 0x1C, 0xF0, 0x78, 0xE0, 0xE1, 0xE3, 0xC1, 0xEF,
    0x01, 0xDC, 0x03, 0xF8, 0x03, 0xE0, 0x03, 0x80, 0x07, 0x00, 0x0E, 0x00, 0x1C, 0x00, 0x38, 0x00,
    0x70, 0x00, 0xE0, 0x01, 0xC0, 0x0C, 0x01, 0xE0, 0x0E, 0x00, 0x70, 0x03, 0x00, 0x00, 0x00, 0x00,
    0x00, 0xE0, 0x7F, 0x07, 0x70, 0x77, 0x0E, 0x78, 0xE3, 0x8E, 0x38, 0xC1, 0xDC, 0x1D, 0xC1, 0xF8,
    0x0F, 0x80, 0xF8, 0x07, 0x00, 0x70, 0x07, 0x09, 0xE0, 0xFC, 0x0F, 0x80, 0x7F, 0xFD, 0xFF, 0xF0,
    0x7F, 0xFF, 0xFF, 0xDF, 0xFF, 0xFF, 0xF0, 0x7F, 0xFF, 0xFF, 0xDF, 0xFF, 0xFF, 0xF0, 0x33, 0x9D,
    0xEE, 0x70, 0x7B, 0xDC, 0xE7, 0x30, 0x7B, 0xDC, 0xE7, 0x30, 0x33, 0xB9, 0xDD, 0xDE, 0xEE, 0x77,
    0x38, 0x7B, 0xBD, 0xDC, 0xEE, 0x77, 0x73, 0x38, 0x7B, 0xBD, 0xDC, 0xEE, 0x77, 0x73, 0x38, 0x06,
    0x00, 0xC0, 0x18, 0x03, 0x00, 0x60, 0xFF, 0xDF, 0xF8, 0x30, 0x06, 0x00, 0xC0, 0x18, 0x03, 0x00,
    0x60, 0x0C, 0x01, 0x80, 0x30, 0x06, 0x00, 0xC0, 0x18, 0x03, 0x00, 0x60, 0x06, 0x00, 0xC0, 0x18,
    0x03, 0x00, 0x60, 0xFF, 0xDF, 0xF8, 0x30, 0x06, 0x00, 0xC0, 0x18, 0x03, 0x07, 0xFE, 0xFF, 0xC1,
    0x80, 0x30, 0x06, 0x00, 0xC0, 0x18, 0x03, 0x00, 0x60, 0x7D, 0xFF, 0xFF, 0xFF, 0xEF, 0x80, 0xF0,
    0x70, 0x77, 0x87, 0x83, 0xFC, 0x1C, 0x1C, 0x3E, 0x07, 0x00, 0x03, 0xF8, 0x70, 0x00, 0x3D, 0xC3,
    0x80, 0x01, 0xC6, 0x38, 0x00, 0x0E, 0x3B, 0xC0, 0x00, 0x71, 0xDC, 0x00, 0x03, 0x8D, 0xC0, 0x00,
    0x1E, 0xEE, 0xF8, 0x7C, 0x7F, 0xEF, 0xE7, 0xF1, 0xF7, 0xF7, 0x3B, 0x80, 0x77, 0x1B, 0x8E, 0x07,
    0xB8, 0xFC, 0x70, 0x39, 0xC7, 0xE3, 0x83, 0x8E, 0x37, 0x1C, 0x1C, 0x7B, 0x9D, 0xC1, 0xC1, 0xFC,
    0xFE, 0x0E, 0x07, 0xC3, 0xE0, 0x0C, 0x38, 0xF1, 0xC7, 0x8E, 0x1E, 0x1C, 0x3C, 0x38, 0x30, 0xC3,
    0x87, 0x1E, 0x38, 0xF3, 0x9E, 0x73, 0x8C, 0x00, 0x00, 0x38, 0x03, 0x80, 0x1C, 0x01, 0xC0, 0x0E,
    0x00, 0xE0, 0x0E, 0x00, 0x70, 0x07, 0x00, 0x38, 0x03, 0x80, 0x1C, 0x01, 0xC0, 0x1C, 0x00, 0xE0,
    0x0E, 0x00, 0x70, 0x00, 0x3E, 0x3F, 0x9D, 0xDC, 0x6E, 0x3F, 0x1F, 0x8C, 0xEE, 0x7F, 0x1F, 0x00,
    0x07, 0x07, 0x87, 0xC7, 0xE7, 0x73, 0x3B, 0xFF, 0xFF, 0x07, 0x03, 0x80, 0x7E, 0xFD, 0x87, 0xEF,
    0xE3, 0xC1, 0xE7, 0xFF, 0xF8, 0x0F, 0x1F, 0x9F, 0x0F, 0xC7, 0xF3, 0xB9, 0x8E, 0xEE, 0x7F, 0x1F,
    0x00, 0x7F, 0x3F, 0x81, 0xC1, 0xC0, 0xE0, 0xE0, 0x70, 0x30, 0x38, 0x1C, 0x00, 0x3E, 0x3F, 0x9D,
    0xCE, 0xE7, 0xE3, 0xF9, 0x8D, 0xEE, 0x7F, 0x1F, 0x00, 0x3E, 0x3F, 0x9D, 0xDC, 0x67, 0xF1, 0xF8,
    0x1C, 0x3E, 0x7E, 0x3C, 0x00, 0x3E, 0x3F, 0x9D, 0xDC, 0x6E, 0x3F, 0x1F, 0x8C, 0xEE, 0x7F, 0x1F,
    0x00, 0x3B, 0xFF, 0xF1, 0x8C, 0x63, 0x18, 0xC0, 0x7E, 0x7F, 0x67, 0x07, 0x0E, 0x1C, 0x38, 0x70,
    0x7F, 0x7F, 0x7E, 0x7E, 0x6F, 0x3E, 0x3E, 0x0F, 0x07, 0x67, 0x7F, 0x7E, 0x07, 0x07, 0x87, 0xC7,
    0xE7, 0x73, 0x3B, 0xFF, 0xFF, 0x07, 0x03, 0x80, 0x7E, 0xFD, 0x87, 0xEF, 0xE3, 0xC1, 0xE7, 0xFF,
    0xF8, 0x0F, 0x1F, 0x9F, 0x0F, 0xC7, 0xF3, 0xB9, 0x8E, 0xEE, 0x7F, 0x1F, 0x00, 0x7F, 0x3F, 0x81,
    0xC1, 0xC0, 0xE0, 0xE0, 0x70, 0x30, 0x38, 0x1C, 0x00, 0x3E, 0x3F, 0x9D, 0xCE, 0xE7, 0xE3, 0xF9,
    0x8D, 0xEE, 0x7F, 0x1F, 0x00, 0x3E, 0x3F, 0x9D, 0xDC, 0x67, 0xF1, 0xF8, 0x1C, 0x3E, 0x7E, 0x3C,
    0x00, 0x07, 0xF8, 0x7F, 0x87, 0xCC, 0x38, 0x03, 0x80, 0x7F, 0xF3, 0xFF, 0x87, 0x00, 0x38, 0x07,
    0xFE, 0x3F, 0xF0, 0x70, 0x03, 0xC0, 0x0E, 0x00, 0x7C, 0x61, 0xFF, 0x07, 0xF8, 0xFF, 0xFF, 0xFF,
    0xC1, 0xC0, 0x0E, 0x00, 0x70, 0x03, 0xF0, 0x1F, 0x83, 0xF0, 0x7F, 0x03, 0xF8, 0x01, 0xF8, 0x0F,
    0xC1, 0xF8, 0x3F, 0x81, 0xFC, 0x00, 0xE0, 0x07, 0x00, 0x1F, 0xC0, 0x7F, 0xC1, 0x8F, 0x00, 0x1C,
    0x00, 0x71, 0xFF, 0xF7, 0xFF, 0xC0, 0xF8, 0x07, 0xC0, 0x7C, 0x07, 0xFF, 0xDF, 0xFF, 0x38, 0x00,
    0xE0, 0x03, 0xC7, 0x0F, 0xFE, 0x0F, 0xF0, 0xFF, 0xFF, 0xFF, 0xC0, 0xF0, 0x03, 0x8F, 0xFF, 0x7F,
    0xF8, 0x07, 0x00, 0xF8, 0xFF, 0x87, 0xF0, 0x1E, 0x00, 0x78, 0x01, 0xC0, 0x07, 0x00, 0x3C, 0x00,
    0xF0, 0x03, 0xC0, 0x7F, 0x83, 0xFE, 0x18, 0xF8, 0x01, 0xE0, 0x07, 0x00, 0x38, 0x01, 0xC3, 0xFF,
    0x3F, 0xFB, 0xE7, 0xFC, 0x1F, 0xC0, 0xFE, 0x07, 0x70, 0x3B, 0x81, 0xDC, 0x1C, 0xFB, 0xE3, 0xFE,
    0x0F, 0xE0, 0x03, 0xC0, 0x01, 0xE0, 0x01, 0xF8, 0x00, 0xFC, 0x00, 0x67, 0x00, 0x73, 0x80, 0x38,
    0xE0, 0x38, 0x70, 0x1C, 0x38, 0x1C, 0x0E, 0x0E, 0x07, 0x07, 0x03, 0xC7, 0x00, 0xE3, 0x80, 0x71,
    0xC0, 0x3D, 0xFF, 0xFE, 0xFF, 0xFF, 0x00, 0xFF, 0xFF, 0xFF, 0xFE, 0x03, 0xF8, 0x0F, 0xE0, 0x3F,
    0x80, 0xFE, 0x03, 0xF8, 0x0F, 0xE0, 0x3F, 0x80, 0xFE, 0x03, 0xF8, 0x0F, 0xE0, 0x3F, 0x80, 0xFE,
    0x03, 0xF8, 0x0F, 0xE0, 0x3F, 0x80, 0xFE, 0x03, 0xF8, 0x0F, 0xFF, 0xFF, 0xFF, 0xDC, 0x00, 0x70,
    0x03, 0xC0, 0x0E, 0x00, 0x38, 0x01, 0xE0, 0x07, 0x80, 0x1C, 0x01, 0xE0, 0x1E, 0x00, 0xE0, 0x0F,
    0x00, 0xF0, 0x07, 0x00, 0x78, 0x03, 0x80, 0x3F, 0xFF, 0xFF, 0xF0, 0xFF, 0xFF, 0xFF, 0x00, 0x38,
    0x03, 0x80, 0x1C, 0x01, 0xC0, 0x0E, 0x00, 0xE0, 0x0E, 0x00, 0x70, 0x07, 0x00, 0x38, 0x03, 0x80,
    0x1C, 0x01, 0xC0, 0x1C, 0x00, 0xE0, 0x0E, 0x00, 0x70, 0x00, 0xFF, 0xF0, 0x00, 0x0E, 0x00, 0x18,
    0x00, 0x70, 0x00, 0xE0, 0x01, 0x80, 0x07, 0x00, 0x0E, 0x00, 0x1C, 0x00, 0x30, 0x00, 0xE1, 0xE1,
    0xC7, 0xC3, 0x0F, 0xCE, 0x03, 0x9C, 0x03, 0xB8, 0x07, 0x60, 0x07, 0xC0, 0x0F, 0x80, 0x1E, 0x00,
    0x1C, 0x00, 0x3C, 0xF9, 0xFF, 0xF7, 0x7D, 0xF8, 0xE3, 0x77, 0xDD, 0xFF, 0xF3, 0xEF, 0x80, 0x07,
    0x83, 0xE0, 0xF0, 0x78, 0x1C, 0x07, 0x01, 0xC0, 0x70, 0x1C, 0x07, 0x01, 0xC0, 0x70, 0x1C, 0x07,
    0x01, 0xC0, 0x70, 0x1C, 0x07, 0x01, 0xC0, 0x70, 0x1C, 0x1F, 0x0F, 0x83, 0xC0, 0x7C, 0x3F, 0xF7,
    0xEF, 0xFC, 0x3E, 0x00, 0x00, 0x00, 0x7C, 0x3F, 0xF7, 0xEF, 0xFC, 0x3E, 0x00, 0xC0, 0x1C, 0x01,
    0xCF, 0xFF, 0xFF, 0xF0, 0x70, 0x07, 0x00, 0xE0, 0xFF, 0xFF, 0xFF, 0x38, 0x03, 0x80, 0x30, 0x00,
    0x00, 0x70, 0x1F, 0x0F, 0xE3, 0xF8, 0xFC, 0x0F, 0x00, 0xFC, 0x03, 0xF8, 0x0F, 0xE0, 0x1F, 0x00,
    0x70, 0x00, 0x00, 0x0F, 0xFF, 0xFF, 0xF0, 0xE0, 0x0F, 0x80, 0x7F, 0x00, 0xFC, 0x03, 0xF0, 0x0F,
    0x03, 0xF0, 0xFC, 0x7F, 0x0F, 0x80, 0xE0, 0x00, 0x00, 0x00, 0x0F, 0xFF, 0xFF, 0xF0, 0x60, 0xF0,
    0x78, 0x3C, 0x1E, 0x0F, 0x06, 0x7C, 0x7E, 0xC7, 0xC3, 0xC3, 0xC3, 0x7E, 0x7C, 0x00, 0x00, 0x1C,
    0x38, 0x38, 0x70, 0xF0, 0xE1, 0xC3, 0x83, 0x87, 0x0E, 0x0C, 0x1C, 0x38, 0x30, 0x70, 0xE0, 0xC1,
    0x83, 0x83, 0x06, 0x0E, 0x0C, 0x00, 0x00, 0x10, 0x00, 0x01, 0xF8, 0x00, 0x03, 0xE0, 0x60, 0x0F,
    0x00, 0x70, 0x0C, 0x00, 0x78, 0x18, 0x00, 0x6C, 0x30, 0x00, 0x6E, 0x30, 0x00, 0x66, 0x60, 0x1C,
    0x63, 0x60, 0x1E, 0xE3, 0x60, 0x1F, 0xC3, 0x60, 0x19, 0x03, 0x60, 0x18, 0x03, 0x60, 0x78, 0x03,
    0x60, 0xF8, 0x03, 0x60, 0xD8, 0x03, 0x61, 0x98, 0x03, 0x30, 0xC8, 0x06, 0x30, 0xE0, 0x0E, 0x18,
    0x60, 0x0C, 0x1C, 0x60, 0x38, 0x0F, 0xE0, 0x70, 0x07, 0xE3, 0xE0, 0x01, 0x8F, 0x80, 0x00, 0x0C,
    0x00, 0x00, 0x00, 0x00, 0x1C, 0x00, 0x07, 0x00, 0x00, 0xE0, 0x00, 0x1C, 0x00, 0x07, 0x00, 0x00,
    0xFF, 0xF8, 0x3F, 0xFF, 0x07, 0x00, 0xE1, 0xC0, 0x38, 0x38, 0x07, 0x0E, 0x01, 0xC3, 0xC0, 0x38,
    0xF2, 0x0E, 0x1C, 0xF3, 0xC3, 0x1F, 0xF0, 0x00, 0xFC, 0x00, 0x07, 0xC0, 0x00, 0x7C, 0x00, 0x03,
    0xC0, 0x00, 0x38, 0x00, 0x02, 0x00, 0x00, 0x00, 0x00, 0x00, 0x1C, 0x00, 0x07, 0x80, 0x01, 0xE0,
    0x00, 0x38, 0x1C, 0x0E, 0x03, 0xC3, 0x80, 0x7E, 0xF0, 0x03, 0xFC, 0x00, 0x3F, 0x00, 0x01, 0xF0,
    0x00, 0x7F, 0x00, 0x1E, 0xF0, 0x43, 0x8F, 0x98, 0xE0, 0xF3, 0x38, 0x0E, 0x6F, 0x00, 0x0F, 0xC0,
    0x01, 0xF0, 0x00, 0x3C, 0x00, 0x07, 0x80, 0x00, 0xE0, 0x00, 0x00, 0x01, 0xFF, 0x00, 0x0F, 0xFF,
    0x80, 0x3F, 0x1F, 0x80, 0xF0, 0x07, 0x83, 0xC0, 0x07, 0x87, 0x00, 0x07, 0x1C, 0x00, 0x07, 0x30,
    0x00, 0x06, 0xE0, 0x00, 0x0F, 0xC0, 0x00, 0x1F, 0x80, 0x00, 0x3F, 0x00, 0x00, 0x7E, 0x00, 0x00,
    0xFC, 0x00, 0x01, 0xF8, 0x00, 0x03, 0xB0, 0x00, 0x06, 0x70, 0x00, 0x1C, 0x70, 0x00, 0x70, 0xF0,
    0x01, 0xE0, 0xF0, 0x07, 0x80, 0xFC, 0x7E, 0x00, 0xFF, 0xF8, 0x00, 0x7F, 0xC0, 0x00, 0x00, 0x00,
    0x70, 0x18, 0x0E, 0x07, 0x01, 0xC0, 0xE0, 0x70, 0x1C, 0x0E, 0x07, 0x01, 0xC0, 0xE0, 0x1C, 0x03,
    0x00, 0xE0, 0x1C, 0x03, 0x00, 0xE0, 0x1C, 0x07, 0x00, 0xE0, 0x1C, 0x07, 0x00, 0x38, 0x06, 0x01,
    0xC0, 0x38, 0x0E, 0x01, 0xC0, 0x38, 0x0E, 0x01, 0xC0, 0x38, 0x0E, 0x01, 0xC0, 0xE0, 0x30, 0x1C,
    0x0E, 0x03, 0x01, 0xC0, 0xE0, 0x38, 0x1C, 0x0E, 0x03, 0x80, 0x00, 0x00, 0x66, 0x06, 0xE0, 0xCC,
    0x0C, 0xC1, 0x98, 0x19, 0x83, 0x30, 0x33, 0x07, 0x60, 0x66, 0x0E, 0xC0, 0xCC, 0x0E, 0xE0, 0x66,
    0x07, 0x70, 0x33, 0x03, 0xB8, 0x19, 0x81, 0xDC, 0x0C, 0xC0, 0xEC, 0x06, 0x60, 0x66, 0x00, 0x06,
    0x60, 0x66, 0x03, 0x30, 0x33, 0x01, 0x98, 0x19, 0x80, 0xDC, 0x0C, 0xC0, 0xEE, 0x06, 0x60, 0x77,
    0x03, 0x30, 0x77, 0x06, 0x60, 0xEE, 0x0C, 0xC1, 0xDC, 0x19, 0x83, 0xB8, 0x33, 0x07, 0x70, 0x66,
    0x06, 0x60, 0xFF, 0x7F, 0xF0, 0x18, 0x0C, 0x06, 0x03, 0x01, 0x80, 0xC0, 0x60, 0x30, 0x18, 0x0C,
    0x06, 0x03, 0x01, 0x80, 0xC0, 0x20, 0x00, 0x01, 0x00, 0xC0, 0x60, 0x30, 0x18, 0x0C, 0x06, 0x03,
    0x01, 0x80, 0xC0, 0x60, 0x30, 0x18, 0x0C, 0x06, 0x03, 0xFF, 0xBF, 0xC0, 0x7F, 0xC8, 0x0D, 0x01,
    0xA0, 0x34, 0xFC, 0x98, 0x13, 0x02, 0x60, 0x4C, 0x09, 0x81, 0x30, 0x26, 0x04, 0xC0, 0x98, 0x13,
    0x02, 0x60, 0x4C, 0x0F, 0x80, 0x07, 0xC0, 0xC8, 0x19, 0x03, 0x20, 0x64, 0x0C, 0x81, 0x90, 0x32,
    0x06, 0x40, 0xC8, 0x19, 0x03, 0x20, 0x65, 0xFC, 0xB0, 0x16, 0x02, 0xC0, 0x5F, 0xF8, 0x7F, 0x7F,
    0xBF, 0x9F, 0x8F, 0xC7, 0xC3, 0xE1, 0xE0, 0xF0, 0x78, 0x3C, 0x1E, 0x0F, 0x07, 0x83, 0xC1, 0xE0,
    0xF0, 0x78, 0x3E, 0x1F, 0x0F, 0xC7, 0xE3, 0xF9, 0xFE, 0x7F, 0x3F, 0xCF, 0xE3, 0xF1, 0xF8, 0x7C,
    0x3E, 0x0F, 0x07, 0x83, 0xC1, 0xE0, 0xF0, 0x78, 0x3C, 0x1E, 0x0F, 0x07, 0x83, 0xC3, 0xE1, 0xF1,
    0xF8, 0xFC, 0xFE, 0xFF, 0x00, 0x00, 0x7F, 0xFF, 0xFF, 0xFF, 0xE0, 0x00, 0x00, 0x00, 0x00, 0x00,
    0x03, 0xFF, 0xFF, 0xFF, 0xFF, 0x01, 0xC0, 0x00, 0xE0, 0x00, 0x70, 0x00, 0x38, 0x00, 0x1C, 0x00,
    0x0E, 0x00, 0x07, 0x00, 0x03, 0x80, 0x01, 0xC0, 0x00, 0xE0, 0x00, 0x70, 0x00, 0x00, 0x00, 0xFF,
    0xFF, 0xFF, 0xFF, 0xFF, 0xFF, 0xFF, 0xFF, 0xFF, 0xFF, 0xFF, 0xFF, 0xFF, 0xFF, 0xFF, 0xFF, 0xFF,
    0xFF, 0xFF, 0xFF, 0xFF, 0x00, 0x00, 0x00, 0x00, 0x00, 0x00, 0x00, 0x00, 0x00, 0x00, 0x00, 0x00,
    0x00, 0x7F, 0xFF, 0xFF, 0xFF, 0xFF, 0xFF, 0xFF, 0xFF, 0xFF, 0xFF, 0xFF, 0xFF, 0xFF, 0xFF, 0xFF,
    0xFF, 0xFF, 0xFF, 0xFF, 0xFF, 0xFF, 0x80, 0x06, 0x1E, 0x3C, 0x70, 0xE0, 0xE0, 0xE0, 0xE0, 0xE0,
    0xE0, 0xE0, 0xE0, 0xE0, 0xE0, 0xE0, 0xE0, 0xE0, 0xE0, 0xE0, 0xE0, 0xF0, 0x3C, 0x1E, 0x06, 0x60,
    0x78, 0x3C, 0x0E, 0x07, 0x07, 0x07, 0x07, 0x07, 0x07, 0x07, 0x07, 0x07, 0x07, 0x07, 0x07, 0x07,
    0x07, 0x07, 0x07, 0x0E, 0x3C, 0x78, 0x60, 0xFF, 0xB0, 0xEC, 0x73, 0x30, 0xCC, 0x36, 0x0D, 0x03,
    0xC0, 0xE0, 0x38, 0x0E, 0x03, 0x80, 0xE0, 0x38, 0x0E, 0x03, 0x80, 0xE0, 0x3C, 0x0D, 0x03, 0x60,
    0xC8, 0x33, 0x0C, 0x63, 0x0E, 0xFF, 0x80, 0x7F, 0xDC, 0x33, 0x8C, 0x23, 0x0C, 0xC1, 0xB0, 0x2C,
    0x0F, 0x01, 0xC0, 0x70, 0x1C, 0x07, 0x01, 0xC0, 0x70, 0x1C, 0x07, 0x01, 0xC0, 0xF0, 0x2C, 0x1B,
    0x04, 0xC3, 0x31, 0x8D, 0xC3, 0x7F, 0xC0, 0x06, 0x0F, 0x8E, 0x5C, 0x7C, 0xE6, 0xE3, 0x61, 0xB0,
    0xD8, 0x6C, 0x36, 0x1B, 0x0D, 0x86, 0xC3, 0x61, 0xB0, 0xD8, 0x6C, 0x36, 0x19, 0xCC, 0x73, 0x8C,
    0x7C, 0x1C, 0x00, 0x00, 0x30, 0x3E, 0x13, 0x9C, 0x73, 0x98, 0xEC, 0x36, 0x1B, 0x0D, 0x86, 0xC3,
    0x61, 0xB0, 0xD8, 0x6C, 0x36, 0x1B, 0x0D, 0x86, 0xC3, 0x67, 0x37, 0x1E, 0x39, 0xF0, 0x70, 0x00,
    0x00, 0xFE, 0xFF, 0xD8, 0xD8, 0xD8, 0xD8, 0xD8, 0xD8, 0xD8, 0xD8, 0xD8, 0xD8, 0xD8, 0xD8, 0xD8,
    0xD8, 0xD8, 0xD8, 0xD8, 0xD8, 0xD8, 0xD8, 0xD8, 0xFF, 0xFE, 0x7F, 0xFF, 0x1B, 0x1B, 0x1B, 0x1B,
    0x1B, 0x1B, 0x1B, 0x1B, 0x1B, 0x1B, 0x1B, 0x1B, 0x1B, 0x1B, 0x1B, 0x1B, 0x1B, 0x1B, 0x1B, 0x1B,
    0x1B, 0xFF, 0x7F, 0x1F, 0xC0, 0x00, 0x7F, 0xC0, 0x09, 0xF7, 0xC0, 0x3F, 0x83, 0xE0, 0xFE, 0x01,
    0xF7, 0xC8, 0x01, 0xFF, 0x00, 0x01, 0xFC, 0x00, 0x60, 0x78, 0x7C, 0x1E, 0x07, 0x70, 0x78, 0x3C,
    0x0F, 0x07, 0x06, 0x1E, 0x3E, 0x78, 0xE0, 0x0E, 0x1E, 0x3C, 0xF0, 0xE0, 0xE0, 0xF0, 0x3C, 0x1E,
    0x0E, 0xE0, 0x78, 0x3E, 0x1E, 0x06, 0x0F, 0xFF, 0xF8, 0x1F, 0xFF, 0xFC, 0x1F, 0xFF, 0xFC, 0x00,
    0x00, 0x00, 0x0F, 0xFF, 0xF8, 0x1F, 0xFF, 0xFC, 0x1F, 0xFF, 0xFC, 0x37, 0x9C, 0xE6, 0x7F, 0xDD,
    0xFF, 0x4F, 0xDD, 0xF9, 0x44, 0x9C, 0x91, 0x67, 0x9C, 0xF3, 0x37, 0x9C, 0xF6, 0x19, 0x9C, 0xCC,
    0x09, 0x80, 0xCC, 0x0C, 0xE3, 0x98, 0x06, 0x7F, 0x30, 0x03, 0xC1, 0xE0, 0x00, 0xFF, 0x80, 0xFF,
    0xFF, 0xFF, 0xFF, 0xFF, 0xFF, 0xFF, 0xFF, 0xC0, 0x01, 0x80, 0xC0, 0x7C, 0x3E, 0x1F, 0x0F, 0x87,
    0xC3, 0xE1, 0xF0, 0xF8, 0x7C, 0x3E, 0x1F, 0x0F, 0x87, 0xC3, 0xE1, 0xF0, 0xF8, 0x60, 0x30, 0x18,
    0x0C, 0x00, 0x07, 0xE0, 0x07, 0xE0, 0x07, 0xE1, 0x87, 0xE3, 0x87, 0xE3, 0x87, 0xE3, 0x87, 0xE3,
    0x87, 0xE3, 0x87, 0xE3, 0x87, 0xE3, 0x87, 0xE3, 0x87, 0xE3, 0x87, 0xE3, 0x87, 0xE3, 0x87, 0xE3,
    0x87, 0xE1, 0x87, 0xE0, 0x07, 0xE0, 0x07, 0x40, 0x07, 0x00, 0x07, 0x00, 0x07, 0x00, 0x00, 0xE0,
    0x40, 0x1C, 0x0E, 0x01, 0xC0, 0xF0, 0x1C, 0x07, 0x83, 0x80, 0x3C, 0x38, 0x01, 0xE7, 0x80, 0x0F,
    0x70, 0x00, 0x7F, 0x00, 0x03, 0xE0, 0x00, 0x1E, 0x00, 0x03, 0xF0, 0x00, 0x7F, 0x80, 0x0F, 0x3C,
    0x01, 0xE1, 0xE0, 0x7C, 0x0E, 0x1F, 0x80, 0xF7, 0xE0, 0x07, 0x78, 0x00, 0x22, 0x00, 0x00, 0x10,
    0x00, 0xC0, 0x0E, 0x30, 0x71, 0xC7, 0x07, 0x38, 0x3B, 0x81, 0xDE, 0x1E, 0xFD, 0xE0, 0xFE, 0x07,
    0xF0, 0x7F, 0xC7, 0x07, 0x70, 0x1F, 0x80, 0xFC, 0x07, 0xE0, 0x3F, 0x83, 0xDE, 0x3C, 0x7F, 0xC1,
    0xFC, 0x00, 0x00, 0x00, 0x00, 0x00, 0x70, 0x00, 0x00, 0xE0, 0x00, 0x01, 0xC0, 0x00, 0x03, 0x80,
    0x00, 0x07, 0x00, 0x00, 0x00, 0x00, 0x7F, 0xFF, 0xFF, 0xFF, 0xFF, 0xFC, 0x00, 0x38, 0x00, 0x00,
    0x70, 0x00, 0x00, 0xE0, 0x00, 0x01, 0xC0, 0x00, 0x03, 0x80, 0x00, 0x00, 0x00, 0x3F, 0xFF, 0xFF,
    0x7F, 0xFF, 0xFE, 0x00, 0x00, 0x00, 0x00, 0x00, 0x00, 0x00, 0x00, 0x00, 0x00, 0x00, 0x00, 0x00,
    0x00, 0x00, 0x00, 0x00, 0x03, 0xFF, 0xF8, 0x07, 0xFF, 0xF0, 0x00, 0x38, 0x00, 0x00, 0xE0, 0x00,
    0x03, 0x80, 0x00, 0x0E, 0x00, 0x00, 0x38, 0x00, 0x00, 0x00, 0x0F, 0xFF, 0xFF, 0xFF, 0xFF, 0xFF,
    0x00, 0x00, 0x00, 0x00, 0x00, 0x00, 0x00, 0x00, 0x00, 0x00, 0x00, 0x0F, 0xFF, 0xE0, 0x3F, 0xFF,
    0x80, 0x00, 0x00, 0x00, 0x00, 0x00, 0x00, 0x00, 0x00, 0x00, 0x00, 0x00, 0x00, 0x00, 0x1F, 0xFF,
    0xFF, 0x7F, 0xFF, 0xFC, 0x00, 0x70, 0x00, 0x03, 0x80, 0x00, 0x1C, 0x00, 0x00, 0xE0, 0x03, 0xFF,
    0xFC, 0x1F, 0xFF, 0xE0, 0x00, 0x07, 0x00, 0x00, 0x38, 0x18, 0x03, 0x80, 0xE0, 0x1C, 0x03, 0x81,
    0xC0, 0x1E, 0x0E, 0x00, 0x78, 0xE0, 0x01, 0xEF, 0x00, 0x07, 0xF0, 0x00, 0x1F, 0x00, 0x01, 0xFC,
    0x00, 0x1F, 0xF8, 0x03, 0xF3, 0xF0, 0xFE, 0x07, 0xEF, 0xC0, 0x1F, 0xB8, 0x00, 0x38, 0x00, 0x00,
    0x00, 0x39, 0xF6, 0xDF, 0x78, 0x00, 0x01, 0xE7, 0xDB, 0x7C, 0xE0, 0x7B, 0xED, 0xBE, 0x70, 0x73,
    0xED, 0xBE, 0x78, 0x6F, 0xFF, 0xFF, 0xF6, 0x06, 0xFF, 0xF0, 0xC0, 0x3E, 0x01, 0xF0, 0x3F, 0x81,
    0xDC, 0x18, 0xC1, 0xC6, 0x18, 0x70, 0xC3, 0x8C, 0x18, 0xE0, 0xFE, 0x0F, 0xE0, 0x3E, 0x03, 0xE0,
    0x00, 0x10, 0x00, 0x70, 0x00, 0xE0, 0x03, 0xC0, 0x07, 0x00, 0x1E, 0x00, 0x38, 0x00, 0xE0, 0x01,
    0xC0, 0x07, 0x00, 0x0E, 0x00, 0x38, 0x00, 0x70, 0x01, 0xC0, 0x03, 0x80, 0x0E, 0x00, 0x1C, 0x00,
    0x70, 0x00, 0xE0, 0x03, 0x80, 0x07, 0x00, 0x1C, 0x00, 0x38, 0x00, 0x70, 0x00, 0x60, 0x00, 0xE0,
    0x01, 0xC0, 0x01, 0xC0, 0x03, 0x80, 0x03, 0x80, 0x07, 0x00, 0x07, 0x00, 0x0F, 0x00, 0x0E, 0x00,
    0x1E, 0x00, 0x1C, 0x00, 0x3C, 0x00, 0x38, 0x00, 0x38, 0x00, 0x70, 0x00, 0x70, 0x00, 0xE0, 0x00,
    0xE0, 0x01, 0xC0, 0x03, 0xC0, 0x03, 0x80, 0x07, 0x80, 0x07, 0x00, 0x00, 0x00, 0x10, 0x00, 0x0E,
    0x00, 0x03, 0x80, 0x01, 0xE0, 0x00, 0x70, 0x00, 0x3C, 0x00, 0x0E, 0x00, 0x07, 0x00, 0x01, 0xC0,
    0x00, 0xE0, 0x00, 0x38, 0x30, 0x1C, 0xEE, 0x07, 0x19, 0x83, 0x87, 0x70, 0xE0, 0xC0, 0x70, 0x30,
    0x1C, 0x00, 0x0E, 0x00, 0x03, 0x80, 0x01, 0xC0, 0x00, 0x70, 0x00, 0x38, 0x00, 0x0E, 0x00, 0x03,
    0x80, 0x00, 0x60, 0x00, 0x1C, 0x00, 0x07, 0x00, 0x00, 0xE0, 0x00, 0x38, 0x00, 0x07, 0x00, 0x01,
    0xC0, 0x00, 0x38, 0x00, 0x0F, 0x00, 0x01, 0xC0, 0x00, 0x78, 0x00, 0x0E, 0x00, 0x03, 0xC0, 0x00,
    0x70, 0x00, 0x0E, 0x00, 0x03, 0x80, 0x00, 0x70, 0x00, 0x1C, 0x00, 0x03, 0x80, 0x00, 0xE0, 0x00,
    0x3C, 0x00, 0x07, 0x00, 0x01, 0xE0, 0x00, 0x38, 0x00, 0x00, 0x00, 0x00, 0x10, 0x00, 0xE0, 0x03,
    0x80, 0x1E, 0x00, 0x70, 0x03, 0x80, 0x0E, 0x00, 0x70, 0x01, 0xC0, 0x0E, 0x00, 0x38, 0x01, 0xC0,
    0x07, 0x00, 0x38, 0x01, 0xE0, 0x07, 0x00, 0x3C, 0x00, 0xE0, 0x07, 0x00, 0x1C, 0x00, 0x70, 0x03,
    0x80, 0x0E, 0x00, 0x38, 0x00, 0x00, 0x10, 0x00, 0x0E, 0x00, 0x03, 0x80, 0x01, 0xE0, 0x00, 0x70,
    0x00, 0x38, 0x00, 0x0E, 0x00, 0x07, 0x00, 0x01, 0xC0, 0x00, 0xE0, 0x00, 0x38, 0x30, 0x1C, 0xEE,
    0x07, 0x19, 0x83, 0x87, 0x71, 0xE0, 0xC0, 0x70, 0x20, 0x3C, 0x00, 0x0E, 0x00, 0x07, 0x00, 0x01,
    0xC0, 0x00, 0x70, 0x00, 0x38, 0x00, 0x0E, 0x00, 0x03, 0x80, 0x00, 0x70, 0x00, 0xE0, 0x01, 0xE0,
    0x01, 0xC0, 0x01, 0xC0, 0x03, 0x80, 0x03, 0x80, 0x07, 0x00, 0x07, 0x00, 0x0F, 0x00, 0x0E, 0x00,
    0x1E, 0x00, 0x1C, 0x00, 0x3C, 0x00, 0x38, 0x00, 0x78, 0x00, 0x70, 0x00, 0xF0, 0x00, 0xE0, 0x01,
    0xE0, 0x01, 0xC0, 0x03, 0xC0, 0x03, 0x80, 0x00, 0x00, 0x7F, 0x00, 0x01, 0xE3, 0xC0, 0x07, 0x00,
    0x70, 0x0C, 0x00, 0x38, 0x18, 0x00, 0x0C, 0x18, 0x00, 0x0C, 0x30, 0x00, 0x06, 0x27, 0xFF, 0xF2,
    0x67, 0xFF, 0xF3, 0x60, 0x00, 0x03, 0x40, 0x00, 0x01, 0x47, 0xFF, 0xF1, 0x47, 0xFF, 0xF1, 0x40,
    0x1C, 0x01, 0x40, 0x1C, 0x01, 0x60, 0x1C, 0x03, 0x60, 0x1C, 0x03, 0x20, 0x1C, 0x02, 0x30, 0x1C,
    0x06, 0x10, 0x1C, 0x04, 0x18, 0x1C, 0x0C, 0x0C, 0x18, 0x18, 0x07, 0x00, 0x70, 0x01, 0xE3, 0xC0,
    0x00, 0x7F, 0x00, 0x00, 0x60, 0x06, 0x38, 0x3B, 0x83, 0x9C, 0x19, 0xC1, 0x87, 0x1C, 0x71, 0xC3,
    0x8E, 0x38, 0xE0, 0xE6, 0x0C, 0x60, 0x77, 0x07, 0x70, 0x1B, 0x81, 0xB8, 0x0F, 0x80, 0xF8, 0x03,
    0xC0, 0x3C, 0x01, 0xC0, 0x1C, 0x00, 0xE0, 0x0E, 0x00, 0x70, 0x07, 0x00, 0x3C, 0x03, 0xC0, 0x3E,
    0x03, 0xE0, 0x1F, 0x81, 0xB8, 0x1D, 0xC1, 0xDC, 0x0E, 0x60, 0xE7, 0x0E, 0x38, 0xE3, 0x87, 0x0C,
    0x70, 0xC7, 0x07, 0x70, 0x73, 0x83, 0xB8, 0x19, 0x80, 0x98, 0x0C, 0x00, 0x38, 0x00, 0x00, 0x70,
    0x00, 0x00, 0xE0, 0x00, 0x01, 0xC0, 0x00, 0x03, 0x80, 0x00, 0x07, 0x00, 0x00, 0x0E, 0x00, 0x00,
    0x1C, 0x00, 0xFF, 0xFF, 0xFF, 0xFF, 0xFF, 0xFC, 0x00, 0xE0, 0x00, 0x01, 0xC0, 0x00, 0x03, 0x80,
    0x00, 0x07, 0x00, 0x00, 0x0E, 0x00, 0x00, 0x1C, 0x00, 0x00, 0x38, 0x00, 0x00, 0x70, 0x00, 0x00,
    0xE0, 0x00, 0x01, 0xC0, 0x00, 0x03, 0x80, 0x00, 0x07, 0x00, 0x00, 0x0E, 0x00, 0x00, 0x08, 0x00,
    0x01, 0x83, 0x00, 0x03, 0x06, 0x00, 0x06, 0x0C, 0x00, 0x0C, 0x18, 0x00, 0x18, 0x30, 0x00, 0x30,
    0x60, 0x00, 0x60, 0xC0, 0x7F, 0xFF, 0xFF, 0xFF, 0xFF, 0xFE, 0x03, 0x06, 0x00, 0x06, 0x0C, 0x00,
    0x0C, 0x18, 0x00, 0x18, 0x30, 0x00, 0x30, 0x60, 0x00, 0x60, 0xC0, 0x00, 0xC1, 0x80, 0x01, 0x83,
    0x00, 0x03, 0x06, 0x00, 0x06, 0x0C, 0x00, 0x0C, 0x18, 0x00, 0x18, 0x30, 0x00, 0x30, 0x60, 0x00,
    0x60, 0xC0, 0x00, 0x00, 0x00, 0x07, 0x00, 0x60, 0x0E, 0x30, 0xC0, 0x1C, 0x61, 0x80, 0x38, 0xC3,
    0x00, 0x61, 0x86, 0x00, 0xC3, 0x0C, 0x01, 0x86, 0x18, 0x03, 0x0C, 0x30, 0xFF, 0xFF, 0xFF, 0xFF,
    0xFF, 0xFC, 0x18, 0x61, 0x80, 0x70, 0xC3, 0x00, 0xE1, 0x86, 0x01, 0xC3, 0x0C, 0x03, 0x86, 0x18,
    0x07, 0x0C, 0x30, 0x0C, 0x18, 0x60, 0x38, 0x30, 0xC0, 0x70, 0x61, 0x80, 0xC0, 0xC3, 0x03, 0x81,
    0x86, 0x0F, 0x03, 0x0C, 0x1C, 0x00, 0x18, 0x10, 0x00, 0x30, 0x20, 0x03, 0x80, 0x0E, 0x00, 0x78,
    0x01, 0xC0, 0x07, 0x80, 0x1E, 0x00, 0x7C, 0x03, 0xF2, 0x7F, 0xBF, 0xC1, 0xF0, 0x07, 0x00, 0x3C,
    0x00, 0xF0, 0x03, 0xC0, 0x0F, 0x80, 0x1F, 0x80, 0x7C, 0x0F, 0xE1, 0xF0, 0x1E, 0x00, 0xE0, 0x00,
    0xFF, 0xFF, 0xFE, 0x00, 0x01, 0xF0, 0x00, 0x1F, 0x80, 0x01, 0xBC, 0x00, 0x19, 0xE0, 0x01, 0x8F,
    0x00, 0x1C, 0x78, 0x01, 0xC3, 0xC0, 0x1C, 0x1E, 0x01, 0xC0, 0xF0, 0x1C, 0x07, 0x81, 0xC0, 0x3C,
    0x1C, 0x01, 0xE0, 0xC0, 0x0F, 0x0C, 0x00, 0x78, 0xC0, 0x03, 0xCC, 0x00, 0x1E, 0xC0, 0x00, 0xFC,
    0x00, 0x07, 0xC0, 0x00, 0x3F, 0xFF, 0xFF, 0x80, 0x1C, 0x70, 0x00, 0xDB, 0x60, 0x06, 0x38, 0xC0,
    0x30, 0x03, 0x00, 0x80, 0x04, 0x00, 0x00, 0x18, 0x00, 0x00, 0x60, 0x00, 0x00, 0xC0, 0x00, 0x03,
    0x00, 0x00, 0x06, 0x00, 0x00, 0x18, 0x00, 0x00, 0x30, 0x00, 0x00, 0x60, 0x00, 0x01, 0x80, 0x00,
    0x03, 0x00, 0x00, 0x0E, 0x00, 0x00, 0x18, 0x00, 0x00, 0x20, 0xEE, 0xEE, 0xEF, 0x00, 0x00, 0x06,
    0x00, 0x00, 0x08, 0x00, 0x00, 0x08, 0x00, 0x00, 0x30, 0x00, 0x30, 0x60, 0x7E, 0xE0, 0x81, 0xDF,
    0x80, 0x82, 0x00, 0x03, 0x00, 0x18, 0x06, 0x00, 0x30, 0x08, 0x00, 0xC0, 0x08, 0x3F, 0xF8, 0x30,
    0x07, 0x00, 0x60, 0xFF, 0xE0, 0x80, 0x18, 0x00, 0x80, 0x60, 0x03, 0x00, 0x40, 0x06, 0x00, 0x00,
    0x08, 0x00, 0x00, 0x08, 0x00, 0x00, 0x30, 0x00, 0x00, 0x7B, 0xBB, 0xBB, 0x80, 0xFF, 0xFC, 0x00,
    0x68, 0x0B, 0x60, 0xDB, 0x06, 0xCC, 0x66, 0x63, 0x31, 0xB1, 0x8D, 0x0C, 0x38, 0x61, 0xC3, 0x0E,
    0x18, 0xD8, 0xC6, 0xC6, 0x63, 0x33, 0x19, 0xB0, 0x6D, 0x83, 0x68, 0x0B, 0x00, 0x1F, 0xFF, 0x80,
    0x00, 0x00, 0x00, 0xE0, 0x00, 0x30, 0x01, 0x8D, 0xF8, 0x7F, 0xFE, 0x1F, 0xFE, 0x00, 0x71, 0xC0,
    0x1F, 0xF0, 0x07, 0xFE, 0x03, 0xEF, 0xC1, 0xF3, 0x38, 0xFD, 0xC6, 0x77, 0xE1, 0xD8, 0xF8, 0x6E,
    0x3C, 0x1B, 0x9E, 0x0E, 0xFF, 0x8F, 0x1F, 0xFF, 0x80, 0x07, 0xC0, 0x00, 0x80, 0x00, 0x00, 0x00,
    0x0E, 0x00, 0x00, 0x70, 0x00, 0x43, 0xBF, 0x87, 0xFF, 0xFC, 0x3F, 0xFF, 0x00, 0x06, 0x08, 0x00,
    0x30, 0x60, 0x01, 0xBF, 0x00, 0x0F, 0xFE, 0x01, 0xFD, 0xF8, 0x1F, 0x1C, 0xE1, 0xD8, 0xC3, 0x9C,
    0xCE, 0x1D, 0xC6, 0xE0, 0xEE, 0x3F, 0x07, 0x61, 0xF0, 0x3F, 0x0F, 0x03, 0xB9, 0xF0, 0x3C, 0xFF,
    0x83, 0xC7, 0xED, 0xFC, 0x00, 0x0F, 0xC0, 0x00, 0x30, 0x00, 0xE0, 0x00, 0x38, 0x03, 0x0E, 0x00,
    0xE3, 0x80, 0x38, 0xE0, 0x07, 0x38, 0x01, 0xCE, 0x00, 0x31, 0x80, 0x0E, 0x60, 0x03, 0x98, 0x20,
    0xE7, 0x1C, 0x19, 0xC7, 0x07, 0x73, 0x81, 0x8F, 0xE0, 0x03, 0xF0, 0x00, 0x78, 0x00, 0xE0, 0x00,
    0x0E, 0x00, 0x30, 0xE0, 0x03, 0x8E, 0x00, 0x38, 0xE0, 0x01, 0xCE, 0x00, 0x1C, 0xE0, 0x00, 0xEE,
    0x00, 0x0E, 0xE0, 0x00, 0xEE, 0x00, 0x07, 0xE0, 0x00, 0x76, 0x0C, 0x07, 0x70, 0xE0, 0x77, 0x0E,
    0x07, 0x71, 0xC0, 0x23, 0xBC, 0x00, 0x3F, 0x80, 0x01, 0xF0, 0x00, 0x06, 0x00, 0x00, 0x00, 0x00,
    0x3F, 0xC0, 0x7F, 0xE0, 0x1F, 0xC0, 0x00, 0x00, 0x00, 0x07, 0xFC, 0x3F, 0xFE, 0x7C, 0x1C, 0x80,
    0x1C, 0x00, 0x38, 0x00, 0x70, 0x00, 0xE0, 0x03, 0x80, 0x0F, 0x00, 0x7C, 0x07, 0xF0, 0x1F, 0xC0,
    0x3C, 0x00, 0x00, 0x00, 0x0F, 0xE0, 0x07, 0xFF, 0x00, 0xFF, 0x80, 0x00, 0x00, 0x00, 0x00, 0x00,
    0x00, 0x1F, 0xF0, 0xFF, 0xFE, 0x7F, 0xDF, 0x38, 0x01, 0xC0, 0x00, 0xE0, 0x00, 0x30, 0x00, 0x18,
    0x00, 0x1C, 0x00, 0x0E, 0x00, 0x0F, 0x00, 0x0F, 0x00, 0x0F, 0x00, 0x3F, 0x00, 0xFF, 0x00, 0x7E,
    0x00, 0x38, 0x00, 0x00, 0x00, 0x03, 0xFC, 0x00, 0xFF, 0x80, 0x03, 0xE0, 0x00, 0x00, 0x00, 0x00,
    0x00, 0x3F, 0x80, 0xFF, 0xF0, 0x3F, 0xF8, 0x00, 0x3C, 0x00, 0x1C, 0x00, 0x0F, 0x00, 0x07, 0xE0,
    0x03, 0xF8, 0x01, 0xC7, 0x00, 0xF1, 0xC0, 0x78, 0x79, 0x9C, 0x0F, 0xE6, 0x01, 0xF8, 0x00, 0x00,
    0x00, 0x3F, 0xC0, 0x01, 0xFF, 0xC0, 0x01, 0xFE, 0x00, 0x00, 0x00, 0x00, 0x00, 0x00, 0x00, 0x00,
    0x03, 0xFF, 0xE0, 0x3F, 0xFF, 0x01, 0xFF, 0xF0, 0x00, 0x07, 0x00, 0x00, 0x70, 0x00, 0x07, 0x00,
    0x00, 0x70, 0x00, 0x07, 0xE0, 0x00, 0x7F, 0x00, 0x07, 0x1C, 0x00, 0x70, 0xE0, 0x07, 0x07, 0x00,
    0x70, 0x1C, 0x37, 0x80, 0xFF, 0xB8, 0x03, 0xFC, 0x00, 0x00, 0x00, 0x06, 0x00, 0x00, 0xC0, 0x00,
    0x18, 0x18, 0x07, 0xF7, 0x8F, 0xFE, 0x7D, 0xFF, 0x03, 0x83, 0x80, 0x30, 0x70, 0x00, 0x0F, 0xFC,
    0x01, 0xFF, 0xE0, 0xF8, 0x1C, 0x3F, 0x01, 0xCF, 0x60, 0x39, 0xCC, 0x07, 0x39, 0x81, 0xC7, 0xF0,
    0xF8, 0x7E, 0xFE, 0x07, 0x8F, 0x00, 0x03, 0x00, 0x00, 0x0E, 0x00, 0x00, 0x30, 0x00, 0x00, 0xC0,
    0x60, 0x03, 0xFD, 0xE1, 0xFF, 0xF3, 0xC7, 0xFF, 0x07, 0xC0, 0xC0, 0x07, 0x03, 0x00, 0x08, 0x0C,
    0x00, 0x00, 0x37, 0xF0, 0x00, 0xFF, 0xF0, 0x0F, 0xF3, 0xE0, 0x7C, 0x03, 0xC3, 0xF0, 0x07, 0x1C,
    0xC0, 0x1C, 0x63, 0x00, 0x73, 0x8C, 0x01, 0xCE, 0x30, 0x0E, 0x1F, 0xC1, 0xF8, 0x3F, 0x3F, 0xC0,
    0x7C, 0x7C, 0x00, 0x00, 0x00, 0x00, 0x00, 0x00, 0x00, 0x01, 0xC0, 0x00, 0x01, 0xC0, 0x00, 0x01,
    0xC0, 0x00, 0x01, 0xC0, 0x60, 0x01, 0xC0, 0x70, 0x7F, 0xFC, 0x70, 0x7F, 0xFE, 0x38, 0x7F, 0x8F,
    0x1C, 0x03, 0x87, 0x1C, 0x03, 0x03, 0x1C, 0x07, 0x03, 0x0E, 0x07, 0x07, 0x0E, 0x06, 0x07, 0x06,
    0x0E, 0x07, 0x00, 0x0E, 0x07, 0x00, 0x1C, 0x07, 0x00, 0x1C, 0x07, 0x00, 0x3C, 0x0E, 0x00, 0x39,
    0x9E, 0x00, 0x79, 0xFC, 0x00, 0x71, 0xFC, 0x00, 0x00, 0x00, 0x00, 0x00, 0x00, 0x0C, 0x00, 0x00,
    0x6C, 0x01, 0xC0, 0x7E, 0x01, 0xC0, 0x37, 0x01, 0xC0, 0x3A, 0x01, 0x80, 0x70, 0x03, 0x80, 0xE0,
    0x03, 0xFC, 0x70, 0xFF, 0xFE, 0x38, 0xFF, 0x8F, 0x38, 0x63, 0x07, 0x1C, 0x07, 0x07, 0x1C, 0x07,
    0x07, 0x1C, 0x06, 0x07, 0x0E, 0x0E, 0x07, 0x0E, 0x0E, 0x07, 0x00, 0x0C, 0x07, 0x00, 0x1C, 0x06,
    0x00, 0x1C, 0x0E, 0x00, 0x38, 0x0E, 0x00, 0x39, 0x9E, 0x00, 0x71, 0xFC, 0x00, 0x71, 0xF8, 0x00,
    0x00, 0x00, 0x00, 0x00, 0x20, 0x00, 0x0C, 0x00, 0x01, 0xC2, 0x38, 0x3F, 0xC7, 0xFF, 0xF8, 0xFF,
    0xF8, 0x00, 0x0E, 0x00, 0x01, 0xC0, 0x00, 0x1B, 0xEF, 0xFF, 0xFD, 0xFF, 0xFE, 0x03, 0xE7, 0x00,
    0x00, 0xE0, 0x00, 0x0E, 0x0E, 0x0F, 0xE1, 0xC1, 0xFC, 0x30, 0x0F, 0x0E, 0x00, 0x01, 0xC0, 0x00,
    0x1C, 0x00, 0x03, 0xF0, 0xF0, 0x3F, 0xFE, 0x01, 0xFF, 0x80, 0x00, 0x00, 0x10, 0x00, 0x82, 0xE0,
    0x06, 0x0D, 0x80, 0x1C, 0x3F, 0x78, 0x7F, 0xED, 0xFF, 0xFF, 0x87, 0xFF, 0xC0, 0x00, 0x0E, 0x00,
    0x00, 0x38, 0x00, 0x00, 0x6F, 0x87, 0xFF, 0xFE, 0x1F, 0xFF, 0xE0, 0x07, 0xCE, 0x00, 0x00, 0x18,
    0x00, 0x00, 0x70, 0x0E, 0x0F, 0xE0, 0x30, 0x3F, 0x81, 0xC0, 0x0C, 0x07, 0x00, 0x00, 0x1C, 0x00,
    0x00, 0x38, 0x00, 0x00, 0xFC, 0x3C, 0x01, 0xFF, 0xF0, 0x01, 0xFF, 0x80, 0x00, 0x18, 0x00, 0x78,
    0x01, 0xE0, 0x07, 0x80, 0x1E, 0x00, 0xF8, 0x03, 0xC0, 0x0F, 0x00, 0x3C, 0x00, 0xF0, 0x01, 0xC0,
    0x03, 0xC0, 0x03, 0xC0, 0x03, 0xC0, 0x03, 0xC0, 0x03, 0xE0, 0x03, 0xE0, 0x01, 0xE0, 0x01, 0xE0,
    0x01, 0xE0, 0x01, 0xC0, 0x01, 0x00, 0x00, 0x10, 0x00, 0x0E, 0x00, 0x07, 0x80, 0x07, 0xC0, 0x03,
    0xC0, 0x01, 0xE1, 0xC0, 0xF3, 0xB0, 0x78, 0x6E, 0x3C, 0x1D, 0x9C, 0x03, 0x0F, 0x00, 0x01, 0xC0,
    0x00, 0x3C, 0x00, 0x07, 0x80, 0x00, 0xF0, 0x00, 0x1E, 0x00, 0x03, 0xC0, 0x00, 0x7C, 0x00, 0x0F,
    0x80, 0x01, 0xF0, 0x00, 0x3C, 0x00, 0x06, 0x00, 0x38, 0x03, 0x80, 0xE0, 0x0E, 0x07, 0x00, 0x18,
    0x1C, 0x00, 0x60, 0x70, 0x01, 0x81, 0xC2, 0x06, 0xE7, 0x0F, 0xFF, 0x98, 0x3F, 0xFE, 0x60, 0x01,
    0x81, 0x80, 0x06, 0x06, 0x00, 0x18, 0x18, 0x00, 0x60, 0x6C, 0x01, 0x81, 0xB0, 0x0E, 0x07, 0x80,
    0x38, 0x1E, 0x00, 0xE0, 0x78, 0x03, 0x81, 0xE0, 0x1C, 0x07, 0x00, 0xF0, 0x0C, 0x07, 0x80, 0x30,
    0x3C, 0x00, 0x00, 0x60, 0x00, 0x00, 0x00, 0x0C, 0x60, 0x07, 0xD9, 0xC0, 0x0F, 0xF3, 0x80, 0x1D,
    0xB7, 0x00, 0x3B, 0x0E, 0x00, 0x70, 0x18, 0x00, 0xEE, 0x30, 0xFF, 0xFC, 0x61, 0xFF, 0xF8, 0xC0,
    0x07, 0x03, 0x80, 0x0E, 0x07, 0x00, 0x1C, 0x0E, 0x00, 0x38, 0x1D, 0x00, 0x70, 0x3B, 0x00, 0xE0,
    0x7C, 0x01, 0xC0, 0x78, 0x03, 0x00, 0xF0, 0x0E, 0x01, 0xC0, 0x1C, 0x03, 0x80, 0x70, 0x07, 0x01,
    0xE0, 0x0E, 0x0F, 0x80, 0x00, 0x0E, 0x00, 0x00, 0x00, 0x00, 0x30, 0x0E, 0x3F, 0xFF, 0x8F, 0xFF,
    0xC0, 0x00, 0x00, 0x00, 0x00, 0x00, 0x00, 0x00, 0x00, 0x00, 0x00, 0x00, 0x00, 0x00, 0x00, 0x18,
    0x00, 0x1C, 0x00, 0x0E, 0x00, 0x07, 0x00, 0x03, 0x80, 0x01, 0xE0, 0x00, 0x7E, 0x3F, 0xBF, 0xFF,
    0xC7, 0xFF, 0xE0, 0x00, 0x00, 0x30, 0x00, 0x02, 0xC0, 0x00, 0x1B, 0x80, 0x00, 0x76, 0x38, 0x07,
    0xD8, 0xFF, 0xFD, 0x83, 0xFF, 0xF0, 0x00, 0x00, 0x00, 0x00, 0x00, 0x00, 0x00, 0x00, 0x00, 0x00,
    0x00, 0x00, 0x00, 0x00, 0x00, 0x00, 0x00, 0x00, 0x00, 0x06, 0x00, 0x00, 0x1C, 0x00, 0x00, 0x70,
    0x00, 0x01, 0x80, 0x00, 0x06, 0x00, 0x00, 0x1C, 0x00, 0x00, 0x7E, 0x1F, 0xC0, 0xFF, 0xFF, 0x00,
    0xFF, 0xF8, 0x00, 0x00, 0x00, 0x00, 0x30, 0x00, 0x0E, 0x00, 0x00, 0xC0, 0x00, 0x1C, 0x00, 0x03,
    0xBE, 0xFF, 0xFF, 0xDF, 0xFF, 0xE0, 0xFE, 0xE0, 0x00, 0x0C, 0x00, 0x01, 0xC0, 0x00, 0x18, 0x00,
    0x03, 0x80, 0x00, 0x38, 0x70, 0x7F, 0x0E, 0x0F, 0xE1, 0x80, 0x08, 0x70, 0x00, 0x0E, 0x00, 0x00,
    0xE0, 0x00, 0x1F, 0x03, 0x81, 0xFF, 0xF0, 0x0F, 0xFE, 0x00, 0x00, 0x00, 0x00, 0x00, 0x00, 0xC0,
    0x00, 0x1B, 0x00, 0x1C, 0x76, 0x00, 0x70, 0xD8, 0x00, 0xC3, 0x80, 0x03, 0xBC, 0x3F, 0xFF, 0xF8,
    0xFF, 0xFF, 0x80, 0x7F, 0xF0, 0x00, 0x01, 0xC0, 0x00, 0x03, 0x80, 0x00, 0x0E, 0x00, 0x00, 0x1C,
    0x00, 0x00, 0x70, 0x0E, 0x0F, 0xE0, 0x30, 0x3F, 0x81, 0xC0, 0x0C, 0x07, 0x00, 0x00, 0x1C, 0x00,
    0x00, 0x70, 0x00, 0x01, 0xE0, 0x00, 0x03, 0xF0, 0xF0, 0x07, 0xFF, 0xC0, 0x07, 0xFF, 0x00, 0x70,
    0x00, 0x1C, 0x00, 0x07, 0x00, 0x01, 0xC0, 0x00, 0x70, 0x00, 0x1C, 0x00, 0x07, 0x00, 0x01, 0x80,
    0x00, 0x60, 0x00, 0x18, 0x00, 0x06, 0x00, 0x01, 0x80, 0x00, 0x60, 0x00, 0x18, 0x00, 0x06, 0x00,
    0x01, 0x80, 0x06, 0x60, 0x03, 0xDC, 0x01, 0xE7, 0x01, 0xF1, 0xF3, 0xF8, 0x3F, 0xFC, 0x07, 0xF8,
    0x00, 0xE0, 0x00, 0x38, 0x03, 0x0E, 0x06, 0xE3, 0x81, 0x98, 0xE0, 0x77, 0x38, 0x0C, 0xCE, 0x03,
    0x83, 0x80, 0x40, 0xE0, 0x00, 0x38, 0x00, 0x0E, 0x00, 0x03, 0x80, 0x00, 0xE0, 0x00, 0x38, 0x00,
    0x0E, 0x00, 0x13, 0x80, 0x06, 0xE0, 0x03, 0xB8, 0x01, 0xE7, 0x01, 0xF1, 0xF7, 0xF8, 0x3F, 0xF8,
    0x07, 0xF8, 0x00, 0x00, 0x08, 0x00, 0x00, 0x70, 0x00, 0x01, 0xC0, 0x00, 0x07, 0x00, 0xFF, 0xFF,
    0xFF, 0xFF, 0xFF, 0xFF, 0xE1, 0xC0, 0x00, 0x07, 0x00, 0x00, 0xFC, 0x00, 0x07, 0xF0, 0x00, 0x3B,
    0xC0, 0x01, 0xC3, 0x00, 0x07, 0x0E, 0x00, 0x1C, 0x38, 0x00, 0x39, 0xE0, 0x00, 0xFF, 0x00, 0x01,
    0xFC, 0x00, 0x00, 0x70, 0x00, 0x03, 0x80, 0x00, 0x3E, 0x00, 0x03, 0xF0, 0x00, 0x1F, 0x00, 0x00,
    0x30, 0x00, 0x00, 0x00, 0x00, 0x00, 0x00, 0x01, 0xB0, 0x00, 0x73, 0x70, 0x00, 0xE7, 0x60, 0x01,
    0xC6, 0x5F, 0xFF, 0xFF, 0xBF, 0xFF, 0xFF, 0x3F, 0x06, 0x00, 0x00, 0x0C, 0x00, 0x01, 0xF8, 0x00,
    0x07, 0xF0, 0x00, 0x1E, 0xE0, 0x00, 0x38, 0xE0, 0x00, 0x61, 0xC0, 0x00, 0xC3, 0x80, 0x01, 0x87,
    0x00, 0x03, 0xDE, 0x00, 0x03, 0xFC, 0x00, 0x03, 0xF0, 0x00, 0x00, 0xE0, 0x00, 0x03, 0x80, 0x00,
    0x1F, 0x00, 0x01, 0xF8, 0x00, 0x01, 0xE0, 0x00, 0x00, 0x00, 0x00, 0x00, 0x01, 0xC0, 0x0E, 0x03,
    0x80, 0x1C, 0x07, 0x00, 0x38, 0x0E, 0x00, 0x70, 0x1C, 0x00, 0xE0, 0x38, 0x81, 0xDF, 0xFF, 0x7F,
    0xFF, 0xFE, 0xFF, 0xF9, 0xC0, 0xCE, 0x03, 0x80, 0x1C, 0x07, 0x00, 0x38, 0x0C, 0x00, 0x70, 0x98,
    0x00, 0xE3, 0xF0, 0x01, 0xC7, 0xE0, 0x03, 0x80, 0x00, 0x07, 0x00, 0x00, 0x0E, 0x00, 0x00, 0x0F,
    0x07, 0xC0, 0x1F, 0xFF, 0x80, 0x1F, 0xFF, 0x00, 0x00, 0x00, 0x00, 0x00, 0x00, 0x6B, 0x00, 0xC0,
    0x36, 0xC0, 0x60, 0x1B, 0x60, 0x30, 0x0C, 0xF0, 0x18, 0x06, 0x60, 0x0C, 0x03, 0x00, 0x06, 0x3F,
    0xFC, 0xFF, 0xFF, 0xFE, 0x7F, 0xFF, 0x60, 0x1C, 0xC0, 0x30, 0x00, 0x60, 0x18, 0x00, 0x30, 0x1C,
    0x00, 0x18, 0x0E, 0x00, 0x0C, 0x3F, 0x00, 0x06, 0x1F, 0x00, 0x03, 0x00, 0x00, 0x01, 0x80, 0x00,
    0x00, 0xE0, 0x00, 0x00, 0x78, 0x1E, 0x00, 0x1F, 0xFF, 0x00, 0x07, 0xFF, 0x80, 0x00, 0x3F, 0x00,
    0xFF, 0xF8, 0x0F, 0xFF, 0x00, 0x01, 0xE0, 0x00, 0x3C, 0x00, 0x07, 0x80, 0x00, 0xF0, 0x00, 0x1C,
    0x00, 0x07, 0xFF, 0xF7, 0xFF, 0xFF, 0xFF, 0xFC, 0x0F, 0x8E, 0x00, 0x01, 0xC0, 0x00, 0x1C, 0x00,
    0x01, 0x80, 0x00, 0x38, 0x00, 0x01, 0x80, 0x00, 0x1C, 0x00, 0x01, 0xF8, 0x00, 0x0F, 0xF8, 0x00,
    0x3F, 0x80, 0x00, 0x00, 0x00, 0x3F, 0x00, 0x3F, 0xFE, 0x00, 0xFF, 0xF9, 0x00, 0x03, 0xBE, 0x00,
    0x3C, 0xD8, 0x01, 0xE3, 0xB0, 0x0F, 0x06, 0x80, 0x78, 0x00, 0x03, 0xFF, 0xF1, 0xFF, 0xFF, 0xEF,
    0xFF, 0xC0, 0x1E, 0x3C, 0x00, 0x00, 0xC0, 0x00, 0x07, 0x00, 0x00, 0x18, 0x00, 0x00, 0x60, 0x00,
    0x01, 0xC0, 0x00, 0x07, 0x00, 0x00, 0x0F, 0x80, 0x00, 0x3F, 0xE0, 0x00, 0x3F, 0x80, 0x00, 0x00,
    0x00, 0x01, 0x80, 0x00, 0x1C, 0x00, 0x00, 0xE0, 0x00, 0x07, 0x00, 0x00, 0x3F, 0x80, 0x7F, 0xFC,
    0x03, 0xFF, 0xC0, 0x00, 0xE0, 0x00, 0x07, 0x00, 0x00, 0x38, 0xFF, 0xC1, 0x87, 0xFE, 0x1C, 0x00,
    0x00, 0xE0, 0x00, 0x07, 0x00, 0x00, 0x70, 0x00, 0x03, 0x86, 0x00, 0x1C, 0x30, 0x01, 0xC3, 0x80,
    0x0E, 0x1C, 0x00, 0x70, 0x78, 0xF7, 0x03, 0xFF, 0xB8, 0x07, 0xFC, 0x00, 0x00, 0x00, 0x01, 0xC0,
    0x18, 0x03, 0x00, 0xB8, 0x0E, 0x03, 0xB0, 0x1C, 0x43, 0xF0, 0x3F, 0xC3, 0x5F, 0xFF, 0x86, 0x3F,
    0xF8, 0x00, 0x03, 0x80, 0x00, 0x07, 0x1F, 0xF8, 0x0E, 0x3F, 0xF0, 0x18, 0x00, 0x00, 0x70, 0x00,
    0x00, 0xE0, 0x00, 0x01, 0xC0, 0x00, 0x07, 0x0C, 0x00, 0x0E, 0x18, 0x00, 0x1C, 0x30, 0x00, 0x70,
    0x60, 0x00, 0xE0, 0xF0, 0x63, 0xC1, 0xFF, 0xC7, 0x00, 0xFF, 0x86, 0x00, 0x00, 0x00, 0x03, 0x80,
    0x00, 0x38, 0x00, 0x03, 0x00, 0x46, 0x37, 0xFC, 0xFF, 0xFF, 0xC7, 0xFF, 0xE0, 0x07, 0x00, 0x00,
    0x60, 0x00, 0x0E, 0x00, 0x00, 0xE7, 0xF0, 0x0F, 0xFF, 0xC0, 0xFE, 0x3E, 0x1F, 0x00, 0xE1, 0xE0,
    0x06, 0x3C, 0x00, 0x70, 0x80, 0x06, 0x00, 0x00, 0xE0, 0x00, 0x1E, 0x00, 0x1F, 0xC0, 0x3F, 0xF8,
    0x03, 0xFE, 0x00, 0x00, 0x00, 0x00, 0x00, 0x08, 0x00, 0x00, 0x7C, 0x03, 0x80, 0x6E, 0x03, 0x80,
    0x76, 0x03, 0x80, 0x36, 0x63, 0xBF, 0xF0, 0x7F, 0xFF, 0xC0, 0x7F, 0xFE, 0x00, 0x07, 0x00, 0x00,
    0x07, 0x00, 0x00, 0x06, 0x00, 0x00, 0x06, 0x00, 0x00, 0x0E, 0x7F, 0x80, 0x0F, 0xFF, 0xC0, 0x0F,
    0xC1, 0xE0, 0x1F, 0x00, 0xE0, 0x1C, 0x00, 0x70, 0x1C, 0x00, 0x70, 0x00, 0x00, 0x70, 0x00, 0x00,
    0xE0, 0x00, 0x01, 0xE0, 0x03, 0x1F, 0xC0, 0x03, 0xFF, 0x80, 0x03, 0xFE, 0x00, 0x00, 0x00, 0x00,
    0x00, 0xFE, 0x00, 0xFF, 0xF1, 0xFF, 0x9F, 0x3F, 0x00, 0xE7, 0x00, 0x0C, 0x00, 0x01, 0xC0, 0x00,
    0x38, 0x00, 0x06, 0x00, 0x01, 0xC0, 0x00, 0x78, 0x00, 0x3E, 0x00, 0xFF, 0x80, 0x3F, 0xC0, 0x07,
    0xE0, 0x00, 0x00, 0x7F, 0xC0, 0x0F, 0xFF, 0x81, 0xFF, 0x9F, 0x1F, 0xE0, 0x0E, 0x7C, 0x00, 0x3D,
    0x80, 0x00, 0x70, 0x00, 0x01, 0xC0, 0x00, 0x07, 0x00, 0x00, 0x1C, 0x00, 0x00, 0x70, 0x00, 0x03,
    0x80, 0x00, 0x1E, 0x00, 0x00, 0xF0, 0x00, 0x0F, 0x80, 0x0F, 0xFC, 0x00, 0x7F, 0xC0, 0x01, 0xFC,
    0x00, 0x00, 0x00, 0x00, 0x00, 0x00, 0x30, 0x00, 0x03, 0xB0, 0x00, 0x03, 0x70, 0x00, 0x07, 0x60,
    0x00, 0x06, 0x00, 0x1F, 0xF0, 0x03, 0xFF, 0xF0, 0x3F, 0xF1, 0xF1, 0xFE, 0x00, 0xF1, 0xE0, 0x00,
    0xE2, 0x00, 0x00, 0xE0, 0x00, 0x01, 0xC0, 0x00, 0x03, 0x80, 0x00, 0x0E, 0x00, 0x00, 0x1C, 0x00,
    0x00, 0x78, 0x00, 0x01, 0xE0, 0x00, 0x0F, 0x80, 0x07, 0xFE, 0x00, 0x1F, 0xF0, 0x00, 0x3F, 0x80,
    0x00, 0x00, 0x00, 0x00, 0x00, 0x7F, 0xF7, 0xFF, 0xFF, 0xBF, 0xFF, 0xE1, 0xF0, 0x78, 0x00, 0x07,
    0x80, 0x00, 0x38, 0x00, 0x03, 0x80, 0x00, 0x1C, 0x00, 0x01, 0xC0, 0x00, 0x0E, 0x00, 0x00, 0x70,
    0x00, 0x03, 0x80, 0x00, 0x1C, 0x00, 0x00, 0xE0, 0x00, 0x03, 0x80, 0x00, 0x1E, 0x00, 0x00, 0x78,
    0x00, 0x01, 0xFC, 0x00, 0x07, 0xF0, 0x00, 0x0F, 0x80, 0x00, 0x00, 0x00, 0x00, 0x7F, 0xF8, 0xFF,
    0xFF, 0xF1, 0xFF, 0xFF, 0x03, 0xE0, 0xF0, 0x00, 0x03, 0x81, 0x80, 0x0E, 0x1B, 0x00, 0x1C, 0x3F,
    0x00, 0x30, 0x36, 0x00, 0xE0, 0x70, 0x01, 0xC0, 0x00, 0x03, 0x80, 0x00, 0x07, 0x00, 0x00, 0x0E,
    0x00, 0x00, 0x1E, 0x00, 0x00, 0x1C, 0x00, 0x00, 0x3E, 0x00, 0x00, 0x3F, 0xC0, 0x00, 0x1F, 0xC0,
    0x00, 0x0F, 0x80, 0x00, 0x00, 0x00, 0x60, 0x00, 0x38, 0x00, 0x1C, 0x00, 0x0E, 0x00, 0xC3, 0x81,
    0xF1, 0xC3, 0xF0, 0x73, 0xE0, 0x3F, 0xC0, 0x0F, 0x80, 0x0F, 0x80, 0x0F, 0x00, 0x0F, 0x00, 0x07,
    0x00, 0x07, 0x00, 0x03, 0x80, 0x01, 0xC0, 0x00, 0xE0, 0x00, 0x70, 0x00, 0x3F, 0x0F, 0xCF, 0xFF,
    0xE1, 0xFF, 0xF0, 0x00, 0x00, 0x61, 0x00, 0x1B, 0x1C, 0x00, 0xEC, 0xE0, 0x03, 0x63, 0x80, 0x5C,
    0x1C, 0x07, 0x40, 0x70, 0xF8, 0x03, 0x9F, 0x80, 0x1F, 0xF0, 0x00, 0x7E, 0x00, 0x03, 0xC0, 0x00,
    0x3C, 0x00, 0x03, 0x80, 0x00, 0x38, 0x00, 0x03, 0x80, 0x00, 0x1C, 0x00, 0x00, 0xE0, 0x00, 0x07,
    0x00, 0x00, 0x3C, 0x00, 0x00, 0xFC, 0x3F, 0x03, 0xFF, 0xF8, 0x0F, 0xFF, 0xC0, 0x01, 0x80, 0x00,
    0x06, 0x00, 0x00, 0x38, 0x00, 0x00, 0xE0, 0x00, 0x03, 0xF9, 0x03, 0xFF, 0xEF, 0x0F, 0xFE, 0x1F,
    0x01, 0xC0, 0x1E, 0x06, 0x06, 0x38, 0x38, 0x1C, 0x20, 0xE0, 0x70, 0x07, 0x01, 0xC0, 0x1C, 0x07,
    0x00, 0xE0, 0x1C, 0x07, 0x80, 0x70, 0x1C, 0x3F, 0xC0, 0xE1, 0xFF, 0xC1, 0x8E, 0x1F, 0x80, 0x30,
    0x7F, 0x00, 0xC1, 0xDE, 0x03, 0xCE, 0x30, 0x07, 0xF8, 0x00, 0x0F, 0xC0, 0x00, 0x60, 0x00, 0x07,
    0x00, 0x00, 0x70, 0x00, 0x06, 0x0F, 0xFE, 0x60, 0xFF, 0xEE, 0x03, 0xF8, 0xE0, 0x00, 0x0E, 0x00,
    0x00, 0xE0, 0x00, 0x0C, 0x00, 0x00, 0xC0, 0x00, 0x0C, 0x00, 0x00, 0xD0, 0x00, 0x0D, 0x9C, 0x00,
    0xF9, 0xC0, 0x0F, 0x18, 0x00, 0xF1, 0xC0, 0x0F, 0x1F, 0x0F, 0xE0, 0xFF, 0xFE, 0x07, 0xFF, 0x60,
    0x00, 0x00, 0x00, 0x00, 0x00, 0x00, 0x00, 0x00, 0x1C, 0x00, 0x00, 0x1C, 0x00, 0x38, 0x1C, 0x00,
    0x38, 0x3F, 0x00, 0x38, 0xFF, 0xC0, 0x1B, 0xFB, 0xE0, 0x1F, 0x98, 0x70, 0x1F, 0x38, 0x38, 0x1E,
    0x38, 0x38, 0x3E, 0x38, 0x18, 0x3E, 0x30, 0x18, 0x77, 0x70, 0x18, 0x77, 0x70, 0x18, 0x63, 0xE0,
    0x18, 0x63, 0xEF, 0xF8, 0x61, 0xCF, 0xF8, 0x63, 0x9C, 0x7C, 0x77, 0x98, 0x7E, 0x7F, 0x1E, 0xFE,
    0x3E, 0x0F, 0xE6, 0x00, 0x07, 0xC0, 0x03, 0x80, 0x00, 0x03, 0x80, 0x00, 0x03, 0x80, 0x00, 0x03,
    0x80, 0x00, 0x03, 0x87, 0xC0, 0x7F, 0x9F, 0xE0, 0x7F, 0xBE, 0xF0, 0x73, 0xF0, 0x70, 0x03, 0xE0,
    0x38, 0x07, 0xC0, 0x38, 0x07, 0x80, 0x38, 0x0F, 0x00, 0x18, 0x1F, 0x00, 0x18, 0x1F, 0x00, 0x38,
    0x3F, 0x07, 0xF8, 0x7F, 0x1F, 0xF8, 0x77, 0x1C, 0xF8, 0xE7, 0x18, 0x3E, 0x67, 0x38, 0x7E, 0x07,
    0x1C, 0xF6, 0x07, 0x1F, 0xE2, 0x07, 0x07, 0xC0, 0x07, 0x00, 0x00, 0x01, 0xFE, 0x00, 0x3F, 0xFC,
    0x03, 0xFD, 0xF0, 0x3C, 0xE3, 0xC3, 0x87, 0x07, 0x38, 0x38, 0x39, 0xC1, 0xC0, 0xFC, 0x1C, 0x07,
    0xE0, 0xE0, 0x3F, 0x07, 0x01, 0xF8, 0x30, 0x0F, 0xC3, 0x80, 0x7E, 0x1C, 0x03, 0xF1, 0xC0, 0x39,
    0xDE, 0x03, 0xCF, 0xE0, 0x3C, 0x3E, 0x07, 0xC0, 0x41, 0xFC, 0x00, 0x0F, 0x80, 0x00, 0x00, 0x00,
    0x38, 0x03, 0x80, 0xC0, 0x0E, 0x03, 0x00, 0x38, 0x1C, 0x00, 0xE0, 0x70, 0x03, 0x99, 0xC3, 0xFF,
    0xE7, 0x0F, 0xFF, 0x98, 0x00, 0xE0, 0x60, 0x03, 0x81, 0x80, 0x0E, 0x06, 0x00, 0x38, 0x18, 0x00,
    0xE0, 0x68, 0x03, 0x83, 0xB0, 0xFE, 0x07, 0x8F, 0xFC, 0x1E, 0x39, 0xFC, 0x79, 0xC1, 0xF9, 0xC7,
    0x0E, 0xF7, 0x1E, 0x39, 0xDC, 0x3F, 0xC0, 0x70, 0x7E, 0x00, 0x00, 0x00, 0x00, 0x00, 0x00, 0x00,
    0x00, 0x00, 0x31, 0xC0, 0x0D, 0xB3, 0x80, 0x1B, 0x67, 0x00, 0x33, 0x4E, 0x00, 0x66, 0x18, 0x00,
    0xCC, 0x30, 0xFF, 0xFC, 0xE1, 0xFF, 0xF1, 0xC0, 0x06, 0x03, 0x80, 0x0C, 0x07, 0x00, 0x18, 0x0E,
    0x00, 0x30, 0x1C, 0x00, 0x60, 0x30, 0x00, 0xC0, 0x6C, 0x01, 0x80, 0xF8, 0x7F, 0x81, 0xF3, 0xFF,
    0x83, 0xC7, 0x0F, 0xC7, 0x9C, 0x1F, 0xCF, 0x38, 0x3B, 0x9C, 0x3D, 0xE3, 0x18, 0x7F, 0xC0, 0x30,
    0x3F, 0x00, 0x00, 0x00, 0x00, 0x00, 0x00, 0x78, 0x00, 0x01, 0xFB, 0x80, 0x1B, 0x37, 0x00, 0x37,
    0xEE, 0x00, 0x67, 0x98, 0x00, 0xC4, 0x30, 0xFF, 0xFC, 0xE1, 0xFF, 0xF1, 0xC0, 0x06, 0x03, 0x80,
    0x0C, 0x07, 0x00, 0x18, 0x0E, 0x00, 0x30, 0x1C, 0x00, 0x60, 0x30, 0x00, 0xC0, 0x6C, 0x01, 0x80,
    0xF8, 0x7F, 0x81, 0xF3, 0xFF, 0x83, 0xC7, 0x0F, 0xC7, 0x9C, 0x1F, 0xCF, 0x38, 0x3B, 0x9C, 0x3D,
    0xE3, 0x18, 0x7F, 0xC0, 0x30, 0x3F, 0x00, 0x00, 0x41, 0x80, 0xFF, 0x8E, 0x0F, 0xFE, 0x38, 0x3F,
    0xE0, 0x60, 0x07, 0x01, 0xC0, 0x38, 0x07, 0x00, 0xE0, 0x1E, 0x07, 0x00, 0x78, 0x1C, 0x01, 0xF0,
    0xE0, 0x07, 0xC3, 0x80, 0x1B, 0x8C, 0x00, 0x6F, 0x30, 0x01, 0x98, 0xC0, 0x0E, 0x07, 0x00, 0x38,
    0x0C, 0x00, 0xE0, 0x38, 0x07, 0x00, 0xE0, 0x3C, 0x01, 0xF7, 0xE0, 0x07, 0xFF, 0x00, 0x07, 0xF0,
    0x00, 0x00, 0x00, 0x18, 0x00, 0x00, 0xF8, 0x00, 0x05, 0xB0, 0xFE, 0x1B, 0xFF, 0xFC, 0x3B, 0x1F,
    0xF0, 0x70, 0x01, 0xC0, 0xE0, 0x07, 0x01, 0xE0, 0x1C, 0x01, 0xC0, 0x38, 0x03, 0xC0, 0xE0, 0x07,
    0x81, 0xC0, 0x0F, 0x83, 0x00, 0x1F, 0x8E, 0x00, 0x77, 0x1C, 0x00, 0xE6, 0x38, 0x01, 0xC0, 0x70,
    0x03, 0x00, 0xE0, 0x0E, 0x01, 0xC0, 0x1C, 0x01, 0xC0, 0x70, 0x03, 0xE7, 0xE0, 0x03, 0xFF, 0x80,
    0x03, 0xFC, 0x00, 0x00, 0x00, 0x00, 0x00, 0x00, 0x3C, 0x00, 0x00, 0xFC, 0x01, 0x05, 0x98, 0xFE,
    0x1B, 0x3F, 0xFC, 0x3F, 0xFF, 0xF0, 0x77, 0x81, 0xC0, 0xE0, 0x07, 0x01, 0xE0, 0x1C, 0x01, 0xC0,
    0x38, 0x03, 0xC0, 0xE0, 0x07, 0x81, 0xC0, 0x0F, 0x83, 0x00, 0x1F, 0x8E, 0x00, 0x77, 0x1C, 0x00,
    0xE6, 0x38, 0x01, 0xC0, 0x70, 0x03, 0x00, 0xE0, 0x0E, 0x01, 0xC0, 0x1C, 0x01, 0xC0, 0x70, 0x03,
    0xE7, 0xE0, 0x03, 0xFF, 0x80, 0x03, 0xFC, 0x00, 0x00, 0x00, 0x00, 0x00, 0x40, 0x00, 0x00, 0xF0,
    0x00, 0x00, 0x7C, 0x00, 0x00, 0x1F, 0x00, 0x00, 0x0F, 0x00, 0x00, 0x0F, 0x00, 0x00, 0x0E, 0x00,
    0x00, 0x00, 0x00, 0x00, 0xE0, 0x00, 0x00, 0xE0, 0x00, 0x00, 0x70, 0x20, 0x00, 0x38, 0x70, 0x00,
    0x1C, 0x78, 0x06, 0x1E, 0x38, 0x0F, 0x0E, 0x1C, 0x1E, 0x06, 0x1C, 0x3C, 0x07, 0x0E, 0xF8, 0x07,
    0x0E, 0xE1, 0x0E, 0x0E, 0x41, 0xFE, 0x04, 0x01, 0xFC, 0x00, 0x00, 0x40, 0x00, 0x00, 0xF8, 0x00,
    0x00, 0x7C, 0x0E, 0x00, 0x1F, 0x36, 0x00, 0x07, 0x37, 0x00, 0x0F, 0x1B, 0x00, 0x0E, 0x18, 0x00,
    0x04, 0x00, 0x00, 0x60, 0x00, 0x00, 0xF0, 0x00, 0x00, 0x78, 0x30, 0x00, 0x3C, 0x70, 0x00, 0x1C,
    0x38, 0x03, 0x0E, 0x1C, 0x07, 0x0F, 0x1C, 0x1F, 0x07, 0x0E, 0x3C, 0x07, 0x0E, 0x78, 0x07, 0x06,
    0xF1, 0x8F, 0x07, 0x41, 0xFF, 0x04, 0x01, 0xFE, 0x00, 0x00, 0x40, 0x00, 0x00, 0xF0, 0x00, 0x00,
    0xFC, 0x1E, 0x00, 0x3F, 0x3B, 0x00, 0x0F, 0x33, 0x00, 0x07, 0x33, 0x00, 0x0F, 0x3F, 0x00, 0x0C,
    0x1E, 0x00, 0x00, 0x00, 0x00, 0xE0, 0x00, 0x00, 0x70, 0x00, 0x00, 0x38, 0x70, 0x00, 0x1C, 0x38,
    0x03, 0x0E, 0x38, 0x07, 0x0E, 0x1C, 0x0F, 0x07, 0x0E, 0x3E, 0x07, 0x0E, 0x78, 0x07, 0x0E, 0xF1,
    0x8F, 0x07, 0x61, 0xFF, 0x04, 0x01, 0xFE, 0x00, 0x00, 0x00, 0x00, 0x01, 0xC0, 0x00, 0x07, 0xC0,
    0x00, 0x1F, 0xC0, 0x00, 0x73, 0xC0, 0x01, 0xE3, 0xC0, 0x07, 0x83, 0xC0, 0x0E, 0x03, 0xC0, 0x38,
    0x03, 0x80, 0xF0, 0x07, 0x83, 0xC0, 0x07, 0x83, 0x00, 0x07, 0x80, 0x00, 0x07, 0x80, 0x00, 0x07,
    0x80, 0x00, 0x07, 0x80, 0x00, 0x06, 0x00, 0x00, 0x04, 0x00, 0x00, 0x00, 0x00, 0x00, 0x60, 0x00,
    0x06, 0xE0, 0x02, 0x0E, 0xE0, 0x1E, 0x1D, 0xC0, 0x7E, 0x1D, 0x81, 0xFE, 0x18, 0x03, 0x9E, 0x00,
    0x0E, 0x1E, 0x00, 0x38, 0x1E, 0x00, 0xF0, 0x1E, 0x03, 0xC0, 0x1C, 0x0F, 0x00, 0x1C, 0x1C, 0x00,
    0x3C, 0x18, 0x00, 0x3C, 0x00, 0x00, 0x3C, 0x00, 0x00, 0x3C, 0x00, 0x00, 0x3C, 0x00, 0x00, 0x30,
    0x00, 0x00, 0x20, 0x00, 0x01, 0xF0, 0x00, 0x07, 0x60, 0x06, 0x0C, 0x60, 0x1E, 0x18, 0xC0, 0x7E,
    0x33, 0x81, 0xFE, 0x3E, 0x03, 0x9E, 0x38, 0x0E, 0x1E, 0x00, 0x38, 0x1E, 0x00, 0xF0, 0x1E, 0x03,
    0xC0, 0x1C, 0x0F, 0x00, 0x1C, 0x1C, 0x00, 0x3C, 0x18, 0x00, 0x3C, 0x00, 0x00, 0x3C, 0x00, 0x00,
    0x3C, 0x00, 0x00, 0x3C, 0x00, 0x00, 0x30, 0x30, 0x00, 0x00, 0xE0, 0x03, 0xC3, 0x0F, 0xFF, 0x9C,
    0x3F, 0xFC, 0x70, 0x03, 0x01, 0xC0, 0x0C, 0x07, 0x00, 0x30, 0x1C, 0x00, 0xEE, 0x60, 0xFF, 0xF9,
    0x83, 0xFF, 0xE6, 0x00, 0x30, 0x18, 0x00, 0xE0, 0x60, 0x03, 0x83, 0xB0, 0x0E, 0x07, 0x87, 0xF8,
    0x1E, 0x3F, 0xF8, 0x79, 0xC3, 0xF1, 0xC7, 0x0F, 0xF7, 0x1C, 0x39, 0xDC, 0x3F, 0xC2, 0x70, 0x7E,
    0x00, 0xC0, 0x00, 0x00, 0x00, 0x00, 0x0C, 0x00, 0x00, 0xD9, 0xC0, 0x01, 0xF3, 0x87, 0xFF, 0xB6,
    0x0F, 0xFF, 0x4C, 0x00, 0xE0, 0x38, 0x01, 0xC0, 0x70, 0x03, 0x80, 0xE0, 0x07, 0x01, 0xC3, 0xFF,
    0xE3, 0x87, 0xFF, 0xC6, 0x00, 0x38, 0x0C, 0x00, 0x70, 0x18, 0x00, 0xE0, 0x36, 0x01, 0xC0, 0x7C,
    0x7F, 0x80, 0xF1, 0xFF, 0xC1, 0xE3, 0x07, 0xE3, 0xCE, 0x1D, 0xE7, 0x0E, 0x39, 0xCE, 0x1F, 0xF1,
    0x0C, 0x1F, 0xC0, 0x18, 0x00, 0x00, 0x00, 0x00, 0x00, 0x3C, 0x00, 0x00, 0xFC, 0x00, 0x01, 0x9B,
    0x80, 0x03, 0xF7, 0x0F, 0xFF, 0xCC, 0x1F, 0xFC, 0x18, 0x01, 0xC0, 0x70, 0x03, 0x80, 0xE0, 0x07,
    0x01, 0xC0, 0x0E, 0x03, 0x87, 0xFF, 0xC7, 0x0F, 0xFF, 0x8C, 0x00, 0x70, 0x18, 0x00, 0xE0, 0x30,
    0x01, 0xC0, 0x6C, 0x03, 0x80, 0xF8, 0xFF, 0x01, 0xE3, 0xFF, 0x83, 0xC6, 0x0F, 0xC7, 0x9C, 0x3B,
    0xCE, 0x1C, 0x73, 0x9C, 0x3F, 0xE2, 0x18, 0x3F, 0x80, 0x30, 0x00, 0x00, 0x00, 0xE0, 0x00, 0x38,
    0x04, 0x0F, 0xFB, 0xFF, 0xFE, 0xFF, 0xFF, 0x80, 0x38, 0x00, 0x0E, 0x00, 0x03, 0x8E, 0xFF, 0xFF,
    0xBF, 0xFF, 0xE0, 0x0E, 0x00, 0x03, 0x80, 0x00, 0xE0, 0x00, 0x38, 0x01, 0xFE, 0x01, 0xFF, 0xF0,
    0x70, 0xFE, 0x38, 0x3B, 0xEE, 0x0E, 0x7D, 0xE7, 0x87, 0x7F, 0xC0, 0x87, 0xE0, 0x00, 0x00, 0x04,
    0x00, 0x1F, 0xFC, 0x00, 0x3F, 0xF0, 0x00, 0x00, 0xE0, 0x00, 0x01, 0x80, 0x00, 0x07, 0x00, 0x00,
    0x0C, 0x0C, 0x00, 0x38, 0x1C, 0x00, 0xF0, 0x30, 0x0F, 0xFE, 0x60, 0x7F, 0xFF, 0xC1, 0xE6, 0x3F,
    0x87, 0x1C, 0x0F, 0xCE, 0x30, 0x0F, 0xD8, 0xE0, 0x3F, 0xF1, 0xC0, 0x72, 0x77, 0x01, 0xC0, 0xFC,
    0x07, 0x80, 0xF8, 0x1E, 0x00, 0x00, 0xF8, 0x00, 0x01, 0xE0, 0x00, 0x01, 0x80, 0x00, 0x06, 0x00,
    0x00, 0x1C, 0x00, 0x00, 0x70, 0x00, 0x01, 0xDC, 0x60, 0xFF, 0xF1, 0xC3, 0xFF, 0xC7, 0x80, 0x70,
    0x0F, 0x01, 0xC0, 0x1E, 0x07, 0x00, 0x38, 0xFC, 0x00, 0x47, 0xF0, 0x00, 0x19, 0xC0, 0x00, 0xE3,
    0x00, 0x03, 0x8C, 0x00, 0x0E, 0x70, 0x0E, 0x39, 0xC0, 0x38, 0x7E, 0x00, 0xE0, 0xF8, 0x03, 0x80,
    0xE0, 0x0E, 0x03, 0x80, 0x78, 0x0F, 0x0F, 0xC0, 0x1F, 0xFF, 0x00, 0x3F, 0xF0, 0x00, 0x00, 0x0E,
    0x00, 0xC0, 0x70, 0x0E, 0x03, 0x80, 0x70, 0x18, 0x01, 0xDF, 0xF0, 0x0F, 0xFF, 0xE0, 0x7F, 0x7F,
    0x83, 0xC3, 0x1C, 0x3E, 0x38, 0x71, 0xF1, 0xC1, 0x9D, 0xCC, 0x0E, 0xCE, 0xE0, 0x7E, 0x3E, 0x03,
    0xF1, 0xF0, 0x1F, 0x07, 0x00, 0xF8, 0x3C, 0x07, 0xE3, 0xE0, 0x77, 0x7B, 0x07, 0x9F, 0x80, 0x78,
    0xF8, 0x3F, 0x80, 0x03, 0xF0, 0x00, 0x0E, 0x00, 0x01, 0x80, 0x00, 0x38, 0x00, 0x03, 0x80, 0x00,
    0x38, 0x00, 0x73, 0x80, 0x07, 0xFF, 0xC0, 0x7F, 0xFC, 0x00, 0x30, 0x00, 0x03, 0x00, 0x00, 0x30,
    0x00, 0x03, 0x01, 0xCF, 0xF3, 0x9C, 0xFF, 0xFC, 0xE7, 0xFF, 0xC7, 0x07, 0x00, 0x70, 0x70, 0x07,
    0x07, 0x00, 0x70, 0x70, 0x07, 0x07, 0x00, 0x70, 0x78, 0x0E, 0x03, 0xEF, 0xE0, 0x1F, 0xFC, 0x00,
    0xFF, 0x00, 0x00, 0x00, 0x00, 0x1C, 0x00, 0x03, 0xC0, 0x0E, 0x18, 0x01, 0xC3, 0xF8, 0x1D, 0xFF,
    0x83, 0xFE, 0x78, 0x7E, 0x07, 0x7F, 0x00, 0x6F, 0xE0, 0x0D, 0xCE, 0x43, 0x81, 0xCF, 0xE0, 0x1D,
    0xF8, 0x03, 0x80, 0x00, 0x30, 0x00, 0x07, 0x00, 0x00, 0xE0, 0x00, 0x0C, 0x00, 0x01, 0xC0, 0x00,
    0x20, 0x00, 0x00, 0x20, 0x00, 0x01, 0xC0, 0x00, 0x03, 0x80, 0x07, 0x07, 0x00, 0x1C, 0x0C, 0x00,
    0x38, 0x3F, 0xC0, 0xE7, 0xFF, 0x81, 0xFF, 0x0F, 0x07, 0xE0, 0x1C, 0xFE, 0x00, 0x7F, 0xF8, 0x01,
    0xDC, 0xE0, 0x07, 0x41, 0xCE, 0x78, 0x07, 0x3F, 0xE0, 0x0E, 0xFE, 0x00, 0x38, 0x00, 0x00, 0xE0,
    0x00, 0x01, 0xC0, 0x00, 0x07, 0x00, 0x00, 0x1C, 0x00, 0x00, 0x38, 0x00, 0x00, 0xE0, 0x00, 0x03,
    0x80, 0x00, 0x00, 0x00, 0x00, 0x18, 0x07, 0x06, 0x01, 0xC3, 0xF0, 0x63, 0xFF, 0x19, 0xFF, 0xE6,
    0xE7, 0x39, 0xF1, 0xC7, 0x78, 0x71, 0xDC, 0x1C, 0x77, 0x67, 0x19, 0xDD, 0xCE, 0x67, 0xE7, 0x9C,
    0xFF, 0xC7, 0x0F, 0xC0, 0x07, 0x00, 0x03, 0xC0, 0x01, 0xE0, 0x00, 0x10, 0x00, 0x00, 0x30, 0x00,
    0x07, 0x00, 0x60, 0x30, 0x06, 0x03, 0x80, 0xE0, 0x7E, 0x0E, 0x1F, 0xF8, 0xE7, 0xFF, 0xCE, 0xF3,
    0x8E, 0xEE, 0x38, 0x6F, 0xC3, 0x87, 0xF8, 0x38, 0x7F, 0x03, 0x87, 0xF0, 0x38, 0x7E, 0x63, 0x87,
    0xE7, 0x38, 0xEE, 0x7B, 0x0E, 0xE3, 0xF7, 0xCE, 0x1F, 0xF8, 0x60, 0x7F, 0x00, 0x0E, 0x00, 0x01,
    0xE0, 0x00, 0x3C, 0x00, 0x03, 0x80, 0x00, 0x00, 0x00, 0x01, 0xC0, 0x01, 0xC0, 0x01, 0xC0, 0x01,
    0xC0, 0x01, 0xFF, 0x01, 0xFF, 0x01, 0xC0, 0x01, 0xC0, 0x01, 0xC0, 0x01, 0xC0, 0x01, 0xC0, 0x3F,
    0xE0, 0x7F, 0xF8, 0x71, 0xFC, 0xE1, 0xDF, 0x71, 0xCF, 0x7F, 0x82, 0x3F, 0x80, 0x00, 0xE0, 0x00,
    0x1C, 0x00, 0x03, 0x80, 0x00, 0x70, 0x00, 0x0E, 0x00, 0x01, 0xFF, 0x80, 0x3F, 0xF0, 0x07, 0x60,
    0x00, 0xE0, 0x00, 0x1C, 0x00, 0x03, 0x80, 0x00, 0x70, 0x00, 0x0E, 0x00, 0x3F, 0xC0, 0x1F, 0xFE,
    0x07, 0xCF, 0xF0, 0xE0, 0xFF, 0x9C, 0x1C, 0xFB, 0x83, 0x8F, 0xFC, 0xF0, 0xE7, 0xFC, 0x04, 0x7F,
    0x00, 0x00, 0x0F, 0x00, 0x03, 0xFE, 0x00, 0xFF, 0xC0, 0x03, 0xF0, 0x70, 0x00, 0x1C, 0x00, 0x07,
    0x00, 0x01, 0xC0, 0x00, 0x70, 0x00, 0x1C, 0xFF, 0x06, 0xFF, 0xF1, 0xFC, 0x1E, 0xFC, 0x03, 0xBC,
    0x00, 0x6E, 0x00, 0x1D, 0x00, 0x06, 0x00, 0x03, 0x80, 0x01, 0xE0, 0x07, 0xF0, 0x7F, 0xF8, 0x0F,
    0xF8, 0x00, 0x00, 0x00, 0x60, 0x00, 0xE0, 0x01, 0x87, 0x83, 0x3F, 0xCE, 0xF7, 0xDF, 0x83, 0xBE,
    0x03, 0x7C, 0x07, 0xF0, 0x0F, 0xE0, 0x1F, 0x80, 0x3F, 0x00, 0x7E, 0x00, 0xFC, 0x01, 0xF8, 0x03,
    0xF0, 0x0E, 0x00, 0x1C, 0x00, 0x78, 0x01, 0xE0, 0x0F, 0x81, 0xFE, 0x03, 0xF0, 0x03, 0x00, 0x00,
    0x00, 0x00, 0x00, 0xFF, 0xF8, 0x0F, 0xFF, 0x80, 0xE0, 0xF0, 0x00, 0x1E, 0x00, 0x03, 0x80, 0x00,
    0x70, 0x00, 0x1E, 0x00, 0x03, 0xFE, 0x00, 0x7F, 0xF8, 0x0F, 0xE7, 0xC1, 0xE0, 0x1E, 0x3C, 0x00,
    0xE7, 0x80, 0x07, 0x71, 0xE0, 0x70, 0x3F, 0x87, 0x07, 0xBC, 0x70, 0x71, 0xCE, 0x07, 0x0D, 0xE0,
    0x78, 0xFC, 0x03, 0xFF, 0x80, 0x0F, 0xE0, 0x03, 0x80, 0x00, 0x03, 0x80, 0x00, 0x03, 0x80, 0x00,
    0x03, 0x80, 0x00, 0x07, 0x87, 0xC0, 0x7F, 0x9F, 0xE0, 0x7F, 0xFC, 0xE0, 0x43, 0xF0, 0xE0, 0x03,
    0xE0, 0x60, 0x07, 0xC0, 0xE0, 0x07, 0x80, 0xE0, 0x0F, 0x00, 0xE0, 0x1F, 0x00, 0xE0, 0x1F, 0x00,
    0xE0, 0x3F, 0x00, 0xE0, 0x77, 0x00, 0xC0, 0xF7, 0x00, 0xC0, 0xE7, 0x00, 0xC2, 0x47, 0x00, 0xEF,
    0x07, 0x00, 0xFE, 0x07, 0x00, 0xFC, 0x07, 0x00, 0x00, 0x00, 0x00, 0x00, 0x0F, 0xFF, 0x01, 0xFF,
    0xF8, 0x0F, 0xCF, 0x00, 0x01, 0xE0, 0x00, 0x3C, 0x00, 0x07, 0x00, 0x00, 0xE0, 0x00, 0x1F, 0xE0,
    0x07, 0xFF, 0x80, 0xFE, 0x7C, 0x1F, 0x01, 0xE3, 0xC0, 0x0E, 0x78, 0x00, 0x77, 0x00, 0x07, 0x60,
    0x00, 0x70, 0x00, 0x0E, 0x00, 0x00, 0xE0, 0x00, 0x3C, 0x02, 0x1F, 0xC0, 0x3F, 0xF0, 0x03, 0xFC,
    0x00, 0x00, 0x00, 0x02, 0x00, 0x00, 0xE0, 0x00, 0x1C, 0x00, 0x03, 0x80, 0x00, 0xF0, 0x00, 0xFE,
    0x7E, 0x1F, 0xBF, 0xF0, 0x3F, 0x0E, 0x0F, 0x80, 0xE1, 0xC0, 0x1C, 0x78, 0x03, 0x9F, 0x00, 0x73,
    0x60, 0x0E, 0xEC, 0x03, 0xB9, 0x80, 0xF2, 0x30, 0xFC, 0x06, 0x3F, 0x00, 0xC3, 0x80, 0x18, 0x00,
    0x00, 0x03, 0x00, 0x00, 0x07, 0x00, 0x00, 0x0E, 0x00, 0x00, 0x1C, 0x00, 0x00, 0x38, 0x00, 0x0F,
    0xF0, 0x00, 0x1F, 0xE7, 0xF8, 0x3F, 0xBF, 0xF8, 0x03, 0xF8, 0x78, 0x0F, 0xC0, 0x38, 0x1E, 0x00,
    0x70, 0x78, 0x00, 0x60, 0xF0, 0x00, 0xE3, 0xE0, 0x01, 0xCF, 0xC0, 0x07, 0x3F, 0x80, 0x0E, 0x77,
    0x00, 0x3D, 0xCE, 0x00, 0xF1, 0x9C, 0x07, 0xC0, 0x38, 0x7F, 0x00, 0x70, 0xF8, 0x00, 0xE0, 0x80,
    0x01, 0xC0, 0x00, 0x00, 0x00, 0x70, 0x00, 0xFF, 0xC0, 0x07, 0xFE, 0x00, 0x00, 0x60, 0x00, 0x07,
    0x00, 0x00, 0x38, 0x00, 0x03, 0xFC, 0x00, 0x7F, 0xF8, 0x07, 0xE3, 0xE0, 0xF6, 0x07, 0x0F, 0x30,
    0x1C, 0x73, 0x80, 0xE7, 0x1C, 0x03, 0x31, 0xC0, 0x1F, 0x8E, 0x00, 0xFC, 0xE7, 0xC6, 0xC7, 0x7F,
    0x77, 0x77, 0x1F, 0xBF, 0xB8, 0xF8, 0xF8, 0xEF, 0xC0, 0x07, 0xFC, 0x00, 0x1F, 0x80, 0x00, 0x0F,
    0x00, 0x0F, 0xFF, 0x00, 0x1F, 0xFE, 0x00, 0x01, 0xE0, 0x00, 0x0F, 0xE0, 0x00, 0x7F, 0xF8, 0x01,
    0xF8, 0xF8, 0x0F, 0x80, 0x70, 0x3D, 0xF8, 0x70, 0x77, 0xF8, 0xE0, 0x0C, 0x73, 0x80, 0x1C, 0xEF,
    0x00, 0x1F, 0xFC, 0x00, 0x3F, 0xE0, 0x00, 0xF0, 0x00, 0x03, 0x81, 0xE0, 0x0F, 0xC7, 0xF0, 0x3F,
    0xDC, 0xF0, 0xE1, 0xF0, 0xE3, 0x83, 0xC0, 0xEE, 0x03, 0x81, 0xCC, 0x06, 0x01, 0x00, 0x01, 0x80,
    0x00, 0x0E, 0x00, 0x00, 0x70, 0x00, 0xC3, 0x7F, 0x07, 0xFF, 0xF8, 0x3F, 0xFF, 0x80, 0x1C, 0x00,
    0x00, 0xE0, 0x00, 0x0E, 0x00, 0x30, 0x7F, 0x87, 0x87, 0xFF, 0xFC, 0x78, 0x7F, 0x07, 0x83, 0xE0,
    0x78, 0x7C, 0x01, 0x87, 0xE0, 0x00, 0x7B, 0x00, 0x07, 0x18, 0x00, 0x38, 0xC0, 0x01, 0x86, 0x00,
    0x0E, 0x00, 0x00, 0x7C, 0x3E, 0x01, 0xFF, 0xF0, 0x07, 0xFF, 0x80, 0x00, 0x30, 0x00, 0x00, 0xF0,
    0x00, 0x01, 0xC0, 0x00, 0x07, 0x80, 0x00, 0x0E, 0x00, 0x00, 0x38, 0x00, 0x00, 0x70, 0x00, 0x01,
    0xC0, 0x00, 0x03, 0x80, 0x00, 0x0F, 0xF0, 0x00, 0x1F, 0xF0, 0x00, 0x7F, 0xE0, 0x00, 0xF1, 0xC0,
    0x03, 0xC1, 0x81, 0xC7, 0x03, 0x03, 0x9C, 0x06, 0x06, 0x38, 0x0C, 0x1C, 0x70, 0x18, 0x79, 0xC0,
    0x3D, 0xE3, 0x80, 0x7F, 0x87, 0x00, 0x7E, 0x00, 0x00, 0x00, 0x00, 0x00, 0x00, 0x00, 0xFF, 0x00,
    0x07, 0xFF, 0x88, 0x0F, 0xFF, 0xE0, 0x00, 0x1B, 0x80, 0x00, 0xEC, 0x00, 0x03, 0x41, 0xFF, 0x98,
    0xFF, 0xFE, 0x07, 0xF8, 0xF8, 0x18, 0x01, 0xC0, 0x00, 0x07, 0x00, 0x00, 0x38, 0x00, 0x01, 0xC0,
    0x00, 0x0E, 0x00, 0x00, 0xE0, 0x00, 0x07, 0x00, 0x00, 0xF0, 0x00, 0x0F, 0x80, 0x03, 0xF8, 0x00,
    0xFF, 0x00, 0x07, 0xE0, 0x00, 0x18, 0x00, 0x00, 0x07, 0x00, 0x00, 0xE0, 0x00, 0x1C, 0x18, 0x03,
    0x03, 0x80, 0x7E, 0x39, 0xFF, 0xE7, 0x3F, 0x9E, 0x70, 0x71, 0xCE, 0x0C, 0x38, 0xC3, 0x87, 0x1C,
    0x70, 0xE3, 0x8C, 0x1C, 0x03, 0x83, 0x80, 0x70, 0x60, 0x1C, 0x0C, 0x03, 0xB3, 0x80, 0xE7, 0xE0,
    0x1C, 0xFC, 0x00, 0x00, 0x0C, 0x1C, 0x03, 0x87, 0x00, 0xE1, 0xC0, 0x38, 0x60, 0x0F, 0xD8, 0xFF,
    0xF6, 0x3F, 0xFD, 0x80, 0x38, 0xE0, 0x0C, 0x38, 0x03, 0x0F, 0x80, 0xC3, 0xE0, 0x30, 0xF8, 0x0C,
    0x1C, 0x07, 0x07, 0x01, 0xC1, 0xC0, 0xE0, 0x70, 0x78, 0x1C, 0x3C, 0x00, 0x06, 0x00, 0x00, 0x33,
    0x73, 0x67, 0xE6, 0x00, 0x01, 0xEF, 0xF3, 0xFD, 0xE0, 0x00, 0x1C, 0xCC, 0xEE, 0x76, 0x36, 0x30,
    0x7C, 0xFB, 0x1E, 0x37, 0xCF, 0x80, 0x60, 0x1E, 0x01, 0xE0, 0x1E, 0x01, 0xE0, 0x1E, 0x01, 0xC0,
    0x1C, 0x01, 0xC0, 0x3C, 0x0F, 0x8F, 0xF7, 0xF0, 0x78, 0x08, 0x00, 0x00, 0x20, 0x05, 0xC0, 0x3B,
    0x00, 0x6E, 0xE1, 0xDB, 0xC3, 0x07, 0x80, 0x0F, 0x00, 0x1E, 0x00, 0x3C, 0x00, 0x78, 0x00, 0xF0,
    0x01, 0xC0, 0x07, 0x80, 0x7E, 0x0F, 0xF0, 0x3E, 0x00, 0xE0, 0x00, 0x00, 0x0C, 0x00, 0x00, 0x70,
    0x00, 0x03, 0x80, 0x00, 0x38, 0x00, 0x01, 0xC0, 0x00, 0x1F, 0x00, 0x00, 0xFF, 0x80, 0x07, 0xFF,
    0x00, 0x70, 0xF0, 0x03, 0x80, 0x80, 0x38, 0x00, 0x01, 0xC0, 0x00, 0x1F, 0xF0, 0x00, 0xFF, 0xC0,
    0x0F, 0x8E, 0x00, 0xF0, 0x38, 0x07, 0x01, 0xC0, 0x70, 0x0E, 0x07, 0x80, 0x60, 0x78, 0x07, 0x03,
    0x90, 0x78, 0x3D, 0xEF, 0x81, 0xCF, 0xF8, 0x00, 0x3F, 0x80, 0xFF, 0xE0, 0x00, 0x00, 0x00, 0x0F,
    0xFE, 0xFF, 0xFF, 0xBF, 0xFF, 0xF0, 0x00, 0x38, 0x06, 0x1C, 0x01, 0xCF, 0x00, 0x77, 0x80, 0x1B,
    0xC0, 0x06, 0x60, 0x01, 0x80, 0x00, 0xE0, 0x00, 0x38, 0x00, 0x1C, 0x00, 0x07, 0x00, 0x07, 0x80,
    0x03, 0xC0, 0x00, 0xE0, 0x00, 0x10, 0x00, 0x00, 0x80, 0x00, 0x07, 0xFF, 0xFF, 0xBF, 0xFF, 0xFC,
    0x00, 0x01, 0xE0, 0x00, 0x0E, 0x00, 0x70, 0xE0, 0x03, 0x8F, 0x00, 0x1C, 0xF0, 0x00, 0xEF, 0x00,
    0x06, 0x70, 0x00, 0x30, 0x00, 0x03, 0x80, 0x00, 0x1C, 0x00, 0x00, 0xE0, 0x00, 0x0E, 0x00, 0x00,
    0x70, 0x00, 0x07, 0x00, 0x00, 0xF8, 0x00, 0x1F, 0x80, 0x00, 0x70, 0x00, 0x01, 0x00, 0x00, 0x00,
    0x00, 0x00, 0x00, 0x01, 0x80, 0x01, 0xE0, 0x01, 0xE0, 0x03, 0xE0, 0x03, 0xC0, 0x07, 0xC0, 0x0F,
    0xC0, 0x3F, 0xE0, 0x7F, 0x70, 0x3E, 0x38, 0x08, 0x1C, 0x00, 0x0E, 0x00, 0x07, 0x00, 0x03, 0x80,
    0x01, 0xC0, 0x00, 0xE0, 0x00, 0x70, 0x00, 0x00, 0x00, 0x00, 0x00, 0x06, 0x00, 0x00, 0xF0, 0x00,
    0x1E, 0x00, 0x07, 0xC0, 0x00, 0xF0, 0x00, 0x3E, 0x00, 0x07, 0xC0, 0x01, 0xF8, 0x00, 0xFF, 0x80,
    0x7F, 0xB8, 0x0F, 0xE3, 0x80, 0xF0, 0x38, 0x00, 0x03, 0x80, 0x00, 0x38, 0x00, 0x03, 0x80, 0x00,
    0x38, 0x00, 0x03, 0x80, 0x00, 0x38, 0x00, 0x03, 0x80, 0x00, 0x38, 0x00, 0x01, 0xC0, 0x00, 0xE0,
    0x00, 0x70, 0x00, 0x38, 0x0F, 0xFF, 0xFF, 0xFF, 0xFF, 0x80, 0x0F, 0xC0, 0x07, 0xE0, 0x07, 0x70,
    0x03, 0xB8, 0x01, 0xC0, 0x01, 0xC0, 0x01, 0xE0, 0x01, 0xE0, 0x01, 0xE0, 0x03, 0xE0, 0x0F, 0xE0,
    0x03, 0xC0, 0x00, 0x00, 0x00, 0x00, 0xE0, 0x00, 0x0E, 0x00, 0x00, 0xE0, 0x00, 0x0E, 0x00, 0x00,
    0xE0, 0x0F, 0xFF, 0xFE, 0xFF, 0xFF, 0xEE, 0x00, 0x0E, 0xE0, 0x00, 0xEE, 0x00, 0x0E, 0xE0, 0x01,
    0xCE, 0x00, 0x1C, 0xE0, 0x01, 0xC0, 0x00, 0x38, 0x00, 0x03, 0x80, 0x00, 0x70, 0x00, 0x0F, 0x00,
    0x01, 0xE0, 0x00, 0x7C, 0x00, 0x1F, 0x80, 0x07, 0xE0, 0x00, 0x7C, 0x00, 0x02, 0x00, 0x00, 0x00,
    0x00, 0x07, 0xFF, 0xF0, 0xFF, 0xFE, 0x00, 0x70, 0x00, 0x0E, 0x00, 0x01, 0xC0, 0x00, 0x38, 0x00,
    0x07, 0x00, 0x00, 0xE0, 0x00, 0x1C, 0x00, 0x03, 0x80, 0x00, 0x70, 0x0F, 0xFF, 0xFF, 0xFF, 0xFF,
    0xC0, 0x00, 0x00, 0x00, 0x00, 0x03, 0xFF, 0xFF, 0x9F, 0xFF, 0xFC, 0x00, 0xE0, 0x00, 0x07, 0x00,
    0x00, 0x38, 0x00, 0x01, 0xC0, 0x00, 0x0E, 0x00, 0x00, 0x70, 0x00, 0x03, 0x80, 0x00, 0x1C, 0x00,
    0x00, 0xE0, 0x00, 0x07, 0x00, 0x00, 0x38, 0x00, 0x01, 0xC0, 0x1F, 0xFF, 0xFF, 0xFF, 0xFF, 0xF8,
    0x00, 0x00, 0x00, 0x00, 0x38, 0x00, 0x0E, 0x00, 0x03, 0x80, 0x00, 0xE0, 0x7F, 0xFF, 0xDF, 0xFF,
    0xF0, 0x07, 0x80, 0x03, 0xE0, 0x01, 0xF8, 0x00, 0xFE, 0x00, 0x7B, 0x80, 0x3C, 0xE0, 0x3E, 0x38,
    0x1F, 0x0E, 0x0F, 0x03, 0x81, 0x80, 0xE0, 0x03, 0xF8, 0x00, 0x7C, 0x00, 0x00, 0x0E, 0x00, 0x00,
    0x70, 0x00, 0x03, 0x80, 0x00, 0x1C, 0x00, 0x00, 0xE0, 0x3F, 0xFF, 0xFD, 0xFF, 0xFF, 0xE0, 0x03,
    0xC0, 0x00, 0x3E, 0x00, 0x03, 0xF0, 0x00, 0x3F, 0x80, 0x03, 0xDC, 0x00, 0x3C, 0xE0, 0x03, 0xC7,
    0x00, 0x7C, 0x38, 0x07, 0x81, 0xC0, 0xF8, 0x0E, 0x07, 0x80, 0x70, 0x10, 0x23, 0x80, 0x01, 0xFC,
    0x00, 0x0F, 0xC0, 0x00, 0x00, 0xE0, 0x00, 0x0E, 0x00, 0x00, 0xE0, 0x00, 0x0E, 0x00, 0x00, 0xE0,
    0x07, 0xFF, 0xFF, 0x7F, 0xFF, 0xF0, 0x0C, 0x07, 0x00, 0xC0, 0x70, 0x1C, 0x06, 0x01, 0xC0, 0x60,
    0x1C, 0x06, 0x03, 0x80, 0x60, 0x38, 0x0E, 0x07, 0x80, 0xE0, 0x70, 0x0E, 0x0F, 0x00, 0xE1, 0xE0,
    0x0E, 0x3C, 0x11, 0xC7, 0x83, 0xFC, 0x70, 0x1F, 0x80, 0x00, 0x00, 0x00, 0x00, 0x00, 0x00, 0x00,
    0xC0, 0x0C, 0x1F, 0x80, 0x30, 0x37, 0x00, 0xC0, 0xEC, 0x03, 0x01, 0x80, 0x0C, 0x00, 0x3F, 0xFF,
    0xF8, 0xFF, 0xFF, 0xE0, 0x07, 0x03, 0x80, 0x1C, 0x0E, 0x00, 0x70, 0x38, 0x01, 0x80, 0xE0, 0x0E,
    0x03, 0x80, 0x38, 0x0E, 0x00, 0xE0, 0x38, 0x07, 0x00, 0xE0, 0x3C, 0x03, 0x00, 0xE0, 0x0C, 0x07,
    0x00, 0x70, 0x3C, 0x21, 0xC3, 0xE0, 0xFF, 0x0F, 0x03, 0xF8, 0x00, 0x00, 0x00, 0x01, 0xC0, 0x00,
    0x0E, 0x00, 0x00, 0x70, 0x00, 0x01, 0x87, 0x80, 0x0F, 0xFE, 0x3F, 0xFF, 0xE3, 0xFF, 0xC0, 0x0F,
    0x9C, 0x00, 0x00, 0x60, 0x00, 0x03, 0x80, 0x00, 0x1C, 0x7E, 0x00, 0xFF, 0xF3, 0xFF, 0xFE, 0x7F,
    0xFC, 0x01, 0xF8, 0xE0, 0x00, 0x07, 0x00, 0x00, 0x38, 0x00, 0x01, 0xC0, 0x00, 0x06, 0x00, 0x00,
    0x38, 0x00, 0x01, 0xC0, 0x00, 0x00, 0x00, 0x30, 0x00, 0x07, 0xE0, 0x1C, 0x0D, 0x80, 0x70, 0x3B,
    0x01, 0xC0, 0x60, 0x07, 0x1F, 0x00, 0x1F, 0xFC, 0x3F, 0xFF, 0xF0, 0xFF, 0xE0, 0x03, 0xE3, 0x80,
    0x00, 0x0E, 0x00, 0x00, 0x38, 0x00, 0x00, 0x63, 0xF0, 0x03, 0xFF, 0xCF, 0xFF, 0xFC, 0x3F, 0xFC,
    0x00, 0xFC, 0x70, 0x00, 0x00, 0xC0, 0x00, 0x03, 0x80, 0x00, 0x0E, 0x00, 0x00, 0x38, 0x00, 0x00,
    0xE0, 0x00, 0x03, 0x80, 0x00, 0x00, 0x60, 0x00, 0x0F, 0x00, 0x00, 0xE0, 0x00, 0x1C, 0x00, 0x01,
    0xFF, 0xF0, 0x3F, 0xFF, 0x07, 0x80, 0xF0, 0xF0, 0x0E, 0x1E, 0x00, 0xE3, 0xC0, 0x1C, 0x78, 0x01,
    0xCF, 0x00, 0x3C, 0x20, 0x03, 0x80, 0x00, 0x70, 0x00, 0x0F, 0x00, 0x01, 0xE0, 0x00, 0x3C, 0x00,
    0x07, 0x80, 0x01, 0xF0, 0x00, 0x7E, 0x00, 0x1F, 0xC0, 0x01, 0xF0, 0x00, 0x0C, 0x00, 0x00, 0x00,
    0x00, 0x08, 0x00, 0x00, 0xB8, 0x01, 0x81, 0xB0, 0x07, 0x03, 0xB0, 0x0E, 0x03, 0x60, 0x38, 0x0E,
    0x00, 0x7F, 0xFC, 0x01, 0xFF, 0xF8, 0x07, 0x00, 0xE0, 0x1E, 0x01, 0xC0, 0x78, 0x03, 0x81, 0xE0,
    0x0E, 0x0F, 0x80, 0x1C, 0x0E, 0x00, 0x70, 0x00, 0x00, 0xE0, 0x00, 0x03, 0x80, 0x00, 0x0F, 0x00,
    0x00, 0x3C, 0x00, 0x00, 0xF0, 0x00, 0x03, 0xC0, 0x00, 0x1F, 0x00, 0x00, 0xFC, 0x00, 0x07, 0xE0,
    0x00, 0x07, 0x00, 0x00, 0x00, 0x00, 0x00, 0x00, 0x00, 0x00, 0x0F, 0x00, 0x00, 0x38, 0x00, 0x00,
    0xE0, 0x00, 0x03, 0x80, 0x00, 0x1C, 0x00, 0x00, 0x7F, 0xFF, 0xC3, 0xFF, 0xFF, 0x0E, 0x07, 0x00,
    0x70, 0x18, 0x03, 0xC0, 0x60, 0x1E, 0x03, 0x80, 0x70, 0x0E, 0x00, 0x80, 0x38, 0x00, 0x01, 0xC0,
    0x00, 0x07, 0x00, 0x00, 0x3C, 0x00, 0x01, 0xE0, 0x00, 0x07, 0x00, 0x00, 0x7C, 0x00, 0x03, 0xE0,
    0x00, 0x0E, 0x00, 0x00, 0x10, 0x00, 0x00, 0x00, 0x00, 0x00, 0x00, 0x00, 0x38, 0x0E, 0x01, 0xB0,
    0x1C, 0x03, 0x70, 0x38, 0x03, 0x60, 0xE0, 0x06, 0x01, 0xC0, 0x00, 0x07, 0xFF, 0xFE, 0x0F, 0xFF,
    0xFC, 0x3C, 0x1C, 0x00, 0x70, 0x38, 0x01, 0xC0, 0x70, 0x07, 0x80, 0xE0, 0x1E, 0x01, 0xC0, 0x18,
    0x07, 0x00, 0x00, 0x0E, 0x00, 0x00, 0x1C, 0x00, 0x00, 0x70, 0x00, 0x01, 0xE0, 0x00, 0x03, 0x80,
    0x00, 0x1E, 0x00, 0x00, 0x7C, 0x00, 0x01, 0xF0, 0x00, 0x01, 0x80, 0x00, 0x00, 0x00, 0x0F, 0xFF,
    0xFD, 0xFF, 0xFF, 0x80, 0x00, 0x60, 0x00, 0x0C, 0x00, 0x01, 0x80, 0x00, 0x30, 0x00, 0x06, 0x00,
    0x00, 0xC0, 0x00, 0x18, 0x00, 0x03, 0x00, 0x00, 0x60, 0x00, 0x0C, 0x00, 0x01, 0x80, 0x00, 0x33,
    0xFF, 0xFE, 0x7F, 0xFF, 0xC0, 0x00, 0x1C, 0x00, 0x03, 0x00, 0x00, 0x00, 0x60, 0x00, 0x1B, 0x80,
    0x00, 0xEC, 0x00, 0x03, 0x70, 0x00, 0x1D, 0x00, 0x00, 0x43, 0xFF, 0xFF, 0x1F, 0xFF, 0xF8, 0x00,
    0x01, 0xC0, 0x00, 0x0E, 0x00, 0x00, 0x70, 0x00, 0x03, 0x80, 0x00, 0x1C, 0x00, 0x00, 0xE0, 0x00,
    0x07, 0x00, 0x00, 0x38, 0x00, 0x01, 0xC0, 0x00, 0x0E, 0x00, 0x00, 0x70, 0x00, 0x03, 0x8F, 0xFF,
    0xFC, 0x7F, 0xFF, 0xE0, 0x00, 0x07, 0x00, 0x00, 0x38, 0x03, 0x01, 0x80, 0x0E, 0x03, 0x00, 0x1C,
    0x06, 0x00, 0x38, 0x0C, 0x00, 0x70, 0x18, 0x00, 0xE0, 0x30, 0x3F, 0xFF, 0xFF, 0x7F, 0xFF, 0xFE,
    0x07, 0x01, 0x80, 0x0E, 0x03, 0x00, 0x1C, 0x06, 0x00, 0x38, 0x1C, 0x00, 0x70, 0x38, 0x00, 0xE0,
    0x70, 0x00, 0xC0, 0xE0, 0x00, 0x03, 0x80, 0x00, 0x07, 0x00, 0x00, 0x1E, 0x00, 0x00, 0xF8, 0x00,
    0x07, 0xE0, 0x00, 0x0F, 0x80, 0x00, 0x0C, 0x00, 0x00, 0x00, 0x00, 0x00, 0x0C, 0x07, 0x58, 0x1C,
    0x0E, 0xF8, 0x38, 0x1D, 0xB0, 0x70, 0x3B, 0x60, 0xE0, 0x72, 0x01, 0xC0, 0xE0, 0x7F, 0xFF, 0xFE,
    0xFF, 0xFF, 0xFC, 0x0E, 0x07, 0x00, 0x1C, 0x0E, 0x00, 0x38, 0x1C, 0x00, 0x70, 0x38, 0x00, 0xE0,
    0x70, 0x01, 0xC0, 0xE0, 0x03, 0x83, 0x80, 0x00, 0x07, 0x00, 0x00, 0x0E, 0x00, 0x00, 0x38, 0x00,
    0x00, 0xF0, 0x00, 0x07, 0xC0, 0x00, 0x1F, 0x00, 0x00, 0x38, 0x00, 0x00, 0x00, 0x00, 0x06, 0x00,
    0x00, 0x7C, 0x00, 0x01, 0xF0, 0x00, 0x03, 0xC0, 0x00, 0x0E, 0x00, 0x00, 0x00, 0x01, 0xC0, 0x00,
    0x4F, 0x80, 0x07, 0x3E, 0x00, 0x78, 0x70, 0x07, 0x81, 0x80, 0x78, 0x00, 0x07, 0x80, 0x00, 0x78,
    0x00, 0x07, 0x80, 0x00, 0xF8, 0x00, 0x1F, 0x80, 0x03, 0xF0, 0x01, 0xFF, 0x00, 0x0F, 0xC0, 0x00,
    0x78, 0x00, 0x00, 0x00, 0x00, 0x30, 0x18, 0x04, 0xC0, 0xF0, 0x3B, 0x81, 0xF0, 0x77, 0x03, 0xE0,
    0xCC, 0x03, 0x03, 0x00, 0x04, 0x00, 0x18, 0x00, 0x0C, 0xF8, 0x00, 0x39, 0xF8, 0x01, 0xE1, 0xE0,
    0x0F, 0x01, 0x00, 0x78, 0x00, 0x03, 0xC0, 0x00, 0x1E, 0x00, 0x00, 0xF0, 0x00, 0x0F, 0x80, 0x00,
    0xFC, 0x00, 0x0F, 0xC0, 0x03, 0xFC, 0x00, 0x1F, 0xC0, 0x00, 0x3C, 0x00, 0x00, 0x00, 0x00, 0x01,
    0xFF, 0xFE, 0x0F, 0xFF, 0xF0, 0x00, 0x07, 0x00, 0x00, 0x38, 0x00, 0x03, 0xC0, 0x00, 0x1C, 0x00,
    0x01, 0xE0, 0x00, 0x0E, 0x00, 0x00, 0xE0, 0x00, 0x0F, 0x00, 0x00, 0xFC, 0x00, 0x0F, 0xF0, 0x00,
    0xF3, 0xC0, 0x0F, 0x0F, 0x01, 0xF0, 0x78, 0x1F, 0x01, 0xE3, 0xF0, 0x07, 0xBE, 0x00, 0x1E, 0xE0,
    0x00, 0x60, 0x00, 0x00, 0x00, 0x00, 0x00, 0x08, 0x00, 0x00, 0xB8, 0x00, 0x03, 0xB0, 0x00, 0x03,
    0xF0, 0x00, 0x07, 0x63, 0xFF, 0xFE, 0x07, 0xFF, 0xF0, 0x00, 0x00, 0xE0, 0x00, 0x03, 0x80, 0x00,
    0x07, 0x00, 0x00, 0x1E, 0x00, 0x00, 0x38, 0x00, 0x00, 0xE0, 0x00, 0x03, 0xC0, 0x00, 0x0F, 0x00,
    0x00, 0x3F, 0x00, 0x00, 0xFF, 0x00, 0x03, 0xCF, 0x00, 0x0F, 0x0F, 0x00, 0x7C, 0x0F, 0x01, 0xF0,
    0x0F, 0x0F, 0xC0, 0x0F, 0x1E, 0x00, 0x0E, 0x10, 0x00, 0x08, 0x03, 0x80, 0x00, 0x0E, 0x00, 0x00,
    0x38, 0x00, 0x00, 0xE0, 0x00, 0x03, 0x80, 0x30, 0x0E, 0x1F, 0xE0, 0x3F, 0xFF, 0x87, 0xFF, 0xFC,
    0xFF, 0xF0, 0x73, 0xFE, 0x03, 0x86, 0x38, 0x1E, 0x00, 0xE0, 0x70, 0x03, 0x83, 0x80, 0x0E, 0x0C,
    0x00, 0x38, 0x00, 0x00, 0xE0, 0x00, 0x03, 0x80, 0x00, 0x0E, 0x00, 0x00, 0x3E, 0x1F, 0x00, 0x7F,
    0xFC, 0x00, 0xFF, 0xF0, 0x00, 0x00, 0x08, 0x00, 0x00, 0x38, 0x0E, 0x01, 0xB0, 0x1C, 0x03, 0xF0,
    0x38, 0x03, 0x60, 0x70, 0x06, 0x00, 0xE0, 0x04, 0x01, 0xC1, 0xFC, 0x03, 0xBF, 0xF8, 0x1F, 0xFF,
    0xE3, 0xFF, 0xE1, 0xC7, 0xFC, 0x07, 0x0E, 0x38, 0x1C, 0x00, 0x70, 0x78, 0x00, 0xE0, 0xE0, 0x01,
    0xC3, 0x80, 0x03, 0x80, 0x00, 0x07, 0x00, 0x00, 0x0E, 0x00, 0x00, 0x1C, 0x00, 0x00, 0x3C, 0x0F,
    0x00, 0x7F, 0xFE, 0x00, 0x7F, 0xFC, 0x00, 0x60, 0x01, 0xDC, 0x00, 0x3B, 0xC0, 0x07, 0x38, 0x00,
    0xE3, 0x80, 0x1C, 0x78, 0x07, 0x07, 0x00, 0xE0, 0xE0, 0x1C, 0x08, 0x07, 0x00, 0x01, 0xE0, 0x00,
    0x38, 0x00, 0x0F, 0x00, 0x03, 0xC0, 0x00, 0xF0, 0x00, 0x3C, 0x00, 0x1F, 0x00, 0x07, 0xC0, 0x01,
    0xF0, 0x00, 0x38, 0x00, 0x00, 0x00, 0x00, 0x30, 0x00, 0x06, 0xE0, 0x00, 0x1D, 0x80, 0x00, 0x37,
    0x20, 0x00, 0xE9, 0xC0, 0x03, 0x87, 0x00, 0x0E, 0x0E, 0x00, 0x70, 0x3C, 0x01, 0xC0, 0x70, 0x07,
    0x01, 0xE0, 0x1C, 0x03, 0x80, 0xE0, 0x0C, 0x03, 0x80, 0x00, 0x1C, 0x00, 0x00, 0xF0, 0x00, 0x03,
    0x80, 0x00, 0x1C, 0x00, 0x00, 0xF0, 0x00, 0x07, 0x80, 0x00, 0x7C, 0x00, 0x07, 0xE0, 0x00, 0x3E,
    0x00, 0x00, 0x70, 0x00, 0x00, 0x00, 0x60, 0x00, 0x0F, 0x00, 0x00, 0xE0, 0x00, 0x1C, 0x04, 0x01,
    0xFF, 0xF0, 0x3F, 0xFF, 0x07, 0x00, 0xE0, 0xF0, 0x0E, 0x1E, 0x00, 0xE3, 0xC8, 0x1C, 0x79, 0xE1,
    0xCF, 0x1F, 0x38, 0x60, 0x7F, 0x80, 0x03, 0xF0, 0x00, 0x1F, 0x00, 0x01, 0xF8, 0x00, 0x3F, 0xC0,
    0x07, 0x9C, 0x01, 0xF0, 0x00, 0x7E, 0x00, 0x1F, 0x80, 0x01, 0xF0, 0x00, 0x08, 0x00, 0x00, 0x00,
    0x00, 0x08, 0x00, 0x80, 0xD8, 0x01, 0xC1, 0xB8, 0x07, 0x03, 0xB0, 0x0E, 0x03, 0x00, 0x3F, 0xFE,
    0x00, 0xFF, 0xFC, 0x01, 0xC0, 0x38, 0x07, 0x00, 0xE0, 0x1C, 0x01, 0xC0, 0x70, 0x03, 0x83, 0xEE,
    0x0E, 0x0F, 0x1F, 0x3C, 0x0C, 0x1F, 0x70, 0x00, 0x0F, 0xE0, 0x00, 0x0F, 0x80, 0x00, 0x0F, 0x80,
    0x00, 0x3F, 0x80, 0x01, 0xF7, 0x00, 0x07, 0xC6, 0x00, 0x3E, 0x00, 0x01, 0xF8, 0x00, 0x07, 0xE0,
    0x00, 0x0F, 0x00, 0x00, 0x00, 0x00, 0x00, 0x00, 0x00, 0x80, 0x00, 0xFE, 0x0F, 0xFF, 0xF0, 0x7F,
    0xFC, 0x01, 0xE3, 0x00, 0x00, 0x18, 0x00, 0x00, 0xC0, 0x00, 0x06, 0x00, 0x00, 0x30, 0x07, 0xFF,
    0xFF, 0xFF, 0xFF, 0xFE, 0x00, 0xE0, 0x00, 0x07, 0x00, 0x00, 0x38, 0x00, 0x01, 0xC0, 0x00, 0x1C,
    0x00, 0x00, 0xE0, 0x00, 0x0E, 0x00, 0x00, 0xE0, 0x00, 0x1F, 0x00, 0x00, 0xE0, 0x00, 0x02, 0x00,
    0x00, 0x00, 0x00, 0x40, 0x00, 0x1F, 0x80, 0xFF, 0xFF, 0x81, 0xFF, 0xF8, 0xC1, 0xFB, 0x86, 0xC0,
    0x07, 0x0D, 0xC0, 0x0E, 0x1D, 0x80, 0x1C, 0x18, 0x00, 0x38, 0x01, 0xFF, 0xFF, 0xFB, 0xFF, 0xFF,
    0xF0, 0x01, 0xC0, 0x00, 0x03, 0x00, 0x00, 0x0E, 0x00, 0x00, 0x1C, 0x00, 0x00, 0x38, 0x00, 0x00,
    0xE0, 0x00, 0x03, 0xC0, 0x00, 0x0F, 0x00, 0x00, 0x3C, 0x00, 0x00, 0xF0, 0x00, 0x00, 0xC0, 0x00,
    0x00, 0x00, 0x00, 0x00, 0xE0, 0x4E, 0x38, 0x3B, 0x87, 0x0E, 0x71, 0xC3, 0x9C, 0x70, 0xC3, 0x0C,
    0x70, 0xE0, 0x1C, 0x00, 0x0E, 0x00, 0x07, 0x80, 0x01, 0xC0, 0x00, 0xE0, 0x00, 0xF0, 0x00, 0x78,
    0x00, 0x7C, 0x00, 0x7E, 0x00, 0x0E, 0x00, 0x00, 0x00, 0xC0, 0x00, 0x0E, 0x01, 0xB8, 0x38, 0x0F,
    0xE1, 0xC0, 0xE7, 0x0E, 0x07, 0x38, 0x38, 0x38, 0xE1, 0xC1, 0x87, 0x04, 0x1C, 0x18, 0x00, 0xE0,
    0x80, 0x0E, 0x00, 0x00, 0xF0, 0x00, 0x07, 0x00, 0x00, 0x70, 0x00, 0x07, 0x80, 0x00, 0x78, 0x00,
    0x0F, 0x80, 0x00, 0xF8, 0x00, 0x3F, 0x80, 0x03, 0xF0, 0x00, 0x0E, 0x00, 0x00, 0x00, 0x00, 0x5C,
    0x00, 0x01, 0xD8, 0x00, 0x01, 0xB8, 0x06, 0x03, 0xB2, 0x0E, 0x03, 0x0E, 0x1C, 0x06, 0x1C, 0x1C,
    0x0E, 0x1C, 0x38, 0x1C, 0x38, 0x70, 0x70, 0x70, 0x70, 0xE0, 0x70, 0x81, 0xC0, 0xE0, 0x07, 0x00,
    0x00, 0x0E, 0x00, 0x00, 0x38, 0x00, 0x00, 0xF0, 0x00, 0x03, 0xC0, 0x00, 0x0F, 0x00, 0x00, 0x3C,
    0x00, 0x00, 0xF0, 0x00, 0x07, 0xC0, 0x00, 0x7F, 0x00, 0x00, 0xF8, 0x00, 0x00, 0xC0, 0x00, 0x00,
    0x1F, 0xFF, 0xC0, 0xFF, 0xFE, 0x00, 0x00, 0x00, 0x00, 0x00, 0x00, 0x00, 0x00, 0x00, 0x00, 0x00,
    0x00, 0x00, 0x1F, 0xFF, 0xFF, 0xFF, 0xFF, 0xF8, 0x01, 0x80, 0x00, 0x0C, 0x00, 0x00, 0xE0, 0x00,
    0x07, 0x00, 0x00, 0x38, 0x00, 0x01, 0xC0, 0x00, 0x1C, 0x00, 0x01, 0xE0, 0x00, 0x1E, 0x00, 0x03,
    0xE0, 0x00, 0x1E, 0x00, 0x00, 0x60, 0x00, 0x00, 0x00, 0x00, 0x18, 0x00, 0x01, 0xB8, 0x00, 0x03,
    0xB0, 0xFF, 0xFF, 0xF1, 0xFF, 0xFB, 0x00, 0x00, 0x00, 0x00, 0x00, 0x00, 0x00, 0x00, 0x00, 0x00,
    0x00, 0x00, 0x00, 0x00, 0x03, 0xFF, 0xFF, 0xE7, 0xFF, 0xFF, 0xC0, 0x07, 0x00, 0x00, 0x0E, 0x00,
    0x00, 0x1C, 0x00, 0x00, 0x38, 0x00, 0x00, 0x70, 0x00, 0x01, 0xC0, 0x00, 0x03, 0x80, 0x00, 0x0F,
    0x00, 0x00, 0x3C, 0x00, 0x01, 0xF0, 0x00, 0x03, 0xC0, 0x00, 0x07, 0x00, 0x00, 0x00, 0x03, 0x80,
    0x0E, 0x00, 0x38, 0x00, 0xE0, 0x03, 0x80, 0x0E, 0x00, 0x38, 0x00, 0xFC, 0x03, 0xFE, 0x0F, 0xFE,
    0x38, 0xFE, 0xE0, 0x7B, 0x80, 0x6E, 0x00, 0x38, 0x00, 0xE0, 0x03, 0x80, 0x0E, 0x00, 0x38, 0x00,
    0xE0, 0x00, 0x00, 0x01, 0xC0, 0x33, 0x83, 0x77, 0x07, 0x7E, 0x06, 0x7C, 0x0E, 0x38, 0x08, 0x78,
    0x00, 0xFC, 0x01, 0xFF, 0x03, 0xBF, 0xC7, 0x1F, 0xEE, 0x07, 0x9C, 0x03, 0x38, 0x00, 0x70, 0x00,
    0xE0, 0x01, 0xC0, 0x03, 0x80, 0x07, 0x00, 0x0E, 0x00, 0x00, 0x00, 0x38, 0x00, 0x00, 0xE0, 0x00,
    0x03, 0x80, 0x00, 0x0E, 0x00, 0x00, 0x38, 0x00, 0x00, 0xE0, 0x0F, 0xFF, 0xFF, 0xBF, 0xFF, 0xFE,
    0x00, 0x38, 0x00, 0x00, 0xC0, 0x00, 0x07, 0x00, 0x00, 0x1C, 0x00, 0x00, 0x70, 0x00, 0x01, 0xC0,
    0x00, 0x0E, 0x00, 0x00, 0x38, 0x00, 0x01, 0xE0, 0x00, 0x0F, 0x00, 0x00, 0x78, 0x00, 0x07, 0xC0,
    0x00, 0x0E, 0x00, 0x00, 0x10, 0x00, 0x00, 0x00, 0x00, 0x41, 0xFF, 0xFE, 0x0F, 0xFF, 0xF0, 0x00,
    0x00, 0x00, 0x00, 0x00, 0x00, 0x00, 0x00, 0x00, 0x00, 0x00, 0x00, 0x00, 0x00, 0x00, 0x00, 0x00,
    0x00, 0x00, 0x00, 0x00, 0x00, 0x00, 0x00, 0x00, 0x00, 0x7F, 0xFF, 0xFB, 0xFF, 0xFF, 0xFF, 0xFF,
    0xFF, 0x00, 0x00, 0x00, 0x00, 0x00, 0x1F, 0xFF, 0xE7, 0xFF, 0xFC, 0x00, 0x0E, 0x00, 0x03, 0x80,
    0x01, 0xC0, 0x80, 0x70, 0x70, 0x1C, 0x1F, 0x0E, 0x03, 0xE7, 0x80, 0x3F, 0xC0, 0x07, 0xF0, 0x00,
    0x7C, 0x00, 0x3F, 0x80, 0x1F, 0xF0, 0x0F, 0x1E, 0x0F, 0x83, 0xCF, 0xC0, 0x6F, 0xE0, 0x01, 0xE0,
    0x00, 0x60, 0x00, 0x00, 0x00, 0x38, 0x00, 0x00, 0x70, 0x00, 0x00, 0xE0, 0x00, 0x01, 0xC0, 0x03,
    0xFF, 0xFE, 0x07, 0xFF, 0xFE, 0x00, 0x00, 0x78, 0x00, 0x01, 0xE0, 0x00, 0x07, 0x80, 0x00, 0x1E,
    0x00, 0x00, 0x78, 0x00, 0x03, 0xE0, 0x00, 0x0F, 0x9C, 0x00, 0x7F, 0x3C, 0x07, 0xFE, 0x3E, 0x3F,
    0x9C, 0x3E, 0x7C, 0x38, 0x1C, 0x40, 0x70, 0x10, 0x00, 0xE0, 0x00, 0x01, 0xC0, 0x00, 0x03, 0x80,
    0x00, 0x07, 0x00, 0x00, 0x0E, 0x00, 0x00, 0x00, 0x03, 0x80, 0x00, 0xE0, 0x00, 0x38, 0x00, 0x1C,
    0x00, 0x07, 0x00, 0x01, 0xC0, 0x00, 0xE0, 0x00, 0x38, 0x00, 0x1C, 0x00, 0x0F, 0x00, 0x03, 0x80,
    0x01, 0xC0, 0x00, 0xF0, 0x00, 0xF8, 0x00, 0x7C, 0x00, 0x7E, 0x00, 0x7E, 0x00, 0x3F, 0x00, 0x07,
    0x00, 0x00, 0x00, 0x00, 0x00, 0x00, 0x00, 0x03, 0x8E, 0x00, 0x07, 0x0E, 0x00, 0x1C, 0x1C, 0x00,
    0x38, 0x1C, 0x00, 0x70, 0x38, 0x00, 0xE0, 0x78, 0x03, 0x80, 0x70, 0x07, 0x00, 0xE0, 0x0E, 0x00,
    0xE0, 0x38, 0x01, 0xC0, 0x70, 0x03, 0xC1, 0xC0, 0x03, 0x83, 0x80, 0x07, 0x0E, 0x00, 0x0F, 0x3C,
    0x00, 0x0E, 0x70, 0x00, 0x1C, 0xE0, 0x00, 0x38, 0x00, 0x00, 0x08, 0x00, 0x00, 0xF8, 0x00, 0x01,
    0xB8, 0x00, 0x03, 0xB0, 0x38, 0x73, 0x40, 0x70, 0xE0, 0x00, 0xE0, 0xE0, 0x01, 0xC1, 0xC0, 0x03,
    0x81, 0xC0, 0x0E, 0x03, 0x80, 0x1C, 0x03, 0x80, 0x38, 0x07, 0x00, 0xE0, 0x0E, 0x01, 0xC0, 0x0E,
    0x07, 0x80, 0x1C, 0x0E, 0x00, 0x3C, 0x3C, 0x00, 0x38, 0x70, 0x00, 0x71, 0xE0, 0x00, 0xF3, 0x80,
    0x00, 0xE6, 0x00, 0x01, 0xC0, 0x00, 0x00, 0x3C, 0x00, 0x00, 0x7E, 0x00, 0x00, 0x66, 0x00, 0x02,
    0x66, 0x03, 0x87, 0x76, 0x03, 0x87, 0x3C, 0x03, 0x83, 0x80, 0x03, 0x83, 0x80, 0x03, 0x81, 0xC0,
    0x07, 0x01, 0xC0, 0x07, 0x00, 0xE0, 0x07, 0x00, 0xE0, 0x0E, 0x00, 0xE0, 0x0E, 0x00, 0x70, 0x0E,
    0x00, 0x70, 0x1C, 0x00, 0x70, 0x1C, 0x00, 0x38, 0x38, 0x00, 0x38, 0x78, 0x00, 0x38, 0x70, 0x00,
    0x1C, 0xF0, 0x00, 0x1C, 0x20, 0x00, 0x18, 0xE0, 0x00, 0x70, 0x00, 0x38, 0x00, 0x1C, 0x00, 0x0E,
    0x00, 0x67, 0x01, 0xFB, 0x87, 0xF9, 0xDF, 0xF0, 0xFF, 0xC0, 0x7F, 0x00, 0x38, 0x00, 0x1C, 0x00,
    0x0E, 0x00, 0x07, 0x00, 0x03, 0x80, 0x01, 0xC0, 0x00, 0xE0, 0x00, 0x3C, 0x0F, 0xDF, 0xFF, 0xE7,
    0xFF, 0xF0, 0x00, 0x00, 0x00, 0x00, 0x1C, 0x00, 0x06, 0xCE, 0x00, 0x6E, 0xE0, 0x03, 0x6E, 0x00,
    0x30, 0xE0, 0x02, 0x0E, 0x00, 0xE0, 0xE0, 0x3F, 0x0E, 0x3F, 0xC0, 0xFF, 0xF0, 0x0F, 0xF8, 0x00,
    0xFC, 0x00, 0x0E, 0x00, 0x00, 0xE0, 0x00, 0x0E, 0x00, 0x00, 0xE0, 0x00, 0x0E, 0x00, 0x00, 0xE0,
    0x00, 0x0E, 0x00, 0x00, 0x78, 0x1F, 0x87, 0xFF, 0xF8, 0x3F, 0xFF, 0x80, 0x00, 0x01, 0xEE, 0x00,
    0x3E, 0xE0, 0x03, 0x3E, 0x00, 0x23, 0xE0, 0x03, 0x6E, 0x00, 0x3E, 0xE0, 0x0E, 0x0E, 0x07, 0xF0,
    0xE3, 0xFC, 0x0F, 0xFF, 0x00, 0xFF, 0x80, 0x0F, 0xC0, 0x00, 0xE0, 0x00, 0x0E, 0x00, 0x00, 0xE0,
    0x00, 0x0E, 0x00, 0x00, 0xE0, 0x00, 0x0E, 0x00, 0x00, 0xE0, 0x00, 0x07, 0x81, 0xF8, 0x7F, 0xFF,
    0x83, 0xFF, 0xF8, 0x00, 0x00, 0x1F, 0xFF, 0xFF, 0xFF, 0xFF, 0x80, 0x00, 0xE0, 0x00, 0x1C, 0x00,
    0x03, 0x80, 0x00, 0x70, 0x00, 0x1C, 0x00, 0x03, 0x80, 0x00, 0xF0, 0x00, 0x1C, 0x00, 0x07, 0x80,
    0x01, 0xE0, 0x00, 0x78, 0x00, 0x1E, 0x00, 0x07, 0xC0, 0x03, 0xE0, 0x03, 0xF8, 0x00, 0x7E, 0x00,
    0x07, 0x00, 0x00, 0x00, 0x00, 0x30, 0x00, 0x0E, 0xC0, 0x00, 0x1B, 0x80, 0x00, 0x76, 0x00, 0x00,
    0xDB, 0xFF, 0xFF, 0x0F, 0xFF, 0xFC, 0x00, 0x00, 0x70, 0x00, 0x01, 0xC0, 0x00, 0x07, 0x00, 0x00,
    0x38, 0x00, 0x00, 0xE0, 0x00, 0x07, 0x80, 0x00, 0x1C, 0x00, 0x00, 0xF0, 0x00, 0x03, 0x80, 0x00,
    0x1C, 0x00, 0x00, 0xF0, 0x00, 0x0F, 0x80, 0x00, 0x7C, 0x00, 0x0F, 0xE0, 0x00, 0xFE, 0x00, 0x01,
    0xE0, 0x00, 0x02, 0x00, 0x00, 0x00, 0x00, 0x00, 0x00, 0x01, 0xE0, 0x00, 0x0D, 0xC0, 0x00, 0x33,
    0x80, 0x00, 0xCF, 0xFF, 0xFF, 0xFF, 0xFF, 0xFF, 0x80, 0x00, 0x70, 0x00, 0x01, 0xC0, 0x00, 0x07,
    0x00, 0x00, 0x38, 0x00, 0x00, 0xE0, 0x00, 0x07, 0x80, 0x00, 0x1C, 0x00, 0x00, 0xF0, 0x00, 0x03,
    0x80, 0x00, 0x1C, 0x00, 0x00, 0xF0, 0x00, 0x0F, 0x80, 0x00, 0x7C, 0x00, 0x0F, 0xE0, 0x00, 0xFE,
    0x00, 0x01, 0xE0, 0x00, 0x02, 0x00, 0x00, 0x00, 0x00, 0x00, 0x01, 0xC0, 0x00, 0x07, 0xC0, 0x00,
    0x1F, 0xC0, 0x00, 0x7B, 0xC0, 0x01, 0xE3, 0xC0, 0x07, 0x83, 0xC0, 0x0E, 0x03, 0xC0, 0x38, 0x03,
    0xC0, 0xF0, 0x03, 0xC3, 0xC0, 0x03, 0xC3, 0x00, 0x03, 0xC0, 0x00, 0x07, 0xC0, 0x00, 0x07, 0x80,
    0x00, 0x07, 0x80, 0x00, 0x06, 0x00, 0x00, 0x00, 0x00, 0x00, 0x10, 0x00, 0x00, 0x60, 0x00, 0x06,
    0xE0, 0x06, 0x0E, 0xE0, 0x1F, 0x1C, 0xC0, 0x7F, 0x1D, 0x01, 0xFE, 0x10, 0x07, 0x8E, 0x00, 0x0E,
    0x0E, 0x00, 0x38, 0x1E, 0x00, 0xF0, 0x1E, 0x03, 0xC0, 0x1E, 0x0F, 0x00, 0x1E, 0x0C, 0x00, 0x1E,
    0x08, 0x00, 0x1E, 0x00, 0x00, 0x1E, 0x00, 0x00, 0x3E, 0x00, 0x00, 0x38, 0x00, 0x00, 0x20, 0x00,
    0x00, 0x20, 0x00, 0x01, 0xF0, 0x00, 0x07, 0x60, 0x06, 0x0C, 0x60, 0x1F, 0x18, 0xC0, 0x7F, 0x3F,
    0x01, 0xFE, 0x3E, 0x07, 0x8E, 0x00, 0x0E, 0x0E, 0x00, 0x38, 0x1E, 0x00, 0xF0, 0x1E, 0x03, 0xC0,
    0x1E, 0x0F, 0x00, 0x1E, 0x0C, 0x00, 0x1E, 0x08, 0x00, 0x1E, 0x00, 0x00, 0x1E, 0x00, 0x00, 0x3E,
    0x00, 0x00, 0x38, 0x00, 0x00, 0x20, 0x00, 0x30, 0x00, 0x01, 0xC0, 0x00, 0x07, 0x00, 0x00, 0x1C,
    0x00, 0x00, 0x70, 0x03, 0xFF, 0xFF, 0xEF, 0xFF, 0xFF, 0x80, 0x1C, 0x00, 0x00, 0x70, 0x00, 0x01,
    0xC0, 0x00, 0xC7, 0x0C, 0x03, 0x9C, 0x70, 0x1C, 0x70, 0xE0, 0x71, 0xC3, 0xC3, 0x87, 0x07, 0x1C,
    0x1C, 0x0E, 0xF0, 0x70, 0x3B, 0x81, 0xC0, 0x64, 0x07, 0x01, 0x00, 0x1C, 0x00, 0x03, 0xF0, 0x00,
    0x0F, 0xC0, 0x00, 0x00, 0x00, 0x18, 0x00, 0x71, 0xF8, 0x00, 0xE1, 0xB8, 0x01, 0xC3, 0xB0, 0x03,
    0x83, 0x00, 0x07, 0x00, 0x1F, 0xFF, 0xFE, 0x3F, 0xFF, 0xFC, 0x00, 0x38, 0x00, 0x00, 0x70, 0x00,
    0x00, 0xE0, 0x00, 0x31, 0xC6, 0x00, 0xE3, 0x8E, 0x01, 0xC7, 0x1E, 0x07, 0x0E, 0x1C, 0x1C, 0x1C,
    0x1C, 0x78, 0x38, 0x38, 0xE0, 0x70, 0x3B, 0x80, 0xE0, 0x70, 0x01, 0xC0, 0x00, 0x33, 0x80, 0x00,
    0x7F, 0x00, 0x00, 0xFC, 0x00, 0x00, 0x00, 0x00, 0x78, 0x00, 0x00, 0xF8, 0x00, 0xE3, 0x30, 0x01,
    0xC6, 0x20, 0x03, 0x87, 0xC0, 0x07, 0x0F, 0x80, 0x0E, 0x00, 0x3F, 0xFF, 0xFC, 0x7F, 0xFF, 0xF8,
    0x00, 0x70, 0x00, 0x00, 0xE0, 0x00, 0x01, 0xC0, 0x00, 0x63, 0x8C, 0x01, 0xC7, 0x1C, 0x03, 0x8E,
    0x3C, 0x0E, 0x1C, 0x38, 0x38, 0x38, 0x38, 0xF0, 0x70, 0x71, 0xC0, 0xE0, 0x77, 0x01, 0xC0, 0xE0,
    0x03, 0x80, 0x00, 0x67, 0x00, 0x00, 0xFE, 0x00, 0x01, 0xF8, 0x00, 0x40, 0x00, 0x03, 0xFF, 0xFF,
    0xEF, 0xFF, 0xFF, 0x80, 0x00, 0x1E, 0x00, 0x00, 0xF0, 0x00, 0x03, 0x80, 0x00, 0x1E, 0x00, 0x00,
    0xF0, 0x0E, 0x07, 0x80, 0x3C, 0x3C, 0x00, 0x79, 0xE0, 0x00, 0xFF, 0x00, 0x01, 0xF8, 0x00, 0x03,
    0xC0, 0x00, 0x07, 0x80, 0x00, 0x0F, 0x00, 0x00, 0x1E, 0x00, 0x00, 0x3C, 0x00, 0x00, 0x70, 0x00,
    0x01, 0x80, 0x0F, 0x80, 0x07, 0xFF, 0x00, 0x7F, 0xF8, 0x00, 0xFE, 0x00, 0x03, 0x80, 0x00, 0x01,
    0x00, 0x00, 0xFE, 0x00, 0x3F, 0xF8, 0x00, 0xFF, 0xC0, 0x03, 0xF0, 0x00, 0x08, 0x00, 0x00, 0x00,
    0x00, 0x07, 0xE0, 0x01, 0xFF, 0x80, 0x1F, 0xFC, 0x00, 0x7F, 0xE0, 0x01, 0xF8, 0x00, 0x04, 0x00,
    0x60, 0x00, 0x00, 0xE0, 0x00, 0x01, 0xC0, 0x00, 0x03, 0x80, 0x00, 0x0E, 0x00, 0x00, 0x1C, 0x00,
    0x00, 0x38, 0x00, 0x00, 0xE0, 0x00, 0x01, 0xC0, 0x00, 0x03, 0x80, 0x00, 0x0E, 0x07, 0x00, 0x1C,
    0x0E, 0x00, 0x38, 0x0E, 0x00, 0xE0, 0x1C, 0x01, 0xC0, 0x1C, 0x03, 0x80, 0x38, 0x0E, 0x1F, 0xF8,
    0xFF, 0xFF, 0xF1, 0xFF, 0xFF, 0x73, 0xFC, 0x00, 0xE0, 0x00, 0x00, 0xC0, 0x00, 0x01, 0x00, 0x00,
    0x01, 0xC0, 0x00, 0x1C, 0x00, 0x01, 0xC0, 0x00, 0x38, 0x0E, 0x03, 0x80, 0xF0, 0x78, 0x07, 0xC7,
    0x00, 0x3E, 0xF0, 0x00, 0xFE, 0x00, 0x07, 0xC0, 0x00, 0x3E, 0x00, 0x07, 0xF0, 0x00, 0xF7, 0x80,
    0x1E, 0x3C, 0x03, 0xC1, 0xE0, 0x78, 0x0F, 0x1F, 0x00, 0x77, 0xE0, 0x02, 0x78, 0x00, 0x03, 0x00,
    0x00, 0x00, 0x00, 0x01, 0xFF, 0xFF, 0x0F, 0xFF, 0xF8, 0x01, 0xC0, 0x00, 0x0E, 0x00, 0x00, 0x70,
    0x00, 0x03, 0x80, 0x00, 0x1C, 0x00, 0xFF, 0xFF, 0xFF, 0xFF, 0xFF, 0xC0, 0x38, 0x00, 0x01, 0xC0,
    0x00, 0x0E, 0x00, 0x00, 0x70, 0x00, 0x03, 0x80, 0x00, 0x1C, 0x00, 0x00, 0xE0, 0x00, 0x07, 0x83,
    0x80, 0x3F, 0xFC, 0x00, 0xFF, 0xE0, 0x0E, 0x00, 0x01, 0xC0, 0x00, 0x1C, 0x03, 0x03, 0x8F, 0xF0,
    0x7F, 0xFC, 0xFF, 0xFB, 0x9F, 0xE0, 0xE3, 0x9C, 0x38, 0x03, 0x8F, 0x00, 0x3B, 0xC0, 0x07, 0x30,
    0x00, 0xE0, 0x00, 0x0C, 0x00, 0x01, 0xC0, 0x00, 0x38, 0x00, 0x07, 0x00, 0x00, 0x70, 0x00, 0x0C,
    0x00, 0x07, 0x00, 0x00, 0x1C, 0x00, 0x00, 0x70, 0x00, 0x00, 0xE0, 0x1F, 0x03, 0x8F, 0xFC, 0x0F,
    0xFF, 0xF7, 0xFF, 0xF3, 0xBF, 0xF0, 0x1C, 0x7D, 0xC0, 0xF0, 0x07, 0x07, 0x80, 0x0E, 0x3C, 0x00,
    0x39, 0xE0, 0x00, 0xE3, 0x00, 0x03, 0x80, 0x00, 0x07, 0x00, 0x00, 0x1C, 0x00, 0x00, 0x70, 0x00,
    0x00, 0xE0, 0x00, 0x03, 0x80, 0x00, 0x0E, 0x00, 0x00, 0x38, 0x00, 0x00, 0x00, 0x03, 0xFF, 0xE0,
    0x7F, 0xFC, 0x00, 0x03, 0x00, 0x00, 0x60, 0x00, 0x1C, 0x00, 0x03, 0x80, 0x00, 0x70, 0x00, 0x0E,
    0x00, 0x01, 0xC0, 0x00, 0x38, 0x00, 0x06, 0x0F, 0xFF, 0xFF, 0xFF, 0xFF, 0xC0, 0x00, 0x00, 0x00,
    0x00, 0x00, 0x3F, 0xFF, 0xC0, 0x7F, 0xFF, 0x80, 0x00, 0x07, 0x00, 0x00, 0x0C, 0x00, 0x00, 0x38,
    0x00, 0x00, 0x70, 0x00, 0x00, 0xE0, 0x00, 0x01, 0xC0, 0x00, 0x03, 0x80, 0x00, 0x07, 0x00, 0x00,
    0x0E, 0x00, 0x00, 0x38, 0x00, 0x00, 0x70, 0x10, 0x00, 0xE0, 0x3F, 0xFF, 0xFE, 0x7F, 0xFF, 0xFC,
    0x00, 0x00, 0x00, 0xFF, 0xFF, 0xFF, 0xFC, 0x00, 0x38, 0x00, 0x70, 0x00, 0xE0, 0x01, 0xDF, 0xFF,
    0xBF, 0xFF, 0x00, 0x0E, 0x00, 0x1C, 0x00, 0x38, 0x00, 0x70, 0x00, 0xFF, 0xFF, 0xFF, 0xFF, 0x80,
    0x07, 0x00, 0x00, 0x1F, 0xFF, 0xF7, 0xFF, 0xFC, 0x00, 0x07, 0x00, 0x01, 0xC0, 0x00, 0x70, 0x00,
    0x1C, 0x00, 0x07, 0x00, 0x01, 0xCF, 0xFF, 0xF3, 0xFF, 0xFC, 0x00, 0x07, 0x00, 0x01, 0xC0, 0x00,
    0x70, 0x00, 0x1C, 0x00, 0x07, 0x00, 0x01, 0xFF, 0xFF, 0xFF, 0xFF, 0xFC, 0x00, 0x07, 0x00, 0x00,
    0xC0, 0x3F, 0xFF, 0x87, 0xFF, 0xF0, 0x00, 0x00, 0x00, 0x00, 0x00, 0x00, 0x00, 0x00, 0x00, 0x3F,
    0xFF, 0xFF, 0xFF, 0xFF, 0x00, 0x00, 0xE0, 0x00, 0x38, 0x00, 0x07, 0x00, 0x01, 0xE0, 0x00, 0x38,
    0x00, 0x0E, 0x00, 0x03, 0xC0, 0x00, 0xF0, 0x00, 0x7C, 0x00, 0x3F, 0x00, 0x3F, 0x80, 0x03, 0xC0,
    0x00, 0x20, 0x00, 0xE0, 0x0F, 0xC0, 0x1F, 0x80, 0x3F, 0x00, 0x7E, 0x00, 0xFC, 0x01, 0xF8, 0x03,
    0xF0, 0x07, 0xE0, 0x0F, 0xC0, 0x1F, 0x80, 0x37, 0x00, 0xEE, 0x01, 0xC0, 0x03, 0x80, 0x0E, 0x00,
    0x3C, 0x00, 0xF0, 0x0F, 0xC0, 0x3F, 0x00, 0x38, 0x00, 0x07, 0x0E, 0x00, 0x0E, 0x1C, 0x00, 0x1C,
    0x38, 0x00, 0x38, 0x70, 0x00, 0x70, 0xE0, 0x00, 0xE1, 0xC0, 0x01, 0xC3, 0x80, 0x03, 0x87, 0x00,
    0x07, 0x0E, 0x00, 0x0E, 0x1C, 0x00, 0x1C, 0x38, 0x10, 0x38, 0x70, 0x70, 0xE0, 0xE1, 0xE1, 0xC1,
    0xC7, 0x87, 0x83, 0x9E, 0x0E, 0x07, 0xF8, 0x3C, 0x0F, 0xE0, 0xF0, 0x1F, 0x01, 0xC0, 0x38, 0x01,
    0x00, 0x20, 0x00, 0xE0, 0x00, 0x38, 0x00, 0x0E, 0x00, 0x03, 0x80, 0x00, 0xE0, 0x00, 0x38, 0x00,
    0x0E, 0x00, 0x03, 0x80, 0x00, 0xE0, 0x01, 0xB8, 0x00, 0x7E, 0x00, 0x3B, 0x80, 0x3C, 0xE0, 0x1E,
    0x38, 0x1F, 0x0E, 0x1F, 0x83, 0x9F, 0x80, 0xFF, 0x80, 0x3F, 0x80, 0x07, 0x00, 0x00, 0x00, 0x00,
    0x00, 0x00, 0x1F, 0xFF, 0xFF, 0xFF, 0xFF, 0xF0, 0x00, 0x7E, 0x00, 0x0F, 0xC0, 0x01, 0xF8, 0x00,
    0x3F, 0x00, 0x07, 0xE0, 0x00, 0xFC, 0x00, 0x1F, 0x80, 0x03, 0xF0, 0x00, 0x7E, 0x00, 0x0F, 0xC0,
    0x01, 0xF8, 0x00, 0x3F, 0xFF, 0xFF, 0xFF, 0xFF, 0xFC, 0x00, 0x1F, 0x80, 0x03, 0x80, 0xFF, 0xFF,
    0xFF, 0xFF, 0xF8, 0x00, 0xFC, 0x00, 0x6E, 0x00, 0x77, 0x00, 0x3B, 0x80, 0x1D, 0xC0, 0x1C, 0x00,
    0x0E, 0x00, 0x0F, 0x00, 0x07, 0x00, 0x07, 0x00, 0x0F, 0x80, 0x1F, 0x00, 0x3F, 0x00, 0x0F, 0x00,
    0x02, 0x00, 0x00, 0x00, 0x00, 0x1F, 0xFF, 0xFF, 0xFF, 0xFF, 0xF0, 0x00, 0x7E, 0x00, 0x0F, 0xC0,
    0x01, 0xF8, 0x00, 0x77, 0x00, 0x0E, 0xE0, 0x01, 0xDC, 0x00, 0x38, 0x00, 0x0E, 0x00, 0x01, 0xC0,
    0x00, 0x70, 0x00, 0x1E, 0x00, 0x07, 0x80, 0x01, 0xE0, 0x00, 0xF8, 0x00, 0x7E, 0x00, 0x1F, 0x80,
    0x03, 0xC0, 0x00, 0x20, 0x00, 0x00, 0x07, 0x00, 0x00, 0x38, 0x00, 0x01, 0xC0, 0x00, 0x0E, 0x07,
    0xFF, 0xFF, 0xBF, 0xFF, 0xFC, 0x1C, 0x1C, 0x00, 0xE0, 0xE0, 0x07, 0x07, 0x00, 0x38, 0x38, 0x01,
    0xC1, 0xC0, 0x0E, 0x0E, 0x00, 0x70, 0x70, 0x03, 0x83, 0x83, 0xFF, 0xFF, 0xFF, 0xFF, 0xFF, 0x00,
    0x07, 0x00, 0x00, 0x38, 0x00, 0x01, 0xC0, 0x00, 0x0E, 0x00, 0x00, 0x70, 0x00, 0x03, 0x80, 0x00,
    0x00, 0x01, 0xFF, 0xFF, 0xE7, 0xFF, 0xFF, 0x80, 0x00, 0x1C, 0x00, 0x00, 0xE0, 0x01, 0xC7, 0x00,
    0x07, 0x3C, 0x00, 0x19, 0xE0, 0x00, 0x67, 0x00, 0x01, 0x80, 0x00, 0x06, 0x00, 0x00, 0x18, 0x00,
    0x00, 0x60, 0x00, 0x01, 0x80, 0x00, 0x06, 0x00, 0x3F, 0xFF, 0xFF, 0xFF, 0xFF, 0xFE, 0x00, 0x00,
    0x00, 0x00, 0x00, 0x3F, 0xFF, 0xFF, 0xFF, 0xFC, 0x00, 0x07, 0x00, 0x01, 0xC0, 0x00, 0x60, 0x00,
    0x38, 0x00, 0x0E, 0xFF, 0xFF, 0xBF, 0xFF, 0xC0, 0x00, 0x70, 0x00, 0x1C, 0x00, 0x0E, 0x00, 0x07,
    0x80, 0x03, 0xC0, 0x01, 0xE0, 0x01, 0xF0, 0x01, 0xF8, 0x01, 0xF8, 0x00, 0x7C, 0x00, 0x08, 0x00,
    0x00, 0x30, 0x00, 0x03, 0xC0, 0x00, 0x0F, 0x80, 0x00, 0x3E, 0x00, 0x00, 0xF8, 0x03, 0x01, 0xC0,
    0x18, 0x04, 0x01, 0xC0, 0x00, 0x1E, 0x00, 0x01, 0xE0, 0x00, 0x1E, 0x00, 0x01, 0xE0, 0x00, 0x1E,
    0x00, 0x01, 0xE0, 0x00, 0x3E, 0x00, 0x07, 0xE0, 0x01, 0xFC, 0x00, 0x7F, 0xC0, 0x03, 0xF0, 0x00,
    0x1E, 0x00, 0x00, 0x00, 0x00, 0x30, 0x01, 0x86, 0xE0, 0x0E, 0x1D, 0x80, 0x38, 0x37, 0x00, 0xE0,
    0x68, 0x03, 0x80, 0x0F, 0xFF, 0xFF, 0x1F, 0xFF, 0xFC, 0x60, 0x00, 0xE1, 0x80, 0x03, 0x86, 0x00,
    0x0E, 0x18, 0x00, 0x38, 0x60, 0x01, 0xE1, 0x80, 0x07, 0x06, 0x00, 0x1C, 0x00, 0x00, 0xE0, 0x00,
    0x07, 0x80, 0x00, 0x1C, 0x00, 0x01, 0xE0, 0x00, 0x0F, 0x80, 0x00, 0xF8, 0x00, 0x1F, 0xC0, 0x00,
    0x7E, 0x00, 0x00, 0xC0, 0x00, 0x03, 0x80, 0x03, 0x80, 0x03, 0x80, 0x03, 0x80, 0xFF, 0xFF, 0xFF,
    0xFF, 0x03, 0x03, 0x03, 0x03, 0x03, 0x03, 0x07, 0x07, 0x07, 0x07, 0x06, 0x07, 0x0E, 0x07, 0x1C,
    0x07, 0x3C, 0x06, 0x78, 0x4E, 0xF0, 0xFE, 0x60, 0xFC, 0x00, 0x00, 0x00, 0x00, 0x00, 0xE0, 0x00,
    0x1C, 0x00, 0x07, 0x00, 0x00, 0xE0, 0x00, 0x1F, 0xFF, 0xC7, 0xFF, 0xF9, 0xC1, 0xC0, 0x78, 0x38,
    0x1E, 0x07, 0x03, 0x80, 0xC0, 0x00, 0x38, 0x00, 0x07, 0x00, 0x01, 0xC0, 0x00, 0x78, 0x00, 0x1E,
    0x00, 0x07, 0x80, 0x01, 0xE0, 0x00, 0x08, 0x00, 0x00, 0x00, 0x00, 0x30, 0x00, 0x06, 0xE0, 0x00,
    0x1D, 0x80, 0x00, 0x37, 0x00, 0x00, 0xC3, 0xFF, 0xFF, 0x8F, 0xFF, 0xFF, 0x38, 0x00, 0x38, 0xE0,
    0x00, 0xE3, 0x80, 0x03, 0x8E, 0x00, 0x0E, 0x38, 0x00, 0x38, 0xE0, 0x01, 0xC3, 0x80, 0x07, 0x00,
    0x00, 0x3C, 0x00, 0x00, 0xE0, 0x00, 0x07, 0x80, 0x00, 0x3C, 0x00, 0x01, 0xE0, 0x00, 0x0F, 0x00,
    0x00, 0xF8, 0x00, 0x0F, 0xC0, 0x00, 0x7E, 0x00, 0x00, 0xE0, 0x00, 0x00, 0x00, 0x00, 0x00, 0x00,
    0x58, 0x00, 0x0E, 0xF8, 0x00, 0x1D, 0xB0, 0x00, 0x3B, 0xE0, 0x00, 0x72, 0x1F, 0xFF, 0xFE, 0x3F,
    0xFF, 0xFC, 0x03, 0x83, 0x80, 0x07, 0x07, 0x00, 0x0E, 0x0E, 0x00, 0x1C, 0x1C, 0x00, 0x38, 0x38,
    0x00, 0x70, 0x70, 0x00, 0xE0, 0xE0, 0x01, 0xC1, 0xC0, 0x7F, 0xFF, 0xFC, 0xFF, 0xFF, 0xF8, 0x00,
    0x0E, 0x00, 0x00, 0x1C, 0x00, 0x00, 0x38, 0x00, 0x00, 0x70, 0x00, 0x00, 0xE0, 0x00, 0x01, 0x80,
    0x00, 0x00, 0x18, 0x00, 0x01, 0xB8, 0x00, 0x03, 0xB0, 0x00, 0x03, 0x70, 0x00, 0x06, 0x07, 0xFF,
    0xFF, 0x0F, 0xFF, 0xFE, 0x00, 0x00, 0x1C, 0x00, 0x00, 0x70, 0x00, 0xE1, 0xC0, 0x01, 0xC7, 0x80,
    0x03, 0x9E, 0x00, 0x07, 0x38, 0x00, 0x0E, 0x20, 0x00, 0x1C, 0x00, 0x00, 0x38, 0x00, 0x00, 0x70,
    0x00, 0x00, 0xE0, 0x00, 0x01, 0xC0, 0x02, 0x03, 0x80, 0x2F, 0xFF, 0xFF, 0xDF, 0xFF, 0xFF, 0x80,
    0x00, 0x00, 0x00, 0x00, 0x00, 0x60, 0x00, 0x1B, 0x80, 0x00, 0xEC, 0x00, 0x03, 0x78, 0x00, 0x18,
    0x7F, 0xFF, 0xE3, 0xFF, 0xFF, 0x00, 0x00, 0x38, 0x00, 0x01, 0xC0, 0x00, 0x0E, 0x00, 0x00, 0xE1,
    0xFF, 0xFF, 0x0F, 0xFF, 0xF8, 0x00, 0x03, 0x80, 0x00, 0x1C, 0x00, 0x01, 0xC0, 0x00, 0x1E, 0x00,
    0x00, 0xE0, 0x00, 0x0E, 0x00, 0x01, 0xF0, 0x00, 0x1E, 0x00, 0x07, 0xE0, 0x00, 0x7E, 0x00, 0x03,
    0xC0, 0x00, 0x00, 0x00, 0x00, 0x10, 0xF9, 0xF3, 0xE7, 0xCF, 0x80, 0x00, 0x00, 0x07, 0xFF, 0xFF,
    0xFF, 0xFF, 0xFF, 0xFF, 0xFF, 0xF0, 0x60, 0x0F, 0x00, 0x78, 0x03, 0xC0, 0x1E, 0x00, 0xF0, 0x07,
    0x80, 0x3C, 0x01, 0xC0, 0x1E, 0x00, 0xF0, 0x06, 0x00, 0x38, 0x03, 0x30, 0x07, 0x70, 0x06, 0x67,
    0x0E, 0x8F, 0x08, 0x0F, 0x00, 0x0F, 0x00, 0x0F, 0x00, 0x0F, 0x00, 0x0E, 0x00, 0x1E, 0x00, 0x1E,
    0x00, 0x1E, 0x00, 0x1C, 0x00, 0x10, 0x7F, 0xFF, 0x7F, 0xFF, 0x00, 0x07, 0x00, 0x07, 0x00, 0x07,
    0x00, 0x07, 0x00, 0x07, 0x00, 0x07, 0x00, 0x07, 0x00, 0x07, 0x00, 0x07, 0x00, 0x07, 0x00, 0x07,
    0x00, 0x07, 0x00, 0x07, 0x00, 0x07, 0x00, 0x07, 0x00, 0x07, 0x00, 0x07, 0x00, 0x07, 0x00, 0x07,
    0x00, 0x07, 0xFF, 0xFF, 0xFF, 0xFF, 0xFF, 0xFC, 0x00, 0x00, 0x00, 0x00, 0x00, 0x00, 0x00, 0xE0,
    0x00, 0x01, 0xC0, 0x00, 0x03, 0x80, 0x00, 0x07, 0x00, 0x00, 0x0E, 0x00, 0x00, 0x1C, 0x00, 0x00,
    0x38, 0x00, 0x00, 0x70, 0x00, 0x00, 0xFF, 0xF0, 0x01, 0xFF, 0xE0, 0x03, 0x80, 0x00, 0x07, 0x00,
    0x00, 0x0E, 0x00, 0x00, 0x1C, 0x00, 0x00, 0x38, 0x00, 0x00, 0x70, 0x00, 0x00, 0xE0, 0x00, 0x01,
    0xC0, 0x00, 0x03, 0x80, 0x00, 0x07, 0x00, 0x1F, 0xFF, 0xFF, 0xFF, 0xFF, 0xFF, 0x80, 0xFF, 0xFF,
    0xFF, 0xFF, 0xFF, 0xFC, 0x00, 0xC0, 0x00, 0x01, 0x80, 0x00, 0x03, 0x00, 0x00, 0x06, 0x00, 0x00,
    0x0E, 0x00, 0x00, 0x1F, 0x00, 0x00, 0x3F, 0x80, 0x00, 0x6F, 0x80, 0x00, 0xC7, 0xC0, 0x01, 0x87,
    0xC0, 0x03, 0x03, 0x80, 0x06, 0x03, 0x00, 0x0C, 0x00, 0x00, 0x18, 0x00, 0x00, 0x30, 0x00, 0x00,
    0x60, 0x00, 0x00, 0xC0, 0x00, 0x01, 0x80, 0x00, 0x03, 0x00, 0x00, 0x06, 0x00, 0x00, 0x0C, 0x00,
    0x00, 0xFF, 0xFF, 0xFF, 0xFF, 0xFF, 0xFC, 0x00, 0xE0, 0x00, 0x01, 0xC0, 0x00, 0x03, 0x80, 0x00,
    0x07, 0x00, 0x1F, 0xFF, 0xFF, 0x3F, 0xFF, 0xFE, 0x70, 0x38, 0x1C, 0xE0, 0x70, 0x39, 0xDC, 0xE6,
    0x73, 0xB9, 0xCC, 0xE7, 0x73, 0x99, 0xCE, 0xE7, 0x33, 0x9D, 0xCE, 0x67, 0x3B, 0x9C, 0xCE, 0x77,
    0xFF, 0x9C, 0xEF, 0xFF, 0x39, 0xDC, 0x06, 0x73, 0x98, 0x04, 0xE7, 0x00, 0x01, 0xCE, 0x00, 0x3F,
    0x9C, 0x00, 0x3E, 0x00, 0x00, 0x70, 0x00, 0x03, 0x80, 0x00, 0x1C, 0x00, 0x00, 0xE0, 0x00, 0x07,
    0x00, 0x7F, 0xFF, 0xFF, 0xFF, 0xFF, 0xFC, 0x0E, 0x07, 0xE0, 0x70, 0x3F, 0x03, 0x81, 0xF8, 0x1C,
    0x0F, 0xC0, 0xE0, 0x7E, 0x07, 0x03, 0xF0, 0x38, 0x1F, 0xFF, 0xFF, 0xFF, 0xFF, 0xFF, 0xE0, 0x70,
    0x3F, 0x03, 0x81, 0xC0, 0x1C, 0x00, 0x00, 0xE0, 0x00, 0x07, 0x00, 0x00, 0x38, 0x00, 0x01, 0xC0,
    0x00, 0x0E, 0x00, 0x00, 0x70, 0x00, 0x00, 0x00, 0x07, 0xFF, 0xFF, 0xBF, 0xFF, 0xFC, 0x00, 0x03,
    0xC0, 0x00, 0x3C, 0x00, 0x03, 0xC0, 0x00, 0x3C, 0x00, 0x0F, 0xC0, 0x00, 0x78, 0x00, 0x03, 0x80,
    0x00, 0x1C, 0x00, 0x00, 0xE0, 0x00, 0x07, 0x00, 0x00, 0x38, 0x00, 0x01, 0xC0, 0x00, 0x0E, 0x00,
    0x00, 0x70, 0x00, 0x03, 0x80, 0x00, 0x1C, 0x00, 0x00, 0xE0, 0x00, 0xFF, 0x00, 0x07, 0xF0, 0x00,
    0x00, 0x01, 0x80, 0x01, 0xC0, 0xE0, 0x00, 0xC0, 0x70, 0x00, 0xE6, 0x38, 0x00, 0x63, 0x1C, 0x00,
    0x71, 0x8E, 0x70, 0x30, 0xC7, 0xF8, 0x38, 0x63, 0xFC, 0x3C, 0x37, 0xF6, 0x3E, 0x1F, 0xE3, 0x1F,
    0x3F, 0xF1, 0x9D, 0xBF, 0x38, 0xC4, 0xDF, 0x1C, 0x60, 0x61, 0x8E, 0x30, 0x30, 0xC7, 0x18, 0x18,
    0x63, 0x9C, 0x0C, 0x31, 0xFE, 0x06, 0x18, 0xFE, 0x03, 0x0C, 0x70, 0x01, 0x86, 0x00, 0x60, 0xC3,
    0x00, 0x30, 0x61, 0x80, 0x38, 0x30, 0xFF, 0xFC, 0x18, 0x3F, 0xFC, 0x0C, 0x00, 0x00, 0x00, 0x01,
    0x00, 0x18, 0x01, 0x80, 0x38, 0x03, 0x80, 0x38, 0x03, 0x00, 0x38, 0x07, 0x00, 0x38, 0x07, 0x00,
    0x38, 0x0E, 0xFF, 0xFF, 0x1E, 0xFF, 0xFF, 0x1E, 0x00, 0x38, 0x3E, 0x00, 0x38, 0x7E, 0x00, 0x38,
    0x7E, 0x38, 0x38, 0x6E, 0x38, 0x38, 0x0E, 0x1C, 0x38, 0x0E, 0x1C, 0x38, 0x0E, 0x0E, 0x38, 0x0E,
    0x0E, 0x38, 0x0E, 0x07, 0x38, 0x0E, 0x06, 0x38, 0x0E, 0x00, 0x38, 0x0E, 0x00, 0x38, 0x0E, 0x00,
    0x38, 0x0E, 0x00, 0x38, 0x0E, 0x07, 0xF8, 0x0E, 0x07, 0xF0, 0x00, 0x00, 0x00, 0x03, 0x81, 0x80,
    0x03, 0x39, 0x80, 0x07, 0x39, 0x80, 0x06, 0x31, 0x80, 0x0E, 0x31, 0x80, 0x0E, 0x7F, 0xFE, 0x1C,
    0x7F, 0xFE, 0x3C, 0x61, 0x80, 0x7C, 0xE1, 0x80, 0x7C, 0xC1, 0x80, 0x6C, 0x41, 0x80, 0x4C, 0x01,
    0x80, 0x0C, 0xFF, 0xFF, 0x0C, 0xFF, 0xFF, 0x0C, 0x01, 0x80, 0x0C, 0x01, 0x80, 0x0C, 0x01, 0x80,
    0x0C, 0x01, 0x80, 0x0C, 0x01, 0x80, 0x0C, 0x01, 0x80, 0x0C, 0x01, 0x80, 0x0C, 0x01, 0x80, 0x0C,
    0x01, 0x80, 0x0C, 0x01, 0x80, 0x00, 0x00, 0x00, 0x01, 0xC1, 0xC0, 0x00, 0xE0, 0xE0, 0x00, 0xE0,
    0x70, 0x00, 0x70, 0x38, 0x00, 0x70, 0x1C, 0x00, 0x3B, 0xFF, 0xFC, 0x39, 0xFF, 0xFE, 0x3C, 0x00,
    0x00, 0x3E, 0x18, 0x0E, 0x3F, 0x0E, 0x07, 0x1D, 0x87, 0x03, 0x04, 0xC1, 0x83, 0x80, 0x60, 0xC1,
    0xC0, 0x30, 0x70, 0xE0, 0x18, 0x38, 0x60, 0x0C, 0x1C, 0x70, 0x06, 0x0E, 0x38, 0x03, 0x03, 0x18,
    0x01, 0x81, 0x9C, 0x00, 0xC0, 0x0E, 0x00, 0x6F, 0xFF, 0xF8, 0x37, 0xFF, 0xFC, 0x18, 0x00, 0x00,
    0x02, 0x03, 0x00, 0x01, 0x81, 0xC0, 0x01, 0xC0, 0xE0, 0x00, 0xC0, 0x70, 0x00, 0xE0, 0x38, 0x00,
    0x70, 0x1C, 0x00, 0x77, 0xFF, 0xFC, 0x3B, 0xFF, 0xFE, 0x3C, 0x07, 0xC0, 0x1E, 0x07, 0xF0, 0x1F,
    0x03, 0xF8, 0x0D, 0x83, 0xFC, 0x06, 0xC1, 0xFF, 0x00, 0x61, 0xDD, 0xC0, 0x30, 0xCE, 0xE0, 0x18,
    0xE7, 0x38, 0x0C, 0xE3, 0x9E, 0x06, 0xF1, 0xC7, 0x83, 0xFF, 0xFF, 0xC1, 0xB7, 0xFF, 0x60, 0xC0,
    0x38, 0x00, 0x60, 0x1C, 0x00, 0x30, 0x0E, 0x00, 0x18, 0x07, 0x00, 0x0C, 0x03, 0x00, 0x00, 0x00,
    0x1C, 0x00, 0x00, 0x1F, 0x00, 0x00, 0x1F, 0x80, 0x00, 0x1E, 0xF0, 0x00, 0x1E, 0x3C, 0x00, 0x1E,
    0x0F, 0x00, 0x1E, 0x03, 0xE0, 0x3E, 0x00, 0xF8, 0x7F, 0xFF, 0xFF, 0x3D, 0xFF, 0xF7, 0x98, 0x07,
    0x00, 0x80, 0x03, 0x80, 0x00, 0x01, 0xC0, 0x00, 0x00, 0xE0, 0x00, 0xFF, 0xFF, 0xF8, 0x7F, 0xFF,
    0xFC, 0x00, 0x1C, 0x00, 0x01, 0x8E, 0x30, 0x01, 0xC7, 0x3C, 0x01, 0xE3, 0x8F, 0x01, 0xE1, 0xC3,
    0xC1, 0xE0, 0xE0, 0xF1, 0xE0, 0x70, 0x3C, 0x63, 0xF8, 0x0C, 0x00, 0xF8, 0x00, 0x00, 0x01, 0x00,
    0x00, 0x01, 0xC3, 0x00, 0x00, 0xE3, 0x80, 0x00, 0x61, 0x80, 0x00, 0x71, 0xC0, 0x00, 0x70, 0xFF,
    0xF8, 0x38, 0xFF, 0xFC, 0x3C, 0x77, 0x00, 0x3E, 0x73, 0x80, 0x1F, 0x71, 0xC0, 0x1F, 0xF8, 0xFF,
    0xCD, 0xD8, 0x7F, 0xE6, 0xE0, 0x38, 0x00, 0x70, 0x1C, 0x00, 0x38, 0x0E, 0x00, 0x1C, 0x07, 0x00,
    0x0E, 0x03, 0xFF, 0x07, 0x01, 0xFF, 0x83, 0x80, 0xE0, 0x01, 0xC0, 0x70, 0x00, 0xE0, 0x38, 0x00,
    0x70, 0x1C, 0x00, 0x38, 0x0E, 0x00, 0x1C, 0x07, 0x00, 0x0E, 0x03, 0x00, 0x00, 0x01, 0x01, 0x80,
    0x01, 0xC0, 0xC0, 0x00, 0xC0, 0x60, 0x00, 0xFF, 0xFF, 0xE0, 0x6F, 0xFF, 0xF0, 0x70, 0x0C, 0x00,
    0x38, 0x06, 0x00, 0x38, 0x03, 0x00, 0x3C, 0xFF, 0xFF, 0x3E, 0x7F, 0xFF, 0xBF, 0x38, 0x61, 0xDD,
    0x9C, 0x30, 0xE4, 0xCE, 0x18, 0x70, 0x67, 0xFF, 0xF8, 0x33, 0xFF, 0xFC, 0x18, 0xC7, 0x00, 0x0C,
    0x63, 0x80, 0x06, 0x39, 0xC0, 0x03, 0x0F, 0xC0, 0x01, 0x83, 0xE0, 0x00, 0xC1, 0xF8, 0x00, 0x61,
    0xFF, 0x80, 0x37, 0xE7, 0xFC, 0x1B, 0xE0, 0x7E, 0x0C, 0x80, 0x07, 0x00, 0x00, 0x00, 0x00, 0x01,
    0xC0, 0x00, 0x00, 0xFF, 0xFF, 0x80, 0xEF, 0xFF, 0xC0, 0x77, 0x00, 0xE0, 0x73, 0x80, 0x70, 0x39,
    0xC0, 0x38, 0x38, 0xE0, 0x1C, 0x3C, 0x7F, 0xFE, 0x3E, 0x3F, 0xFF, 0x3F, 0x00, 0x60, 0x0D, 0x80,
    0x30, 0x04, 0xC0, 0x18, 0x00, 0x6F, 0xFF, 0xF8, 0x37, 0xFF, 0xFC, 0x18, 0x0F, 0xC0, 0x0C, 0x0F,
    0xE0, 0x06, 0x07, 0xF8, 0x03, 0x07, 0x6E, 0x01, 0x8F, 0x33, 0x80, 0xCF, 0x19, 0xE0, 0x6F, 0x0C,
    0x7C, 0x37, 0x06, 0x0C, 0x18, 0x03, 0x00, 0x0C, 0x01, 0x80, 0x00, 0x00, 0x00, 0x00, 0x01, 0xC0,
    0x00, 0x00, 0xEF, 0xFF, 0x00, 0xE7, 0xFF, 0x80, 0x70, 0x00, 0x00, 0x7F, 0xFF, 0xF8, 0x3F, 0xFF,
    0xFC, 0x38, 0x00, 0x00, 0x3C, 0x00, 0x00, 0x3E, 0x3F, 0xFE, 0x3F, 0x0F, 0xFF, 0x1D, 0x80, 0x00,
    0x04, 0xC3, 0xFF, 0xC0, 0x63, 0xFF, 0xE0, 0x30, 0x00, 0x00, 0x18, 0x00, 0x00, 0x0C, 0x7F, 0xFE,
    0x06, 0x3F, 0xFF, 0x03, 0x1C, 0x03, 0x81, 0x8E, 0x01, 0xC0, 0xC7, 0x00, 0xE0, 0x63, 0xFF, 0xF0,
    0x31, 0xFF, 0xF8, 0x18, 0xE0, 0x1C, 0x0C, 0x70, 0x0C, 0x00, 0x00, 0x08, 0x30, 0x03, 0x8E, 0x18,
    0x01, 0x87, 0x0C, 0x01, 0xFF, 0xFF, 0xE0, 0xFF, 0xFF, 0xF0, 0x60, 0xE1, 0x80, 0x70, 0x70, 0xC0,
    0x38, 0x00, 0x00, 0x3C, 0xFF, 0xFF, 0x3E, 0x7F, 0xFF, 0x9F, 0x30, 0x00, 0x1F, 0x9B, 0xFF, 0xE5,
    0xCD, 0xFF, 0xF0, 0xE6, 0xC6, 0x38, 0x73, 0x63, 0x1C, 0x39, 0xBF, 0xFE, 0x1C, 0xDF, 0xFF, 0x0E,
    0x6C, 0x63, 0x87, 0x77, 0xFF, 0xC3, 0xBB, 0xFF, 0xE1, 0xD9, 0x8C, 0x70, 0xEC, 0xC6, 0x38, 0x7E,
    0x63, 0x1C, 0x3E, 0x31, 0xBE, 0x0D, 0x18, 0xDE, 0x00, 0x04, 0x00, 0x00, 0x03, 0x00, 0x00, 0x03,
    0x83, 0xFF, 0xC1, 0xF1, 0xFF, 0xE0, 0xD8, 0x0E, 0x00, 0xEC, 0x3F, 0xF0, 0x76, 0x1F, 0xFC, 0x7B,
    0x3C, 0x0E, 0x3D, 0xBE, 0x07, 0x3E, 0xFB, 0xFF, 0x9F, 0x79, 0xFF, 0xDF, 0xB8, 0xC0, 0xE5, 0xD8,
    0x60, 0x72, 0xEC, 0x30, 0x38, 0x76, 0x1F, 0xFC, 0x3B, 0x3F, 0xFE, 0x1D, 0x9E, 0x07, 0x0E, 0xCF,
    0x03, 0x87, 0x67, 0xFF, 0xC3, 0xBF, 0xFF, 0xC1, 0xCF, 0x39, 0x80, 0xE0, 0x3C, 0xF0, 0x70, 0x7C,
    0x3C, 0x38, 0x78, 0x0F, 0x1C, 0x10, 0x03, 0x00, 0x02, 0x1C, 0x00, 0x03, 0x8E, 0x00, 0x01, 0x8F,
    0xF8, 0x01, 0xCF, 0xFC, 0x00, 0xEF, 0x0E, 0x00, 0x6F, 0xFF, 0xF0, 0x7F, 0xFF, 0xF8, 0x7F, 0xC7,
    0x0C, 0x3C, 0xE3, 0x86, 0x3E, 0x71, 0xC3, 0x1F, 0x3F, 0xFF, 0x9F, 0x9F, 0xFF, 0xC5, 0xC3, 0xEE,
    0x20, 0xE7, 0xF7, 0x38, 0x77, 0x9D, 0xF8, 0x3B, 0x1F, 0xF8, 0x1C, 0x3D, 0xF0, 0x0E, 0x78, 0xDC,
    0x07, 0x79, 0xFE, 0x03, 0x91, 0xFB, 0x81, 0xC3, 0xDC, 0xE0, 0xE7, 0xCE, 0x78, 0x7F, 0xCE, 0x1C,
    0x3B, 0x3F, 0x04, 0x0C, 0x0F, 0x00, 0x00, 0x00, 0x38, 0x00, 0x0C, 0x70, 0x00, 0x38, 0xE0, 0x00,
    0x71, 0xC0, 0x00, 0xE3, 0x80, 0x03, 0xFF, 0xFF, 0x07, 0xFF, 0xFE, 0x0C, 0x1C, 0x00, 0x38, 0x38,
    0x00, 0xE0, 0x70, 0x00, 0xC0, 0xE0, 0x00, 0x01, 0xC0, 0x0F, 0xFF, 0xFF, 0xFF, 0xFF, 0xFF, 0xC0,
    0x61, 0xC0, 0x01, 0xC3, 0x80, 0x03, 0x87, 0x00, 0x07, 0x0E, 0x00, 0x1C, 0x1C, 0x10, 0x38, 0x38,
    0x30, 0xE0, 0x70, 0x63, 0xC0, 0xE1, 0xFF, 0x00, 0xFF, 0xF8, 0x01, 0xFE, 0x40, 0x00, 0x00, 0x00,
    0x1C, 0x00, 0x00, 0x1C, 0x18, 0x1C, 0x1C, 0x1C, 0x0E, 0x1C, 0x1C, 0x0E, 0x1C, 0x38, 0x07, 0x1C,
    0x38, 0x07, 0x1C, 0x70, 0x03, 0x1C, 0x60, 0x03, 0x1C, 0x60, 0x00, 0x1C, 0x00, 0x7F, 0xFF, 0xFF,
    0x7F, 0xFF, 0xFF, 0x00, 0xC3, 0x80, 0x01, 0xC3, 0x80, 0x01, 0xC3, 0x80, 0x01, 0xC3, 0x80, 0x01,
    0xC3, 0x80, 0x03, 0x83, 0x80, 0x03, 0x83, 0x83, 0x07, 0x83, 0x83, 0x0F, 0x03, 0x83, 0x3E, 0x03,
    0x83, 0x7C, 0x03, 0xFF, 0x70, 0x01, 0xFE, 0x00, 0x00, 0x00, 0x07, 0xFC, 0x00, 0x03, 0xFE, 0x00,
    0x00, 0x03, 0x00, 0x00, 0x01, 0x80, 0x00, 0x00, 0xC0, 0x00, 0x00, 0xF0, 0x00, 0x00, 0xF8, 0x00,
    0x00, 0x7C, 0x00, 0x00, 0x3E, 0x00, 0x00, 0x3B, 0x80, 0x00, 0x1D, 0xC0, 0x00, 0x0E, 0xE0, 0x00,
    0x0E, 0x38, 0x00, 0x07, 0x1C, 0x00, 0x07, 0x07, 0x00, 0x07, 0x83, 0xC0, 0x03, 0x80, 0xF0, 0x03,
    0x80, 0x3C, 0x03, 0xC0, 0x0F, 0x07, 0xC0, 0x07, 0xC7, 0xC0, 0x00, 0xF3, 0x80, 0x00, 0x38, 0x80,
    0x00, 0x08, 0x00, 0x1C, 0x00, 0x00, 0x1E, 0x00, 0x00, 0x0F, 0x80, 0x00, 0x0E, 0xE0, 0x00, 0x0E,
    0x38, 0x00, 0x0F, 0x1E, 0x00, 0x0F, 0x07, 0x80, 0x0F, 0x01, 0xE0, 0x0F, 0x00, 0x7C, 0x1E, 0x00,
    0x0F, 0x1F, 0xFF, 0xFF, 0xCE, 0xFF, 0xFE, 0xE0, 0x01, 0xC0, 0x00, 0x00, 0xE0, 0x00, 0x00, 0x70,
    0x00, 0x00, 0x38, 0x00, 0x0F, 0xFF, 0xF8, 0x07, 0xFF, 0xFC, 0x00, 0x07, 0x00, 0x00, 0x03, 0x80,
    0x00, 0x01, 0xC0, 0x00, 0x00, 0xE0, 0x00, 0xFF, 0xFF, 0xFC, 0x7F, 0xFF, 0xFE, 0x00, 0x70, 0x00,
    0x03, 0x80, 0x00, 0x1C, 0x00, 0x00, 0xE0, 0x00, 0x07, 0x00, 0x7F, 0xFF, 0xFF, 0xFF, 0xFF, 0xFC,
    0x0E, 0x07, 0xE0, 0x70, 0x3F, 0x03, 0x01, 0xF8, 0x1C, 0x0F, 0xC1, 0xF0, 0x7E, 0x0F, 0xC3, 0xF0,
    0xEF, 0x1F, 0x8F, 0x3C, 0xFC, 0xF0, 0xF7, 0xEF, 0x03, 0xFF, 0xF0, 0x0F, 0xFB, 0x00, 0x2F, 0xC0,
    0x00, 0x7E, 0x00, 0x03, 0xF0, 0x00, 0x1F, 0x80, 0x0F, 0xFC, 0x00, 0x7E, 0x00, 0x00, 0x00, 0x3F,
    0xFF, 0xFE, 0x1F, 0xFF, 0xFF, 0x00, 0x07, 0x00, 0x00, 0x03, 0x80, 0x00, 0xFF, 0xFF, 0x80, 0x7F,
    0xFF, 0xC0, 0x30, 0x70, 0x60, 0x18, 0x38, 0x30, 0x0C, 0x1C, 0x18, 0x07, 0xFF, 0xFC, 0x03, 0xFF,
    0xFE, 0x01, 0x83, 0x83, 0x00, 0xC1, 0xC1, 0x80, 0x60, 0xE0, 0xC1, 0xFF, 0xFF, 0xFC, 0xFF, 0xFF,
    0xFE, 0x0C, 0x00, 0x18, 0x06, 0x00, 0x0C, 0x03, 0x00, 0x06, 0x01, 0x80, 0x03, 0x00, 0xC0, 0x01,
    0x80, 0x60, 0x0F, 0xC0, 0x30, 0x07, 0xC0, 0x00, 0x60, 0x00, 0x03, 0x80, 0x00, 0x1C, 0x00, 0xE0,
    0xE0, 0xE7, 0x07, 0x07, 0x38, 0x38, 0x39, 0xC1, 0xC1, 0xCE, 0x0E, 0x0E, 0x70, 0x70, 0x73, 0x83,
    0x83, 0x9F, 0xFF, 0xFC, 0xFF, 0xFF, 0xE0, 0x07, 0x00, 0x30, 0x38, 0x1B, 0x81, 0xC0, 0xFC, 0x0E,
    0x07, 0xE0, 0x70, 0x3F, 0x03, 0x81, 0xF8, 0x1C, 0x0F, 0xC0, 0xE0, 0x7E, 0x07, 0x03, 0xFF, 0xFF,
    0xFF, 0xFF, 0xFF, 0xFC, 0x00, 0x07, 0x60, 0x00, 0x38, 0x00, 0x00, 0x00, 0x00, 0xE0, 0xE0, 0x00,
    0x70, 0x70, 0x00, 0x38, 0x1C, 0x00, 0x38, 0x0E, 0x00, 0x38, 0x03, 0x80, 0x1C, 0x00, 0xE0, 0x1C,
    0x00, 0x78, 0x1C, 0x00, 0x1E, 0x3C, 0x00, 0x07, 0xBF, 0xFF, 0xFF, 0xED, 0xFF, 0xFF, 0x60, 0x07,
    0x03, 0x80, 0x03, 0x81, 0xC0, 0x01, 0xC0, 0xC0, 0x00, 0xE0, 0x60, 0x00, 0xE0, 0x30, 0x00, 0x70,
    0x18, 0x00, 0x70, 0x1C, 0x00, 0x78, 0x0E, 0x00, 0x78, 0x07, 0x00, 0x78, 0x03, 0x80, 0xF8, 0x3F,
    0x80, 0x78, 0x1F, 0xC0, 0x10, 0x00, 0x00, 0x00, 0x1C, 0x00, 0x00, 0x1C, 0x00, 0x00, 0x1C, 0x3F,
    0xFF, 0x1C, 0x3F, 0xFF, 0x1C, 0x03, 0x87, 0x1C, 0x03, 0x87, 0x1F, 0xF3, 0x87, 0x3F, 0xF3, 0x07,
    0xFF, 0x83, 0x07, 0x7C, 0x03, 0x07, 0x1C, 0x03, 0x07, 0x1C, 0x07, 0x07, 0x1C, 0x07, 0x07, 0x1C,
    0x67, 0x07, 0x1C, 0x67, 0x06, 0x1C, 0x66, 0x06, 0x1C, 0x6E, 0x06, 0x0F, 0xEE, 0x06, 0x0F, 0xDC,
    0x0E, 0x00, 0x3C, 0x0E, 0x00, 0x78, 0x0E, 0x00, 0xF0, 0xFC, 0x00, 0xE0, 0xFC, 0x00, 0x00, 0x00,
    0x01, 0x80, 0x00, 0x03, 0x00, 0x0C, 0x06, 0x00, 0x18, 0x0C, 0x04, 0x37, 0xFF, 0xFC, 0x6F, 0xFF,
    0xF8, 0xC1, 0xC0, 0x71, 0x87, 0x00, 0xE3, 0x0E, 0x31, 0xC6, 0xF8, 0xE3, 0x8D, 0xE3, 0x87, 0x19,
    0xE7, 0x0E, 0x30, 0xFC, 0x1C, 0x60, 0xF3, 0xB8, 0xC3, 0xC7, 0x71, 0x8F, 0x1C, 0xE3, 0x3C, 0x79,
    0xC6, 0xF1, 0xE3, 0x8C, 0x87, 0x86, 0x18, 0x1F, 0x00, 0x30, 0x7F, 0x00, 0x63, 0xE7, 0x00, 0xCF,
    0x07, 0x01, 0xBC, 0x07, 0x3F, 0x60, 0x04, 0x7C, 0x07, 0x00, 0x01, 0x1C, 0xE0, 0x3E, 0x73, 0x80,
    0xD9, 0xCE, 0xC3, 0x77, 0x73, 0x8D, 0xDD, 0xCE, 0x33, 0x76, 0x38, 0xC9, 0xC8, 0xE3, 0x7F, 0xF3,
    0x8D, 0xFF, 0xCE, 0x36, 0x07, 0x38, 0xD8, 0x1C, 0xE3, 0x7F, 0xF3, 0x8D, 0xFF, 0xCE, 0x36, 0x07,
    0x38, 0xD8, 0x1C, 0xE3, 0x7F, 0xF3, 0x8D, 0xFF, 0xCE, 0x36, 0x07, 0x00, 0xD8, 0x1C, 0x03, 0x60,
    0x70, 0x0D, 0x81, 0xC0, 0x36, 0x3F, 0x00, 0xD8, 0x78, 0x7F, 0x60, 0x00, 0xF8, 0x04, 0x00, 0x40,
    0x1C, 0x01, 0xC0, 0x1C, 0x03, 0x80, 0x38, 0x0E, 0x00, 0x38, 0x1C, 0x1F, 0xFF, 0xFF, 0xFF, 0xFF,
    0xFF, 0x80, 0x00, 0x00, 0x00, 0x00, 0x18, 0x7F, 0xC6, 0x30, 0xFF, 0x8C, 0x61, 0x83, 0x18, 0xC3,
    0x06, 0x31, 0x87, 0xFC, 0x63, 0x0F, 0xF8, 0xC6, 0x18, 0x31, 0x8C, 0x30, 0x63, 0x18, 0x7F, 0xC6,
    0x30, 0xFF, 0x8C, 0x61, 0x83, 0x18, 0xC3, 0x06, 0x01, 0x86, 0x0C, 0x03, 0x0C, 0xF8, 0x7E, 0x19,
    0xF0, 0xFC, 0x00, 0x00, 0x00, 0x00, 0x00, 0x0D, 0xFF, 0xFC, 0x1B, 0xFF, 0xFA, 0x30, 0x00, 0x0E,
    0x63, 0xFF, 0x9C, 0xC7, 0xFF, 0x39, 0x8C, 0x06, 0x73, 0x18, 0x0C, 0xE6, 0x30, 0x19, 0xCC, 0x7F,
    0xF3, 0x98, 0xFF, 0xE7, 0x30, 0x00, 0x0E, 0x67, 0xFF, 0xDC, 0xCF, 0xFF, 0xB9, 0x98, 0xE3, 0x73,
    0x31, 0xC6, 0xE6, 0x7F, 0xFD, 0xCC, 0xFF, 0xF9, 0x99, 0x8E, 0x30, 0x33, 0x1C, 0x60, 0x67, 0xFF,
    0xC0, 0xCF, 0xFF, 0x9F, 0x98, 0x03, 0x3F, 0x30, 0x00, 0x00, 0x03, 0x00, 0x00, 0x06, 0x00, 0x18,
    0x0C, 0x00, 0x37, 0xFF, 0xEC, 0x6F, 0xFF, 0xD8, 0xD8, 0x63, 0xB1, 0xB0, 0xC7, 0x63, 0x3F, 0xF8,
    0xC6, 0x3F, 0xF1, 0x8C, 0x06, 0x03, 0x18, 0xFF, 0xC6, 0x31, 0xFF, 0x8C, 0x60, 0x30, 0x18, 0xDF,
    0xFF, 0xB1, 0xBF, 0xFF, 0x63, 0x00, 0x00, 0xC6, 0x3F, 0xF1, 0x8C, 0x7F, 0xF3, 0x18, 0xC0, 0xE0,
    0x31, 0x81, 0xC0, 0x63, 0x03, 0x80, 0xC7, 0xFF, 0x01, 0x8F, 0xFE, 0x3F, 0x18, 0x1C, 0x7E, 0x30,
    0x00, 0x00, 0x00, 0x60, 0x00, 0x01, 0xC0, 0x00, 0x07, 0x00, 0x00, 0x1C, 0x00, 0x00, 0x70, 0x00,
    0x01, 0xC0, 0x07, 0xFF, 0xFF, 0xDF, 0xFF, 0xFF, 0x00, 0x60, 0x1C, 0x01, 0x80, 0x70, 0x0E, 0x01,
    0xC0, 0x38, 0x07, 0x00, 0xE0, 0x1C, 0x03, 0x80, 0x70, 0x1C, 0x01, 0x80, 0x70, 0x06, 0x03, 0x80,
    0x18, 0x0E, 0x00, 0x60, 0x70, 0x03, 0x83, 0xC0, 0x0E, 0x1E, 0x00, 0x38, 0xF0, 0x00, 0xEF, 0x80,
    0xFF, 0x3C, 0x01, 0xF8, 0x40, 0x00, 0x00, 0x00, 0x01, 0x80, 0x00, 0x01, 0x80, 0x00, 0x01, 0x80,
    0x7F, 0xE3, 0x80, 0x7F, 0xE3, 0x80, 0x06, 0x03, 0x80, 0x06, 0x3F, 0xFF, 0x06, 0x3F, 0xFF, 0x06,
    0x03, 0x87, 0x06, 0x03, 0x87, 0x06, 0x03, 0x87, 0x06, 0x03, 0x87, 0x06, 0x03, 0x07, 0x06, 0x03,
    0x07, 0x06, 0x07, 0x07, 0x07, 0xE7, 0x06, 0x1F, 0xE6, 0x06, 0x7F, 0x8E, 0x06, 0x7C, 0x0E, 0x06,
    0x60, 0x1C, 0x0E, 0x00, 0x3C, 0x0E, 0x00, 0x78, 0x0E, 0x00, 0xF1, 0xFC, 0x00, 0xE0, 0xFC, 0x00,
    0x00, 0x00, 0x06, 0x00, 0x00, 0x1C, 0x00, 0x00, 0x38, 0x00, 0x00, 0x70, 0x00, 0x00, 0xE0, 0x3F,
    0xEF, 0xFF, 0x7F, 0xDF, 0xFE, 0xC1, 0x87, 0x1D, 0x83, 0x0E, 0x3B, 0x06, 0x1C, 0x76, 0x0C, 0x38,
    0xEC, 0x18, 0x71, 0xD8, 0x30, 0xE3, 0x30, 0x61, 0x86, 0x60, 0xC3, 0x0C, 0xC1, 0x86, 0x19, 0x83,
    0x1C, 0x33, 0x06, 0x38, 0x66, 0x0C, 0x60, 0xCC, 0x19, 0xC1, 0x98, 0x33, 0x87, 0x3F, 0xEE, 0x0E,
    0x7F, 0xDC, 0xFC, 0xC1, 0xB1, 0xF1, 0x83, 0x00, 0x00, 0x00, 0x00, 0x00, 0x00, 0x03, 0x80, 0xC0,
    0x03, 0x80, 0xC0, 0x03, 0x80, 0xC0, 0x7F, 0xFC, 0xC0, 0x7F, 0xFC, 0xC0, 0x00, 0x00, 0xC0, 0x1C,
    0x67, 0xFF, 0x1C, 0x77, 0xFF, 0x38, 0x38, 0xC7, 0x38, 0x18, 0xC7, 0x70, 0xFD, 0xC7, 0x68, 0xE9,
    0xC7, 0x1C, 0xC1, 0xC7, 0x0F, 0xC1, 0xC7, 0x07, 0xC1, 0x86, 0x03, 0xC1, 0x86, 0x03, 0xE3, 0x86,
    0x07, 0xF3, 0x86, 0x0E, 0x77, 0x06, 0x1E, 0x37, 0x06, 0x3C, 0x0E, 0x0E, 0x78, 0x1E, 0xFE, 0x60,
    0x1C, 0x7C, 0x00, 0x08, 0x00, 0x00, 0x00, 0x80, 0x7F, 0xE3, 0x83, 0xFF, 0xC7, 0x03, 0xF8, 0x0E,
    0x00, 0x70, 0x1C, 0x1F, 0xFF, 0x38, 0x3F, 0xFE, 0x60, 0x03, 0x87, 0xFF, 0xFF, 0xFF, 0xFF, 0xFF,
    0xE3, 0x1F, 0x9C, 0xC6, 0x3F, 0xFF, 0x8C, 0x7F, 0xFF, 0x18, 0xFC, 0xE6, 0x71, 0xFF, 0xFC, 0xE3,
    0xFF, 0xF9, 0xC7, 0x07, 0x03, 0x0E, 0xFF, 0xEE, 0x1B, 0xFF, 0xDC, 0x30, 0x38, 0x70, 0x60, 0x7F,
    0xE0, 0xDF, 0xFF, 0x83, 0xBF, 0xFF, 0x3F, 0x40, 0x1C, 0x7C, 0x00, 0x00, 0x00, 0x00, 0x00, 0x00,
    0x00, 0xE6, 0x00, 0x00, 0x73, 0x00, 0x00, 0x71, 0x80, 0x00, 0x38, 0xC0, 0x00, 0x38, 0x60, 0x20,
    0x38, 0x30, 0x38, 0x1C, 0x18, 0x3C, 0x1E, 0x0C, 0x7C, 0x1F, 0x06, 0x78, 0x1F, 0x83, 0xF8, 0x1E,
    0xC1, 0xF0, 0x06, 0x60, 0xE0, 0x02, 0x30, 0x60, 0x00, 0x18, 0x30, 0x00, 0x0C, 0x18, 0x00, 0x06,
    0x0C, 0x00, 0x03, 0x06, 0x01, 0x01, 0x83, 0x00, 0xC0, 0xC1, 0x80, 0x60, 0x60, 0xC0, 0x30, 0x30,
    0x70, 0x38, 0x18, 0x3F, 0xFC, 0x0C, 0x0F, 0xFC, 0x06, 0x00, 0x00, 0x00, 0x1F, 0xFF, 0xFF, 0x0F,
    0xFF, 0xFF, 0x86, 0x01, 0xC0, 0x03, 0x01, 0xC0, 0x01, 0x9F, 0xFF, 0xC0, 0xCF, 0xFF, 0xE0, 0x67,
    0x00, 0x70, 0x33, 0x80, 0x38, 0x19, 0xFF, 0xFC, 0x0C, 0xFF, 0xFE, 0x06, 0x70, 0x07, 0x03, 0x38,
    0x03, 0x81, 0x9F, 0xFF, 0xC0, 0xCF, 0xFF, 0xE0, 0xE0, 0x1C, 0x00, 0x71, 0xCE, 0xE0, 0x38, 0xE7,
    0x38, 0x1C, 0xE3, 0x8E, 0x0C, 0xE1, 0xC3, 0x8E, 0xF0, 0xE0, 0xE7, 0xF0, 0x70, 0x73, 0x31, 0xF0,
    0x10, 0x80, 0xF8, 0x00, 0x00, 0x38, 0x00, 0x00, 0x70, 0x00, 0x00, 0xE0, 0x00, 0x01, 0xC0, 0x03,
    0xFF, 0xFF, 0x87, 0xFF, 0xFF, 0x00, 0x0E, 0x00, 0x00, 0x1C, 0x00, 0x00, 0x38, 0x00, 0x00, 0x70,
    0x00, 0x00, 0xE0, 0x07, 0xFF, 0xFF, 0xFF, 0xFF, 0xFF, 0xE0, 0x1C, 0x00, 0x00, 0x70, 0x00, 0x00,
    0xE0, 0xC0, 0x03, 0x81, 0xC0, 0x07, 0x01, 0xC0, 0x1C, 0x01, 0xC0, 0x38, 0x03, 0xC0, 0xFF, 0xFF,
    0x8F, 0xFF, 0xFF, 0x9F, 0xFF, 0xFF, 0x00, 0x00, 0x07, 0x00, 0x00, 0x08, 0x1F, 0xFF, 0xFC, 0x3F,
    0xFF, 0xF8, 0x70, 0x00, 0x00, 0xE0, 0x00, 0x01, 0xC0, 0x00, 0x03, 0x80, 0x00, 0x07, 0x00, 0x00,
    0x0F, 0xFF, 0xF8, 0x1F, 0xFF, 0xF0, 0x33, 0x00, 0xE0, 0x67, 0x01, 0xC0, 0xC6, 0x07, 0x01, 0x8E,
    0x0E, 0x03, 0x1E, 0x38, 0x0E, 0x1C, 0xE0, 0x1C, 0x1F, 0xC0, 0x38, 0x1F, 0x00, 0x60, 0x7E, 0x01,
    0xC1, 0xFF, 0x03, 0x8F, 0x9F, 0x8E, 0xFE, 0x0F, 0xFD, 0xF0, 0x0F, 0xD1, 0x00, 0x03, 0x00, 0x01,
    0xC0, 0x00, 0x00, 0xFF, 0xFF, 0x0E, 0x7F, 0xFF, 0x87, 0x38, 0x00, 0xC3, 0x9C, 0xC0, 0xE1, 0xCE,
    0x70, 0x70, 0xE7, 0x38, 0x38, 0x73, 0x9C, 0x18, 0x39, 0xC6, 0x1C, 0x1C, 0xE3, 0x8E, 0x0E, 0x71,
    0xC6, 0x07, 0x38, 0x67, 0x03, 0x9C, 0x3B, 0x81, 0xCE, 0x1F, 0x80, 0xE7, 0x07, 0xC0, 0x7F, 0x83,
    0xC0, 0x7F, 0xC1, 0xE0, 0x3C, 0xE0, 0xF8, 0x00, 0x70, 0xFE, 0x00, 0x38, 0xE7, 0x80, 0x1D, 0xF1,
    0xE0, 0x0F, 0xF0, 0x78, 0x07, 0xE0, 0x1C, 0x01, 0xA0, 0x04, 0x7F, 0xFC, 0x00, 0x3F, 0xFE, 0x00,
    0x06, 0x1F, 0xFF, 0xC3, 0x0F, 0xFF, 0xE1, 0x87, 0x70, 0x60, 0xFF, 0xB8, 0x30, 0x7F, 0xDC, 0x38,
    0x30, 0xE6, 0x1C, 0x18, 0x73, 0x0E, 0x0C, 0x39, 0xC6, 0x06, 0x1C, 0xE7, 0x03, 0xFE, 0x33, 0x81,
    0xFF, 0x1F, 0x80, 0xC3, 0x87, 0xC0, 0x61, 0xC3, 0xC0, 0x30, 0xE1, 0xE0, 0x1F, 0xF0, 0xF0, 0x7F,
    0xF8, 0xFC, 0x1F, 0x9C, 0xFF, 0x00, 0x0E, 0xF3, 0xC0, 0x07, 0xF0, 0xF8, 0x03, 0xE0, 0x18, 0x00,
    0xC0, 0x00, 0x00, 0x00, 0x70, 0x01, 0xFF, 0xF1, 0xFF, 0xFF, 0xC3, 0xFF, 0xC1, 0x01, 0x83, 0x07,
    0x03, 0x87, 0x0E, 0x03, 0x0E, 0x38, 0x07, 0x0C, 0x70, 0xFF, 0xFF, 0xFF, 0xFF, 0xFF, 0xFF, 0x80,
    0x00, 0x3F, 0x00, 0x00, 0x7E, 0x00, 0x00, 0xFF, 0xFF, 0xFC, 0x03, 0xFF, 0xF8, 0x03, 0x80, 0xE0,
    0x07, 0x83, 0xC0, 0x07, 0x8F, 0x00, 0x07, 0xBC, 0x00, 0x07, 0xF0, 0x00, 0x0F, 0xE0, 0x01, 0xFF,
    0xFC, 0x3F, 0xE0, 0xFF, 0xFF, 0x00, 0x7F, 0x60, 0x00, 0x0C, 0x00, 0x30, 0x00, 0x00, 0x30, 0x00,
    0x00, 0x70, 0x00, 0x00, 0x70, 0x00, 0x00, 0x70, 0x00, 0x7F, 0xFF, 0xFF, 0x7F, 0xFF, 0xFF, 0x00,
    0xE0, 0x00, 0x01, 0xC0, 0x00, 0x01, 0xC0, 0x00, 0x03, 0x80, 0x00, 0x03, 0x80, 0x00, 0x07, 0xFF,
    0xFC, 0x0F, 0xFF, 0xFC, 0x0F, 0x80, 0x1C, 0x1F, 0x80, 0x1C, 0x3B, 0x80, 0x1C, 0x7B, 0x80, 0x1C,
    0x63, 0x80, 0x1C, 0x03, 0x80, 0x1C, 0x03, 0x80, 0x1C, 0x03, 0xFF, 0xFC, 0x03, 0xFF, 0xFC, 0x03,
    0x80, 0x1C, 0x03, 0x80, 0x0C, 0x1F, 0xFF, 0xF0, 0x3F, 0xFF, 0xE0, 0x70, 0x01, 0xC0, 0xE0, 0x03,
    0x81, 0xC0, 0x07, 0x03, 0x80, 0x0E, 0x07, 0xFF, 0xFC, 0x0F, 0xFF, 0xF8, 0x00, 0x00, 0x00, 0x00,
    0x00, 0x03, 0xFF, 0xFF, 0xFF, 0xFF, 0xFF, 0xF0, 0x70, 0x00, 0x00, 0xE0, 0x00, 0x03, 0xFF, 0xFC,
    0x07, 0xFF, 0xF8, 0x0E, 0x00, 0x70, 0x38, 0x00, 0xE0, 0x00, 0x01, 0x80, 0x00, 0x07, 0x00, 0x00,
    0x0E, 0x00, 0x04, 0x3C, 0x00, 0x0F, 0xF0, 0x00, 0x0F, 0xC0, 0x00, 0x60, 0x00, 0x00, 0x70, 0x00,
    0x00, 0x78, 0x00, 0x00, 0x3F, 0xFE, 0x00, 0x3F, 0xFF, 0x80, 0x3C, 0x03, 0x80, 0x7F, 0x03, 0x80,
    0x7B, 0xC7, 0x80, 0x78, 0xF7, 0x80, 0x18, 0x3F, 0x80, 0x00, 0x0F, 0x80, 0x00, 0x1F, 0xF8, 0x00,
    0x7E, 0x3F, 0x01, 0xFC, 0x07, 0xF9, 0xF8, 0x00, 0xFC, 0xEF, 0xFF, 0xEE, 0x07, 0xFF, 0xF0, 0x03,
    0x00, 0x18, 0x01, 0x80, 0x0C, 0x00, 0xC0, 0x06, 0x00, 0x60, 0x03, 0x00, 0x3F, 0xFF, 0x80, 0x1F,
    0xFF, 0xC0, 0x0C, 0x00, 0x60, 0x06, 0x00, 0x30, 0x00, 0x00, 0x1C, 0x00, 0x00, 0x1E, 0x00, 0x00,
    0x0F, 0x80, 0x00, 0x0E, 0xE0, 0x00, 0x0E, 0x38, 0x00, 0x0E, 0x0E, 0x00, 0x0E, 0x03, 0xC0, 0x1E,
    0x00, 0xF0, 0x1E, 0x00, 0x3E, 0x3F, 0xFF, 0xFF, 0x9E, 0xFF, 0xF9, 0xCC, 0x00, 0x00, 0x60, 0x00,
    0x00, 0x00, 0x00, 0x00, 0x00, 0x1F, 0xFF, 0xE0, 0x0F, 0xFF, 0xF0, 0x06, 0x00, 0x38, 0x03, 0x00,
    0x1C, 0x01, 0x80, 0x0E, 0x00, 0xC0, 0x07, 0x00, 0x60, 0x03, 0x80, 0x30, 0x01, 0xC0, 0x1F, 0xFF,
    0xE0, 0x0F, 0xFF, 0xF0, 0x06, 0x00, 0x30, 0x00, 0xFF, 0xFF, 0xFF, 0xFF, 0xFF, 0xF0, 0x00, 0x07,
    0x80, 0x00, 0x3C, 0xFF, 0xF9, 0xE7, 0xFF, 0xCF, 0x00, 0x00, 0x78, 0x00, 0x03, 0xC0, 0x00, 0x1E,
    0x3F, 0xF8, 0xF1, 0xFF, 0xC7, 0x8E, 0x0E, 0x3C, 0x70, 0x71, 0xE3, 0x83, 0x8F, 0x1C, 0x1C, 0x78,
    0xFF, 0xE3, 0xC7, 0xFF, 0x1E, 0x38, 0x00, 0xF1, 0xC0, 0x07, 0x84, 0x00, 0x3C, 0x00, 0x01, 0xE0,
    0x00, 0xFF, 0x00, 0x07, 0xC0, 0x00, 0x60, 0x00, 0x01, 0xE0, 0x00, 0x03, 0x80, 0x00, 0x0F, 0xFF,
    0x00, 0x3F, 0xFE, 0x00, 0xF0, 0x38, 0x03, 0xC0, 0x70, 0x0F, 0x81, 0xC0, 0x7F, 0xC7, 0x80, 0xE3,
    0xCE, 0x00, 0x83, 0xF8, 0x00, 0x03, 0xE0, 0x00, 0x07, 0x80, 0x00, 0x1F, 0xFF, 0xC0, 0xFF, 0xFF,
    0x87, 0xE0, 0x07, 0x3F, 0xC0, 0x0E, 0xF9, 0x80, 0x1D, 0xE3, 0x00, 0x38, 0x06, 0x00, 0x70, 0x0C,
    0x00, 0xE0, 0x18, 0x01, 0xC0, 0x3F, 0xFF, 0x80, 0x7F, 0xFF, 0x00, 0xC0, 0x0E, 0x00, 0x60, 0x00,
    0x07, 0x00, 0x00, 0x38, 0x00, 0x01, 0x80, 0x00, 0x1C, 0x00, 0x7F, 0xFF, 0xFF, 0xFF, 0xFF, 0xFC,
    0x00, 0x07, 0xE0, 0x00, 0x3F, 0x00, 0x01, 0xF9, 0xFF, 0xCF, 0xCF, 0xFE, 0x7E, 0x70, 0x73, 0xF3,
    0x83, 0x9F, 0x9C, 0x1C, 0xFC, 0xE0, 0xE7, 0xE7, 0x07, 0x3F, 0x3F, 0xF9, 0xF9, 0xFF, 0xCF, 0xCE,
    0x00, 0x7E, 0x70, 0x03, 0xF0, 0x00, 0x1F, 0x80, 0x0F, 0xFC, 0x00, 0x7E, 0x04, 0x18, 0x00, 0x1C,
    0x30, 0x00, 0x38, 0x60, 0x00, 0x70, 0xC0, 0x01, 0xFF, 0xFF, 0x83, 0xFF, 0xFF, 0x0E, 0x06, 0x00,
    0x38, 0x0C, 0x00, 0x70, 0x18, 0x00, 0x40, 0x30, 0x03, 0xFF, 0xFF, 0xFF, 0xFF, 0xFF, 0xF0, 0x00,
    0x00, 0x00, 0x00, 0x00, 0x00, 0x00, 0x00, 0x0F, 0xFF, 0xF8, 0x1F, 0xFF, 0xF0, 0x38, 0x00, 0xE0,
    0x70, 0x01, 0xC0, 0xE0, 0x03, 0x81, 0xC0, 0x07, 0x03, 0xFF, 0xFE, 0x07, 0xFF, 0xFC, 0x0E, 0x00,
    0x38, 0x1C, 0x00, 0x70, 0xFF, 0xFF, 0xFF, 0xFF, 0xFF, 0xF0, 0x00, 0x07, 0x80, 0x00, 0x3C, 0x00,
    0x01, 0xE3, 0xFF, 0x8F, 0x1F, 0xFC, 0x78, 0xE0, 0xE3, 0xC7, 0x07, 0x1E, 0x38, 0x38, 0xF1, 0xC1,
    0xC7, 0x8E, 0x0E, 0x3C, 0x70, 0x71, 0xE3, 0xFF, 0x8F, 0x1F, 0xFC, 0x78, 0x00, 0x03, 0xC0, 0x00,
    0x1E, 0x00, 0x00, 0xF0, 0x00, 0x07, 0xFF, 0xFF, 0xFF, 0xFF, 0xFF, 0xE0, 0x00, 0x0F, 0x00, 0x00,
    0x60, 0xFF, 0xFF, 0xFB, 0xFF, 0xFF, 0xEC, 0x00, 0x01, 0xB0, 0x1C, 0x06, 0xC0, 0x70, 0x1B, 0x01,
    0xC0, 0x6C, 0x07, 0x01, 0xB7, 0xFF, 0xF6, 0xDF, 0xFF, 0xDB, 0x01, 0xC0, 0x6C, 0x0F, 0x81, 0xB0,
    0x3E, 0x06, 0xC1, 0xDC, 0x1B, 0x07, 0x70, 0x6C, 0x38, 0xE1, 0xB3, 0xC1, 0xE6, 0xDE, 0x03, 0xDB,
    0x70, 0x06, 0x6C, 0x00, 0x01, 0xBF, 0xFF, 0xFE, 0xFF, 0xFF, 0xFB, 0x00, 0x00, 0x6C, 0x00, 0x01,
    0x80, 0xFF, 0xFF, 0xFF, 0xFF, 0xFF, 0xF0, 0x00, 0x07, 0x83, 0x1C, 0x3C, 0x18, 0xE1, 0xE0, 0xC7,
    0x0F, 0x7F, 0xFF, 0x7B, 0xFF, 0xFB, 0xC1, 0x8E, 0x1E, 0x0C, 0x70, 0xF0, 0x63, 0x87, 0xBF, 0xFF,
    0xBD, 0xFF, 0xFD, 0xE1, 0xC7, 0x0F, 0x0C, 0x38, 0x78, 0xE1, 0xC3, 0xCE, 0x0E, 0x1E, 0xE0, 0x70,
    0xF2, 0x00, 0x07, 0xFF, 0xFF, 0xFF, 0xFF, 0xFF, 0xE0, 0x00, 0x0F, 0x00, 0x00, 0x60, 0x00, 0x20,
    0x00, 0x00, 0x70, 0x00, 0x00, 0x70, 0x00, 0x00, 0x60, 0x00, 0x00, 0xE0, 0x00, 0x7F, 0xFF, 0xFF,
    0x7F, 0xFF, 0xFF, 0x01, 0xC0, 0x00, 0x03, 0x81, 0x80, 0x03, 0x81, 0x80, 0x07, 0x01, 0x80, 0x0E,
    0x01, 0x80, 0x1E, 0x01, 0x80, 0x3E, 0x7F, 0xFE, 0x7E, 0x7F, 0xFE, 0x7E, 0x01, 0x80, 0x6E, 0x01,
    0x80, 0x0E, 0x01, 0x80, 0x0E, 0x01, 0x80, 0x0E, 0x01, 0x80, 0x0E, 0x01, 0x80, 0x0E, 0x01, 0x80,
    0x0E, 0xFF, 0xFF, 0x0E, 0xFF, 0xFF, 0x06, 0x00, 0x00, 0x00, 0x00, 0x00, 0x06, 0x00, 0x00, 0x03,
    0x0F, 0xFF, 0x81, 0x87, 0xFF, 0xC0, 0xC3, 0x1C, 0x60, 0x61, 0x8E, 0x30, 0x30, 0xC7, 0x18, 0xFF,
    0x7F, 0xFC, 0x7F, 0xBF, 0xFE, 0x06, 0x18, 0xE3, 0x03, 0x0C, 0x71, 0x81, 0x86, 0x38, 0xC0, 0xC3,
    0xFF, 0xE0, 0x61, 0xFF, 0xF0, 0x30, 0x07, 0x00, 0x1F, 0x03, 0x80, 0x0F, 0xFF, 0xFF, 0x3F, 0xBF,
    0xFF, 0x9F, 0x00, 0x70, 0x0E, 0x00, 0x38, 0x00, 0x00, 0x1C, 0x00, 0x00, 0x0E, 0x00, 0x07, 0xFF,
    0xFC, 0x03, 0xFF, 0xFE, 0x04, 0x00, 0x00, 0x0E, 0x00, 0x00, 0x0E, 0x0F, 0xFC, 0x7F, 0xCF, 0xFC,
    0x7F, 0xEC, 0x0C, 0x0E, 0x0C, 0x0C, 0x0E, 0x0C, 0x0C, 0xFF, 0xFC, 0xFC, 0xFF, 0xFC, 0xF8, 0x30,
    0xCC, 0x00, 0x31, 0xCF, 0xFC, 0x31, 0x8F, 0xFE, 0x39, 0x8F, 0x0C, 0xFF, 0xEF, 0x0C, 0xFF, 0xEF,
    0x9C, 0x0E, 0x0D, 0x9C, 0x0E, 0x0D, 0xF8, 0xFF, 0xEC, 0xF8, 0xFF, 0xEC, 0xF0, 0x0E, 0x0C, 0x70,
    0x0E, 0x0C, 0xF8, 0x0E, 0x0D, 0xFC, 0x0E, 0x0F, 0x9E, 0x0E, 0x0F, 0x0E, 0x06, 0x0C, 0x00, 0x00,
    0x00, 0x00, 0x06, 0x0F, 0xFE, 0x03, 0x0F, 0xFF, 0x81, 0x87, 0x01, 0xC0, 0xC3, 0x80, 0xE0, 0x61,
    0xFF, 0xF1, 0xFE, 0xFF, 0xF8, 0xFF, 0x70, 0x1C, 0x0C, 0x3F, 0xFE, 0x06, 0x1F, 0xFF, 0x03, 0x00,
    0x00, 0x01, 0x9F, 0xFF, 0xE0, 0xCF, 0xFF, 0xF0, 0x60, 0xE0, 0x00, 0x32, 0xE0, 0x00, 0x1F, 0x7F,
    0xFE, 0x1F, 0xFF, 0xFF, 0x3F, 0xF3, 0x3B, 0x9E, 0x73, 0x99, 0x8C, 0x13, 0x9C, 0xC0, 0x03, 0x8C,
    0x60, 0x03, 0x8E, 0x70, 0x03, 0x8E, 0x38, 0x00, 0x8E, 0xF8, 0x00, 0x02, 0x38, 0x00, 0x00, 0x38,
    0x00, 0x00, 0x38, 0x00, 0x00, 0x38, 0x00, 0xFF, 0xFF, 0xFE, 0xFF, 0xFF, 0xFE, 0x00, 0xE3, 0x00,
    0x0C, 0xE3, 0x60, 0x1C, 0xE3, 0x70, 0x38, 0xC3, 0x38, 0x79, 0xC3, 0x1C, 0xF3, 0xC7, 0x0E, 0xE7,
    0x9F, 0x0E, 0x07, 0xFE, 0x00, 0x07, 0xE0, 0x00, 0x03, 0xFF, 0xC0, 0x07, 0xFF, 0xE0, 0x0F, 0x01,
    0xC0, 0x3F, 0x83, 0xC0, 0x79, 0xE7, 0x80, 0x60, 0xFE, 0x00, 0x00, 0x7E, 0x00, 0x07, 0xFF, 0xC0,
    0xFF, 0xC7, 0xFE, 0xFE, 0x01, 0xFE, 0x60, 0x00, 0x0C, 0x03, 0x00, 0x60, 0x01, 0xC0, 0x70, 0x00,
    0xC0, 0x38, 0x00, 0xE0, 0x1C, 0x00, 0x7F, 0xCE, 0x00, 0x7F, 0xE7, 0x00, 0x38, 0x7B, 0x80, 0x38,
    0x3D, 0xC0, 0x1C, 0x1F, 0xE0, 0x1C, 0x1D, 0xF0, 0x1F, 0x8E, 0xF8, 0x0F, 0xE6, 0x3C, 0x06, 0x7F,
    0x0F, 0x00, 0x1F, 0x87, 0xC0, 0x03, 0x83, 0xF0, 0x01, 0xC1, 0xFE, 0x01, 0xC0, 0xEF, 0x80, 0xE0,
    0x73, 0x80, 0xE0, 0x38, 0x00, 0xE0, 0x1C, 0x00, 0xF0, 0x0E, 0x00, 0xF0, 0x07, 0x01, 0xF0, 0x03,
    0x80, 0xE0, 0x01, 0xC0, 0x00, 0x00, 0x60, 0x00, 0x00, 0x38, 0x00, 0x00, 0x70, 0x00, 0x00, 0xE0,
    0x00, 0x01, 0xC0, 0x00, 0x03, 0x80, 0x00, 0x07, 0x00, 0x00, 0x0E, 0x00, 0x00, 0x1C, 0x00, 0xFF,
    0xFF, 0xFF, 0xFF, 0xFF, 0xFC, 0x01, 0xF0, 0x00, 0x03, 0xE0, 0x00, 0x07, 0xC0, 0x00, 0x1D, 0xC0,
    0x00, 0x3B, 0x80, 0x00, 0xF3, 0x80, 0x01, 0xC7, 0x80, 0x07, 0x07, 0x00, 0x1E, 0x07, 0x00, 0x78,
    0x0F, 0x01, 0xE0, 0x0F, 0x07, 0x80, 0x0F, 0xBE, 0x00, 0x0F, 0xF8, 0x00, 0x0F, 0x40, 0x00, 0x04,
    0x00, 0x1C, 0x00, 0x00, 0x0E, 0x00, 0x00, 0x07, 0x00, 0x00, 0x03, 0x80, 0x00, 0x01, 0xC0, 0x00,
    0x00, 0xC0, 0x00, 0x00, 0x60, 0x00, 0xFF, 0xFF, 0xFE, 0x7F, 0xFF, 0xFF, 0x00, 0x1F, 0x00, 0x00,
    0x0F, 0x80, 0x00, 0x07, 0xC0, 0x00, 0x07, 0x70, 0x00, 0x03, 0xB8, 0x00, 0x01, 0xCE, 0x00, 0x01,
    0xC7, 0x00, 0x00, 0xE1, 0xC0, 0x00, 0xF8, 0xF0, 0x00, 0xFE, 0x3C, 0x00, 0xF7, 0x8E, 0x00, 0xF1,
    0xE3, 0xC0, 0xF0, 0x79, 0xF1, 0xF0, 0x1C, 0x7C, 0xF0, 0x04, 0x0E, 0x20, 0x00, 0x02, 0x00, 0x00,
    0x38, 0x00, 0x00, 0x38, 0x00, 0x00, 0x38, 0x00, 0x00, 0x38, 0x00, 0x1F, 0xFF, 0xF0, 0x1F, 0xFF,
    0xF8, 0x18, 0x38, 0x38, 0x18, 0x38, 0x38, 0x18, 0x38, 0x38, 0x18, 0x38, 0x38, 0x18, 0x38, 0x38,
    0x18, 0x38, 0x38, 0x18, 0x30, 0x38, 0xFF, 0xFF, 0xFE, 0xFF, 0xFF, 0xFE, 0x00, 0x7C, 0x00, 0x00,
    0xEE, 0x00, 0x00, 0xEE, 0x00, 0x01, 0xC7, 0x00, 0x03, 0xC3, 0x80, 0x0F, 0x83, 0xE0, 0x3F, 0x01,
    0xF8, 0xFC, 0x00, 0x7E, 0xF0, 0x00, 0x1E, 0x40, 0x00, 0x04, 0x00, 0x38, 0x00, 0x0E, 0x38, 0x00,
    0x0E, 0x38, 0x00, 0x0E, 0x38, 0x00, 0x1C, 0x38, 0x00, 0x1F, 0xFF, 0xF8, 0x3F, 0xFF, 0xF8, 0x38,
    0x38, 0x00, 0x70, 0x38, 0x00, 0xF0, 0x38, 0x00, 0x60, 0x38, 0x00, 0x00, 0x38, 0x00, 0xFF, 0xFF,
    0xFE, 0xFF, 0xFF, 0xFE, 0x00, 0x7C, 0x00, 0x00, 0x7C, 0x00, 0x00, 0xEE, 0x00, 0x01, 0xEF, 0x00,
    0x01, 0xC7, 0x00, 0x07, 0x83, 0xC0, 0x0F, 0x81, 0xE0, 0x3E, 0x00, 0xF8, 0xFC, 0x00, 0x7E, 0xF0,
    0x00, 0x1E, 0x40, 0x00, 0x04, 0x00, 0x38, 0x00, 0x00, 0x70, 0x00, 0x00, 0xE0, 0x03, 0xFF, 0xFF,
    0xE7, 0xFF, 0xFF, 0xCC, 0x00, 0x01, 0x98, 0x00, 0x03, 0x30, 0x00, 0x06, 0x6F, 0xFF, 0xCC, 0xDF,
    0xFF, 0x98, 0x00, 0x0E, 0x00, 0x00, 0x38, 0x00, 0x01, 0xE0, 0x00, 0x07, 0x80, 0x00, 0x0E, 0x00,
    0x7F, 0xFF, 0xFF, 0xFF, 0xFF, 0xFE, 0x00, 0x70, 0x00, 0x00, 0xE0, 0x00, 0x01, 0xC0, 0x00, 0x03,
    0x80, 0x00, 0x07, 0x00, 0x00, 0xFE, 0x00, 0x01, 0xF8, 0x00, 0x00, 0x60, 0x00, 0x00, 0x70, 0x00,
    0x00, 0x70, 0x00, 0x00, 0xE0, 0x00, 0x7F, 0xFF, 0xFF, 0x7F, 0xFF, 0xFF, 0x01, 0xC0, 0x00, 0x01,
    0xC0, 0x00, 0x03, 0x80, 0x00, 0x07, 0xBF, 0xFC, 0x07, 0x3F, 0xFC, 0x0E, 0x00, 0x38, 0x1E, 0x00,
    0xF0, 0x3E, 0x01, 0xE0, 0x7E, 0x01, 0xC0, 0x7E, 0xFF, 0xFF, 0x4E, 0xFF, 0xFF, 0x0E, 0x01, 0xC0,
    0x0E, 0x01, 0xC0, 0x0E, 0x01, 0xC0, 0x0E, 0x01, 0xC0, 0x0E, 0x01, 0xC0, 0x0E, 0x01, 0xC0, 0x0E,
    0x1F, 0x80, 0x0E, 0x1F, 0x80, 0x00, 0x1C, 0x00, 0x00, 0x1C, 0x00, 0x00, 0x1C, 0x00, 0x3F, 0xFF,
    0xFE, 0x3F, 0xFF, 0xFE, 0x30, 0x00, 0x06, 0x30, 0x00, 0x06, 0x30, 0x00, 0x06, 0x37, 0xFF, 0xF6,
    0x07, 0xFF, 0xF0, 0x00, 0x00, 0x00, 0x00, 0x00, 0x00, 0x00, 0x00, 0x00, 0x7F, 0xFF, 0xFF, 0x7F,
    0xFF, 0xFF, 0x01, 0xC3, 0x80, 0x01, 0xC3, 0x80, 0x01, 0xC3, 0x80, 0x03, 0x83, 0x80, 0x03, 0x83,
    0x83, 0x07, 0x03, 0x83, 0x0F, 0x03, 0x87, 0x7E, 0x03, 0xFF, 0x78, 0x03, 0xFE, 0x20, 0x00, 0x00,
    0x00, 0x1C, 0x00, 0x00, 0x1C, 0x00, 0x00, 0x1C, 0x00, 0x3F, 0xFF, 0xFE, 0x3F, 0xFF, 0xFE, 0x30,
    0x00, 0x06, 0x30, 0x00, 0x06, 0x30, 0x00, 0x06, 0x37, 0xFF, 0xF6, 0x07, 0xFF, 0xF0, 0x00, 0x1C,
    0x00, 0x00, 0x1C, 0x00, 0x06, 0x1C, 0x00, 0x07, 0x1C, 0x00, 0x07, 0x1C, 0x00, 0x06, 0x1F, 0xF8,
    0x0E, 0x1F, 0xF8, 0x0F, 0x1C, 0x00, 0x0F, 0x1C, 0x00, 0x1F, 0x9C, 0x00, 0x1D, 0xFC, 0x00, 0x38,
    0xFC, 0x00, 0x78, 0x7F, 0xFF, 0x70, 0x1F, 0xFF, 0x20, 0x00, 0x00, 0x00, 0x18, 0x00, 0x00, 0x1C,
    0x00, 0x00, 0x1C, 0x00, 0x3F, 0xFF, 0xFE, 0x7F, 0xFF, 0xFE, 0x70, 0x00, 0x06, 0x73, 0x00, 0x06,
    0x73, 0x00, 0x06, 0x07, 0x07, 0xFC, 0x07, 0xF7, 0xFC, 0x0F, 0xFF, 0x0C, 0x1C, 0x3F, 0x0C, 0x1C,
    0x37, 0x0C, 0x3C, 0x77, 0x0C, 0x7E, 0x77, 0x0C, 0x77, 0xE7, 0x1C, 0x23, 0xE7, 0x7C, 0x01, 0xC7,
    0x78, 0x01, 0xC7, 0x02, 0x03, 0x87, 0x03, 0x07, 0x07, 0x03, 0x1E, 0x07, 0x07, 0x7C, 0x07, 0xFF,
    0x78, 0x03, 0xFE, 0x20, 0x00, 0x00, 0x00, 0x38, 0x00, 0x00, 0x70, 0x00, 0x00, 0xE0, 0x03, 0xFF,
    0xFF, 0xE7, 0xFF, 0xFF, 0xCC, 0x07, 0x01, 0x98, 0x0E, 0x03, 0x3F, 0xFF, 0xFE, 0x0F, 0xFF, 0xE0,
    0x00, 0x70, 0x00, 0x7F, 0xFF, 0xC0, 0xFF, 0xFF, 0xC0, 0x03, 0x80, 0x00, 0x07, 0x00, 0x3F, 0xFF,
    0xFF, 0xFF, 0xFF, 0xFF, 0x00, 0x00, 0x00, 0x1F, 0xFF, 0xE0, 0x3F, 0xFF, 0xC0, 0x60, 0x03, 0x80,
    0xC0, 0x07, 0x01, 0x80, 0x0E, 0x03, 0xFF, 0xFC, 0x07, 0xFF, 0xF8, 0x0C, 0x00, 0x60, 0x00, 0x20,
    0x30, 0x60, 0x70, 0x70, 0x70, 0x38, 0x60, 0x3B, 0xFF, 0xFE, 0x1F, 0xFF, 0xFE, 0x08, 0x06, 0x00,
    0x00, 0xFF, 0xF8, 0xFC, 0xE0, 0x38, 0xFC, 0xFF, 0xF8, 0x1C, 0xE0, 0x38, 0x1C, 0xFF, 0xF8, 0x1C,
    0xE0, 0x38, 0x1C, 0xFF, 0xF8, 0x7F, 0x00, 0x00, 0xF7, 0xFF, 0xFE, 0xE1, 0xFF, 0xFE, 0x00, 0x01,
    0xC0, 0xFF, 0xFF, 0xFE, 0xFF, 0xFF, 0xFE, 0x06, 0x01, 0xC0, 0x0F, 0x01, 0xC0, 0x07, 0x81, 0xC0,
    0x01, 0xC1, 0xC0, 0x00, 0x9F, 0xC0, 0x00, 0x0F, 0x80, 0x00, 0x00, 0x00, 0x00, 0x0E, 0x00, 0x00,
    0x07, 0x00, 0x00, 0x03, 0x80, 0x00, 0x01, 0xC0, 0x00, 0x00, 0xE0, 0x00, 0x00, 0x70, 0x00, 0x0C,
    0x38, 0xE0, 0x0E, 0x1C, 0x38, 0x07, 0x0E, 0x1C, 0x03, 0x87, 0x07, 0x03, 0x83, 0x83, 0x81, 0xC1,
    0xC0, 0xE0, 0xE0, 0xE0, 0x70, 0xE0, 0x70, 0x1C, 0x70, 0x38, 0x0E, 0x70, 0x1C, 0x07, 0x38, 0x0E,
    0x01, 0xC8, 0x07, 0x00, 0xC0, 0x03, 0x80, 0x00, 0x01, 0xC0, 0x00, 0x00, 0xE0, 0x00, 0x07, 0xF0,
    0x00, 0x03, 0xF0, 0x00, 0x00, 0x00, 0x00, 0x00, 0x1F, 0xFF, 0xFC, 0x1F, 0xFF, 0xFC, 0x1C, 0x00,
    0x0C, 0x1C, 0x00, 0x0C, 0x1F, 0xFF, 0xFC, 0x1F, 0xFF, 0xFC, 0x1C, 0x00, 0xE0, 0x1C, 0x1F, 0xF0,
    0x1F, 0xFF, 0x80, 0x1F, 0xFC, 0x00, 0x1C, 0x0C, 0xFC, 0x18, 0x3F, 0xFC, 0x1B, 0xFF, 0xE0, 0x1B,
    0xFC, 0x00, 0x18, 0x0C, 0x7E, 0x38, 0x3F, 0xFE, 0x3F, 0xFF, 0xE0, 0x3F, 0xFC, 0x02, 0x32, 0x0C,
    0x07, 0x70, 0x0C, 0x07, 0x70, 0x0F, 0xFF, 0x60, 0x0F, 0xFE, 0x20, 0x00, 0x00, 0x00, 0x60, 0x00,
    0x00, 0x60, 0x00, 0x00, 0x60, 0x00, 0x00, 0xE0, 0x00, 0x00, 0xE0, 0x00, 0x7F, 0xFF, 0xFF, 0x7F,
    0xFF, 0xFF, 0x01, 0xC0, 0x00, 0x01, 0xC0, 0x00, 0x01, 0xC0, 0x00, 0x01, 0x80, 0x00, 0x03, 0x80,
    0x00, 0x03, 0xFF, 0xFE, 0x07, 0xFF, 0xFE, 0x07, 0x03, 0x00, 0x06, 0x03, 0x00, 0x0E, 0x03, 0x00,
    0x1C, 0x03, 0x00, 0x1C, 0x03, 0x00, 0x38, 0x03, 0x00, 0x78, 0x03, 0x00, 0x70, 0x03, 0x00, 0x67,
    0xFF, 0xFF, 0x07, 0xFF, 0xFF, 0x00, 0x70, 0x40, 0xE1, 0xC3, 0x81, 0xC7, 0x1E, 0x07, 0x1C, 0x70,
    0xFF, 0xFF, 0xFB, 0xFF, 0xFF, 0xEC, 0x00, 0x01, 0xB0, 0x00, 0x06, 0xCF, 0xFF, 0xDB, 0x3F, 0xFF,
    0x60, 0xC0, 0x1C, 0x03, 0x00, 0x70, 0x0F, 0xFF, 0xC0, 0x3F, 0xFE, 0x00, 0x07, 0x00, 0x00, 0x1C,
    0x00, 0x7F, 0xFF, 0xF1, 0xFF, 0xFF, 0xC7, 0x07, 0x07, 0x1C, 0x1C, 0x1C, 0x70, 0x70, 0x71, 0xC1,
    0xC1, 0xC7, 0x07, 0x3F, 0x0C, 0x1C, 0xF8, 0x00, 0x30, 0x00, 0x00, 0x0C, 0x00, 0x00, 0x07, 0x00,
    0x00, 0x03, 0x80, 0x00, 0x01, 0xC0, 0x01, 0xFF, 0xFF, 0xF0, 0xFF, 0xFF, 0xF8, 0x60, 0x00, 0x00,
    0x30, 0x10, 0x00, 0x18, 0x0C, 0x00, 0x0C, 0x0E, 0x00, 0x06, 0x07, 0x00, 0x03, 0x03, 0x80, 0x01,
    0x81, 0x80, 0x00, 0xC1, 0xC0, 0x00, 0x60, 0xE1, 0x80, 0x30, 0x60, 0xE0, 0x38, 0x70, 0x78, 0x1C,
    0x38, 0x1C, 0x0E, 0x18, 0x07, 0x07, 0x1C, 0x03, 0x83, 0x0F, 0xFF, 0xE3, 0xBF, 0xFF, 0xF9, 0xDF,
    0xFF, 0x9C, 0xC0, 0x00, 0x0E, 0x20, 0x00, 0x02, 0x00, 0x00, 0x0C, 0x00, 0x00, 0x07, 0x00, 0x00,
    0x03, 0x80, 0x03, 0xFF, 0xFF, 0xE1, 0xFF, 0xFF, 0xF0, 0xC3, 0x83, 0x80, 0x61, 0xC1, 0xC0, 0x30,
    0xE0, 0xE0, 0x1F, 0xFF, 0xFF, 0x0F, 0xFF, 0xFF, 0x86, 0x1C, 0x1C, 0x03, 0x0E, 0x0E, 0x01, 0x87,
    0xFF, 0x00, 0xC3, 0xFF, 0x80, 0x60, 0x00, 0x00, 0x77, 0xFF, 0xF0, 0x3B, 0xFF, 0xFC, 0x1C, 0x38,
    0x1C, 0x0E, 0x1E, 0x1C, 0x06, 0x07, 0xBC, 0x03, 0x01, 0xFC, 0x03, 0x81, 0xFF, 0x01, 0x9F, 0xFF,
    0xFC, 0xCF, 0xE0, 0xFE, 0x27, 0x00, 0x06, 0x00, 0x00, 0x70, 0x00, 0x03, 0x81, 0x1C, 0x1C, 0x1C,
    0xE0, 0xE0, 0xE3, 0x87, 0x0E, 0x1C, 0x38, 0x70, 0x71, 0xC7, 0x03, 0x8E, 0x38, 0x08, 0x71, 0x80,
    0x03, 0x80, 0x1F, 0xFF, 0xFC, 0xFF, 0xFF, 0xE0, 0x00, 0x07, 0x00, 0x00, 0x38, 0x00, 0x01, 0xC7,
    0xFF, 0xFE, 0x3F, 0xFF, 0xF0, 0x00, 0x03, 0x80, 0x00, 0x1C, 0x00, 0x00, 0xE0, 0x00, 0x07, 0x3F,
    0xFF, 0xFB, 0xFF, 0xFF, 0xC0, 0x00, 0x0E, 0x00, 0x00, 0x30, 0x03, 0x00, 0x00, 0x03, 0x8F, 0xF8,
    0x03, 0xC7, 0xFC, 0x03, 0xC3, 0x86, 0x03, 0xC1, 0xC3, 0x03, 0xC8, 0xC1, 0x81, 0xCE, 0x60, 0xCC,
    0xC7, 0x70, 0x66, 0x07, 0x38, 0x33, 0x07, 0x38, 0x1F, 0x87, 0xBC, 0x07, 0x87, 0xCC, 0x00, 0x07,
    0xE7, 0xFF, 0xC7, 0xF3, 0xFF, 0xE1, 0xB8, 0x60, 0x70, 0x1C, 0x38, 0x70, 0x0E, 0x0C, 0x78, 0x07,
    0x07, 0x78, 0x03, 0x81, 0xF8, 0x01, 0xC0, 0x78, 0x00, 0xE0, 0x7E, 0x00, 0x70, 0xFF, 0xC0, 0x3B,
    0xF1, 0xFC, 0x1D, 0xE0, 0x3E, 0x0E, 0xC0, 0x03, 0x00, 0x00, 0x00, 0x00, 0x07, 0x3F, 0xFC, 0x0F,
    0x3F, 0xFE, 0x0E, 0x30, 0x0E, 0x3C, 0x30, 0x0E, 0x78, 0x3F, 0xFE, 0x73, 0x3F, 0xFE, 0x63, 0xB0,
    0x0E, 0x07, 0x3F, 0xFE, 0x0E, 0x3F, 0xFE, 0x1E, 0x00, 0x00, 0x3E, 0x00, 0x00, 0x7E, 0xFF, 0xFF,
    0xFE, 0xFF, 0xFF, 0x6E, 0x00, 0x30, 0x0E, 0xFF, 0xFF, 0x0E, 0xFF, 0xFF, 0x0E, 0x10, 0x30, 0x0E,
    0x38, 0x30, 0x0E, 0x1C, 0x30, 0x0E, 0x1C, 0x30, 0x0E, 0x0E, 0x30, 0x0E, 0x04, 0x30, 0x0E, 0x03,
    0xF0, 0x0E, 0x01, 0xF0, 0x00, 0x00, 0x00, 0x00, 0x70, 0x00, 0x00, 0x3C, 0x07, 0x00, 0x0F, 0x03,
    0x80, 0x01, 0xE3, 0x80, 0x00, 0x73, 0xC0, 0x02, 0x19, 0xC0, 0x03, 0x81, 0xC0, 0x19, 0xC1, 0xE0,
    0x0E, 0xE0, 0xEC, 0x06, 0x70, 0xEE, 0x03, 0x38, 0xE3, 0x83, 0x9C, 0xF1, 0xC1, 0xCE, 0xF0, 0x70,
    0xC7, 0xF0, 0x18, 0xE3, 0xF0, 0x0E, 0x71, 0xF0, 0x07, 0x31, 0xF0, 0x19, 0x81, 0xF0, 0x0C, 0x83,
    0xF8, 0x06, 0x07, 0xDC, 0x07, 0x03, 0xCE, 0x03, 0x81, 0x83, 0xFF, 0x80, 0x01, 0xFF, 0xC0, 0x0C,
    0x01, 0x80, 0x1C, 0x03, 0x80, 0x1C, 0xFF, 0xFE, 0x1C, 0xFF, 0xFF, 0x1E, 0x03, 0x80, 0x3F, 0x7F,
    0xFE, 0x7F, 0x7F, 0xFE, 0x7F, 0x83, 0x80, 0x7D, 0x03, 0x80, 0x7D, 0xFF, 0xFF, 0x7D, 0xFF, 0xFF,
    0x7C, 0x00, 0x00, 0x7C, 0x7F, 0xFC, 0x1C, 0x7F, 0xFC, 0x1C, 0x70, 0x0C, 0x1C, 0x7F, 0xFC, 0x1C,
    0x7F, 0xFC, 0x1C, 0x70, 0x0C, 0x1C, 0x70, 0x0C, 0x1C, 0x7F, 0xFC, 0x1C, 0x7F, 0xFC, 0x1C, 0x70,
    0x0C, 0x1C, 0x70, 0x0C, 0x1C, 0x70, 0x7C, 0x0C, 0x60, 0x78, 0x06, 0x02, 0x00, 0x07, 0x23, 0x84,
    0x03, 0xB9, 0xDF, 0x03, 0x8E, 0xFF, 0x07, 0xFF, 0xFC, 0x03, 0xFF, 0xF8, 0x38, 0x00, 0x5C, 0x1C,
    0x7F, 0xEF, 0xFC, 0x3F, 0xF3, 0xFE, 0x1C, 0x1B, 0x80, 0x0F, 0xFD, 0xC7, 0x07, 0xFE, 0xFF, 0x83,
    0xFF, 0x7F, 0x01, 0xFF, 0xBC, 0x10, 0xE0, 0xDC, 0x0C, 0x70, 0xEE, 0x0E, 0x39, 0xF7, 0xFE, 0x0C,
    0x7D, 0xFF, 0x03, 0x7F, 0x0C, 0x01, 0xB9, 0xC7, 0x81, 0xDC, 0x67, 0xE1, 0xCE, 0x07, 0x79, 0xE7,
    0xFF, 0x9C, 0xE1, 0xFF, 0x86, 0x00, 0x07, 0x00, 0x00, 0x07, 0x70, 0x00, 0x07, 0x7C, 0x00, 0x07,
    0x1E, 0x00, 0x07, 0x0C, 0x1F, 0xFF, 0xFF, 0x1F, 0xFF, 0xFF, 0x1C, 0x03, 0x00, 0x1C, 0x03, 0x00,
    0x1C, 0x03, 0x0C, 0x1F, 0xF3, 0x9C, 0x1F, 0xF3, 0x9C, 0x1C, 0x73, 0x98, 0x18, 0x73, 0xB8, 0x18,
    0x73, 0xB8, 0x18, 0x71, 0xF0, 0x18, 0x71, 0xE0, 0x38, 0x71, 0xE2, 0x38, 0x71, 0xC3, 0x3B, 0xE3,
    0xE3, 0x3B, 0xEF, 0xE3, 0x70, 0x1E, 0x77, 0x70, 0x3C, 0x3F, 0x60, 0x38, 0x1E, 0x20, 0x00, 0x00,
    0x3F, 0xFF, 0xFE, 0x1F, 0xFF, 0xFF, 0x00, 0x00, 0x00, 0x03, 0xFF, 0xFF, 0x81, 0xFF, 0xFF, 0xC0,
    0xE0, 0x00, 0x60, 0x70, 0x00, 0x30, 0x38, 0x00, 0x18, 0x1F, 0xFF, 0xFC, 0x0F, 0xFF, 0xFE, 0x07,
    0x03, 0x80, 0x03, 0x81, 0xC0, 0x01, 0xC0, 0xE0, 0x00, 0xFF, 0xFF, 0xF8, 0x7F, 0xFF, 0xFC, 0x30,
    0x3E, 0x00, 0x38, 0x1F, 0x80, 0x1C, 0x1D, 0xE0, 0x0E, 0x1E, 0x78, 0x0E, 0x3E, 0x1F, 0x07, 0xFE,
    0x07, 0xF3, 0x7C, 0x00, 0xF8, 0x18, 0x00, 0x08, 0x0E, 0x06, 0x00, 0x07, 0x07, 0x00, 0x03, 0x83,
    0x80, 0x01, 0xC1, 0xC0, 0x00, 0xE0, 0xE0, 0x00, 0x73, 0xFF, 0xF9, 0xFF, 0xFF, 0xFC, 0xFF, 0x9C,
    0x00, 0x0E, 0x0E, 0x00, 0x07, 0x07, 0x00, 0x03, 0x83, 0xFF, 0x01, 0xC1, 0xFF, 0x80, 0xFC, 0xE0,
    0xC0, 0xFE, 0x70, 0xE1, 0xFC, 0x7C, 0x70, 0xFC, 0x3E, 0x30, 0x6E, 0x1B, 0xB8, 0x07, 0x1D, 0xD8,
    0x03, 0x8E, 0x7C, 0x01, 0xC6, 0x1C, 0x00, 0xE7, 0x1F, 0x00, 0x77, 0x1F, 0xC0, 0x3F, 0xBE, 0xF8,
    0xFF, 0x9E, 0x1E, 0x3C, 0x8C, 0x07, 0x00, 0x06, 0x00, 0x00, 0x03, 0x00, 0x00, 0x01, 0x87, 0xFF,
    0x80, 0xC3, 0xFF, 0xC0, 0x61, 0xC0, 0x60, 0x30, 0xE0, 0x31, 0xFF, 0x70, 0x18, 0xFF, 0xB8, 0x0C,
    0x06, 0x1C, 0x06, 0x03, 0x0E, 0x03, 0x01, 0x87, 0x01, 0x80, 0xC3, 0xFF, 0xC0, 0x6D, 0xFF, 0xE0,
    0x7F, 0xE7, 0x01, 0xFF, 0x63, 0x80, 0xFC, 0x30, 0xC0, 0x66, 0x18, 0x70, 0x03, 0x1C, 0x38, 0x01,
    0x8E, 0x0E, 0x00, 0xC7, 0x07, 0x00, 0x67, 0x01, 0xC0, 0x33, 0x80, 0xF0, 0x3B, 0x80, 0x3C, 0xFD,
    0xC0, 0x0F, 0x3C, 0x40, 0x03, 0x00, 0x0C, 0x00, 0x00, 0x0E, 0x00, 0x00, 0x0E, 0x3F, 0xFF, 0x0E,
    0x3F, 0xFF, 0x0E, 0x31, 0xC7, 0x0E, 0x31, 0xC7, 0x7F, 0xB1, 0xC7, 0x7F, 0xB1, 0xC7, 0x0E, 0x3F,
    0xFF, 0x0E, 0x3F, 0xFF, 0x0E, 0x31, 0xC7, 0x0E, 0x31, 0xC7, 0x0F, 0xB1, 0xC7, 0x3F, 0xB1, 0xC7,
    0x7F, 0x3F, 0xFF, 0x7E, 0x3F, 0xFF, 0x0E, 0x31, 0xC7, 0x0E, 0x01, 0xC0, 0x0E, 0x01, 0xC0, 0x0E,
    0x01, 0xC0, 0x0E, 0x01, 0xC0, 0x0E, 0x01, 0xC0, 0x7C, 0x01, 0xC0, 0x3C, 0x01, 0xC0, 0x00, 0x00,
    0x80, 0x0C, 0x01, 0x80, 0x0C, 0x01, 0xC0, 0x0C, 0x01, 0xC0, 0x0C, 0x19, 0xC0, 0x0C, 0x19, 0xFE,
    0x0C, 0x19, 0xFE, 0x7F, 0x99, 0xC0, 0x7F, 0x99, 0xC0, 0x0C, 0xFF, 0xFF, 0x0C, 0xFF, 0xFF, 0x0C,
    0x01, 0xC0, 0x0D, 0x99, 0xC0, 0x0F, 0x99, 0xCE, 0x7F, 0xB9, 0xCE, 0xFC, 0x31, 0xCC, 0x6C, 0x71,
    0xDC, 0x0C, 0xE1, 0xDC, 0x0C, 0xCF, 0xB8, 0x0C, 0x07, 0xF0, 0x0C, 0x00, 0xF0, 0x0C, 0x01, 0xE0,
    0x0C, 0x07, 0xC0, 0x0C, 0x3F, 0x00, 0x7C, 0x7E, 0x00, 0x78, 0x70, 0x00, 0x0C, 0x01, 0x80, 0x0E,
    0x01, 0xC0, 0x0E, 0x01, 0xC0, 0x0E, 0x7F, 0xFF, 0x0E, 0x7F, 0xFF, 0x0E, 0x1C, 0x18, 0x7F, 0x8C,
    0x38, 0x7F, 0x8E, 0x38, 0x0E, 0x0E, 0x30, 0x0E, 0xFF, 0xFF, 0x0E, 0xFF, 0xFF, 0x0E, 0x07, 0x00,
    0x0F, 0x87, 0x00, 0x1F, 0x87, 0x00, 0xFF, 0xFF, 0xFF, 0x7E, 0xFF, 0xFF, 0x4E, 0x1C, 0x38, 0x0E,
    0x1C, 0x38, 0x0E, 0x3C, 0x70, 0x0E, 0x3F, 0xF0, 0x0E, 0x37, 0xE0, 0x0E, 0x03, 0xF8, 0x0E, 0x3F,
    0xFE, 0x7C, 0xFE, 0x1F, 0x3C, 0xF0, 0x06, 0x0C, 0x00, 0x10, 0x0C, 0x38, 0x1C, 0x0C, 0x18, 0x38,
    0x0C, 0x1C, 0x38, 0x0C, 0x0C, 0x30, 0x0F, 0xFF, 0xFF, 0x7F, 0xFF, 0xFF, 0x7F, 0x00, 0x00, 0x0C,
    0x00, 0x06, 0x0C, 0x7F, 0x66, 0x0C, 0x7F, 0x66, 0x0C, 0x67, 0x66, 0x0F, 0xF7, 0x66, 0x3F, 0xFF,
    0x66, 0xFE, 0x6F, 0x66, 0x7C, 0x67, 0x66, 0x0C, 0x77, 0x66, 0x0C, 0x7F, 0x66, 0x0C, 0x6F, 0x66,
    0x0C, 0x67, 0x66, 0x0C, 0x67, 0x06, 0x0C, 0x67, 0x06, 0x0C, 0x7F, 0x06, 0x7C, 0x6E, 0x3E, 0x78,
    0x00, 0x1C, 0x0C, 0x00, 0x00, 0x06, 0x0F, 0xFC, 0x03, 0x07, 0xFE, 0x01, 0x83, 0x83, 0x00, 0xC1,
    0xC1, 0x80, 0x60, 0xE0, 0xC1, 0xFC, 0x7F, 0xE0, 0xFE, 0x3F, 0xF0, 0x0C, 0x7E, 0x7E, 0x06, 0x3F,
    0xFF, 0x83, 0x19, 0xF9, 0xC1, 0x8C, 0xFC, 0xE0, 0xF6, 0x7E, 0x70, 0xFB, 0xFF, 0xF9, 0xF9, 0xFF,
    0xF8, 0xF8, 0x03, 0x00, 0x4C, 0xFF, 0xFF, 0x06, 0x7F, 0xFF, 0x83, 0x01, 0xF8, 0x01, 0x81, 0xFE,
    0x00, 0xC3, 0xDB, 0xC0, 0x67, 0xCC, 0xF8, 0xF7, 0x86, 0x1C, 0x79, 0x03, 0x04, 0x00, 0x01, 0x80,
    0x00, 0x00, 0x01, 0x80, 0x1F, 0xF1, 0xC0, 0x0F, 0xF8, 0xE0, 0x06, 0x0C, 0x60, 0x03, 0x06, 0x70,
    0x01, 0x83, 0x3F, 0xF8, 0xFF, 0x9F, 0xFC, 0x7F, 0xDE, 0x18, 0x30, 0x6F, 0x1C, 0x18, 0x3F, 0x8E,
    0x0C, 0x1F, 0xC7, 0x07, 0xFF, 0x63, 0x03, 0xFF, 0xBB, 0x81, 0x83, 0x0D, 0xC0, 0xC1, 0x87, 0xE0,
    0x60, 0xC3, 0xE0, 0x3F, 0xE0, 0xF0, 0x1F, 0xF0, 0x70, 0x07, 0x70, 0x7C, 0x03, 0xB8, 0x7F, 0x03,
    0x8E, 0x7B, 0xC1, 0xC3, 0xF8, 0xF1, 0xC1, 0xF8, 0x3C, 0xE0, 0x38, 0x0E, 0x20, 0x08, 0x02, 0x00,
    0x03, 0x01, 0x80, 0x19, 0x9C, 0xE0, 0x0E, 0xCE, 0x70, 0x03, 0x6E, 0x30, 0x01, 0xB6, 0x18, 0x03,
    0xFF, 0xDF, 0xF9, 0xFF, 0xFF, 0xFC, 0x0F, 0x07, 0x1C, 0x0F, 0xE7, 0x8E, 0x1F, 0xBF, 0xC6, 0x1E,
    0xCF, 0xE7, 0x0E, 0x63, 0xF3, 0x80, 0x70, 0xDD, 0xC0, 0x30, 0x0E, 0xC1, 0xFF, 0xF3, 0xE0, 0xFF,
    0xF9, 0xF0, 0x1C, 0x60, 0xF0, 0x0C, 0x70, 0x38, 0x0F, 0x38, 0x3C, 0x07, 0xF8, 0x3F, 0x01, 0x7C,
    0x3D, 0xC0, 0x7F, 0xBC, 0xF1, 0xF9, 0xFC, 0x3C, 0xF8, 0x7C, 0x0E, 0x20, 0x08, 0x02, 0x00, 0x00,
    0x1C, 0x00, 0x00, 0x0E, 0x00, 0x00, 0x07, 0x00, 0x00, 0x03, 0x80, 0x00, 0x01, 0xC0, 0x03, 0xFF,
    0xFF, 0xF9, 0xFF, 0xFF, 0xFC, 0x0E, 0x00, 0xE0, 0x07, 0x00, 0x70, 0x01, 0xC0, 0x70, 0x00, 0xE0,
    0x38, 0x00, 0x38, 0x38, 0x00, 0x1C, 0x1C, 0x00, 0x07, 0x1C, 0x00, 0x03, 0xDE, 0x00, 0x00, 0xFE,
    0x00, 0x00, 0x3E, 0x00, 0x00, 0x1F, 0x00, 0x00, 0x1F, 0xC0, 0x00, 0x3E, 0xF0, 0x00, 0x7E, 0x3E,
    0x00, 0xFC, 0x0F, 0xE1, 0xFC, 0x01, 0xFC, 0xF0, 0x00, 0x3E, 0x20, 0x00, 0x02, 0x00, 0x00, 0x00,
    0x00, 0x03, 0x00, 0x0E, 0x03, 0x00, 0xFF, 0x7F, 0xFF, 0xFC, 0x7F, 0xFF, 0xC0, 0x18, 0x67, 0x00,
    0x18, 0x67, 0x00, 0x1C, 0xE7, 0x00, 0x1C, 0xC7, 0x00, 0x7F, 0xFF, 0xFF, 0x7F, 0xFF, 0xFF, 0x03,
    0x07, 0x1C, 0x03, 0x07, 0x1C, 0x7F, 0xFF, 0x1C, 0x7F, 0xFF, 0x1C, 0x07, 0x07, 0x1C, 0x0F, 0xC7,
    0x1C, 0x0F, 0xE6, 0x1C, 0x1F, 0xFE, 0x1C, 0x3B, 0x7E, 0x1C, 0x73, 0x2C, 0x1C, 0x63, 0x1C, 0x1C,
    0x03, 0x3C, 0x1C, 0x03, 0x38, 0x1C, 0x03, 0x10, 0x18, 0x3F, 0xEF, 0xFF, 0x1F, 0xF7, 0xFF, 0x8E,
    0x19, 0xC7, 0x07, 0x0C, 0xE3, 0x83, 0x86, 0x71, 0xC1, 0xFF, 0x38, 0xC0, 0xFF, 0x9C, 0x60, 0x70,
    0xCE, 0x70, 0x38, 0x67, 0x38, 0x1C, 0x3F, 0xFF, 0x8F, 0xFF, 0xFF, 0xC7, 0xFC, 0x0E, 0x03, 0x80,
    0x07, 0x01, 0xCC, 0x07, 0x80, 0xE7, 0x03, 0xC0, 0x71, 0xC3, 0xE0, 0x38, 0xE1, 0xF0, 0x1F, 0xF9,
    0xD9, 0x8F, 0xFD, 0xEC, 0xEF, 0xC7, 0xE6, 0x77, 0x03, 0xE3, 0x38, 0x03, 0xE1, 0xF8, 0x01, 0xC0,
    0xFC, 0x00, 0x40, 0x00, 0xFF, 0xFF, 0xFF, 0xFF, 0xF8, 0x00, 0xFC, 0x00, 0x7E, 0x00, 0x3F, 0x00,
    0x1F, 0x80, 0x0F, 0xC0, 0x07, 0xE0, 0x03, 0xFF, 0xFF, 0xFF, 0xFF, 0xFC, 0x00, 0x7E, 0x00, 0x3F,
    0x00, 0x1F, 0x80, 0x0F, 0xC0, 0x07, 0xE0, 0x03, 0xF0, 0x01, 0xF8, 0x00, 0xFF, 0xFF, 0xFF, 0xFF,
    0xFF, 0x00, 0x1F, 0x00, 0x06, 0x00, 0x03, 0x80, 0x00, 0x03, 0x80, 0x7F, 0x03, 0x80, 0x7F, 0x03,
    0x80, 0x63, 0x7F, 0xFC, 0x63, 0x7F, 0xFC, 0x63, 0x03, 0x80, 0x63, 0x03, 0x80, 0x63, 0x03, 0x80,
    0x63, 0xFF, 0xFE, 0x7F, 0xFF, 0xFE, 0x7F, 0x00, 0x30, 0x63, 0x00, 0x30, 0x63, 0xFF, 0xFE, 0x63,
    0xFF, 0xFE, 0x63, 0x00, 0x30, 0x63, 0x38, 0x30, 0x7F, 0x3C, 0x30, 0x7F, 0x1C, 0x30, 0x60, 0x0E,
    0x30, 0x60, 0x0E, 0x30, 0x60, 0x04, 0x30, 0x00, 0x00, 0x30, 0x00, 0x03, 0xF0, 0x00, 0x03, 0xE0,
    0x00, 0x01, 0x80, 0x00, 0x03, 0x80, 0x7F, 0x03, 0x80, 0x7F, 0xFF, 0xFE, 0x63, 0x7F, 0xFE, 0x63,
    0x18, 0x38, 0x63, 0x1C, 0x38, 0x63, 0x1C, 0x30, 0x63, 0x0C, 0x70, 0x63, 0xFF, 0xFF, 0x7F, 0xFF,
    0xFF, 0x7F, 0x00, 0x00, 0x63, 0x00, 0x00, 0x63, 0x3F, 0xFC, 0x63, 0x3F, 0xFC, 0x63, 0x30, 0x1C,
    0x63, 0x30, 0x1C, 0x7F, 0x3F, 0xFC, 0x7F, 0x3F, 0xFC, 0x60, 0x30, 0x1C, 0x60, 0x30, 0x1C, 0x60,
    0x3F, 0xFC, 0x00, 0x3F, 0xFC, 0x00, 0x30, 0x1C, 0x00, 0x30, 0x08, 0xFF, 0xFF, 0xFE, 0xFF, 0xFF,
    0xFE, 0x00, 0x38, 0x00, 0x00, 0x38, 0x00, 0x1F, 0xFF, 0xF8, 0x1F, 0xFF, 0xF8, 0x18, 0x38, 0x18,
    0x18, 0x38, 0x18, 0x1F, 0xFF, 0xF8, 0x1F, 0xFF, 0xF8, 0x18, 0x38, 0x18, 0x18, 0x38, 0x18, 0x1F,
    0xFF, 0xF8, 0x1F, 0xFF, 0xF8, 0x0C, 0x38, 0x00, 0x0E, 0x70, 0x00, 0x0F, 0x70, 0x00, 0x07, 0xE0,
    0x00, 0x03, 0xF0, 0x00, 0x1F, 0xFF, 0xC0, 0xFE, 0x3F, 0xFE, 0xF8, 0x03, 0xFE, 0x00, 0x00, 0x00,
    0x00, 0x38, 0x00, 0x00, 0x70, 0x00, 0x7F, 0xFF, 0xC0, 0xFF, 0xFF, 0x80, 0x03, 0x87, 0x1F, 0xFF,
    0xFF, 0xFF, 0xFF, 0xFF, 0x80, 0x1C, 0x38, 0x3F, 0xFF, 0xF0, 0x3F, 0xFF, 0xE0, 0x00, 0xE0, 0x01,
    0xFF, 0xFF, 0xC3, 0xFF, 0xFF, 0x9F, 0xFF, 0xFF, 0xFF, 0xFF, 0xFF, 0x80, 0x00, 0x00, 0x0F, 0xFF,
    0xF0, 0x3F, 0xFF, 0xE0, 0x70, 0x01, 0xC0, 0xFF, 0xFF, 0x81, 0xFF, 0xFF, 0x03, 0x80, 0x0E, 0x07,
    0xFF, 0xFC, 0x0F, 0xFF, 0xF8, 0x1C, 0x00, 0x30, 0x06, 0x00, 0xC0, 0x06, 0x01, 0xC0, 0x06, 0x01,
    0xC0, 0x7F, 0xEF, 0xFC, 0x7F, 0xCF, 0xFC, 0x06, 0x01, 0xC0, 0xFF, 0xFF, 0xFE, 0xFF, 0xFF, 0xFE,
    0x0E, 0x03, 0xE0, 0x1F, 0x83, 0xF0, 0x1F, 0xC7, 0x38, 0x39, 0xFE, 0x3C, 0xF0, 0xDC, 0x1E, 0xFF,
    0xFF, 0xFE, 0x1F, 0xFF, 0xF0, 0x1C, 0x00, 0x70, 0x1C, 0x00, 0x70, 0x1F, 0xFF, 0xF0, 0x1F, 0xFF,
    0xF0, 0x1C, 0x00, 0x70, 0x1C, 0x00, 0x70, 0x1C, 0x00, 0x70, 0x1F, 0xFF, 0xF0, 0x1F, 0xFF, 0xF0,
    0x1C, 0x00, 0x70, 0x1F, 0xFF, 0xF0, 0x1F, 0xFF, 0xF0, 0x1C, 0x00, 0x70, 0x1F, 0xFF, 0xF0, 0x1F,
    0xFF, 0xF0, 0x1C, 0x00, 0x70, 0x1F, 0xFF, 0xF0, 0x1F, 0xFF, 0xF0, 0x00, 0x00, 0x00, 0xFF, 0xFF,
    0xFE, 0xFF, 0xFF, 0xFE, 0x38, 0x60, 0x00, 0x38, 0x60, 0x00, 0x3F, 0xFF, 0xFC, 0x3F, 0xFF, 0xFC,
    0x38, 0x66, 0x38, 0x3F, 0xE7, 0x38, 0x3F, 0xE3, 0x70, 0x38, 0x63, 0xE0, 0x3F, 0xE1, 0xE0, 0xFF,
    0xE7, 0xF0, 0xFF, 0xFF, 0x7C, 0x00, 0x7E, 0x1E, 0x00, 0x78, 0x04, 0x18, 0x70, 0x00, 0x18, 0x73,
    0xFF, 0x18, 0x73, 0xFF, 0x7F, 0xFF, 0x87, 0x7F, 0xFF, 0x87, 0x18, 0x73, 0x87, 0x18, 0x73, 0x87,
    0x1F, 0xF3, 0xFF, 0x1F, 0xF3, 0xFF, 0x18, 0x73, 0x87, 0x18, 0x73, 0x87, 0x1F, 0xF3, 0x87, 0x1F,
    0xF3, 0x87, 0x18, 0x73, 0xFF, 0x18, 0x73, 0xFF, 0x7F, 0xFF, 0x07, 0x7F, 0xFF, 0x07, 0x0C, 0x47,
    0x07, 0x1C, 0xE7, 0x07, 0x1C, 0xE7, 0x07, 0x38, 0x76, 0x07, 0x70, 0x3E, 0x3E, 0x70, 0x0C, 0x3E,
    0x00, 0x00, 0x00, 0x00, 0x1C, 0x00, 0x00, 0x0E, 0x00, 0x00, 0x07, 0x00, 0x00, 0x03, 0x80, 0x00,
    0x01, 0xC0, 0x00, 0xFF, 0xFF, 0xE0, 0x7F, 0xFF, 0xF0, 0x00, 0x38, 0x00, 0x00, 0x1C, 0x00, 0x00,
    0x0E, 0x00, 0x00, 0x07, 0x00, 0x0F, 0xFF, 0xFF, 0xE7, 0xFF, 0xFF, 0xF0, 0x01, 0xF0, 0x00, 0x01,
    0xFC, 0x00, 0x01, 0xFF, 0x00, 0x01, 0xDD, 0xC0, 0x01, 0xEE, 0xF0, 0x01, 0xE7, 0x3C, 0x03, 0xE3,
    0x8F, 0x83, 0xC1, 0xC1, 0xE3, 0xC0, 0xE0, 0x79, 0xC0, 0x70, 0x1C, 0x00, 0x38, 0x00, 0x00, 0x1C,
    0x00, 0x00, 0x00, 0x1C, 0x00, 0x00, 0x0E, 0x00, 0x00, 0x07, 0x00, 0x00, 0x03, 0x80, 0x00, 0x01,
    0xC0, 0x03, 0xFF, 0xFF, 0xF9, 0xFF, 0xFF, 0xFC, 0x00, 0x38, 0x00, 0x00, 0x1C, 0x00, 0x00, 0x0E,
    0x00, 0x00, 0x07, 0x00, 0x07, 0xFF, 0xFF, 0xC3, 0xFF, 0xFF, 0xE0, 0x01, 0xF0, 0x00, 0x01, 0xFC,
    0x00, 0x01, 0xFF, 0x00, 0x01, 0xDD, 0xC0, 0x01, 0xCE, 0x70, 0x01, 0xC7, 0x1E, 0x03, 0xC3, 0x87,
    0x87, 0xC1, 0xC1, 0xF3, 0xC0, 0xE0, 0x79, 0xC0, 0x70, 0x08, 0x00, 0x38, 0x00, 0x00, 0x1C, 0x00,
    0x00, 0x00, 0x1C, 0x00, 0x00, 0x0E, 0x00, 0x00, 0x07, 0x00, 0x00, 0x03, 0x80, 0x00, 0x01, 0xC0,
    0x00, 0x00, 0xE0, 0x01, 0xFF, 0xFF, 0xFC, 0xFF, 0xFF, 0xFE, 0x00, 0x3E, 0x00, 0x00, 0x3F, 0x80,
    0x00, 0x1F, 0xC0, 0x00, 0x1F, 0xF0, 0x00, 0x1D, 0xDC, 0x00, 0x1E, 0xEE, 0x00, 0x0E, 0x73, 0x80,
    0x0E, 0x38, 0xE0, 0x0E, 0x1C, 0x78, 0x1E, 0x0E, 0x1F, 0x1E, 0xFF, 0xFF, 0xCE, 0x7F, 0xFC, 0xE2,
    0x01, 0xC0, 0x20, 0x00, 0xE0, 0x00, 0x00, 0x70, 0x00, 0x00, 0x38, 0x00, 0x00, 0x1C, 0x00, 0x00,
    0x06, 0x00, 0x00, 0x03, 0x00, 0x0E, 0x01, 0x80, 0x7F, 0x80, 0xC1, 0xFF, 0x00, 0x60, 0xF8, 0x00,
    0x30, 0x60, 0x01, 0xFF, 0xB0, 0x00, 0xFF, 0xD8, 0x00, 0x0E, 0x0C, 0x00, 0x07, 0x07, 0xFF, 0x83,
    0xC3, 0xFF, 0xC3, 0xF1, 0x87, 0x01, 0xF8, 0xC3, 0x80, 0xFE, 0x61, 0xC0, 0xFB, 0xF0, 0xE0, 0x6C,
    0xB8, 0x70, 0x76, 0x1C, 0x38, 0x73, 0x0E, 0x1C, 0x19, 0x86, 0x0E, 0x08, 0xC7, 0x07, 0x00, 0x63,
    0x83, 0x80, 0x33, 0x81, 0xC0, 0x19, 0xC0, 0xE0, 0x0C, 0xC0, 0x70, 0x06, 0x00, 0x38, 0x00, 0x06,
    0x01, 0xC0, 0x07, 0x01, 0xE0, 0x03, 0x80, 0xF8, 0x01, 0xC0, 0xEE, 0x00, 0xE0, 0xE3, 0xC0, 0x71,
    0xE0, 0xF1, 0xFF, 0xE0, 0x3E, 0xFF, 0xFF, 0xFE, 0x0E, 0x5F, 0xFD, 0x07, 0x00, 0xE0, 0x03, 0x80,
    0x70, 0x03, 0xE7, 0xFF, 0xC1, 0xFB, 0xFF, 0xE0, 0xFD, 0x8E, 0x30, 0xFF, 0xC7, 0x18, 0x7D, 0x63,
    0x8C, 0x7E, 0x3F, 0xFE, 0x37, 0x1F, 0xFF, 0x1B, 0x80, 0xF8, 0x09, 0xC0, 0x7E, 0x00, 0xE0, 0x77,
    0x80, 0x70, 0xF1, 0xE0, 0x39, 0xF0, 0x7C, 0x1D, 0xF0, 0x1E, 0x06, 0x60, 0x03, 0x00, 0x06, 0x06,
    0x38, 0x07, 0x07, 0x1C, 0x03, 0x8F, 0xFF, 0xC1, 0xC7, 0xFF, 0xE0, 0xE0, 0xE3, 0x80, 0x70, 0x71,
    0xC1, 0xFF, 0xFF, 0xF8, 0xFF, 0xFF, 0xFC, 0x0E, 0x0E, 0x38, 0x07, 0x3F, 0xFF, 0x87, 0x9F, 0xFF,
    0xC3, 0xE0, 0x38, 0x01, 0xFB, 0xFF, 0xE0, 0xFD, 0xFF, 0xF0, 0xFF, 0xE7, 0x18, 0x7D, 0x7F, 0xFC,
    0x7E, 0x3F, 0xFE, 0x37, 0x1C, 0xE3, 0x1B, 0x9F, 0xFF, 0xC1, 0xCF, 0xFF, 0xF0, 0xE3, 0x80, 0x60,
    0x71, 0xC0, 0x30, 0x38, 0xE0, 0x38, 0x1C, 0x70, 0x7C, 0x06, 0x38, 0x3C, 0x00, 0x06, 0x00, 0x00,
    0x07, 0x3F, 0xFF, 0x83, 0x9F, 0xFF, 0xC1, 0xC0, 0x6E, 0x00, 0xE0, 0x37, 0x00, 0x71, 0xFF, 0xF9,
    0xFF, 0xFF, 0xFC, 0xFF, 0xE6, 0xEE, 0x0E, 0x33, 0x77, 0x07, 0x19, 0xBB, 0x87, 0x8F, 0xFF, 0xC3,
    0xE7, 0xFF, 0xE1, 0xF8, 0x00, 0x00, 0xFC, 0xFF, 0xF0, 0xFF, 0x7F, 0xF8, 0x7D, 0x00, 0x00, 0x7E,
    0x7F, 0xFF, 0x37, 0x3F, 0xFF, 0x9B, 0x82, 0x72, 0x09, 0xC3, 0xBB, 0x80, 0xE3, 0x9C, 0xE0, 0x73,
    0xCE, 0x38, 0x3B, 0xC7, 0x1C, 0x1C, 0x8F, 0x86, 0x06, 0x07, 0x80, 0x00, 0x00, 0x06, 0x38, 0x07,
    0x07, 0x1C, 0x03, 0x83, 0x8E, 0x01, 0xC7, 0xFF, 0xE0, 0xE3, 0xFF, 0xF0, 0x70, 0x71, 0xC1, 0xFF,
    0x38, 0xE0, 0xFF, 0xFF, 0xFE, 0x0E, 0x7F, 0xFF, 0x07, 0x00, 0xE0, 0x07, 0x8F, 0xFF, 0x83, 0xE7,
    0xFF, 0xC1, 0xFB, 0x1C, 0x60, 0xFD, 0x8E, 0x30, 0xFF, 0xFF, 0xF8, 0x7D, 0x7F, 0xFC, 0x7E, 0x31,
    0xC6, 0x77, 0x18, 0xE3, 0x1B, 0x8F, 0xFF, 0x89, 0xC7, 0xFF, 0xC0, 0xE0, 0xE3, 0x80, 0x70, 0xF1,
    0xE0, 0x39, 0xF0, 0x7C, 0x1D, 0xE0, 0x0E, 0x06, 0x40, 0x02, 0x00, 0x00, 0x18, 0x00, 0x00, 0x1C,
    0x00, 0x0C, 0x0E, 0x00, 0x07, 0x07, 0x00, 0x03, 0xE3, 0x00, 0x00, 0x7B, 0xFF, 0xF8, 0x1D, 0xFF,
    0xFC, 0x05, 0xC7, 0x0E, 0x00, 0xE3, 0x86, 0x00, 0xE1, 0xC7, 0x00, 0x70, 0xE3, 0x00, 0x70, 0x73,
    0x80, 0x08, 0x38, 0xC0, 0x18, 0x3C, 0x00, 0x1C, 0x1E, 0x00, 0x1C, 0x0F, 0x80, 0x1E, 0x0E, 0xC0,
    0x1E, 0x06, 0x70, 0x1E, 0x07, 0x18, 0x0E, 0x07, 0x0E, 0x02, 0x07, 0x03, 0x80, 0x0F, 0x00, 0xF0,
    0x1F, 0x00, 0x3C, 0x0F, 0x00, 0x0E, 0x02, 0x00, 0x02, 0x00, 0x00, 0x1C, 0x00, 0x00, 0x38, 0x00,
    0x00, 0x70, 0x00, 0x00, 0xE0, 0x00, 0x01, 0xC0, 0x00, 0x03, 0x80, 0x07, 0x07, 0x00, 0x0E, 0x0E,
    0x00, 0x1C, 0x1C, 0x00, 0x38, 0x3F, 0xF8, 0x70, 0x7F, 0xF0, 0xE0, 0xE0, 0x01, 0xC1, 0xC0, 0x03,
    0x83, 0x80, 0x07, 0x07, 0x00, 0x0E, 0x0E, 0x00, 0x1C, 0x1C, 0x00, 0x38, 0x38, 0x00, 0x70, 0x70,
    0x00, 0xE0, 0xE0, 0x01, 0xC1, 0xC0, 0x1F, 0xFF, 0xFF, 0xFF, 0xFF, 0xFF, 0x80, 0x7F, 0xFF, 0xFC,
    0xFF, 0xFF, 0xF8, 0x00, 0x60, 0x00, 0x00, 0xC0, 0x00, 0x01, 0x80, 0x00, 0x03, 0x00, 0x00, 0x06,
    0x00, 0x0E, 0x0C, 0x00, 0x1C, 0x18, 0x00, 0x38, 0x3F, 0xF0, 0x70, 0x7F, 0xE0, 0xE0, 0xC0, 0x01,
    0xC1, 0x80, 0x03, 0x83, 0x00, 0x07, 0x06, 0x00, 0x0E, 0x0C, 0x00, 0x1C, 0x18, 0x00, 0x38, 0x30,
    0x00, 0x70, 0x60, 0x07, 0xFF, 0xFF, 0xFF, 0xFF, 0xFF, 0xE0, 0x00, 0x03, 0x30, 0x00, 0x01, 0xFC,
    0x1F, 0xF8, 0xE7, 0x0F, 0xFC, 0x71, 0x80, 0xC3, 0xFF, 0xE0, 0x61, 0xFF, 0xF0, 0x70, 0x4E, 0x00,
    0x3F, 0x87, 0x0C, 0x1F, 0xC3, 0xFE, 0x1C, 0x6F, 0xFF, 0x0E, 0x37, 0xE0, 0x06, 0x38, 0x30, 0xE7,
    0xDC, 0x3F, 0xF7, 0xFD, 0xFF, 0xF9, 0xBE, 0xFF, 0x38, 0x0F, 0x03, 0x9C, 0x03, 0x00, 0xDC, 0x03,
    0x80, 0x7C, 0x01, 0xC0, 0x3C, 0x01, 0xC0, 0x3C, 0x61, 0xE0, 0x7F, 0x38, 0xE0, 0xF9, 0xD9, 0xE1,
    0xF8, 0xFC, 0x60, 0x60, 0x3E, 0x00, 0x00, 0x00, 0x00, 0x00, 0x60, 0x00, 0x01, 0xFB, 0xFC, 0x07,
    0xF1, 0xFE, 0x03, 0xE0, 0xC7, 0x01, 0x80, 0x63, 0x80, 0xC0, 0x31, 0xC0, 0x60, 0x18, 0xEC, 0x3F,
    0xDC, 0x77, 0x1F, 0xEE, 0x3B, 0x0C, 0x0E, 0x0F, 0x86, 0x0F, 0x07, 0x83, 0x03, 0x00, 0x01, 0xFF,
    0xFF, 0xE0, 0xFF, 0xFF, 0xF0, 0x60, 0x18, 0x30, 0x30, 0x0E, 0x38, 0x18, 0x07, 0x1C, 0x0F, 0xF9,
    0xDC, 0x1F, 0xFC, 0x7C, 0x0F, 0xF0, 0x3C, 0x07, 0x80, 0x3F, 0x00, 0xC0, 0x7F, 0xE0, 0x60, 0xFC,
    0x7C, 0x30, 0x78, 0x1E, 0x18, 0x30, 0x02, 0x00, 0x03, 0x00, 0x00, 0x0E, 0x00, 0x00, 0x1C, 0x00,
    0x00, 0x7F, 0xFF, 0xE0, 0xFF, 0xFF, 0xC3, 0x80, 0x00, 0x0E, 0x00, 0x00, 0x3F, 0xFF, 0xF8, 0xFF,
    0xFF, 0xF0, 0x5C, 0x30, 0xE0, 0x38, 0x61, 0xC0, 0x70, 0xC3, 0x80, 0xC3, 0x87, 0x1F, 0xFF, 0xFF,
    0xFF, 0xFF, 0xFF, 0x8E, 0x1C, 0x38, 0x1C, 0x30, 0x70, 0x38, 0x60, 0xC0, 0x70, 0xC1, 0x80, 0xFF,
    0xFF, 0xF1, 0xFF, 0xFF, 0xE7, 0x00, 0x1C, 0x0E, 0x00, 0x38, 0x00, 0x07, 0xE0, 0x00, 0x0F, 0x80,
    0x00, 0x03, 0x00, 0x1C, 0x01, 0x80, 0x0F, 0x80, 0xC0, 0x01, 0xE0, 0x60, 0x00, 0x70, 0x30, 0x00,
    0x13, 0xFF, 0xE0, 0x01, 0xFF, 0xF0, 0x00, 0x06, 0x18, 0x70, 0x03, 0x0C, 0x3E, 0x01, 0x86, 0x07,
    0x80, 0xC3, 0x01, 0x80, 0x61, 0x80, 0x1F, 0xFF, 0xF0, 0x0F, 0xFF, 0xF8, 0x18, 0x1F, 0x00, 0x0E,
    0x0F, 0x80, 0x0E, 0x0E, 0xC0, 0x07, 0x07, 0x70, 0x03, 0x07, 0x1C, 0x03, 0x87, 0x8E, 0x03, 0x83,
    0x83, 0x81, 0xC7, 0x80, 0xF1, 0xC7, 0x80, 0x7C, 0x63, 0x80, 0x0E, 0x00, 0x80, 0x02, 0x00, 0x00,
    0x0C, 0x00, 0x1E, 0x07, 0x00, 0x0F, 0x83, 0xE0, 0x01, 0xE0, 0xF8, 0x00, 0x30, 0x1E, 0x00, 0x00,
    0x06, 0x00, 0x03, 0xFF, 0xFC, 0x01, 0xFF, 0xFE, 0x70, 0x03, 0x80, 0x3E, 0x01, 0xC0, 0x0F, 0x80,
    0xE0, 0x01, 0xC0, 0x70, 0x00, 0x00, 0x38, 0x00, 0x00, 0x1C, 0x00, 0x01, 0xFF, 0xF8, 0x06, 0xFF,
    0xFC, 0x07, 0x03, 0x80, 0x03, 0x81, 0xC0, 0x03, 0x80, 0xE0, 0x01, 0xC0, 0x70, 0x01, 0xC0, 0x38,
    0x01, 0xC0, 0x1C, 0x00, 0xE7, 0xFF, 0xFC, 0x63, 0xFF, 0xFE, 0x00, 0x00, 0x00, 0x00, 0x00, 0x01,
    0x80, 0x38, 0x61, 0x86, 0x3E, 0x61, 0x87, 0x0F, 0x71, 0x8E, 0x07, 0x39, 0x8C, 0x00, 0x39, 0x9C,
    0x00, 0x19, 0x98, 0x00, 0x01, 0x80, 0x70, 0x7F, 0xFE, 0x7C, 0x7F, 0xFE, 0x1E, 0x70, 0x0E, 0x0C,
    0x70, 0x0E, 0x00, 0x7F, 0xFE, 0x00, 0x7F, 0xFE, 0x06, 0x70, 0x0E, 0x07, 0x70, 0x0E, 0x06, 0x70,
    0x0E, 0x0E, 0x7F, 0xFE, 0x0C, 0x7F, 0xFE, 0x1C, 0x70, 0x0E, 0x18, 0x70, 0x0E, 0x38, 0x70, 0x0E,
    0x30, 0x70, 0x7E, 0x30, 0x70, 0x7C, 0x00, 0x20, 0x00, 0x00, 0x00, 0x00, 0x1C, 0x00, 0x3E, 0x0F,
    0x1F, 0xFF, 0x83, 0xFF, 0xFE, 0x00, 0x6F, 0xF0, 0x00, 0x00, 0x38, 0x00, 0x00, 0x18, 0x00, 0x03,
    0xFF, 0xFE, 0x71, 0xFF, 0xFF, 0x3E, 0x0E, 0x38, 0x07, 0x0E, 0x1E, 0x01, 0x8F, 0x07, 0x80, 0x0F,
    0x61, 0xE0, 0x1F, 0x30, 0x78, 0x0F, 0x18, 0x3C, 0x1A, 0xED, 0xB8, 0x0E, 0x76, 0xDC, 0x06, 0x33,
    0x77, 0x07, 0x39, 0xB9, 0x83, 0x98, 0xCC, 0xE3, 0x9C, 0x66, 0x31, 0xCC, 0x33, 0x19, 0xC0, 0x18,
    0x00, 0xE0, 0x7C, 0x00, 0x00, 0x3C, 0x00, 0x00, 0x10, 0x01, 0x80, 0x1E, 0x00, 0xC0, 0x0F, 0x80,
    0x60, 0x01, 0xFF, 0xFF, 0xE0, 0x2F, 0xFF, 0xF0, 0x00, 0xE1, 0xC0, 0x00, 0x79, 0xC0, 0x40, 0x1F,
    0xC0, 0x78, 0x07, 0xC0, 0x3E, 0x0F, 0xFC, 0x07, 0xFF, 0x9F, 0xC1, 0xBF, 0x03, 0xE0, 0x0F, 0x00,
    0xE0, 0x01, 0x80, 0xE0, 0x08, 0xFF, 0xF0, 0x0E, 0x7F, 0xF8, 0x06, 0x30, 0x1C, 0x07, 0x18, 0x0E,
    0x03, 0x8F, 0xFF, 0x03, 0x8F, 0xFF, 0x81, 0xC7, 0x01, 0xC1, 0xC7, 0x00, 0xE1, 0xE3, 0x80, 0x70,
    0x63, 0x80, 0x38, 0x01, 0x80, 0x0C, 0x00, 0x00, 0x00, 0x00, 0x1C, 0x00, 0x00, 0x0F, 0x3F, 0xFF,
    0xC3, 0xFF, 0xFF, 0xE0, 0x6E, 0x0E, 0x00, 0x07, 0x06, 0x00, 0x03, 0xBF, 0xF8, 0x01, 0xFF, 0xFC,
    0x70, 0xFC, 0x06, 0x3E, 0x7E, 0x03, 0x0F, 0x3F, 0xFF, 0x81, 0x9F, 0xFF, 0xC0, 0x0F, 0xC0, 0x60,
    0x06, 0xE0, 0x30, 0x13, 0x7F, 0xF8, 0x0D, 0xBF, 0xFC, 0x0F, 0xC0, 0xC0, 0x06, 0xE6, 0x66, 0x07,
    0x77, 0x33, 0x83, 0xB3, 0x98, 0xC3, 0xBB, 0x8C, 0x71, 0xDD, 0xC6, 0x19, 0xDC, 0xC3, 0x0C, 0xEE,
    0x0F, 0x80, 0x00, 0x07, 0x80, 0x00, 0x00, 0x18, 0xC0, 0x1C, 0x38, 0xE0, 0x1F, 0x39, 0xC0, 0x07,
    0x7F, 0xFE, 0x00, 0xFF, 0xFE, 0x71, 0xE1, 0x80, 0x7F, 0xE1, 0x80, 0x1F, 0xFF, 0xFC, 0x01, 0x7F,
    0xFC, 0x02, 0x61, 0x80, 0x07, 0x7F, 0xFC, 0x0E, 0x7F, 0xFC, 0x1C, 0x61, 0x80, 0x3C, 0x7F, 0xFF,
    0x38, 0x7F, 0xFF, 0x30, 0x1C, 0x00, 0x00, 0x1C, 0x00, 0x7F, 0xFF, 0xFF, 0x7F, 0xFF, 0xFF, 0x00,
    0x1C, 0x00, 0x00, 0x1C, 0x00, 0x00, 0x1C, 0x00, 0x00, 0x1C, 0x00, 0x00, 0x1C, 0x00, 0x00, 0x1C,
    0x00, 0x06, 0x00, 0x00, 0x1C, 0x00, 0x00, 0x38, 0x00, 0x00, 0xFF, 0xFF, 0xE3, 0xFF, 0xFF, 0xCF,
    0x99, 0xCE, 0x3F, 0x33, 0x9C, 0x7E, 0x67, 0x38, 0x5C, 0xCE, 0x70, 0x39, 0x9C, 0xE3, 0xFF, 0xFF,
    0xFF, 0xFF, 0xFF, 0xF1, 0xCC, 0xE7, 0x03, 0x99, 0xCE, 0x07, 0x33, 0x9C, 0x0E, 0x67, 0x38, 0xFF,
    0xFF, 0xFF, 0xFF, 0xFF, 0xFC, 0x00, 0x00, 0x40, 0xCE, 0x31, 0xC3, 0x9C, 0x63, 0x86, 0x18, 0xE3,
    0x9C, 0x31, 0xC3, 0xF0, 0x61, 0x87, 0x40, 0x82, 0x04, 0x00, 0x7F, 0xFC, 0xFF, 0xFF, 0xF9, 0xFF,
    0xFF, 0xF3, 0x1C, 0x38, 0x66, 0x38, 0x70, 0xCC, 0x71, 0xC3, 0x98, 0xE7, 0x3F, 0x3F, 0xFC, 0x7C,
    0x7F, 0xF0, 0x00, 0xC7, 0x7F, 0xF9, 0x8E, 0xFF, 0xF3, 0x1D, 0xC0, 0xE6, 0x3B, 0x81, 0xCC, 0x77,
    0x03, 0x9F, 0xEE, 0x07, 0x3F, 0xDF, 0xFE, 0x60, 0x3F, 0xFC, 0x30, 0x00, 0x60, 0xE7, 0x18, 0xE1,
    0xCE, 0x39, 0xE7, 0x1C, 0x71, 0xCE, 0x18, 0x61, 0xF8, 0x30, 0xC3, 0xA0, 0x61, 0x02, 0x07, 0x00,
    0xC0, 0x07, 0x00, 0xC0, 0x37, 0x00, 0xC0, 0x37, 0x1F, 0xFE, 0x37, 0x1F, 0xFE, 0x3F, 0x80, 0xC0,
    0x7F, 0xC0, 0xC0, 0x7F, 0xC0, 0xC0, 0x67, 0x7F, 0xFF, 0x67, 0x7F, 0xFF, 0x67, 0x00, 0x18, 0x07,
    0x00, 0x18, 0x07, 0xE0, 0x18, 0x0F, 0xFF, 0xFF, 0x7F, 0xFF, 0xFF, 0x7F, 0x00, 0x18, 0x67, 0x1C,
    0x18, 0x07, 0x0E, 0x18, 0x07, 0x0E, 0x18, 0x07, 0x07, 0x18, 0x07, 0x02, 0x18, 0x07, 0x00, 0x18,
    0x07, 0x01, 0xF8, 0x07, 0x01, 0xF8, 0x03, 0x01, 0x80, 0x01, 0x81, 0xC8, 0x00, 0xC0, 0xEE, 0x00,
    0x60, 0x73, 0x87, 0x30, 0x38, 0xE3, 0x98, 0x1C, 0x70, 0xEC, 0x0E, 0x18, 0x3E, 0x07, 0x00, 0x1F,
    0x7F, 0xFF, 0x05, 0xBF, 0xFF, 0x80, 0xC0, 0xE0, 0x00, 0x60, 0x78, 0x00, 0x70, 0x3C, 0x00, 0x78,
    0x1E, 0x00, 0x7C, 0x1F, 0x80, 0x7E, 0x0F, 0xC0, 0x7B, 0x06, 0x60, 0x39, 0x87, 0x38, 0x18, 0xC7,
    0x8E, 0x00, 0x63, 0x87, 0x00, 0x33, 0x81, 0xC0, 0x1B, 0xC0, 0x70, 0x0F, 0xC0, 0x3C, 0x07, 0xC0,
    0x06, 0x03, 0x00, 0x00, 0x00, 0x01, 0x01, 0x80, 0x38, 0xC0, 0xE0, 0x1E, 0xE0, 0x70, 0x07, 0xE0,
    0x38, 0x01, 0xE7, 0xFF, 0xF0, 0xF3, 0xFF, 0xF8, 0xF8, 0x07, 0x00, 0xFE, 0x73, 0x9C, 0x77, 0x39,
    0xCC, 0x13, 0x8C, 0xEE, 0x00, 0xC7, 0x77, 0x00, 0xE3, 0xB3, 0x00, 0xF0, 0x99, 0x80, 0x7B, 0xFF,
    0xF8, 0x7D, 0xFF, 0xFC, 0xF6, 0x07, 0x80, 0x73, 0x03, 0xE0, 0x31, 0x83, 0xF0, 0x00, 0xC1, 0xDC,
    0x00, 0x61, 0xC7, 0x00, 0x31, 0xC3, 0xC0, 0x3B, 0xC0, 0xF1, 0xFF, 0xC0, 0x3C, 0x7D, 0xC0, 0x06,
    0x00, 0x00, 0x00, 0x00, 0x00, 0x38, 0x00, 0x00, 0x70, 0x00, 0x00, 0xE0, 0x03, 0xFF, 0xFF, 0xE7,
    0xFF, 0xFF, 0xC0, 0x0E, 0x00, 0x1C, 0x39, 0x07, 0x3C, 0xE3, 0x1C, 0x3F, 0xCE, 0xF0, 0x1B, 0xF9,
    0xC0, 0x01, 0xF8, 0x00, 0x33, 0xB6, 0x01, 0xEE, 0x7F, 0x0F, 0xFF, 0xFF, 0xBC, 0xFF, 0xE7, 0xA1,
    0x9C, 0xC6, 0x00, 0x38, 0x01, 0xFF, 0xFF, 0xFF, 0xFF, 0xFF, 0xF8, 0x01, 0xC0, 0x00, 0x03, 0x80,
    0x00, 0x07, 0x00, 0x00, 0x0E, 0x00, 0x00, 0x1C, 0x00, 0x00, 0x38, 0x00, 0x7F, 0xDF, 0xFE, 0x3F,
    0xEF, 0xFF, 0x03, 0x86, 0x01, 0x81, 0xC3, 0x00, 0xC0, 0xE1, 0xFF, 0xE0, 0x70, 0xFF, 0xF0, 0x38,
    0x60, 0x18, 0xFF, 0xB0, 0x0C, 0x7F, 0xDF, 0xFE, 0x07, 0x0F, 0xFF, 0x03, 0x86, 0x01, 0x81, 0xC3,
    0x00, 0xC0, 0xE1, 0xFF, 0xE0, 0x70, 0xFF, 0xF0, 0x3F, 0x19, 0xC0, 0x3F, 0x8C, 0xE0, 0x7F, 0x0E,
    0x70, 0x3C, 0x07, 0x39, 0x80, 0x07, 0x1C, 0xE0, 0x07, 0x0E, 0x70, 0x1F, 0x07, 0xF0, 0x0F, 0x01,
    0xF8, 0x02, 0x00, 0x00, 0x1F, 0xFF, 0xFC, 0x3F, 0xFF, 0xFC, 0x70, 0x70, 0x38, 0xE0, 0xE0, 0x71,
    0xC1, 0xC0, 0xE3, 0x83, 0x81, 0xC7, 0xFF, 0xFF, 0x8F, 0xFF, 0xFF, 0x1C, 0x1C, 0x0E, 0x38, 0x38,
    0x1C, 0x70, 0x70, 0x38, 0xE0, 0xE0, 0x71, 0xC1, 0xC0, 0xE3, 0xFF, 0xFF, 0xC7, 0xFF, 0xFF, 0x8E,
    0x0E, 0x07, 0x18, 0x1C, 0x0E, 0x70, 0x38, 0x1C, 0xE0, 0x70, 0x3B, 0x80, 0xE0, 0x77, 0x01, 0xCF,
    0xCC, 0x03, 0x9F, 0x80, 0x00, 0x00, 0x00, 0xFF, 0xFF, 0xFF, 0xFF, 0xFF, 0xFC, 0x00, 0xE0, 0x00,
    0x01, 0xC0, 0x06, 0x03, 0x80, 0xCC, 0xFF, 0xF9, 0x99, 0xFF, 0xF3, 0x33, 0x1C, 0xE6, 0x66, 0x39,
    0xCC, 0xCC, 0x73, 0x99, 0x9F, 0xFF, 0x33, 0x3F, 0xFE, 0x66, 0x63, 0x9C, 0xCC, 0xC7, 0x39, 0x99,
    0x8E, 0x73, 0x33, 0xFF, 0xE6, 0x67, 0xFF, 0xCC, 0xC0, 0x00, 0x19, 0x80, 0x00, 0x33, 0xFF, 0xFF,
    0xE7, 0xFF, 0xFF, 0xCC, 0x00, 0x01, 0x98, 0x00, 0x03, 0x00, 0x00, 0x00, 0x00, 0x00, 0x03, 0xFC,
    0x07, 0xFF, 0xFE, 0x03, 0xFF, 0xE6, 0x00, 0x71, 0xC7, 0x00, 0x38, 0xE3, 0x80, 0x0E, 0x73, 0x80,
    0x07, 0x39, 0xC0, 0x7F, 0xFF, 0xFF, 0x3F, 0xFF, 0xFF, 0x80, 0x3F, 0xE0, 0x00, 0x7B, 0xBC, 0x00,
    0x79, 0xCF, 0x80, 0xF8, 0xE3, 0xF1, 0xFF, 0xFF, 0xFC, 0xFF, 0xFF, 0xFE, 0x0E, 0x1C, 0x38, 0x07,
    0x0E, 0x1C, 0x03, 0xFF, 0xFE, 0x01, 0xFF, 0xFF, 0x00, 0xE1, 0xC3, 0x80, 0x70, 0xE1, 0xC0, 0x3F,
    0xFF, 0xE0, 0x1F, 0xFF, 0xF0, 0x06, 0x00, 0x18, 0x00, 0x00, 0xC0, 0x00, 0x3C, 0x00, 0x07, 0x00,
    0x00, 0xE0, 0x00, 0x18, 0x01, 0xFF, 0xFF, 0xFF, 0xFF, 0xFF, 0x00, 0x07, 0xE0, 0x00, 0xFC, 0x00,
    0x1F, 0x80, 0x03, 0xF0, 0x00, 0x7E, 0x00, 0x0F, 0xFF, 0xFF, 0xFF, 0xFF, 0xFF, 0x00, 0x07, 0xE0,
    0x00, 0xFC, 0x00, 0x1F, 0x80, 0x03, 0xF0, 0x00, 0x7E, 0x00, 0x0F, 0xFF, 0xFF, 0xFF, 0xFF, 0xFF,
    0x00, 0x07, 0xE0, 0x00, 0xE0, 0x0C, 0x04, 0x00, 0x70, 0x38, 0x01, 0xC0, 0xE0, 0x07, 0x03, 0x00,
    0x18, 0x1C, 0x03, 0xFE, 0x7F, 0xFF, 0xF9, 0xFF, 0xF0, 0x6E, 0x07, 0xC1, 0xB8, 0x1B, 0x07, 0xC0,
    0x6C, 0x1E, 0x01, 0xB0, 0x63, 0x06, 0xFF, 0x8E, 0x1B, 0xFE, 0x1C, 0x6C, 0x18, 0x71, 0xB0, 0x60,
    0xE6, 0xC1, 0x81, 0x9B, 0x06, 0x04, 0xEC, 0x18, 0x03, 0xB0, 0x60, 0x0E, 0xFF, 0x80, 0x3B, 0xFE,
    0x00, 0xCC, 0x00, 0x7F, 0x30, 0x01, 0xF8, 0x00, 0x00, 0x00, 0x7F, 0xFF, 0xDF, 0xFF, 0xF6, 0x00,
    0x0D, 0x80, 0x03, 0x60, 0x00, 0xD8, 0x00, 0x37, 0xFF, 0xFD, 0xFF, 0xFF, 0x60, 0x00, 0xD8, 0x00,
    0x36, 0x00, 0x0D, 0x80, 0x03, 0x7F, 0xFF, 0xDF, 0xFF, 0xF6, 0x00, 0x0D, 0x80, 0x03, 0x60, 0x00,
    0xD8, 0x00, 0x36, 0x00, 0x0D, 0xFF, 0xFF, 0x7F, 0xFF, 0xD8, 0x00, 0x36, 0x00, 0x0C, 0x18, 0x00,
    0x00, 0x1C, 0x00, 0x00, 0x18, 0x1F, 0xFF, 0x18, 0x1F, 0xFF, 0x3F, 0xE0, 0x00, 0x3F, 0xE0, 0x00,
    0x37, 0x0F, 0xFE, 0x77, 0x0F, 0xFE, 0x77, 0x0C, 0x06, 0x67, 0x0C, 0x06, 0x07, 0x0C, 0x06, 0x7F,
    0xEC, 0x06, 0x7F, 0xEC, 0x06, 0x07, 0x0F, 0xFE, 0x07, 0x0F, 0xFE, 0x07, 0x06, 0x0C, 0x0F, 0x86,
    0x1C, 0x0F, 0xC6, 0x1C, 0x0E, 0xE7, 0x18, 0x1C, 0x67, 0x18, 0x1C, 0x67, 0x38, 0x38, 0x02, 0x30,
    0x70, 0x3F, 0xFF, 0x70, 0x3F, 0xFF, 0x00, 0x00, 0x00, 0x00, 0x00, 0x80, 0x00, 0x01, 0xC0, 0x7F,
    0xC1, 0xC0, 0x7F, 0xFF, 0xFF, 0x0C, 0x3F, 0xFF, 0x1C, 0x33, 0x83, 0x1C, 0x37, 0x3B, 0x1C, 0x37,
    0x33, 0x18, 0x0E, 0x70, 0x18, 0x1F, 0xFF, 0x3F, 0xFF, 0xFF, 0x3F, 0xFC, 0x60, 0x39, 0xFC, 0x60,
    0x79, 0xCF, 0xFE, 0x79, 0xCF, 0xFE, 0xF9, 0xCC, 0x60, 0x79, 0xCC, 0x60, 0x59, 0xCF, 0xFE, 0x19,
    0xCF, 0xFE, 0x1F, 0xCC, 0x60, 0x1F, 0xCC, 0x60, 0x1F, 0x8F, 0xFF, 0x18, 0x0F, 0xFF, 0x00, 0x0C,
    0x00, 0x00, 0x0C, 0x00, 0x1F, 0xFF, 0xFC, 0x1F, 0xFF, 0xFC, 0x00, 0x00, 0x00, 0x00, 0x00, 0x00,
    0x00, 0x00, 0x00, 0x00, 0x00, 0x00, 0x00, 0x00, 0x00, 0x7F, 0xFF, 0xFF, 0x7F, 0xFF, 0xFF, 0x00,
    0x1C, 0x00, 0x00, 0x1C, 0x00, 0x07, 0x1C, 0x20, 0x07, 0x1C, 0x70, 0x0E, 0x1C, 0x38, 0x0E, 0x1C,
    0x38, 0x1C, 0x1C, 0x1C, 0x3C, 0x1C, 0x0E, 0x38, 0x1C, 0x0E, 0x70, 0x1C, 0x07, 0x20, 0x1C, 0x06,
    0x01, 0xFC, 0x00, 0x01, 0xF8, 0x00, 0x00, 0x00, 0xC0, 0x01, 0xE0, 0x60, 0x0F, 0xF0, 0x30, 0x0F,
    0xE0, 0x18, 0x07, 0x70, 0x0C, 0x00, 0x38, 0x76, 0xE0, 0x1C, 0x33, 0x30, 0x0E, 0x19, 0x9C, 0x7F,
    0xFC, 0xC6, 0x3F, 0xFE, 0x63, 0x83, 0xC6, 0x31, 0xC1, 0xE7, 0x18, 0x60, 0xFB, 0x0C, 0x30, 0xFF,
    0x86, 0x20, 0x7F, 0x03, 0x38, 0x7F, 0xCF, 0x98, 0x77, 0x47, 0xDC, 0x3B, 0x80, 0x1E, 0x19, 0xC0,
    0x0E, 0x08, 0xE0, 0x0E, 0x00, 0x70, 0x1E, 0x00, 0x38, 0x3E, 0x00, 0x1C, 0xFE, 0x00, 0x0E, 0x7C,
    0x00, 0x06, 0x30, 0x00, 0x00, 0x00, 0x00, 0x80, 0x00, 0xE0, 0xE0, 0x07, 0xF0, 0xE0, 0x0F, 0xF0,
    0xFF, 0xC7, 0xF0, 0xFF, 0xE0, 0x38, 0xF0, 0xE0, 0x1C, 0xFC, 0x70, 0x0E, 0x67, 0xF0, 0x7F, 0xE1,
    0xF0, 0x3F, 0xF0, 0xF0, 0x03, 0xC1, 0xF8, 0x01, 0xE7, 0xFC, 0x00, 0xFB, 0xEE, 0x00, 0xFE, 0x8F,
    0xF8, 0x7F, 0x9F, 0xFC, 0x7F, 0xDE, 0x0E, 0x77, 0x7F, 0x0E, 0x3B, 0x9F, 0xEE, 0x19, 0xC4, 0x7F,
    0x08, 0xE0, 0x1F, 0x00, 0x70, 0x1F, 0x00, 0x38, 0x3E, 0x00, 0x1C, 0xFE, 0x00, 0x0E, 0x7C, 0x00,
    0x06, 0x30, 0x00, 0x00, 0x00, 0x30, 0x00, 0x00, 0x70, 0x00, 0x00, 0xE0, 0x03, 0xFF, 0xFF, 0xE7,
    0xFF, 0xFF, 0xCC, 0x38, 0xC1, 0x98, 0x71, 0x83, 0x30, 0xC3, 0x06, 0x03, 0x86, 0x00, 0x07, 0x0C,
    0x18, 0x3C, 0x1C, 0x31, 0xF0, 0x3F, 0xE7, 0xC0, 0x3F, 0x8E, 0x00, 0x00, 0x00, 0x00, 0x00, 0x0F,
    0xFF, 0xFC, 0x1F, 0xFF, 0xF8, 0x00, 0x70, 0x00, 0x00, 0xE0, 0x00, 0x01, 0xC0, 0x00, 0x03, 0x80,
    0x00, 0x07, 0x00, 0x3F, 0xFF, 0xFF, 0xFF, 0xFF, 0xFF, 0x00, 0x38, 0x00, 0x00, 0x70, 0x00, 0xFF,
    0xFF, 0xE3, 0xFF, 0xFF, 0xE0, 0x70, 0x1C, 0x00, 0x70, 0x30, 0x00, 0xE0, 0xE0, 0x7F, 0xFF, 0xFF,
    0xFF, 0xFF, 0xFE, 0x00, 0x00, 0x00, 0x7F, 0xFF, 0xC0, 0xFF, 0xFF, 0x81, 0x80, 0x03, 0x03, 0xFF,
    0xFE, 0x07, 0xFF, 0xFC, 0x0C, 0x00, 0x18, 0x1F, 0xFF, 0xF0, 0x3F, 0xFF, 0xE0, 0x00, 0xE0, 0x07,
    0xFF, 0xFF, 0xFF, 0xFF, 0xFF, 0xE0, 0x07, 0x00, 0x00, 0x0E, 0x00, 0x00, 0x1C, 0x00, 0x00, 0x38,
    0x00, 0x00, 0x00, 0xC0, 0x0E, 0x01, 0xC0, 0x0E, 0x39, 0xC6, 0x0E, 0x39, 0xC6, 0x0E, 0x39, 0xC6,
    0x0E, 0x39, 0xC6, 0x7F, 0xFF, 0xFE, 0x7F, 0xFF, 0xFE, 0x33, 0x80, 0x00, 0x33, 0x80, 0x00, 0x33,
    0xFF, 0xFF, 0x33, 0xFF, 0xFF, 0x33, 0x01, 0xC0, 0x33, 0x01, 0xC0, 0x3B, 0x3F, 0xFF, 0x3B, 0x3F,
    0xFF, 0x3F, 0x33, 0x37, 0x17, 0xF3, 0x37, 0x1F, 0xF3, 0x37, 0x7F, 0xB3, 0x37, 0x78, 0x33, 0x37,
    0x00, 0x33, 0x37, 0x00, 0x33, 0x37, 0x00, 0x33, 0x3F, 0x00, 0x30, 0x0E, 0x0C, 0x03, 0x00, 0x0E,
    0x03, 0x00, 0x1C, 0x07, 0x00, 0x1F, 0xFF, 0xFF, 0x3F, 0xFF, 0xFF, 0x73, 0x1C, 0x60, 0x73, 0xB8,
    0x70, 0x3F, 0xFF, 0xFC, 0x1F, 0xFF, 0xFC, 0x00, 0x1C, 0x1C, 0x00, 0x1C, 0x1C, 0x00, 0x1C, 0x1C,
    0x0F, 0xFF, 0xFC, 0x0F, 0xFF, 0xFC, 0x0C, 0x1C, 0x00, 0x1C, 0x1C, 0x00, 0x1F, 0xFF, 0xFE, 0x1F,
    0xFF, 0xFE, 0x18, 0xFC, 0x0E, 0x01, 0xFC, 0x0E, 0x07, 0x9C, 0x0E, 0x3F, 0x1C, 0xFC, 0x7C, 0x1C,
    0xFC, 0x30, 0x1C, 0x00, 0x00, 0x1C, 0x00, 0x0C, 0x03, 0x00, 0x0C, 0x07, 0x00, 0x1F, 0xF7, 0xFF,
    0x3F, 0xFF, 0xFF, 0x3B, 0x1E, 0xE0, 0x73, 0x9C, 0x70, 0x6F, 0xFF, 0xF8, 0x0F, 0xFF, 0xF8, 0x0E,
    0x00, 0x18, 0x0F, 0xFF, 0xF8, 0x0F, 0xFF, 0xF8, 0x0E, 0x00, 0x18, 0x0F, 0xFF, 0xF8, 0x0F, 0xFF,
    0xF8, 0x0E, 0x00, 0x18, 0x0F, 0xFF, 0xF8, 0x0F, 0xFF, 0xF8, 0x01, 0xC0, 0xC0, 0x7F, 0xFF, 0xFF,
    0x7F, 0xFF, 0xFF, 0x03, 0x80, 0xC0, 0x07, 0x80, 0xC0, 0x3F, 0x00, 0xC0, 0x3C, 0x00, 0xC0, 0x10,
    0x00, 0xC0, 0x0C, 0x03, 0x00, 0x06, 0x03, 0x80, 0x07, 0xFD, 0xFF, 0xC7, 0xFF, 0xFF, 0xE7, 0xB1,
    0xCE, 0x03, 0x9D, 0xE3, 0x81, 0x8C, 0x61, 0xC0, 0x06, 0x00, 0x00, 0x7F, 0xFF, 0xFE, 0x3F, 0xFF,
    0xFF, 0x00, 0xC1, 0xC1, 0x87, 0xFE, 0xE0, 0xC3, 0xFF, 0x70, 0x61, 0x99, 0xB8, 0x30, 0xFF, 0xDC,
    0x18, 0x7F, 0xEE, 0x0C, 0x33, 0x37, 0x3E, 0x1F, 0xFB, 0x9E, 0x0F, 0xFD, 0xC0, 0x00, 0x60, 0xE0,
    0x67, 0xFF, 0xF0, 0x33, 0xFF, 0xF8, 0x18, 0x0C, 0x0F, 0xFC, 0x06, 0x07, 0xFC, 0x03, 0x00, 0x00,
    0x00, 0x04, 0x01, 0x00, 0x0E, 0x03, 0x80, 0x0E, 0x03, 0x80, 0x1F, 0xFF, 0xFF, 0x1F, 0xFF, 0xFF,
    0x39, 0xCE, 0x70, 0x77, 0xCF, 0x38, 0x27, 0x03, 0x18, 0x7F, 0xFF, 0xFF, 0x3F, 0xFF, 0xFE, 0x07,
    0x03, 0x18, 0x3F, 0xC3, 0x18, 0x3F, 0xDF, 0xFF, 0x07, 0x1F, 0xFF, 0x7F, 0xE0, 0x00, 0x7F, 0xE7,
    0xFC, 0x0F, 0x8F, 0xFE, 0x0F, 0xCE, 0x0E, 0x1F, 0xEE, 0x0E, 0x3F, 0xEF, 0xFE, 0x77, 0x6F, 0xFE,
    0x77, 0x0E, 0x0E, 0x67, 0x0F, 0xFE, 0x07, 0x0F, 0xFE, 0x00, 0x0E, 0x0E, 0x04, 0x00, 0x04, 0x07,
    0x00, 0x1F, 0x03, 0x03, 0xFF, 0x83, 0x91, 0xFE, 0x01, 0x9C, 0xE7, 0x03, 0xCC, 0x63, 0x81, 0xCE,
    0x31, 0xC0, 0x7E, 0x18, 0xE0, 0x1E, 0x0C, 0x70, 0x07, 0xC6, 0x38, 0x07, 0x73, 0xFF, 0xC7, 0x1D,
    0xFF, 0xEF, 0xFE, 0xC7, 0x03, 0xFF, 0xE1, 0x80, 0x19, 0xF0, 0xC0, 0x6D, 0x98, 0x60, 0x36, 0xCC,
    0x30, 0x1B, 0x76, 0x18, 0x1D, 0xBB, 0x0E, 0x4E, 0xCD, 0x87, 0x36, 0x66, 0xCF, 0xBB, 0x30, 0xFF,
    0xFC, 0x18, 0xFF, 0x7C, 0x0C, 0x78, 0x1E, 0x06, 0x00, 0x06, 0x00, 0x00, 0x38, 0x00, 0x00, 0x70,
    0x00, 0x00, 0xE0, 0x03, 0xFF, 0xFF, 0xE7, 0xFF, 0xFF, 0xC0, 0x07, 0x00, 0x00, 0x0E, 0x00, 0x7F,
    0xFF, 0xFF, 0xFF, 0xFF, 0xFF, 0xC1, 0xC0, 0x1F, 0x87, 0x0E, 0x3B, 0x7C, 0x38, 0x71, 0xF1, 0xE0,
    0x00, 0xF7, 0xB0, 0x00, 0xFE, 0x70, 0x00, 0xF0, 0x78, 0xFF, 0xFF, 0xF9, 0xFF, 0xFF, 0xF8, 0x00,
    0xE0, 0x30, 0x39, 0xCE, 0x00, 0xE3, 0x9F, 0x07, 0x87, 0x0F, 0x3E, 0x0E, 0x0F, 0x70, 0x1C, 0x06,
    0x00, 0x38, 0x00, 0x04, 0x00, 0x00, 0x0E, 0x00, 0x00, 0x0C, 0x00, 0x00, 0x1C, 0x9F, 0xFF, 0x19,
    0xDF, 0xFF, 0x79, 0x98, 0xC7, 0x73, 0x98, 0xC7, 0x3F, 0x18, 0xC7, 0x1E, 0x18, 0xC7, 0x1F, 0xD8,
    0xC7, 0x1C, 0xD8, 0xC7, 0x1F, 0xF8, 0xC7, 0xFF, 0xFF, 0xFF, 0x7E, 0x7F, 0xFF, 0x06, 0x78, 0xC7,
    0x36, 0xD8, 0xC7, 0x36, 0xD8, 0xC7, 0x36, 0xD8, 0xC7, 0x76, 0xF8, 0xC7, 0x76, 0x78, 0xC7, 0x66,
    0x78, 0xC7, 0x66, 0x1F, 0xFF, 0x06, 0x1F, 0xFF, 0x06, 0x18, 0x07, 0x06, 0x08, 0x00, 0x04, 0x03,
    0x00, 0x07, 0x01, 0xC0, 0x03, 0x01, 0xC0, 0x03, 0xA0, 0xFF, 0x81, 0x98, 0xFF, 0xC3, 0xDC, 0xF0,
    0xE1, 0xCC, 0xF8, 0x60, 0x7E, 0xFE, 0x70, 0x1E, 0x73, 0xF0, 0x07, 0xD0, 0xF0, 0x07, 0x60, 0x78,
    0x07, 0x38, 0x7E, 0x07, 0xFC, 0xF3, 0xC3, 0xFF, 0xF0, 0xF8, 0x19, 0xF6, 0x3C, 0x6F, 0x27, 0x86,
    0x37, 0xC1, 0xF0, 0x1B, 0x60, 0x38, 0x1D, 0xB0, 0x04, 0x0C, 0xDD, 0xC0, 0x06, 0x65, 0xFC, 0x07,
    0x30, 0x3F, 0x80, 0x18, 0x03, 0xF0, 0x0C, 0x00, 0x78, 0x06, 0x00, 0x0C, 0x00, 0x04, 0x00, 0xC0,
    0x07, 0x00, 0x60, 0x03, 0x00, 0x30, 0x03, 0xB7, 0xFF, 0xE1, 0x9B, 0xFF, 0xF3, 0xDC, 0x06, 0x01,
    0xCC, 0x03, 0x00, 0x7E, 0x3F, 0xFC, 0x1E, 0x1F, 0xFE, 0x0F, 0xC0, 0x00, 0x07, 0x6F, 0xFF, 0xC7,
    0x3F, 0xFF, 0xEF, 0xFF, 0x00, 0x33, 0xFF, 0x80, 0x18, 0x3B, 0xDC, 0xCC, 0x7F, 0x0E, 0x60, 0x3F,
    0xC7, 0x30, 0x3F, 0x63, 0x98, 0x1F, 0xB1, 0x8C, 0x0D, 0xD9, 0xC6, 0x66, 0xEC, 0xE3, 0x3F, 0x70,
    0xE1, 0x9C, 0x39, 0xE0, 0xFC, 0x1C, 0xE0, 0x7E, 0x06, 0x60, 0x00, 0x00, 0x04, 0x00, 0x00, 0x0E,
    0x00, 0x00, 0x0C, 0x7F, 0xFF, 0x1D, 0x7F, 0xFF, 0x19, 0x80, 0x00, 0x7B, 0xBF, 0xFE, 0x73, 0x3F,
    0xFE, 0x3F, 0x38, 0x06, 0x1E, 0x38, 0x06, 0x1F, 0xB8, 0x06, 0x1D, 0xBF, 0xFE, 0x39, 0xBF, 0xFE,
    0xFF, 0xF8, 0x00, 0x7F, 0xFF, 0xFF, 0x0E, 0xFF, 0xFF, 0x3F, 0xBD, 0xB3, 0x3F, 0xBD, 0xB3, 0x7F,
    0xBD, 0xB3, 0x7F, 0xFF, 0xFF, 0x6E, 0xFF, 0xFF, 0x6E, 0xFD, 0xB3, 0xEE, 0xED, 0xB3, 0x4E, 0xED,
    0xB7, 0x0E, 0xCD, 0xBF, 0x0E, 0x0D, 0xBE, 0x08, 0x08, 0x06, 0x06, 0x0E, 0xC3, 0x07, 0x0E, 0x73,
    0x83, 0x27, 0x19, 0xC7, 0xBF, 0x0C, 0xC3, 0x9F, 0x06, 0x61, 0xDD, 0xB3, 0x30, 0x7C, 0x3F, 0xFE,
    0x1E, 0x1B, 0xFF, 0x0F, 0x9C, 0x18, 0x06, 0xDE, 0x0C, 0x07, 0x3F, 0x26, 0x0F, 0xFF, 0xBB, 0x03,
    0xFE, 0xDD, 0xF8, 0x32, 0x6E, 0xFC, 0x7B, 0x37, 0x60, 0x7D, 0x9B, 0xB0, 0x3E, 0xCD, 0xD8, 0x1B,
    0x66, 0xEC, 0x0D, 0xBB, 0x7E, 0x0E, 0xCD, 0xBF, 0x07, 0x60, 0xFF, 0x80, 0x30, 0x79, 0xFC, 0x18,
    0x3C, 0x7E, 0x0C, 0x00, 0x00, 0x00, 0x3F, 0xFF, 0xF8, 0xFF, 0xFF, 0xF9, 0xC7, 0x1C, 0x73, 0x8E,
    0x38, 0xE7, 0xFF, 0xFF, 0xCF, 0xFF, 0xFF, 0x80, 0x0E, 0x00, 0x7F, 0xFF, 0xFF, 0xFF, 0xFF, 0xFE,
    0x00, 0x70, 0x00, 0xCF, 0xFF, 0xE1, 0x9F, 0xFF, 0xC3, 0x38, 0x03, 0x86, 0x7F, 0xFF, 0x0C, 0xE0,
    0x0E, 0x19, 0xC0, 0x1C, 0x33, 0xFF, 0xF8, 0x67, 0x00, 0x70, 0xCF, 0xFF, 0xE1, 0x8F, 0xFF, 0x83,
    0x00, 0x00, 0x07, 0xFF, 0xFF, 0xCF, 0xFF, 0xFF, 0x98, 0x00, 0x00, 0x00, 0x18, 0x00, 0x3F, 0x1C,
    0x7F, 0x3F, 0x1C, 0xFF, 0x33, 0x1C, 0xE7, 0x33, 0x7F, 0xE7, 0x33, 0xFF, 0xE7, 0x33, 0x1C, 0xE7,
    0x33, 0x1C, 0xE7, 0x3F, 0x1C, 0xE7, 0x3F, 0x1C, 0xE7, 0x33, 0xFF, 0xE7, 0x33, 0xFF, 0xE7, 0x33,
    0x38, 0xE7, 0x33, 0x38, 0xE7, 0x3F, 0x30, 0xE7, 0x3F, 0x36, 0xE7, 0x33, 0x36, 0xE7, 0x33, 0x77,
    0xE7, 0x73, 0x73, 0xFF, 0x73, 0xFF, 0xFE, 0x73, 0xFF, 0xE0, 0x63, 0xF1, 0xE0, 0x63, 0x01, 0xE0,
    0x6F, 0x00, 0xE0, 0x6E, 0x00, 0x60, 0x01, 0x80, 0x00, 0x70, 0x00, 0x38, 0x00, 0x0E, 0x00, 0xFF,
    0xFF, 0xFF, 0xFF, 0xFC, 0x00, 0x1F, 0x00, 0x07, 0xC0, 0x01, 0xF0, 0x00, 0x7F, 0xFF, 0xFF, 0xFF,
    0xFF, 0xC0, 0x01, 0xF0, 0x00, 0x7C, 0x00, 0x1F, 0xFF, 0xFF, 0xFF, 0xFF, 0xF0, 0x00, 0x7C, 0x00,
    0x1F, 0x00, 0x07, 0xC0, 0x01, 0xFF, 0xFF, 0xFF, 0xFF, 0xFF, 0x00, 0x07, 0xC0, 0x01, 0x80, 0x03,
    0x00, 0x00, 0x03, 0x83, 0xFC, 0x01, 0xC1, 0xFE, 0x00, 0xC0, 0xE3, 0x03, 0xFE, 0x71, 0x81, 0xFF,
    0x30, 0xC0, 0xFB, 0x98, 0x6E, 0x7D, 0xCC, 0x37, 0x3F, 0xEE, 0x1F, 0x1D, 0xFE, 0x0F, 0x8E, 0xFB,
    0x00, 0x07, 0x3E, 0x00, 0x07, 0xFF, 0xFF, 0xE3, 0xFF, 0x7F, 0xF0, 0xFB, 0x98, 0x30, 0x7D, 0xCE,
    0x38, 0x3E, 0xE3, 0x1C, 0x1B, 0x71, 0xDC, 0x0D, 0xB8, 0x7C, 0x06, 0xDC, 0x1E, 0x03, 0x0E, 0x1F,
    0x03, 0x87, 0x3F, 0xE1, 0x83, 0xFC, 0x7C, 0xC7, 0xFC, 0x1E, 0x23, 0xC8, 0x03, 0x00, 0x00, 0xC0,
    0x00, 0x01, 0xC0, 0x00, 0x01, 0xFF, 0x80, 0x03, 0xFF, 0x80, 0x07, 0x03, 0x80, 0x0E, 0x07, 0x00,
    0x1E, 0x07, 0x00, 0x3F, 0xFF, 0xFC, 0x7F, 0xFF, 0xFC, 0x7C, 0x1C, 0x0C, 0x0C, 0x1C, 0x0C, 0x0C,
    0x1C, 0x0C, 0x0C, 0x1C, 0x0C, 0x0F, 0xFF, 0xFC, 0x0F, 0xFF, 0xFC, 0x0C, 0x00, 0x0C, 0x0C, 0x00,
    0x0C, 0x0C, 0x00, 0x00, 0x0C, 0x00, 0x03, 0x0C, 0x00, 0x07, 0x0C, 0x00, 0x07, 0x0E, 0x00, 0x07,
    0x0F, 0xFF, 0xFE, 0x07, 0xFF, 0xFC, 0x03, 0x01, 0x80, 0x03, 0x03, 0x80, 0xFF, 0xFF, 0xFE, 0xFF,
    0xFF, 0xFE, 0x03, 0x03, 0x80, 0x03, 0x0F, 0x80, 0x33, 0x1D, 0x80, 0x3C, 0x3F, 0xF8, 0x1E, 0x7F,
    0xF8, 0x0E, 0xF0, 0x38, 0x01, 0xFC, 0x70, 0xE3, 0xDF, 0xE0, 0xF9, 0x87, 0xC0, 0x7C, 0x1F, 0xE0,
    0x18, 0x7E, 0xFC, 0x03, 0xF8, 0x7E, 0x05, 0xFF, 0xFE, 0x0E, 0x7F, 0xF8, 0x1C, 0x60, 0x38, 0x1C,
    0x60, 0x38, 0x38, 0x60, 0x38, 0x78, 0x60, 0x38, 0x70, 0x7F, 0xF8, 0x60, 0x7F, 0xF8, 0x40, 0x60,
    0x38, 0x02, 0x00, 0x00, 0x03, 0x80, 0x00, 0x07, 0x1F, 0xFE, 0x0E, 0x3F, 0xFF, 0x3C, 0x00, 0x00,
    0x78, 0x00, 0x00, 0x71, 0x80, 0x00, 0x63, 0x80, 0x00, 0x03, 0x80, 0x00, 0x07, 0x7F, 0xFF, 0x0E,
    0x7F, 0xFF, 0x1E, 0x00, 0x30, 0x3E, 0x00, 0x30, 0x7E, 0x00, 0x30, 0x6E, 0x00, 0x30, 0x0E, 0x00,
    0x30, 0x0E, 0x00, 0x30, 0x0E, 0x00, 0x30, 0x0E, 0x00, 0x30, 0x0E, 0x00, 0x30, 0x0E, 0x00, 0x30,
    0x0E, 0x00, 0x30, 0x0E, 0x07, 0xF0, 0x0E, 0x03, 0xF0, 0x06, 0x00, 0x00, 0x00, 0x1C, 0x00, 0x00,
    0x0E, 0x00, 0x00, 0x07, 0x00, 0x07, 0xFF, 0xFF, 0xC3, 0xFF, 0xFF, 0xE0, 0x00, 0xE0, 0x00, 0x7F,
    0xFF, 0xF0, 0x3F, 0xFF, 0xF8, 0x00, 0x1C, 0x00, 0x00, 0x0E, 0x00, 0x1F, 0xFF, 0xFF, 0xCF, 0xFF,
    0xFF, 0xE0, 0x07, 0xE0, 0x00, 0x07, 0xB0, 0x70, 0x0F, 0x1C, 0x78, 0x1F, 0x06, 0xF8, 0x7F, 0x83,
    0xF0, 0x3E, 0xC0, 0xF0, 0x1C, 0x60, 0x70, 0x00, 0x30, 0x5E, 0x00, 0x1B, 0xF7, 0x80, 0x0F, 0xF9,
    0xE0, 0x7F, 0xE0, 0x7C, 0x3F, 0x00, 0x1E, 0x08, 0x00, 0x02, 0x00, 0x0C, 0x00, 0xC0, 0x0E, 0x00,
    0xDC, 0x0E, 0x00, 0xDE, 0x0E, 0x00, 0xC7, 0x0E, 0x3F, 0xFF, 0x7F, 0xFF, 0xFF, 0x7F, 0x80, 0xC0,
    0x01, 0x80, 0xC0, 0x03, 0xBF, 0xFF, 0x03, 0x3F, 0xFF, 0x07, 0x78, 0xC7, 0x0E, 0xF8, 0xC7, 0x0F,
    0xF8, 0xC7, 0x1F, 0xBF, 0xFF, 0x3F, 0xBF, 0xFF, 0x7F, 0xF8, 0xC7, 0x7E, 0xF8, 0xC7, 0x6E, 0x3F,
    0xFF, 0x0E, 0x3F, 0xFF, 0x0E, 0x38, 0xC7, 0x0E, 0x38, 0xC7, 0x0E, 0x38, 0xC7, 0x0E, 0x38, 0xC7,
    0x0E, 0x38, 0xDF, 0x0E, 0x38, 0xDE, 0xFF, 0xFF, 0xFF, 0xFF, 0xFF, 0xFC, 0x07, 0x1C, 0x01, 0xFF,
    0xFF, 0xC3, 0xFF, 0xFF, 0xC6, 0x38, 0xE3, 0x8C, 0x71, 0xC7, 0x18, 0xE3, 0x8E, 0x31, 0xC7, 0x1C,
    0x7F, 0xFF, 0xF8, 0xFF, 0xFF, 0xE0, 0x07, 0x00, 0x00, 0x1C, 0x00, 0x1F, 0xFF, 0xFF, 0xFF, 0xFF,
    0xFF, 0x83, 0x80, 0xE0, 0x0E, 0x03, 0x80, 0x1F, 0xCE, 0x00, 0x7F, 0xFC, 0x00, 0x07, 0xFE, 0x03,
    0xFF, 0xFF, 0x9F, 0xF8, 0x1F, 0x9F, 0x00, 0x07, 0x00, 0x0F, 0xFF, 0xF8, 0x07, 0xFF, 0xFC, 0x03,
    0x80, 0x0E, 0x01, 0xC0, 0x07, 0x00, 0xE0, 0x03, 0x80, 0x7F, 0xFF, 0xC0, 0x3F, 0xFF, 0xE0, 0x1C,
    0x00, 0x70, 0x0E, 0x00, 0x38, 0x07, 0xFF, 0xFC, 0x03, 0xFF, 0xFE, 0x01, 0xC0, 0x07, 0x00, 0xE0,
    0x03, 0x80, 0x7F, 0xFF, 0xC0, 0x3F, 0xFF, 0xE0, 0x03, 0x86, 0x00, 0x01, 0xC3, 0x00, 0x00, 0xE1,
    0x81, 0x00, 0xE0, 0xC0, 0xC0, 0xF0, 0x60, 0x61, 0xF0, 0x30, 0x33, 0xF0, 0x1F, 0xF9, 0xE0, 0x0F,
    0xF8, 0x40, 0x00, 0x00, 0x06, 0x00, 0x00, 0x03, 0x00, 0x00, 0x01, 0x87, 0xFF, 0x80, 0xC3, 0xFF,
    0xC0, 0x61, 0xC0, 0xE3, 0xFE, 0xE0, 0x71, 0xFF, 0x7F, 0xF8, 0x03, 0xBF, 0xFC, 0x01, 0xDC, 0x0E,
    0x01, 0xCE, 0x07, 0x01, 0xC7, 0xFF, 0x80, 0xE3, 0xFF, 0xC0, 0xF9, 0xC0, 0xE0, 0xFE, 0xE0, 0x70,
    0xFF, 0xF0, 0x39, 0xFD, 0xFF, 0xFC, 0xE6, 0x6F, 0xFE, 0x23, 0x03, 0xB8, 0x01, 0x81, 0xDC, 0x00,
    0xC0, 0xCE, 0x40, 0x60, 0xE7, 0x38, 0x30, 0xE3, 0x98, 0x19, 0xE1, 0xFC, 0x0C, 0xE0, 0x7E, 0x06,
    0x00, 0x00, 0x00, 0x0C, 0x00, 0x00, 0x07, 0x00, 0x00, 0x03, 0x03, 0xFF, 0xC3, 0xF9, 0xFF, 0xE1,
    0xFC, 0x1C, 0x71, 0xCE, 0x0E, 0x38, 0xE6, 0x0E, 0x18, 0xFF, 0xEF, 0x0C, 0x7F, 0xFF, 0x3E, 0x3D,
    0x9F, 0x1F, 0x0E, 0xCF, 0xDC, 0x07, 0xFE, 0x6E, 0x03, 0xFF, 0x77, 0x01, 0xD9, 0xBF, 0xF8, 0xEC,
    0xDF, 0xFC, 0x76, 0x7C, 0xE0, 0x3F, 0xFC, 0x70, 0x1F, 0xF8, 0x38, 0x0C, 0x0F, 0xFF, 0xC6, 0x07,
    0xFF, 0xE3, 0x03, 0x07, 0x03, 0x81, 0x83, 0x81, 0xC0, 0xC1, 0xC0, 0xC3, 0xE0, 0xE0, 0x61, 0xE0,
    0x60, 0x00, 0x0F, 0xFF, 0xE0, 0x1F, 0xFF, 0xC0, 0x00, 0x00, 0x07, 0xFF, 0xFF, 0xFF, 0xFF, 0xFF,
    0xE0, 0x00, 0x00, 0x00, 0x00, 0x00, 0x07, 0xFF, 0xF0, 0x0F, 0xFF, 0xE0, 0x00, 0x00, 0x00, 0x3F,
    0xFF, 0x80, 0x7F, 0xFF, 0x00, 0x00, 0x00, 0x00, 0x00, 0x00, 0x03, 0xFF, 0xF8, 0x07, 0xFF, 0xF0,
    0x0C, 0x00, 0x60, 0x18, 0x00, 0xC0, 0x30, 0x01, 0x80, 0x60, 0x03, 0x00, 0xFF, 0xFE, 0x01, 0xFF,
    0xFC, 0x03, 0x00, 0x18, 0x00, 0x00, 0x00, 0x60, 0x1F, 0xE0, 0x70, 0x0F, 0xF0, 0x38, 0x00, 0x00,
    0x1C, 0x00, 0x00, 0x0E, 0x03, 0xFF, 0x07, 0x01, 0xFF, 0x83, 0x80, 0x00, 0x01, 0xC0, 0x3F, 0xC0,
    0xE0, 0x1F, 0xEF, 0xFF, 0xC0, 0x0F, 0xFF, 0xE0, 0x00, 0x1C, 0x03, 0xFC, 0x0E, 0x01, 0xFE, 0x07,
    0x00, 0x00, 0x03, 0x80, 0x7F, 0x81, 0xC0, 0x3F, 0xC0, 0xE0, 0x18, 0x60, 0x70, 0x0C, 0x30, 0x38,
    0x06, 0x18, 0x1C, 0x03, 0x0C, 0x0E, 0x01, 0xFE, 0x07, 0x00, 0xFF, 0x03, 0x80, 0x60, 0x01, 0xC0,
    0x30, 0x00, 0xE0, 0x00, 0x3F, 0xC0, 0x00, 0x1F, 0xE7, 0xFF, 0x00, 0x03, 0xFF, 0x80, 0x00, 0x01,
    0xC7, 0xFE, 0x00, 0xE3, 0xFF, 0x00, 0x70, 0x00, 0x00, 0x38, 0x7F, 0x80, 0x1C, 0x3F, 0xC0, 0x0E,
    0x00, 0x07, 0xFF, 0x00, 0x03, 0xFF, 0x87, 0xF9, 0xC1, 0xC3, 0xFC, 0xE0, 0x60, 0x00, 0x70, 0x00,
    0xFF, 0x38, 0x00, 0x7F, 0x9C, 0x00, 0x30, 0xCE, 0x00, 0x18, 0x67, 0x01, 0x8C, 0x33, 0x80, 0xC6,
    0x19, 0xC0, 0x63, 0xFC, 0xE0, 0x71, 0xFE, 0x7F, 0xF8, 0xC0, 0x1F, 0xF8, 0x60, 0x00, 0x00, 0x3F,
    0xCF, 0xF8, 0x1F, 0xE7, 0xFC, 0x00, 0x03, 0x8E, 0x00, 0x01, 0xC7, 0x07, 0xFE, 0xC3, 0x83, 0xFF,
    0x61, 0xD8, 0x00, 0x70, 0xEC, 0x7F, 0xB8, 0x7E, 0x3F, 0xF8, 0x1F, 0x00, 0x18, 0x00, 0x00, 0x00,
    0x00, 0x07, 0xFF, 0xFF, 0xC3, 0xFF, 0xFF, 0xE0, 0x00, 0x70, 0xE0, 0xFF, 0x38, 0x70, 0x7F, 0x8E,
    0x70, 0x30, 0xC7, 0x38, 0x18, 0x61, 0xF8, 0x0C, 0x30, 0x78, 0x06, 0x18, 0x7E, 0x03, 0xFC, 0xFF,
    0xC1, 0xFF, 0xF9, 0xF8, 0xC0, 0xF0, 0x3C, 0x60, 0x60, 0x04, 0x3F, 0x80, 0x00, 0x1F, 0xEF, 0xFF,
    0x80, 0x07, 0xFF, 0xC0, 0x00, 0x1C, 0x07, 0xFC, 0x0E, 0x03, 0xFE, 0x07, 0x00, 0x00, 0x03, 0x80,
    0x7F, 0x19, 0xC0, 0x3F, 0xCC, 0xE0, 0x00, 0x06, 0x70, 0x00, 0x03, 0x3F, 0xC7, 0xF9, 0x9F, 0xE3,
    0xF8, 0xCE, 0x00, 0x00, 0x67, 0x00, 0xFF, 0x33, 0x80, 0x7F, 0x99, 0xC0, 0x31, 0xCC, 0xE0, 0x18,
    0xE6, 0x70, 0x0C, 0x73, 0x38, 0x06, 0x39, 0x9C, 0x03, 0xFC, 0xCE, 0x01, 0xFF, 0xFF, 0xF8, 0xC0,
    0xFF, 0xFC, 0x60, 0x00, 0x00, 0x3F, 0x80, 0x3C, 0x1F, 0xC0, 0x1F, 0x00, 0x00, 0x0D, 0xC0, 0x00,
    0x06, 0x67, 0xFC, 0x03, 0x03, 0xFF, 0xFF, 0xF8, 0x00, 0xFF, 0xFC, 0x7F, 0x00, 0x60, 0x3F, 0xC0,
    0x30, 0x00, 0x00, 0x18, 0x00, 0x0F, 0xFC, 0x07, 0xFF, 0xFE, 0x03, 0xF8, 0x63, 0x00, 0x00, 0x31,
    0xC0, 0xFE, 0x18, 0xE0, 0x7F, 0x8C, 0x70, 0x31, 0xC6, 0x38, 0x18, 0xE3, 0x0C, 0x0C, 0x71, 0xF6,
    0x66, 0x3B, 0xFB, 0x73, 0xFF, 0xF9, 0xF1, 0xFF, 0xC0, 0x78, 0xC0, 0x00, 0x3C, 0x40, 0x00, 0x04,
    0x00, 0x04, 0x0C, 0x1F, 0xE6, 0x07, 0x0F, 0xF3, 0x83, 0x00, 0x00, 0xC3, 0x80, 0x00, 0x71, 0x83,
    0xFF, 0xFF, 0xF9, 0xFF, 0xFF, 0xFC, 0x00, 0x01, 0xC0, 0x3F, 0xC0, 0xE0, 0x1F, 0xE0, 0x70, 0x00,
    0x00, 0x38, 0x00, 0x03, 0xFF, 0xE3, 0xFD, 0xFF, 0xE1, 0xFE, 0x07, 0x00, 0x00, 0x03, 0x80, 0x7F,
    0x81, 0xC0, 0x3F, 0xFF, 0xFF, 0x18, 0x7F, 0xFF, 0x8C, 0x30, 0x38, 0x06, 0x18, 0x1C, 0x03, 0x0C,
    0x0E, 0x01, 0xFE, 0x07, 0x00, 0xFF, 0x03, 0x80, 0x60, 0x01, 0xC0, 0x30, 0x00, 0xC0, 0x00, 0x3F,
    0x9F, 0xFE, 0x1F, 0xCF, 0xFF, 0x80, 0x00, 0x61, 0x80, 0x00, 0x30, 0xC7, 0xFD, 0xF8, 0x63, 0xFE,
    0xFC, 0x30, 0x00, 0x1F, 0x18, 0x7F, 0x0F, 0xCC, 0x3F, 0xCE, 0x66, 0x00, 0x07, 0x07, 0x00, 0x0F,
    0x1F, 0x87, 0xFF, 0x7F, 0x83, 0xF8, 0x3C, 0x00, 0x00, 0x0F, 0x00, 0xFE, 0x1D, 0xC0, 0x7F, 0xBE,
    0x58, 0x31, 0xDF, 0x0E, 0x18, 0xEF, 0x83, 0x0C, 0x7F, 0xC7, 0xC6, 0x3F, 0xE3, 0x63, 0xFF, 0x71,
    0xB9, 0xFF, 0xBF, 0xD8, 0xC0, 0x0F, 0xE0, 0x40, 0x00, 0x00, 0x3F, 0x9F, 0xFE, 0x1F, 0xEF, 0xFF,
    0x80, 0x00, 0xE0, 0x00, 0x00, 0x70, 0x07, 0xFC, 0x38, 0x03, 0xFE, 0xFF, 0xE0, 0x00, 0x7F, 0xF0,
    0x7F, 0x06, 0x18, 0x3F, 0xC7, 0x0C, 0x00, 0x03, 0x86, 0x00, 0x0F, 0xFF, 0xC7, 0xFF, 0xFF, 0xE3,
    0xF8, 0x00, 0x00, 0x00, 0x00, 0x00, 0xFF, 0x3F, 0xF8, 0x7F, 0x9F, 0xFC, 0x31, 0xCC, 0x0E, 0x18,
    0xE6, 0x07, 0x0C, 0x73, 0x03, 0x86, 0x39, 0x81, 0xC3, 0xFC, 0xFF, 0xE1, 0xFE, 0x7F, 0xF0, 0xC0,
    0x30, 0x38, 0x60, 0x18, 0x08, 0x00, 0x00, 0xC0, 0x1F, 0xC0, 0xE0, 0x0F, 0xE0, 0x70, 0x00, 0x07,
    0xFF, 0xE0, 0x03, 0xFF, 0xF3, 0xFE, 0x0E, 0x01, 0xFF, 0x07, 0x00, 0x00, 0x3F, 0xFC, 0x3F, 0x9F,
    0xFE, 0x1F, 0xC0, 0x00, 0x00, 0x0F, 0xFF, 0xC0, 0x07, 0xFF, 0xE3, 0xFB, 0x00, 0x31, 0xFD, 0x91,
    0x98, 0x00, 0xDC, 0xCC, 0x7F, 0x0E, 0x60, 0x3F, 0x87, 0x30, 0x18, 0xC3, 0x18, 0x0C, 0x61, 0x8C,
    0x06, 0x31, 0xC6, 0x63, 0x18, 0xE3, 0x39, 0xFC, 0xE1, 0x98, 0xFF, 0xE0, 0xFC, 0x60, 0xE0, 0x7E,
    0x20, 0x60, 0x00, 0x00, 0x03, 0x00, 0x00, 0x01, 0x80, 0x00, 0x00, 0xC1, 0xFF, 0x87, 0xFE, 0xFF,
    0xC7, 0xFF, 0x00, 0xE0, 0x18, 0x00, 0x70, 0x0C, 0x00, 0x38, 0x06, 0x00, 0x1C, 0x7F, 0xF8, 0x0E,
    0x3F, 0xFF, 0xFF, 0x00, 0xE1, 0xFF, 0x80, 0x70, 0xE0, 0xC3, 0xB8, 0x70, 0x01, 0xDC, 0x38, 0x00,
    0xCF, 0xFC, 0x08, 0x67, 0xFE, 0x06, 0x3B, 0x87, 0x03, 0x1D, 0xC3, 0x81, 0x8F, 0xE1, 0xFF, 0xC7,
    0xF0, 0x7F, 0xC7, 0xF8, 0x00, 0x03, 0xBF, 0x80, 0x01, 0x8F, 0xFF, 0xFD, 0xC1, 0xFF, 0xFE, 0x60,
    0x00, 0x00, 0x00, 0x03, 0x00, 0x00, 0x03, 0x80, 0x00, 0x01, 0xC0, 0x00, 0x0F, 0xFE, 0xFF, 0xC7,
    0xFF, 0x7F, 0xE0, 0x38, 0x00, 0x00, 0x1C, 0x00, 0x00, 0x7F, 0xE0, 0x00, 0x3F, 0xF0, 0x00, 0x19,
    0x98, 0x00, 0x0C, 0xCF, 0xFF, 0xC7, 0xFF, 0xFF, 0xE3, 0xFF, 0x1C, 0x01, 0x99, 0x8E, 0x00, 0xFF,
    0xC7, 0x00, 0x7F, 0xE3, 0x10, 0x07, 0x03, 0x9C, 0x03, 0x81, 0xC6, 0x1F, 0xFE, 0xE3, 0x8F, 0xFF,
    0x61, 0xC0, 0x70, 0x30, 0x70, 0x38, 0x7F, 0xF8, 0x1C, 0x7F, 0xFC, 0x0E, 0x1F, 0x86, 0x03, 0x00,
    0x02, 0x00, 0x30, 0x00, 0x00, 0x3C, 0x1F, 0xC0, 0x0F, 0x0F, 0xE0, 0x03, 0xC0, 0x70, 0x00, 0xE0,
    0x18, 0x00, 0x20, 0x0C, 0x00, 0x00, 0x0E, 0x00, 0x00, 0x07, 0x80, 0x00, 0x07, 0xC0, 0x00, 0x03,
    0xE0, 0x1F, 0x81, 0xB8, 0x0F, 0xC1, 0xDC, 0x00, 0xE0, 0xEE, 0x00, 0x70, 0xE3, 0x80, 0x38, 0xF1,
    0xE0, 0x1C, 0x70, 0x70, 0x0E, 0x70, 0x1C, 0x07, 0xF0, 0x07, 0x83, 0xB0, 0x01, 0xC3, 0xE0, 0x00,
    0x07, 0xFE, 0x00, 0x03, 0x8F, 0xFF, 0xF9, 0x81, 0xFF, 0xFC, 0x00, 0x00, 0x00, 0x00, 0x00, 0x08,
    0x18, 0x00, 0x7E, 0x1E, 0x0F, 0xFF, 0x07, 0x87, 0xFC, 0x01, 0xE3, 0x80, 0x00, 0x71, 0xC0, 0x00,
    0x10, 0xE0, 0x00, 0x00, 0x70, 0x00, 0x00, 0x3F, 0xFF, 0x00, 0x1F, 0xFF, 0x80, 0x0C, 0x1C, 0x0F,
    0xC6, 0x0E, 0x07, 0xE3, 0x07, 0x00, 0x73, 0x83, 0x80, 0x39, 0xC1, 0xC0, 0x1C, 0xE0, 0xE0, 0x0E,
    0xE0, 0x70, 0x07, 0x70, 0x38, 0x03, 0xF0, 0x1C, 0x01, 0xD8, 0x0E, 0x01, 0xF0, 0x06, 0x03, 0xFF,
    0x00, 0x01, 0xC7, 0xFF, 0xFC, 0xC0, 0xFF, 0xFE, 0x00, 0x00, 0x00, 0x00, 0x00, 0x03, 0x00, 0x18,
    0x01, 0xC0, 0x1E, 0x01, 0xC0, 0x07, 0x8F, 0xFF, 0x81, 0xE7, 0xFF, 0xC0, 0x73, 0x80, 0xE0, 0x11,
    0xC0, 0x70, 0x00, 0xE0, 0x38, 0x00, 0x7F, 0xFC, 0x00, 0x3F, 0xFE, 0x00, 0x1C, 0x00, 0x0F, 0xCE,
    0x00, 0x07, 0xE7, 0xFF, 0xE0, 0x73, 0xFF, 0xF0, 0x39, 0xC0, 0x38, 0x1C, 0xE0, 0x1C, 0x0E, 0x70,
    0x0E, 0x07, 0x38, 0x07, 0x03, 0x9F, 0xFF, 0x81, 0xCF, 0xFF, 0xC1, 0xF0, 0x00, 0x03, 0xFF, 0x00,
    0x01, 0xC7, 0xFF, 0xFC, 0xC0, 0xFF, 0xFE, 0x00, 0x00, 0x00, 0x00, 0x10, 0x00, 0x00, 0x1C, 0x1F,
    0xFE, 0x0F, 0x0F, 0xFF, 0x03, 0xC6, 0x03, 0x80, 0x73, 0xFF, 0xC0, 0x11, 0xFF, 0xE0, 0x00, 0xC0,
    0x70, 0x00, 0x60, 0x38, 0x00, 0x30, 0x1C, 0x00, 0x1F, 0xFE, 0x1F, 0x8F, 0xFF, 0x8F, 0xC6, 0x31,
    0xE0, 0xE3, 0x1D, 0xE0, 0x71, 0x87, 0xC0, 0x38, 0xC3, 0xC0, 0x1C, 0x60, 0xE0, 0x0E, 0x3F, 0xB8,
    0x07, 0x7F, 0xCF, 0x03, 0xBF, 0x03, 0xC3, 0xFC, 0x00, 0xC7, 0xFE, 0x00, 0x03, 0x8F, 0xFF, 0xF9,
    0x81, 0xFF, 0xFC, 0x00, 0x00, 0x00, 0x00, 0x10, 0x18, 0x18, 0x18, 0x0E, 0x1E, 0x0E, 0x0E, 0x07,
    0x83, 0x87, 0x00, 0xE1, 0xC7, 0x00, 0x37, 0xFF, 0xF0, 0x03, 0xFF, 0xF8, 0x00, 0x07, 0x00, 0x00,
    0x03, 0x80, 0x00, 0x01, 0xC0, 0x00, 0x00, 0xE0, 0x0F, 0xDF, 0xFF, 0xE7, 0xEF, 0xFF, 0xF0, 0x70,
    0x1E, 0x00, 0x38, 0x1F, 0x00, 0x1C, 0x0F, 0xC0, 0x0E, 0x0E, 0x70, 0x07, 0x0E, 0x3C, 0x03, 0x9E,
    0x0F, 0x81, 0xDE, 0x03, 0xE1, 0xF6, 0x00, 0x63, 0xFF, 0x00, 0x01, 0xC7, 0xFF, 0xFC, 0xC0, 0xFF,
    0xFE, 0x00, 0x00, 0x00, 0x00, 0x00, 0x10, 0x18, 0x18, 0x18, 0x0E, 0x1E, 0x0E, 0x0E, 0x07, 0x83,
    0x86, 0x01, 0xE1, 0xC7, 0x00, 0x7F, 0xFF, 0xF8, 0x17, 0xFF, 0xFC, 0x00, 0x07, 0x00, 0x00, 0x63,
    0x8E, 0x00, 0x31, 0xC7, 0x00, 0x18, 0xE3, 0x8F, 0xCC, 0x71, 0xC7, 0xE6, 0x38, 0xE0, 0x73, 0x1C,
    0x70, 0x39, 0xFF, 0xF8, 0x1C, 0xFF, 0xFC, 0x0E, 0x03, 0x00, 0x07, 0x03, 0x80, 0x03, 0x81, 0xC0,
    0x01, 0xC3, 0xC0, 0x01, 0xF3, 0xC0, 0x03, 0xFF, 0xC0, 0x01, 0xC7, 0xFF, 0xFC, 0xC1, 0xFF, 0xFE,
    0x00, 0x00, 0x00, 0x00, 0x00, 0x18, 0x40, 0x18, 0x0E, 0x30, 0x1E, 0x0E, 0x38, 0x07, 0x87, 0x1C,
    0x01, 0xE7, 0xFF, 0xE0, 0x73, 0xFF, 0xF0, 0x13, 0xC7, 0x00, 0x03, 0xE3, 0x80, 0x03, 0xF1, 0xC0,
    0x01, 0xFF, 0xFF, 0x00, 0x5F, 0xFF, 0x8F, 0xCE, 0x38, 0x07, 0xE7, 0x1C, 0x00, 0x73, 0xFF, 0xF0,
    0x39, 0xFF, 0xF8, 0x1C, 0xE3, 0x80, 0x0E, 0x71, 0xC0, 0x07, 0x38, 0xE0, 0x03, 0x9F, 0xFF, 0xC1,
    0xCF, 0xFF, 0xE1, 0xF0, 0x00, 0x03, 0xFE, 0x00, 0x01, 0xC7, 0xFF, 0xFC, 0xC1, 0xFF, 0xFE, 0x00,
    0x00, 0x00, 0x00, 0x00, 0x03, 0x00, 0x10, 0x01, 0xC0, 0x1E, 0x00, 0xE0, 0x07, 0xBF, 0xFF, 0xE1,
    0xDF, 0xFF, 0xF0, 0x70, 0xC1, 0x80, 0x10, 0x71, 0xC0, 0x01, 0xFF, 0xFC, 0x00, 0xFF, 0xFE, 0x00,
    0x71, 0xC3, 0x00, 0x3F, 0xFD, 0x8F, 0xDF, 0xFE, 0xC7, 0xEE, 0x38, 0x60, 0x77, 0x7F, 0x30, 0x3B,
    0xBF, 0x98, 0x1D, 0xD8, 0xCC, 0x0E, 0xEC, 0x66, 0x07, 0x77, 0xF3, 0x03, 0xBB, 0xF9, 0x81, 0xDD,
    0x07, 0xC1, 0xFC, 0x03, 0xC3, 0xFE, 0x00, 0x01, 0xC7, 0xFF, 0xFC, 0xC1, 0xFF, 0xFE, 0x00, 0x00,
    0x00, 0x00, 0x21, 0xFE, 0xFE, 0x38, 0xFF, 0xFF, 0x0E, 0x03, 0x81, 0x83, 0x9F, 0xDF, 0xC0, 0xEF,
    0xEF, 0xE0, 0x66, 0x06, 0x10, 0x03, 0x1F, 0x0C, 0x01, 0xFD, 0xFE, 0x00, 0x7C, 0x7E, 0x00, 0x0E,
    0x38, 0x1F, 0x3F, 0xFF, 0x8F, 0xBF, 0xFF, 0xC0, 0xC1, 0xC7, 0x00, 0x60, 0xE3, 0x80, 0x37, 0xFF,
    0xFC, 0x1B, 0xFF, 0xFE, 0x0C, 0x1C, 0x60, 0x06, 0x1E, 0x3C, 0x03, 0xBE, 0x0F, 0x83, 0xFC, 0x01,
    0xC7, 0xFC, 0x00, 0x43, 0x9F, 0xFF, 0xF9, 0x83, 0xFF, 0xFC, 0x00, 0x00, 0x00, 0xFF, 0xF0, 0x00,
    0xFF, 0xFF, 0xFE, 0x0F, 0x8F, 0xFE, 0x0F, 0x80, 0x0E, 0x0F, 0x80, 0x0E, 0x7F, 0xE0, 0x0E, 0x7F,
    0xE0, 0x0E, 0x6F, 0x60, 0x0E, 0x6F, 0x60, 0x0E, 0x6F, 0x67, 0xFE, 0x6B, 0x67, 0xFE, 0x7B, 0x66,
    0x0E, 0x7B, 0xE6, 0x0C, 0x70, 0x66, 0x00, 0x60, 0x66, 0x00, 0x60, 0x66, 0x00, 0x7F, 0xE6, 0x00,
    0x7F, 0xE6, 0x06, 0x60, 0x66, 0x07, 0x60, 0x66, 0x06, 0x7F, 0xE6, 0x06, 0x7F, 0xE7, 0xFE, 0x60,
    0x67, 0xFC, 0x60, 0x00, 0x00, 0x1F, 0xFF, 0xF0, 0x38, 0x00, 0xE0, 0x70, 0x01, 0xC0, 0xFF, 0xFF,
    0x81, 0xC0, 0x07, 0x03, 0x80, 0x0E, 0x07, 0xFF, 0xFC, 0x00, 0x00, 0x00, 0xFF, 0xFF, 0xFF, 0xFF,
    0xFF, 0xFC, 0x7F, 0xFF, 0xC0, 0xFF, 0xFF, 0xC1, 0x83, 0x83, 0x83, 0xFF, 0xFF, 0x06, 0x0E, 0x0E,
    0x0F, 0xFF, 0xFC, 0x1F, 0xFF, 0xF8, 0x00, 0x70, 0x00, 0xFF, 0xFF, 0xE1, 0xFF, 0xFF, 0xC0, 0x03,
    0x80, 0x1F, 0xFF, 0xFF, 0xFF, 0xFF, 0xFF, 0x80, 0x06, 0x00, 0x00, 0x07, 0x87, 0xFE, 0x03, 0xE3,
    0xFF, 0x03, 0xB8, 0x01, 0x83, 0x8E, 0x00, 0xC1, 0xC3, 0x7F, 0xE1, 0xC1, 0x3F, 0xF1, 0xFF, 0x80,
    0x18, 0x7F, 0xC0, 0x0C, 0x03, 0x1F, 0xFF, 0x81, 0x8F, 0xFF, 0xCF, 0xFC, 0x18, 0x07, 0xFE, 0x8E,
    0x30, 0x30, 0xE7, 0x38, 0x9B, 0x3B, 0xB8, 0x6D, 0xCD, 0xF8, 0x36, 0xC6, 0xF8, 0x1B, 0x60, 0xFC,
    0x0D, 0xB1, 0xF7, 0x06, 0xD1, 0xFB, 0x80, 0x7F, 0xCC, 0xF3, 0xFF, 0xC6, 0x3D, 0xFC, 0x43, 0x0C,
    0xE0, 0x07, 0x80, 0x00, 0x03, 0xC0, 0x00, 0x0F, 0xFF, 0xF8, 0x0F, 0xFF, 0xF8, 0x0E, 0x00, 0x00,
    0x0E, 0x00, 0x00, 0x0F, 0xFF, 0xF0, 0x0F, 0xFF, 0xF0, 0x0E, 0x00, 0x00, 0x0E, 0x00, 0x00, 0x0F,
    0xFF, 0xF0, 0x0F, 0xFF, 0xF0, 0x0E, 0x00, 0x00, 0x0E, 0x00, 0x00, 0xFF, 0xFF, 0xFE, 0xFF, 0xFF,
    0xFE, 0x0E, 0x38, 0x18, 0x0E, 0x1C, 0x78, 0x0E, 0x1C, 0xF0, 0x0E, 0x0F, 0xC0, 0x0E, 0x07, 0x80,
    0x0E, 0x1F, 0xC0, 0x0F, 0xFD, 0xF0, 0x7F, 0xF8, 0xFE, 0x7F, 0x00, 0x3E, 0x20, 0x00, 0x04, 0xFF,
    0xDF, 0xFF, 0xFE, 0xFF, 0xF0, 0x77, 0x07, 0x83, 0xB8, 0x3F, 0xFD, 0xFF, 0xFF, 0xEF, 0xFF, 0x07,
    0x70, 0x78, 0x3B, 0x83, 0xFF, 0xDF, 0xFF, 0xFE, 0xFF, 0xF0, 0x00, 0x07, 0x9F, 0xFF, 0x3C, 0xFF,
    0xF9, 0xE0, 0xC6, 0x0F, 0x06, 0x30, 0x79, 0xFF, 0xFB, 0xDF, 0xFF, 0xDE, 0x1C, 0x60, 0xF0, 0xE3,
    0x07, 0x86, 0x18, 0x3C, 0x70, 0xC1, 0xE7, 0x06, 0xFF, 0x38, 0x37, 0xE0, 0x00, 0x00, 0xFF, 0xDF,
    0xFF, 0xFE, 0xFF, 0xF0, 0x77, 0x07, 0x83, 0xB8, 0x3F, 0xFD, 0xFF, 0xFF, 0xEF, 0xFF, 0x07, 0x70,
    0x78, 0x3B, 0x83, 0xFF, 0xDF, 0xFF, 0xFE, 0xFF, 0xF0, 0x00, 0x07, 0x87, 0xFC, 0x3C, 0x7F, 0xE1,
    0xE3, 0x83, 0x0F, 0x1C, 0x18, 0x78, 0xFF, 0xC3, 0xC7, 0xFE, 0x1E, 0x38, 0x30, 0xF1, 0xC1, 0x87,
    0x8F, 0xFC, 0x3C, 0x7F, 0xE1, 0xE3, 0x80, 0xFF, 0x0C, 0x07, 0xE0, 0x00, 0x00, 0x00, 0x06, 0x00,
    0x00, 0x1E, 0x03, 0xF8, 0x3E, 0x07, 0xF0, 0xFC, 0x0C, 0xE3, 0x9C, 0x19, 0x8E, 0x1E, 0x33, 0x38,
    0x1E, 0x6F, 0xE0, 0x1E, 0xDB, 0xFF, 0xFD, 0xB2, 0xFF, 0xC3, 0x70, 0x18, 0x06, 0x70, 0x30, 0x0C,
    0xE0, 0x60, 0x18, 0xFF, 0xFF, 0x31, 0xFF, 0xFE, 0x63, 0x03, 0x00, 0xFE, 0x66, 0x61, 0xF9, 0xCC,
    0xE3, 0x03, 0x18, 0xC6, 0x0E, 0x31, 0xCC, 0x1C, 0x61, 0xD8, 0x70, 0xC3, 0xB0, 0xC1, 0x83, 0x60,
    0x1F, 0x00, 0xC0, 0x3E, 0x00, 0x00, 0x20, 0x00, 0x00, 0x73, 0x00, 0x7E, 0x7F, 0xFC, 0x7E, 0xFF,
    0xFE, 0x66, 0xCF, 0x8E, 0x6F, 0xFD, 0xCC, 0x6F, 0xBC, 0xDC, 0x6F, 0xDC, 0xF8, 0x6E, 0xF8, 0x78,
    0x7C, 0x70, 0x70, 0x6C, 0x70, 0x38, 0x6F, 0xFF, 0xFC, 0x67, 0xFF, 0xFE, 0x67, 0x80, 0x06, 0x66,
    0x00, 0x00, 0x66, 0xFF, 0xFC, 0x66, 0xFF, 0xFC, 0x7E, 0x03, 0x00, 0x7C, 0x63, 0x30, 0x60, 0xE3,
    0x38, 0x60, 0xE3, 0x1C, 0x61, 0xC3, 0x1C, 0x63, 0x83, 0x0E, 0x61, 0x9F, 0x04, 0x60, 0x1E, 0x00,
    0x00, 0x06, 0x00, 0x00, 0x18, 0x0F, 0xFF, 0xFF, 0xFF, 0xFF, 0xFF, 0xCE, 0x70, 0xE3, 0x38, 0xC3,
    0x0C, 0xFF, 0xFF, 0xF7, 0xFF, 0xFF, 0xD8, 0x00, 0x03, 0x63, 0xFF, 0xCD, 0xCF, 0xFF, 0xB3, 0xB0,
    0x0E, 0xCE, 0xFF, 0xFB, 0x1B, 0xFF, 0xEC, 0x6C, 0x03, 0xB1, 0xBF, 0xFE, 0xFE, 0xFF, 0xFB, 0xF0,
    0x18, 0x0C, 0x00, 0x60, 0x30, 0xFF, 0xFF, 0xC3, 0xFF, 0xFF, 0x00, 0x18, 0x0C, 0x00, 0x60, 0x30,
    0x01, 0x80, 0xC0, 0x06, 0x00, 0x00, 0x00, 0x00, 0x00, 0x0F, 0xCF, 0xFF, 0xFF, 0xBF, 0xFF, 0xE4,
    0xCE, 0xCE, 0x3B, 0x3B, 0x18, 0xEC, 0xCE, 0x67, 0x37, 0x19, 0xD8, 0xD8, 0xFF, 0xFB, 0x67, 0xFF,
    0xED, 0xC0, 0x03, 0xB3, 0xBF, 0xFE, 0xCE, 0xFF, 0xFB, 0x18, 0x00, 0xEC, 0x6F, 0xFF, 0xB1, 0xFF,
    0xFE, 0xFE, 0x1E, 0x03, 0xF0, 0x3C, 0x0C, 0x1B, 0x77, 0x30, 0x6C, 0x4E, 0xC3, 0xB0, 0xDB, 0x0E,
    0xC3, 0xFC, 0x73, 0xFC, 0xF0, 0x8F, 0xF2, 0xC0, 0x00, 0x00, 0x03, 0x06, 0x00, 0x01, 0xC7, 0x00,
    0x01, 0xC3, 0x80, 0x01, 0xFF, 0xFF, 0x80, 0xFF, 0xFF, 0xC0, 0xF0, 0x60, 0x00, 0xF8, 0x30, 0x00,
    0xFF, 0xFF, 0xF0, 0x7F, 0xFF, 0xF8, 0x07, 0x06, 0x00, 0x03, 0xFF, 0xFE, 0x01, 0xFF, 0xFF, 0x00,
    0xE0, 0xC0, 0x00, 0x7F, 0xFF, 0xF0, 0x3F, 0xFF, 0xF8, 0x00, 0x38, 0x00, 0x7F, 0xFF, 0xFF, 0x3F,
    0xFF, 0xFF, 0x80, 0x1F, 0xC0, 0x00, 0x3F, 0xF8, 0x00, 0x7D, 0xDF, 0x00, 0xF8, 0xE3, 0xF1, 0xF8,
    0x70, 0x7C, 0xF0, 0x38, 0x0E, 0x00, 0x1C, 0x00, 0x00, 0x3F, 0xFF, 0xF8, 0x3F, 0xFF, 0xF8, 0x00,
    0x38, 0x00, 0x7F, 0xFF, 0xFC, 0x7F, 0xFF, 0xFC, 0x60, 0x38, 0x0C, 0x6F, 0xBB, 0xEC, 0x6F, 0xFF,
    0xEC, 0x60, 0x38, 0x0C, 0x1F, 0xFF, 0xF0, 0x0F, 0xBB, 0xF0, 0x00, 0x00, 0x00, 0x1F, 0xFF, 0xF0,
    0x1F, 0xFF, 0xF0, 0x18, 0x38, 0x30, 0x1F, 0xFF, 0xF0, 0x1F, 0xFF, 0xF0, 0x18, 0x38, 0x30, 0x1F,
    0xFF, 0xF0, 0x1F, 0xFF, 0xF6, 0x18, 0x38, 0x06, 0x00, 0x3F, 0xFE, 0x00, 0x1F, 0xFC, 0x00, 0xC3,
    0x00, 0x00, 0xE3, 0x80, 0x00, 0xE3, 0x80, 0x00, 0xE3, 0x80, 0x3F, 0xE3, 0xFF, 0x3F, 0xE3, 0xFF,
    0x00, 0xE3, 0x80, 0x00, 0xE3, 0x80, 0x00, 0xE3, 0x80, 0x00, 0xE3, 0x80, 0x3F, 0xE3, 0xFE, 0x3F,
    0xE3, 0xFE, 0x00, 0xE3, 0x80, 0x00, 0xE3, 0x80, 0x00, 0xC3, 0x80, 0x03, 0xFB, 0x80, 0x7F, 0xFB,
    0xFF, 0x7F, 0xC3, 0xFF, 0x71, 0xC3, 0x80, 0x03, 0x83, 0x80, 0x07, 0x03, 0x80, 0x0F, 0x03, 0x80,
    0x3E, 0x03, 0x80, 0x3C, 0x03, 0x80, 0x10, 0x03, 0x80, 0xFF, 0xFF, 0xFF, 0xFF, 0xFF, 0xFC, 0x00,
    0xE0, 0x00, 0x03, 0x80, 0x00, 0x07, 0x00, 0x0F, 0xFF, 0xFF, 0x9F, 0xFF, 0xFF, 0x38, 0xC1, 0x8E,
    0x71, 0x83, 0x1C, 0xE3, 0x06, 0x39, 0xC7, 0xFC, 0x73, 0x8F, 0xF8, 0xE7, 0x18, 0x31, 0xCE, 0x30,
    0x63, 0x9C, 0x7F, 0xC7, 0x38, 0xFF, 0x8E, 0x71, 0x83, 0x1C, 0xE3, 0x06, 0x39, 0xC6, 0x0C, 0x73,
    0xFF, 0xFF, 0xE7, 0xFF, 0xFF, 0xCE, 0x00, 0x03, 0x9C, 0x00, 0x07, 0x00, 0x00, 0x3F, 0xFF, 0x3F,
    0xFF, 0xFF, 0x9F, 0xF0, 0x70, 0x01, 0xC0, 0x38, 0x00, 0xE1, 0xFF, 0xE0, 0x70, 0xFF, 0xF0, 0x38,
    0x60, 0x18, 0x1C, 0x30, 0x0C, 0x0E, 0x1F, 0xFE, 0x07, 0x0F, 0xFF, 0x03, 0x86, 0x01, 0x81, 0xC3,
    0x00, 0xC0, 0xE5, 0xFF, 0xE0, 0x7F, 0xFF, 0xF0, 0x7F, 0x60, 0x18, 0xFE, 0x30, 0x0C, 0x78, 0x1F,
    0xFE, 0x20, 0x0F, 0xFF, 0x00, 0x03, 0x8E, 0x00, 0x03, 0xC7, 0xC0, 0x0F, 0xC0, 0xF0, 0x07, 0x80,
    0x3C, 0x01, 0x00, 0x0C, 0x03, 0x00, 0x00, 0x01, 0x80, 0x00, 0x04, 0xC3, 0xFF, 0xC7, 0x61, 0xFF,
    0xE3, 0xBF, 0x06, 0x01, 0xDF, 0x87, 0x00, 0xEC, 0x1F, 0xFC, 0x76, 0x0F, 0xFE, 0x7F, 0xFE, 0x07,
    0x3F, 0xFF, 0x03, 0x80, 0xC1, 0xFF, 0xC3, 0x6E, 0xFF, 0xE3, 0xB7, 0x60, 0x71, 0xD9, 0xB0, 0x39,
    0xCC, 0xFF, 0xFC, 0xE6, 0x7F, 0xFE, 0x63, 0x76, 0x07, 0x07, 0xB3, 0x03, 0x83, 0xF9, 0xFF, 0xC0,
    0x38, 0xFF, 0xE0, 0x3C, 0x39, 0xC0, 0x7C, 0x3C, 0xF0, 0xF8, 0x7C, 0x3C, 0xF8, 0x38, 0x0F, 0x30,
    0x18, 0x02, 0x00, 0x3F, 0x1F, 0xDF, 0xCF, 0xFF, 0x33, 0xCB, 0x80, 0xE0, 0xE0, 0x78, 0x38, 0x1C,
    0x0F, 0xF7, 0xFB, 0xFD, 0xFE, 0xE0, 0x70, 0x38, 0x1C, 0x0E, 0x07, 0x03, 0x81, 0xC0, 0xE0, 0x70,
    0x38, 0x1C, 0x0E, 0x07, 0x03, 0x81, 0xC0, 0xE0, 0x70, 0x38, 0x1C, 0x0E, 0x07, 0x00, 0x3F, 0x03,
    0xFB, 0xFC, 0x9F, 0xC0, 0x0E, 0x00, 0x70, 0x03, 0xFD, 0xDF, 0xEE, 0xE0, 0x77, 0x03, 0xB8, 0x1D,
    0xC0, 0xEE, 0x07, 0x70, 0x3B, 0x81, 0xDC, 0x0E, 0xE0, 0x77, 0x03, 0xB8, 0x1C, 0x3F, 0x71, 0xFD,
    0xCF, 0x27, 0x38, 0x1C, 0xE0, 0x73, 0x81, 0xCF, 0xF7, 0x3F, 0xDC, 0xE0, 0x73, 0x81, 0xCE, 0x07,
    0x38, 0x1C, 0xE0, 0x73, 0x81, 0xCE, 0x07, 0x38, 0x1C, 0xE0, 0x7B, 0x80, 0xFE, 0x01, 0xC0, 0x3F,
    0x1F, 0x80, 0xFE, 0x7F, 0x3B, 0xCC, 0xF2, 0x77, 0x01, 0xC0, 0x0E, 0x07, 0x80, 0x1C, 0x0E, 0x00,
    0x3F, 0xDF, 0xE7, 0x7F, 0xBF, 0xCE, 0xE0, 0x70, 0x1D, 0xC0, 0xE0, 0x3B, 0x81, 0xC0, 0x77, 0x03,
    0x80, 0xEE, 0x07, 0x01, 0xDC, 0x0E, 0x03, 0xB8, 0x1C, 0x07, 0x70, 0x38, 0x0E, 0xE0, 0x70, 0x1D,
    0xC0, 0xE0, 0x3B, 0x81, 0xC0, 0x70, 0x3F, 0x1F, 0x9C, 0x7F, 0x3F, 0x9C, 0xF3, 0x3C, 0x9C, 0xE0,
    0x38, 0x1C, 0xE0, 0x78, 0x1C, 0xE0, 0x70, 0x1C, 0xFF, 0x7F, 0x9C, 0xFF, 0x7F, 0x9C, 0xE0, 0x70,
    0x1C, 0xE0, 0x70, 0x1C, 0xE0, 0x70, 0x1C, 0xE0, 0x70, 0x1C, 0xE0, 0x70, 0x1C, 0xE0, 0x70, 0x1C,
    0xE0, 0x70, 0x1C, 0xE0, 0x70, 0x1C, 0xE0, 0x70, 0x1E, 0xE0, 0x70, 0x0F, 0xE0, 0x70, 0x0F,
};

static const EpdGlyph ubuntu_12_regularGlyphs[] = {
    { 0, 0, 0, 0, 0, 0, 0 }, // U+0000
    { 0, 0, 0, 0, 0, 0, 0 }, // U+0008
    { 0, 0, 92, 0, 0, 0, 0 }, // U+0009
    { 0, 0, 92, 0, 0, 0, 0 }, // U+000D
    { 0, 0, 0, 0, 0, 0, 0 }, // U+001D
    { 0, 0, 92, 0, 0, 0, 0 }, // U+0020
    { 5, 17, 110, 1, 17, 11, 0 }, // !
    { 8, 6, 167, 1, 20, 6, 11 }, // "
    { 15, 17, 267, 1, 17, 32, 17 }, // #
    { 12, 23, 226, 1, 20, 35, 49 }, // $
    { 20, 17, 343, 1, 17, 43, 84 }, // %
    { 16, 17, 266, 1, 17, 34, 127 }, // &
    { 4, 6, 96, 1, 20, 3, 161 }, // '
    { 7, 25, 130, 1, 20, 22, 164 }, // (
    { 7, 25, 130, 0, 20, 22, 186 }, // )
    { 12, 10, 192, 0, 17, 15, 208 }, // *
    { 12, 12, 226, 1, 14, 18, 223 }, // +
    { 5, 7, 98, 0, 3, 5, 241 }, // ,
    { 7, 2, 120, 0, 8, 2, 246 }, // -
    { 4, 3, 98, 1, 3, 2, 248 }, // .
    { 12, 25, 154, -1, 20, 38, 250 }, // /
    { 12, 17, 226, 1, 17, 26, 288 }, // 0
    { 8, 17, 226, 2, 17, 17, 314 }, // 1
    { 12, 17, 226, 1, 17, 26, 331 }, // 2
    { 12, 17, 226, 1, 17, 26, 357 }, // 3
    { 13, 17, 226, 1, 17, 28, 383 }, // 4
    { 12, 17, 226, 1, 17, 26, 411 }, // 5
    { 12, 17, 226, 1, 17, 26, 437 }, // 6
    { 12, 17, 226, 1, 17, 26, 463 }, // 7
    { 12, 17, 226, 1, 17, 26, 489 }, // 8
    { 12, 17, 226, 1, 17, 26, 515 }, // 9
    { 4, 13, 98, 1, 13, 7, 541 }, // :
    { 5, 17, 98, 0, 13, 11, 548 }, // ;
    { 12, 11, 226, 1, 13, 17, 559 }, // <
    { 12, 7, 226, 1, 11, 11, 576 }, // =
    { 12, 11, 226, 1, 13, 17, 587 }, // >
    { 10, 17, 162, 0, 17, 22, 604 }, // ?
    { 22, 22, 380, 1, 18, 61, 626 }, // @
    { 17, 17, 265, 0, 17, 37, 687 }, // A
    { 13, 17, 257, 2, 17, 28, 724 }, // B
    { 14, 17, 248, 1, 17, 30, 752 }, // C
    { 15, 17, 285, 2, 17, 32, 782 }, // D
    { 12, 17, 228, 2, 17, 26, 814 }, // E
    { 11, 17, 215, 2, 17, 24, 840 }, // F
    { 15, 17, 269, 1, 17, 32, 864 }, // G
    { 14, 17, 282, 2, 17, 30, 896 }, // H
    { 3, 17, 108, 2, 17, 7, 926 }, // I
    { 11, 17, 200, 0, 17, 24, 933 }, // J
    { 14, 17, 252, 2, 17, 30, 957 }, // K
    { 11, 17, 208, 2, 17, 24, 987 }, // L
    { 20, 17, 348, 1, 17, 43, 1011 }, // M
    { 15, 17, 291, 2, 17, 32, 1054 }, // N
    { 17, 17, 311, 1, 17, 37, 1086 }, // O
    { 13, 17, 243, 2, 17, 28, 1123 }, // P
    { 17, 22, 311, 1, 17, 47, 1151 }, // Q
    { 14, 17, 252, 2, 17, 30, 1198 }, // R
    { 13, 17, 213, 0, 17, 28, 1228 }, // S
    { 14, 17, 226, 0, 17, 30, 1256 }, // T
    { 14, 17, 275, 2, 17, 30, 1286 }, // U
    { 17, 17, 262, 0, 17, 37, 1316 }, // V
    { 23, 17, 372, 0, 17, 49, 1353 }, // W
    { 16, 17, 252, 0, 17, 34, 1402 }, // X
    { 15, 17, 239, 0, 17, 32, 1436 }, // Y
    { 14, 17, 229, 0, 17, 30, 1468 }, // Z
    { 7, 25, 132, 2, 20, 22, 1498 }, // [
    { 12, 25, 154, -1, 20, 38, 1520 }, // <backslash>
    { 6, 25, 132, 0, 20, 19, 1558 }, // ]
    { 12, 9, 226, 1, 17, 14, 1577 }, // ^
    { 14, 2, 197, -1, -3, 4, 1591 }, // _
    { 6, 5, 150, 1, 20, 4, 1595 }, // `
    { 11, 13, 209, 1, 13, 18, 1599 }, // a
    { 12, 19, 236, 2, 19, 29, 1617 }, // b
    { 11, 13, 186, 1, 13, 18, 1646 }, // c
    { 12, 19, 236, 1, 19, 29, 1664 }, // d
    { 12, 13, 224, 1, 13, 20, 1693 }, // e
    { 8, 19, 154, 2, 19, 19, 1713 }, // f
    { 12, 18, 231, 1, 13, 27, 1732 }, // g
    { 11, 19, 228, 2, 19, 27, 1759 }, // h
    { 4, 18, 101, 1, 18, 9, 1786 }, // i
    { 7, 23, 101, -2, 18, 21, 1795 }, // j
    { 11, 19, 209, 2, 19, 27, 1816 }, // k
    { 6, 19, 109, 1, 19, 15, 1843 }, // l
    { 18, 13, 344, 2, 13, 30, 1858 }, // m
    { 11, 13, 230, 2, 13, 18, 1888 }, // n
    { 13, 13, 236, 1, 13, 22, 1906 }, // o
    { 12, 18, 236, 2, 13, 27, 1928 }, // p
    { 12, 18, 236, 1, 13, 27, 1955 }, // q
    { 8, 13, 154, 2, 13, 13, 1982 }, // r
    { 10, 13, 178, 1, 13, 17, 1995 }, // s
    { 9, 17, 161, 1, 17, 20, 2012 }, // t
    { 12, 13, 230, 1, 13, 20, 2032 }, // u
    { 13, 13, 201, 0, 13, 22, 2052 }, // v
    { 19, 13, 311, 0, 13, 31, 2074 }, // w
    { 13, 13, 204, 0, 13, 22, 2105 }, // x
    { 12, 18, 199, 0, 13, 27, 2127 }, // y
    { 11, 13, 188, 0, 13, 18, 2154 }, // z
    { 8, 25, 133, 1, 20, 25, 2172 }, // {
    { 3, 25, 112, 2, 20, 10, 2197 }, // |
    { 8, 25, 133, 0, 20, 25, 2207 }, // }
    { 12, 4, 226, 1, 10, 6, 2232 }, // ~
    { 0, 0, 92, 0, 0, 0, 2238 }, // U+00A0
    { 5, 18, 110, 1, 13, 12, 2238 }, // U+00A1
    { 10, 19, 226, 2, 16, 24, 2250 }, // U+00A2
    { 12, 17, 226, 1, 17, 26, 2274 }, // U+00A3
    { 12, 12, 226, 1, 15, 18, 2300 }, // U+00A4
    { 14, 17, 226, 0, 17, 30, 2318 }, // U+00A5
    { 3, 25, 112, 2, 20, 10, 2348 }, // U+00A6
    { 11, 20, 197, 1, 18, 28, 2358 }, // U+00A7
    { 9, 3, 150, 0, 18, 4, 2386 }, // U+00A8
    { 18, 17, 326, 1, 17, 39, 2390 }, // U+00A9
    { 9, 9, 156, 0, 17, 11, 2429 }, // U+00AA
    { 12, 11, 200, 0, 13, 17, 2440 }, // U+00AB
    { 12, 9, 226, 1, 10, 14, 2457 }, // U+00AC
    { 7, 2, 120, 0, 8, 2, 2471 }, // U+00AD
    { 18, 17, 326, 1, 17, 39, 2473 }, // U+00AE
    { 8, 2, 150, 1, 18, 2, 2512 }, // U+00AF
    { 8, 7, 133, 0, 19, 7, 2514 }, // U+00B0
    { 12, 15, 226, 1, 15, 23, 2521 }, // U+00B1
    { 8, 10, 144, 0, 18, 10, 2544 }, // U+00B2
    { 8, 10, 144, 0, 18, 10, 2554 }, // U+00B3
    { 5, 5, 150, 3, 20, 4, 2564 }, // U+00B4
    { 11, 18, 232, 2, 13, 25, 2568 }, // U+00B5
    { 13, 22, 258, 1, 17, 36, 2593 }, // U+00B6
    { 4, 3, 98, 1, 9, 2, 2629 }, // U+00B7
    { 6, 6, 150, 1, 1, 5, 2631 }, // U+00B8
    { 5, 10, 144, 1, 18, 7, 2636 }, // U+00B9
    { 10, 9, 178, 1, 17, 12, 2643 }, // U+00BA
    { 11, 11, 200, 1, 13, 16, 2655 }, // U+00BB
    { 21, 18, 350, 1, 18, 48, 2671 }, // U+00BC
    { 20, 18, 350, 1, 18, 45, 2719 }, // U+00BD
    { 22, 18, 350, 0, 18, 50, 2764 }, // U+00BE
    { 10, 18, 162, 0, 13, 23, 2814 }, // U+00BF
    { 17, 24, 265, 0, 24, 51, 2837 }, // U+00C0
    { 17, 24, 265, 0, 24, 51, 2888 }, // U+00C1
    { 17, 24, 265, 0, 24, 51, 2939 }, // U+00C2
    { 17, 23, 265, 0, 23, 49, 2990 }, // U+00C3
    { 17, 22, 265, 0, 22, 47, 3039 }, // U+00C4
    { 17, 21, 265, 0, 21, 45, 3086 }, // U+00C5
    { 23, 17, 374, 0, 17, 49, 3131 }, // U+00C6
    { 14, 23, 248, 1, 17, 41, 3180 }, // U+00C7
    { 12, 24, 228, 2, 24, 36, 3221 }, // U+00C8
    { 12, 24, 228, 2, 24, 36, 3257 }, // U+00C9
    { 12, 24, 228, 2, 24, 36, 3293 }, // U+00CA
    { 12, 22, 228, 2, 22, 33, 3329 }, // U+00CB
    { 6, 24, 108, 0, 24, 18, 3362 }, // U+00CC
    { 6, 24, 108, 1, 24, 18, 3380 }, // U+00CD
    { 8, 24, 108, -1, 24, 24, 3398 }, // U+00CE
    { 9, 22, 108, -1, 22, 25, 3422 }, // U+00CF
    { 17, 17, 290, 0, 17, 37, 3447 }, // U+00D0
    { 15, 23, 291, 2, 23, 44, 3484 }, // U+00D1
    { 17, 24, 311, 1, 24, 51, 3528 }, // U+00D2
    { 17, 24, 311, 1, 24, 51, 3579 }, // U+00D3
    { 17, 24, 311, 1, 24, 51, 3630 }, // U+00D4
    { 17, 23, 311, 1, 23, 49, 3681 }, // U+00D5
    { 17, 22, 311, 1, 22, 47, 3730 }, // U+00D6
    { 11, 11, 226, 2, 13, 16, 3777 }, // U+00D7
    { 17, 19, 311, 1, 18, 41, 3793 }, // U+00D8
    { 14, 24, 275, 2, 24, 42, 3834 }, // U+00D9
    { 14, 24, 275, 2, 24, 42, 3876 }, // U+00DA
    { 14, 24, 275, 2, 24, 42, 3918 }, // U+00DB
    { 14, 22, 275, 2, 22, 39, 3960 }, // U+00DC
    { 15, 24, 239, 0, 24, 45, 3999 }, // U+00DD
    { 13, 17, 244, 2, 17, 28, 4044 }, // U+00DE
    { 13, 19, 249, 2, 19, 31, 4072 }, // U+00DF
    { 11, 20, 209, 1, 20, 28, 4103 }, // U+00E0
    { 11, 20, 209, 1, 20, 28, 4131 }, // U+00E1
    { 11, 20, 209, 1, 20, 28, 4159 }, // U+00E2
    { 11, 19, 209, 1, 19, 27, 4187 }, // U+00E3
    { 11, 18, 209, 1, 18, 25, 4214 }, // U+00E4
    { 11, 20, 209, 1, 20, 28, 4239 }, // U+00E5
    { 20, 13, 344, 1, 13, 33, 4267 }, // U+00E6
    { 11, 19, 186, 1, 13, 27, 4300 }, // U+00E7
    { 12, 20, 224, 1, 20, 30, 4327 }, // U+00E8
    { 12, 20, 224, 1, 20, 30, 4357 }, // U+00E9
    { 12, 20, 224, 1, 20, 30, 4387 }, // U+00EA
    { 12, 18, 224, 1, 18, 27, 4417 }, // U+00EB
    { 5, 20, 101, 0, 20, 13, 4444 }, // U+00EC
    { 6, 20, 101, 1, 20, 15, 4457 }, // U+00ED
    { 8, 20, 101, -1, 20, 20, 4472 }, // U+00EE
    { 8, 18, 101, -1, 18, 18, 4492 }, // U+00EF
    { 14, 19, 236, 1, 19, 34, 4510 }, // U+00F0
    { 11, 19, 230, 2, 19, 27, 4544 }, // U+00F1
    { 13, 20, 236, 1, 20, 33, 4571 }, // U+00F2
    { 13, 20, 236, 1, 20, 33, 4604 }, // U+00F3
    { 13, 20, 236, 1, 20, 33, 4637 }, // U+00F4
    { 13, 19, 236, 1, 19, 31, 4670 }, // U+00F5
    { 13, 18, 236, 1, 18, 30, 4701 }, // U+00F6
    { 12, 12, 226, 1, 14, 18, 4731 }, // U+00F7
    { 13, 15, 236, 1, 14, 25, 4749 }, // U+00F8
    { 12, 20, 230, 1, 20, 30, 4774 }, // U+00F9
    { 12, 20, 230, 1, 20, 30, 4804 }, // U+00FA
    { 12, 20, 230, 1, 20, 30, 4834 }, // U+00FB
    { 12, 18, 230, 1, 18, 27, 4864 }, // U+00FC
    { 12, 25, 199, 0, 20, 38, 4891 }, // U+00FD
    { 12, 24, 236, 2, 19, 36, 4929 }, // U+00FE
    { 12, 23, 199, 0, 18, 35, 4965 }, // U+00FF
    { 17, 22, 265, 0, 22, 47, 5000 }, // U+0100
    { 11, 18, 209, 1, 18, 25, 5047 }, // U+0101
    { 17, 23, 265, 0, 23, 49, 5072 }, // U+0102
    { 11, 19, 209, 1, 19, 27, 5121 }, // U+0103
    { 17, 22, 265, 0, 17, 47, 5148 }, // U+0104
    { 11, 18, 209, 1, 13, 25, 5195 }, // U+0105
    { 14, 24, 248, 1, 24, 42, 5220 }, // U+0106
    { 11, 20, 186, 1, 20, 28, 5262 }, // U+0107
    { 14, 24, 248, 1, 24, 42, 5290 }, // U+0108
    { 11, 20, 186, 1, 20, 28, 5332 }, // U+0109
    { 14, 22, 248, 1, 22, 39, 5360 }, // U+010A
    { 11, 18, 186, 1, 18, 25, 5399 }, // U+010B
    { 14, 24, 248, 1, 24, 42, 5424 }, // U+010C
    { 11, 20, 186, 1, 20, 28, 5466 }, // U+010D
    { 15, 24, 285, 2, 24, 45, 5494 }, // U+010E
    { 16, 19, 249, 1, 19, 38, 5539 }, // U+010F
    { 17, 17, 290, 0, 17, 37, 5577 }, // U+0110
    { 14, 19, 236, 1, 19, 34, 5614 }, // U+0111
    { 12, 22, 228, 2, 22, 33, 5648 }, // U+0112
    { 12, 18, 224, 1, 18, 27, 5681 }, // U+0113
    { 12, 23, 228, 2, 23, 35, 5708 }, // U+0114
    { 12, 19, 224, 1, 19, 29, 5743 }, // U+0115
    { 12, 22, 228, 2, 22, 33, 5772 }, // U+0116
    { 12, 18, 224, 1, 18, 27, 5805 }, // U+0117
    { 12, 22, 228, 2, 17, 33, 5832 }, // U+0118
    { 12, 18, 224, 1, 13, 27, 5865 }, // U+0119
    { 12, 24, 228, 2, 24, 36, 5892 }, // U+011A
    { 12, 21, 224, 1, 21, 32, 5928 }, // U+011B
    { 15, 24, 269, 1, 24, 45, 5960 }, // U+011C
    { 12, 25, 231, 1, 20, 38, 6005 }, // U+011D
    { 15, 23, 269, 1, 23, 44, 6043 }, // U+011E
    { 12, 24, 231, 1, 19, 36, 6087 }, // U+011F
    { 15, 22, 269, 1, 22, 42, 6123 }, // U+0120
    { 12, 23, 231, 1, 18, 35, 6165 }, // U+0121
    { 15, 21, 269, 1, 17, 40, 6200 }, // U+0122
    { 12, 24, 231, 1, 19, 36, 6240 }, // U+0123
    { 14, 24, 282, 2, 24, 42, 6276 }, // U+0124
    { 12, 25, 228, 1, 25, 38, 6318 }, // U+0125
    { 18, 17, 292, 0, 17, 39, 6356 }, // U+0126
    { 13, 19, 228, 0, 19, 31, 6395 }, // U+0127
    { 9, 23, 108, -1, 23, 26, 6426 }, // U+0128
    { 9, 19, 101, -1, 19, 22, 6452 }, // U+0129
    { 8, 22, 108, -1, 22, 22, 6474 }, // U+012A
    { 8, 18, 101, -1, 18, 18, 6496 }, // U+012B
    { 7, 23, 108, 0, 23, 21, 6514 }, // U+012C
    { 8, 19, 101, -1, 19, 19, 6535 }, // U+012D
    { 5, 22, 108, 0, 17, 14, 6554 }, // U+012E
    { 5, 23, 101, 0, 18, 15, 6568 }, // U+012F
    { 4, 22, 108, 1, 22, 11, 6583 }, // U+0130
    { 3, 13, 101, 2, 13, 5, 6594 }, // U+0131
    { 16, 17, 307, 2, 17, 34, 6599 }, // U+0132
    { 11, 23, 204, 1, 18, 32, 6633 }, // U+0133
    { 13, 24, 200, 0, 24, 39, 6665 }, // U+0134
    { 9, 25, 101, -2, 20, 29, 6704 }, // U+0135
    { 14, 21, 252, 2, 17, 37, 6733 }, // U+0136
    { 11, 23, 209, 2, 19, 32, 6770 }, // U+0137
    { 12, 13, 215, 2, 13, 20, 6802 }, // U+0138
    { 11, 24, 208, 2, 24, 33, 6822 }, // U+0139
    { 6, 23, 109, 1, 23, 18, 6855 }, // U+013A
    { 11, 21, 208, 2, 17, 29, 6873 }, // U+013B
    { 7, 23, 109, 0, 19, 21, 6902 }, // U+013C
    { 11, 17, 208, 2, 17, 24, 6923 }, // U+013D
    { 8, 19, 114, 1, 19, 19, 6947 }, // U+013E
    { 11, 17, 208, 2, 17, 24, 6966 }, // U+013F
    { 9, 19, 148, 1, 19, 22, 6990 }, // U+0140
    { 15, 17, 215, -1, 17, 32, 7012 }, // U+0141
    { 8, 19, 115, 0, 19, 19, 7044 }, // U+0142
    { 15, 24, 291, 2, 24, 45, 7063 }, // U+0143
    { 11, 20, 230, 2, 20, 28, 7108 }, // U+0144
    { 15, 21, 291, 2, 17, 40, 7136 }, // U+0145
    { 11, 17, 230, 2, 13, 24, 7176 }, // U+0146
    { 15, 24, 291, 2, 24, 45, 7200 }, // U+0147
    { 11, 20, 230, 2, 20, 28, 7245 }, // U+0148
    { 13, 19, 230, 0, 19, 31, 7273 }, // U+0149
    { 15, 22, 291, 2, 17, 42, 7304 }, // U+014A
    { 11, 18, 230, 2, 13, 25, 7346 }, // U+014B
    { 17, 22, 311, 1, 22, 47, 7371 }, // U+014C
    { 13, 18, 236, 1, 18, 30, 7418 }, // U+014D
    { 17, 23, 311, 1, 23, 49, 7448 }, // U+014E
    { 13, 19, 236, 1, 19, 31, 7497 }, // U+014F
    { 17, 24, 311, 1, 24, 51, 7528 }, // U+0150
    { 13, 20, 236, 1, 20, 33, 7579 }, // U+0151
    { 23, 17, 397, 1, 17, 49, 7612 }, // U+0152
    { 22, 13, 379, 1, 13, 36, 7661 }, // U+0153
    { 14, 24, 252, 2, 24, 42, 7697 }, // U+0154
    { 8, 20, 154, 2, 20, 20, 7739 }, // U+0155
    { 14, 21, 252, 2, 17, 37, 7759 }, // U+0156
    { 10, 17, 154, 0, 13, 22, 7796 }, // U+0157
    { 14, 24, 252, 2, 24, 42, 7818 }, // U+0158
    { 8, 20, 154, 2, 20, 20, 7860 }, // U+0159
    { 13, 24, 213, 0, 24, 39, 7880 }, // U+015A
    { 10, 20, 178, 1, 20, 25, 7919 }, // U+015B
    { 13, 24, 213, 0, 24, 39, 7944 }, // U+015C
    { 10, 20, 178, 1, 20, 25, 7983 }, // U+015D
    { 13, 22, 213, 0, 17, 36, 8008 }, // U+015E
    { 10, 18, 178, 1, 13, 23, 8044 }, // U+015F
    { 13, 24, 213, 0, 24, 39, 8067 }, // U+0160
    { 10, 20, 178, 1, 20, 25, 8106 }, // U+0161
    { 14, 23, 226, 0, 17, 41, 8131 }, // U+0162
    { 9, 22, 161, 1, 17, 25, 8172 }, // U+0163
    { 14, 24, 226, 0, 24, 42, 8197 }, // U+0164
    { 9, 20, 161, 1, 20, 23, 8239 }, // U+0165
    { 14, 17, 226, 0, 17, 30, 8262 }, // U+0166
    { 9, 17, 161, 1, 17, 20, 8292 }, // U+0167
    { 14, 23, 275, 2, 23, 41, 8312 }, // U+0168
    { 12, 19, 230, 1, 19, 29, 8353 }, // U+0169
    { 14, 22, 275, 2, 22, 39, 8382 }, // U+016A
    { 12, 18, 230, 1, 18, 27, 8421 }, // U+016B
    { 14, 23, 275, 2, 23, 41, 8448 }, // U+016C
    { 12, 19, 230, 1, 19, 29, 8489 }, // U+016D
    { 14, 24, 275, 2, 24, 42, 8518 }, // U+016E
    { 12, 20, 230, 1, 20, 30, 8560 }, // U+016F
    { 14, 24, 275, 2, 24, 42, 8590 }, // U+0170
    { 12, 20, 230, 1, 20, 30, 8632 }, // U+0171
    { 14, 22, 275, 2, 17, 39, 8662 }, // U+0172
    { 12, 18, 230, 1, 13, 27, 8701 }, // U+0173
    { 23, 24, 372, 0, 24, 69, 8728 }, // U+0174
    { 19, 20, 311, 0, 20, 48, 8797 }, // U+0175
    { 15, 24, 239, 0, 24, 45, 8845 }, // U+0176
    { 12, 25, 199, 0, 20, 38, 8890 }, // U+0177
    { 15, 22, 239, 0, 22, 42, 8928 }, // U+0178
    { 14, 24, 229, 0, 24, 42, 8970 }, // U+0179
    { 11, 20, 188, 0, 20, 28, 9012 }, // U+017A
    { 14, 22, 229, 0, 22, 39, 9040 }, // U+017B
    { 11, 18, 188, 0, 18, 25, 9079 }, // U+017C
    { 14, 24, 229, 0, 24, 42, 9104 }, // U+017D
    { 11, 20, 188, 0, 20, 28, 9146 }, // U+017E
    { 8, 19, 109, 2, 19, 19, 9174 }, // U+017F
    { 18, 19, 311, 1, 19, 43, 9193 }, // U+01A0
    { 14, 15, 236, 1, 15, 27, 9236 }, // U+01A1
    { 17, 20, 284, 2, 20, 43, 9263 }, // U+01AF
    { 15, 16, 239, 1, 16, 30, 9306 }, // U+01B0
    { 30, 24, 516, 2, 24, 90, 9336 }, // U+01C4
    { 27, 20, 475, 2, 20, 68, 9426 }, // U+01C5
    { 25, 20, 426, 1, 20, 63, 9494 }, // U+01C6
    { 22, 17, 407, 2, 17, 47, 9557 }, // U+01C7
    { 16, 23, 310, 2, 18, 46, 9604 }, // U+01C8
    { 11, 24, 212, 1, 19, 33, 9650 }, // U+01C9
    { 27, 17, 491, 2, 17, 58, 9683 }, // U+01CA
    { 21, 23, 394, 2, 18, 61, 9741 }, // U+01CB
    { 18, 23, 332, 2, 18, 52, 9802 }, // U+01CC
    { 17, 24, 265, 0, 24, 51, 9854 }, // U+01CD
    { 11, 20, 209, 1, 20, 28, 9905 }, // U+01CE
    { 7, 24, 108, 0, 24, 21, 9933 }, // U+01CF
    { 8, 20, 101, -1, 20, 20, 9954 }, // U+01D0
    { 17, 24, 311, 1, 24, 51, 9974 }, // U+01D1
    { 13, 20, 236, 1, 20, 33, 10025 }, // U+01D2
    { 14, 24, 275, 2, 24, 42, 10058 }, // U+01D3
    { 12, 20, 230, 1, 20, 30, 10100 }, // U+01D4
    { 14, 25, 275, 2, 25, 44, 10130 }, // U+01D5
    { 12, 21, 230, 1, 21, 32, 10174 }, // U+01D6
    { 14, 24, 275, 2, 24, 42, 10206 }, // U+01D7
    { 12, 21, 230, 1, 21, 32, 10248 }, // U+01D8
    { 14, 25, 275, 2, 25, 44, 10280 }, // U+01D9
    { 12, 22, 230, 1, 22, 33, 10324 }, // U+01DA
    { 14, 24, 275, 2, 24, 42, 10357 }, // U+01DB
    { 12, 21, 230, 1, 21, 32, 10399 }, // U+01DC
    { 12, 13, 224, 1, 13, 20, 10431 }, // U+01DD
    { 17, 25, 265, 0, 25, 54, 10451 }, // U+01DE
    { 11, 21, 209, 1, 21, 29, 10505 }, // U+01DF
    { 17, 25, 265, 0, 25, 54, 10534 }, // U+01E0
    { 11, 21, 209, 1, 21, 29, 10588 }, // U+01E1
    { 23, 22, 374, 0, 22, 64, 10617 }, // U+01E2
    { 20, 18, 344, 1, 18, 45, 10681 }, // U+01E3
    { 17, 17, 281, 1, 17, 37, 10726 }, // U+01E4
    { 14, 18, 236, 1, 13, 32, 10763 }, // U+01E5
    { 15, 24, 269, 1, 24, 45, 10795 }, // U+01E6
    { 12, 25, 231, 1, 20, 38, 10840 }, // U+01E7
    { 14, 24, 252, 2, 24, 42, 10878 }, // U+01E8
    { 12, 25, 209, 1, 25, 38, 10920 }, // U+01E9
    { 17, 22, 311, 1, 17, 47, 10958 }, // U+01EA
    { 13, 18, 236, 1, 13, 30, 11005 }, // U+01EB
    { 17, 27, 311, 1, 22, 58, 11035 }, // U+01EC
    { 13, 23, 236, 1, 18, 38, 11093 }, // U+01ED
    { 13, 24, 227, 0, 24, 39, 11131 }, // U+01EE
    { 12, 25, 188, -1, 20, 38, 11170 }, // U+01EF
    { 9, 25, 101, -2, 20, 29, 11208 }, // U+01F0
    { 30, 17, 516, 2, 17, 64, 11237 }, // U+01F1
    { 27, 17, 475, 2, 17, 58, 11301 }, // U+01F2
    { 25, 19, 426, 1, 19, 60, 11359 }, // U+01F3
    { 15, 24, 269, 1, 24, 45, 11419 }, // U+01F4
    { 12, 25, 231, 1, 20, 38, 11464 }, // U+01F5
    { 23, 17, 423, 2, 17, 49, 11502 }, // U+01F6
    { 13, 22, 257, 2, 17, 36, 11551 }, // U+01F7
    { 15, 24, 291, 2, 24, 45, 11587 }, // U+01F8
    { 11, 20, 230, 2, 20, 28, 11632 }, // U+01F9
    { 17, 23, 265, 0, 23, 49, 11660 }, // U+01FA
    { 11, 21, 209, 1, 21, 29, 11709 }, // U+01FB
    { 23, 24, 374, 0, 24, 69, 11738 }, // U+01FC
    { 20, 20, 344, 1, 20, 50, 11807 }, // U+01FD
    { 17, 25, 311, 1, 24, 54, 11857 }, // U+01FE
    { 13, 21, 236, 1, 20, 35, 11911 }, // U+01FF
    { 17, 24, 265, 0, 24, 51, 11946 }, // U+0200
    { 11, 20, 209, 1, 20, 28, 11997 }, // U+0201
    { 17, 23, 265, 0, 23, 49, 12025 }, // U+0202
    { 11, 19, 209, 1, 19, 27, 12074 }, // U+0203
    { 12, 24, 228, 2, 24, 36, 12101 }, // U+0204
    { 12, 20, 224, 1, 20, 30, 12137 }, // U+0205
    { 12, 23, 228, 2, 23, 35, 12167 }, // U+0206
    { 12, 19, 224, 1, 19, 29, 12202 }, // U+0207
    { 9, 24, 108, -2, 24, 27, 12231 }, // U+0208
    { 10, 20, 101, -3, 20, 25, 12258 }, // U+0209
    { 7, 23, 108, 0, 23, 21, 12283 }, // U+020A
    { 8, 19, 101, -1, 19, 19, 12304 }, // U+020B
    { 17, 24, 311, 1, 24, 51, 12323 }, // U+020C
    { 13, 20, 236, 1, 20, 33, 12374 }, // U+020D
    { 17, 23, 311, 1, 23, 49, 12407 }, // U+020E
    { 13, 19, 236, 1, 19, 31, 12456 }, // U+020F
    { 14, 24, 252, 2, 24, 42, 12487 }, // U+0210
    { 10, 20, 154, 0, 20, 25, 12529 }, // U+0211
    { 14, 23, 252, 2, 23, 41, 12554 }, // U+0212
    { 8, 19, 154, 2, 19, 19, 12595 }, // U+0213
    { 14, 24, 275, 2, 24, 42, 12614 }, // U+0214
    { 12, 20, 230, 1, 20, 30, 12656 }, // U+0215
    { 14, 23, 275, 2, 23, 41, 12686 }, // U+0216
    { 12, 19, 230, 1, 19, 29, 12727 }, // U+0217
    { 13, 21, 213, 0, 17, 35, 12756 }, // U+0218
    { 10, 17, 178, 1, 13, 22, 12791 }, // U+0219
    { 14, 21, 226, 0, 17, 37, 12813 }, // U+021A
    { 9, 21, 161, 1, 17, 24, 12850 }, // U+021B
    { 13, 22, 214, 0, 17, 36, 12874 }, // U+021C
    { 10, 18, 174, 0, 13, 23, 12910 }, // U+021D
    { 14, 24, 282, 2, 24, 42, 12933 }, // U+021E
    { 12, 25, 228, 1, 25, 38, 12975 }, // U+021F
    { 8, 4, 150, 1, 19, 4, 13013 }, // U+0311
    { 12, 24, 228, 2, 24, 36, 13017 }, // U+0400
    { 12, 22, 228, 2, 22, 33, 13053 }, // U+0401
    { 18, 17, 300, 0, 17, 39, 13086 }, // U+0402
    { 11, 24, 204, 2, 24, 33, 13125 }, // U+0403
    { 14, 17, 248, 1, 17, 30, 13158 }, // U+0404
    { 13, 17, 213, 0, 17, 28, 13188 }, // U+0405
    { 3, 17, 108, 2, 17, 7, 13216 }, // U+0406
    { 9, 22, 108, -1, 22, 25, 13223 }, // U+0407
    { 11, 17, 200, 0, 17, 24, 13248 }, // U+0408
    { 26, 18, 417, 0, 17, 59, 13272 }, // U+0409
    { 23, 17, 410, 2, 17, 49, 13331 }, // U+040A
    { 18, 17, 300, 0, 17, 39, 13380 }, // U+040B
    { 14, 24, 252, 2, 24, 42, 13419 }, // U+040C
    { 15, 24, 291, 2, 24, 45, 13461 }, // U+040D
    { 15, 23, 235, 0, 23, 44, 13506 }, // U+040E
    { 14, 22, 280, 2, 17, 39, 13550 }, // U+040F
    { 17, 17, 265, 0, 17, 37, 13589 }, // U+0410
    { 13, 17, 248, 2, 17, 28, 13626 }, // U+0411
    { 13, 17, 257, 2, 17, 28, 13654 }, // U+0412
    { 11, 17, 204, 2, 17, 24, 13682 }, // U+0413
    { 18, 22, 289, 0, 17, 50, 13706 }, // U+0414
    { 12, 17, 228, 2, 17, 26, 13756 }, // U+0415
    { 23, 17, 362, 0, 17, 49, 13782 }, // U+0416
    { 14, 17, 229, 0, 17, 30, 13831 }, // U+0417
    { 15, 17, 291, 2, 17, 32, 13861 }, // U+0418
    { 15, 23, 291, 2, 23, 44, 13893 }, // U+0419
    { 14, 17, 252, 2, 17, 30, 13937 }, // U+041A
    { 16, 17, 283, 0, 17, 34, 13967 }, // U+041B
    { 20, 17, 348, 1, 17, 43, 14001 }, // U+041C
    { 14, 17, 282, 2, 17, 30, 14044 }, // U+041D
    { 17, 17, 311, 1, 17, 37, 14074 }, // U+041E
    { 14, 17, 280, 2, 17, 30, 14111 }, // U+041F
    { 13, 17, 243, 2, 17, 28, 14141 }, // U+0420
    { 14, 17, 248, 1, 17, 30, 14169 }, // U+0421
    { 14, 17, 226, 0, 17, 30, 14199 }, // U+0422
    { 15, 17, 235, 0, 17, 32, 14229 }, // U+0423
    { 20, 18, 346, 1, 18, 45, 14261 }, // U+0424
    { 16, 17, 252, 0, 17, 34, 14306 }, // U+0425
    { 16, 22, 287, 2, 17, 44, 14340 }, // U+0426
    { 13, 17, 252, 1, 17, 28, 14384 }, // U+0427
    { 21, 17, 393, 2, 17, 45, 14412 }, // U+0428
    { 23, 22, 401, 2, 17, 64, 14457 }, // U+0429
    { 18, 17, 290, 0, 17, 39, 14521 }, // U+042A
    { 18, 17, 342, 2, 17, 39, 14560 }, // U+042B
    { 13, 17, 246, 2, 17, 28, 14599 }, // U+042C
    { 15, 17, 248, 0, 17, 32, 14627 }, // U+042D
    { 23, 17, 412, 2, 17, 49, 14659 }, // U+042E
    { 14, 17, 254, 0, 17, 30, 14708 }, // U+042F
    { 11, 13, 209, 1, 13, 18, 14738 }, // U+0430
    { 13, 19, 238, 1, 19, 31, 14756 }, // U+0431
    { 11, 13, 219, 2, 13, 18, 14787 }, // U+0432
    { 9, 13, 167, 2, 13, 15, 14805 }, // U+0433
    { 15, 17, 241, 0, 13, 32, 14820 }, // U+0434
    { 12, 13, 224, 1, 13, 20, 14852 }, // U+0435
    { 19, 13, 305, 0, 13, 31, 14872 }, // U+0436
    { 10, 13, 196, 1, 13, 17, 14903 }, // U+0437
    { 11, 13, 239, 2, 13, 18, 14920 }, // U+0438
    { 11, 19, 239, 2, 19, 27, 14938 }, // U+0439
    { 12, 13, 215, 2, 13, 20, 14965 }, // U+043A
    { 13, 13, 239, 0, 13, 22, 14985 }, // U+043B
    { 16, 13, 292, 1, 13, 26, 15007 }, // U+043C
    { 11, 13, 234, 2, 13, 18, 15033 }, // U+043D
    { 13, 13, 236, 1, 13, 22, 15051 }, // U+043E
    { 11, 13, 231, 2, 13, 18, 15073 }, // U+043F
    { 12, 18, 236, 2, 13, 27, 15091 }, // U+0440
    { 11, 13, 186, 1, 13, 18, 15118 }, // U+0441
    { 12, 13, 185, 0, 13, 20, 15136 }, // U+0442
    { 12, 18, 199, 0, 13, 27, 15156 }, // U+0443
    { 17, 24, 306, 1, 19, 51, 15183 }, // U+0444
    { 13, 13, 204, 0, 13, 22, 15234 }, // U+0445
    { 13, 17, 234, 2, 13, 28, 15256 }, // U+0446
    { 11, 13, 213, 1, 13, 18, 15284 }, // U+0447
    { 17, 13, 329, 2, 13, 28, 15302 }, // U+0448
    { 19, 17, 334, 2, 13, 41, 15330 }, // U+0449
    { 15, 13, 239, 0, 13, 25, 15371 }, // U+044A
    { 15, 13, 303, 2, 13, 25, 15396 }, // U+044B
    { 11, 13, 211, 2, 13, 18, 15421 }, // U+044C
    { 12, 13, 199, 0, 13, 20, 15439 }, // U+044D
    { 17, 13, 324, 2, 13, 28, 15459 }, // U+044E
    { 12, 13, 219, 0, 13, 20, 15487 }, // U+044F
    { 12, 20, 224, 1, 20, 30, 15507 }, // U+0450
    { 12, 18, 224, 1, 18, 27, 15537 }, // U+0451
    { 13, 24, 228, 0, 19, 39, 15564 }, // U+0452
    { 9, 20, 167, 2, 20, 23, 15603 }, // U+0453
    { 11, 13, 199, 1, 13, 18, 15626 }, // U+0454
    { 10, 13, 178, 1, 13, 17, 15644 }, // U+0455
    { 4, 18, 101, 1, 18, 9, 15661 }, // U+0456
    { 9, 18, 101, -1, 18, 21, 15670 }, // U+0457
    { 7, 23, 101, -2, 18, 21, 15691 }, // U+0458
    { 21, 13, 345, 0, 13, 35, 15712 }, // U+0459
    { 19, 13, 340, 2, 13, 31, 15747 }, // U+045A
    { 13, 19, 228, 0, 19, 31, 15778 }, // U+045B
    { 12, 20, 215, 2, 20, 30, 15809 }, // U+045C
    { 11, 20, 239, 2, 20, 28, 15839 }, // U+045D
    { 12, 24, 199, 0, 19, 36, 15867 }, // U+045E
    { 11, 17, 230, 2, 13, 24, 15903 }, // U+045F
    { 18, 18, 290, 0, 18, 41, 15927 }, // U+0462
    { 15, 19, 239, 0, 19, 36, 15968 }, // U+0463
    { 17, 17, 311, 1, 17, 37, 16004 }, // U+0472
    { 13, 13, 236, 1, 13, 22, 16041 }, // U+0473
    { 20, 17, 301, 0, 17, 43, 16063 }, // U+0474
    { 15, 13, 226, 0, 13, 25, 16106 }, // U+0475
    { 17, 28, 298, 2, 23, 60, 16131 }, // U+048A
    { 14, 24, 243, 2, 19, 42, 16191 }, // U+048B
    { 15, 18, 252, 0, 18, 34, 16233 }, // U+048C
    { 13, 13, 210, 0, 13, 22, 16267 }, // U+048D
    { 13, 17, 243, 2, 17, 28, 16289 }, // U+048E
    { 12, 18, 236, 2, 13, 27, 16317 }, // U+048F
    { 11, 20, 204, 2, 20, 28, 16344 }, // U+0490
    { 9, 16, 171, 2, 16, 18, 16372 }, // U+0491
    { 13, 17, 209, 0, 17, 28, 16390 }, // U+0492
    { 11, 13, 170, 0, 13, 18, 16418 }, // U+0493
    { 13, 22, 250, 2, 17, 36, 16436 }, // U+0494
    { 11, 18, 218, 2, 13, 25, 16472 }, // U+0495
    { 23, 22, 368, 0, 17, 64, 16497 }, // U+0496
    { 20, 17, 310, 0, 13, 43, 16561 }, // U+0497
    { 14, 22, 229, 0, 17, 39, 16604 }, // U+0498
    { 10, 18, 196, 1, 13, 23, 16643 }, // U+0499
    { 15, 22, 262, 2, 17, 42, 16666 }, // U+049A
    { 12, 17, 218, 2, 13, 26, 16708 }, // U+049B
    { 16, 17, 283, 2, 17, 34, 16734 }, // U+049C
    { 14, 13, 248, 2, 13, 23, 16768 }, // U+049D
    { 16, 17, 256, 0, 17, 34, 16791 }, // U+049E
    { 14, 13, 222, 0, 13, 23, 16825 }, // U+049F
    { 19, 17, 296, 0, 17, 41, 16848 }, // U+04A0
    { 15, 13, 243, 0, 13, 25, 16889 }, // U+04A1
    { 16, 22, 290, 2, 17, 44, 16914 }, // U+04A2
    { 13, 17, 239, 2, 13, 28, 16958 }, // U+04A3
    { 18, 17, 326, 2, 17, 39, 16986 }, // U+04A4
    { 14, 13, 262, 2, 13, 23, 17025 }, // U+04A5
    { 23, 22, 413, 2, 17, 64, 17048 }, // U+04A6
    { 19, 18, 344, 2, 13, 43, 17112 }, // U+04A7
    { 18, 22, 314, 1, 17, 50, 17155 }, // U+04A8
    { 14, 17, 244, 1, 13, 30, 17205 }, // U+04A9
    { 14, 23, 248, 1, 17, 41, 17235 }, // U+04AA
    { 11, 19, 186, 1, 13, 27, 17276 }, // U+04AB
    { 14, 22, 226, 0, 17, 39, 17303 }, // U+04AC
    { 12, 17, 185, 0, 13, 26, 17342 }, // U+04AD
    { 15, 17, 239, 0, 17, 32, 17368 }, // U+04AE
    { 13, 18, 201, 0, 13, 30, 17400 }, // U+04AF
    { 15, 17, 239, 0, 17, 32, 17430 }, // U+04B0
    { 13, 18, 201, 0, 13, 30, 17462 }, // U+04B1
    { 17, 22, 261, 0, 17, 47, 17492 }, // U+04B2
    { 13, 17, 210, 0, 13, 28, 17539 }, // U+04B3
    { 21, 22, 338, 0, 17, 58, 17567 }, // U+04B4
    { 16, 17, 264, 0, 13, 34, 17625 }, // U+04B5
    { 15, 22, 260, 1, 17, 42, 17659 }, // U+04B6
    { 13, 17, 218, 1, 13, 28, 17701 }, // U+04B7
    { 13, 17, 255, 1, 17, 28, 17729 }, // U+04B8
    { 12, 13, 213, 0, 13, 20, 17757 }, // U+04B9
    { 13, 17, 256, 2, 17, 28, 17777 }, // U+04BA
    { 11, 19, 228, 2, 19, 27, 17805 }, // U+04BB
    { 20, 17, 334, 0, 17, 43, 17832 }, // U+04BC
    { 16, 13, 268, 0, 13, 26, 17875 }, // U+04BD
    { 20, 22, 334, 0, 17, 55, 17901 }, // U+04BE
    { 16, 17, 268, 0, 13, 34, 17956 }, // U+04BF
    { 3, 17, 108, 2, 17, 7, 17990 }, // U+04C0
    { 23, 23, 362, 0, 23, 67, 17997 }, // U+04C1
    { 19, 19, 305, 0, 19, 46, 18064 }, // U+04C2
    { 13, 22, 252, 2, 17, 36, 18110 }, // U+04C3
    { 11, 18, 218, 2, 13, 25, 18146 }, // U+04C4
    { 18, 22, 290, 0, 17, 50, 18171 }, // U+04C5
    { 16, 18, 244, 0, 13, 36, 18221 }, // U+04C6
    { 14, 22, 282, 2, 17, 39, 18257 }, // U+04C7
    { 11, 18, 234, 2, 13, 25, 18296 }, // U+04C8
    { 16, 22, 289, 2, 17, 44, 18321 }, // U+04C9
    { 13, 18, 239, 2, 13, 30, 18365 }, // U+04CA
    { 13, 22, 255, 1, 17, 36, 18395 }, // U+04CB
    { 11, 17, 213, 1, 13, 24, 18431 }, // U+04CC
    { 22, 22, 360, 1, 17, 61, 18455 }, // U+04CD
    { 18, 18, 300, 1, 13, 41, 18516 }, // U+04CE
    { 3, 17, 108, 2, 17, 7, 18557 }, // U+04CF
    { 17, 23, 265, 0, 23, 49, 18564 }, // U+04D0
    { 11, 19, 209, 1, 19, 27, 18613 }, // U+04D1
    { 17, 22, 265, 0, 22, 47, 18640 }, // U+04D2
    { 11, 18, 209, 1, 18, 25, 18687 }, // U+04D3
    { 23, 17, 374, 0, 17, 49, 18712 }, // U+04D4
    { 20, 13, 344, 1, 13, 33, 18761 }, // U+04D5
    { 12, 23, 228, 2, 23, 35, 18794 }, // U+04D6
    { 12, 19, 224, 1, 19, 29, 18829 }, // U+04D7
    { 16, 17, 282, 1, 17, 34, 18858 }, // U+04D8
    { 12, 13, 224, 1, 13, 20, 18892 }, // U+04D9
    { 16, 22, 282, 1, 22, 44, 18912 }, // U+04DA
    { 12, 18, 224, 1, 18, 27, 18956 }, // U+04DB
    { 23, 22, 362, 0, 22, 64, 18983 }, // U+04DC
    { 19, 18, 305, 0, 18, 43, 19047 }, // U+04DD
    { 14, 22, 229, 0, 22, 39, 19090 }, // U+04DE
    { 10, 18, 196, 1, 18, 23, 19129 }, // U+04DF
    { 13, 17, 227, 0, 17, 28, 19152 }, // U+04E0
    { 12, 18, 188, -1, 13, 27, 19180 }, // U+04E1
    { 15, 22, 291, 2, 22, 42, 19207 }, // U+04E2
    { 11, 18, 239, 2, 18, 25, 19249 }, // U+04E3
    { 15, 22, 291, 2, 22, 42, 19274 }, // U+04E4
    { 11, 18, 239, 2, 18, 25, 19316 }, // U+04E5
    { 17, 22, 311, 1, 22, 47, 19341 }, // U+04E6
    { 13, 18, 236, 1, 18, 30, 19388 }, // U+04E7
    { 17, 17, 311, 1, 17, 37, 19418 }, // U+04E8
    { 13, 13, 236, 1, 13, 22, 19455 }, // U+04E9
    { 17, 22, 311, 1, 22, 47, 19477 }, // U+04EA
    { 13, 18, 236, 1, 18, 30, 19524 }, // U+04EB
    { 15, 22, 248, 0, 22, 42, 19554 }, // U+04EC
    { 12, 18, 199, 0, 18, 27, 19596 }, // U+04ED
    { 15, 22, 235, 0, 22, 42, 19623 }, // U+04EE
    { 12, 23, 199, 0, 18, 35, 19665 }, // U+04EF
    { 15, 22, 235, 0, 22, 42, 19700 }, // U+04F0
    { 12, 23, 199, 0, 18, 35, 19742 }, // U+04F1
    { 15, 24, 235, 0, 24, 45, 19777 }, // U+04F2
    { 12, 25, 199, 0, 20, 38, 19822 }, // U+04F3
    { 13, 22, 252, 1, 22, 36, 19860 }, // U+04F4
    { 11, 18, 213, 1, 18, 25, 19896 }, // U+04F5
    { 11, 22, 204, 2, 17, 31, 19921 }, // U+04F6
    { 9, 17, 167, 2, 13, 20, 19952 }, // U+04F7
    { 18, 22, 342, 2, 22, 50, 19972 }, // U+04F8
    { 15, 18, 303, 2, 18, 34, 20022 }, // U+04F9
    { 15, 24, 239, 0, 24, 45, 20056 }, // U+1EF2
    { 12, 26, 199, 0, 21, 39, 20101 }, // U+1EF3
    { 14, 2, 198, -1, 9, 4, 20140 }, // U+2013
    { 26, 2, 398, -1, 9, 7, 20144 }, // U+2014
    { 26, 2, 398, -1, 9, 7, 20151 }, // U+2015
    { 5, 6, 94, 1, 19, 4, 20158 }, // U+2018
    { 5, 6, 94, 0, 19, 4, 20162 }, // U+2019
    { 5, 6, 94, 0, 3, 4, 20166 }, // U+201A
    { 9, 6, 167, 1, 19, 7, 20170 }, // U+201C
    { 9, 6, 167, 0, 19, 7, 20177 }, // U+201D
    { 9, 6, 167, 0, 3, 7, 20184 }, // U+201E
    { 11, 21, 190, 0, 17, 29, 20191 }, // U+2020
    { 11, 21, 190, 0, 17, 29, 20220 }, // U+2021
    { 7, 6, 144, 1, 12, 6, 20249 }, // U+2022
    { 21, 3, 398, 2, 3, 8, 20255 }, // U+2026
    { 29, 17, 491, 1, 17, 62, 20263 }, // U+2030
    { 7, 11, 116, 0, 13, 10, 20325 }, // U+2039
    { 6, 11, 116, 1, 13, 9, 20335 }, // U+203A
    { 13, 17, 59, -5, 17, 28, 20344 }, // U+2044
    { 9, 10, 144, 0, 18, 12, 20372 }, // U+2070
    { 9, 10, 144, 0, 18, 12, 20384 }, // U+2074
    { 7, 10, 144, 1, 18, 9, 20396 }, // U+2075
    { 9, 10, 144, 0, 18, 12, 20405 }, // U+2076
    { 9, 10, 144, 0, 18, 12, 20417 }, // U+2077
    { 9, 10, 144, 0, 18, 12, 20429 }, // U+2078
    { 9, 10, 144, 0, 18, 12, 20441 }, // U+2079
    { 9, 10, 144, 0, 10, 12, 20453 }, // U+2080
    { 5, 10, 144, 1, 10, 7, 20465 }, // U+2081
    { 8, 10, 144, 0, 10, 10, 20472 }, // U+2082
    { 8, 10, 144, 0, 10, 10, 20482 }, // U+2083
    { 9, 10, 144, 0, 10, 12, 20492 }, // U+2084
    { 7, 10, 144, 1, 10, 9, 20504 }, // U+2085
    { 9, 10, 144, 0, 10, 12, 20513 }, // U+2086
    { 9, 10, 144, 0, 10, 12, 20525 }, // U+2087
    { 9, 10, 144, 0, 10, 12, 20537 }, // U+2088
    { 9, 10, 144, 0, 10, 12, 20549 }, // U+2089
    { 13, 17, 226, 1, 17, 28, 20561 }, // U+20AC
    { 13, 17, 226, 1, 17, 28, 20589 }, // U+20AE
    { 14, 17, 226, 0, 17, 30, 20617 }, // U+20B4
    { 13, 17, 226, 1, 17, 28, 20647 }, // U+20B9
    { 13, 19, 234, 1, 19, 31, 20675 }, // U+2202
    { 17, 17, 260, 0, 17, 37, 20706 }, // U+2206
    { 14, 20, 279, 2, 17, 35, 20743 }, // U+220F
    { 13, 20, 206, 0, 17, 33, 20778 }, // U+2211
    { 12, 2, 226, 1, 8, 3, 20811 }, // U+2212
    { 13, 17, 59, -5, 17, 28, 20814 }, // U+2215
    { 4, 3, 98, 1, 9, 2, 20842 }, // U+2219
    { 15, 20, 226, 0, 20, 38, 20844 }, // U+221A
    { 14, 7, 235, 0, 11, 13, 20882 }, // U+221E
    { 10, 24, 148, 0, 19, 30, 20895 }, // U+222B
    { 12, 10, 226, 1, 13, 15, 20925 }, // U+2248
    { 12, 13, 226, 1, 14, 20, 20940 }, // U+2260
    { 12, 15, 226, 1, 15, 23, 20960 }, // U+2264
    { 12, 15, 226, 1, 15, 23, 20983 }, // U+2265
    { 0, 0, 400, 0, 0, 0, 21006 }, // U+3000
    { 8, 7, 400, 1, 5, 7, 21006 }, // U+3001
    { 8, 8, 400, 1, 6, 8, 21013 }, // U+3002
    { 15, 13, 400, 5, 16, 25, 21021 }, // U+3003
    { 24, 25, 400, 0, 22, 75, 21046 }, // U+3004
    { 19, 22, 400, 2, 21, 53, 21121 }, // U+3005
    { 19, 22, 400, 3, 20, 53, 21174 }, // U+3006
    { 23, 23, 400, 1, 21, 67, 21227 }, // U+3007
    { 10, 24, 400, 14, 22, 30, 21294 }, // U+3008
    { 10, 24, 400, 1, 22, 30, 21324 }, // U+3009
    { 12, 24, 400, 13, 22, 36, 21354 }, // U+300A
    { 12, 24, 400, 0, 22, 36, 21390 }, // U+300B
    { 9, 18, 400, 16, 22, 21, 21426 }, // U+300C
    { 9, 18, 400, 0, 15, 21, 21447 }, // U+300D
    { 11, 18, 400, 14, 22, 25, 21468 }, // U+300E
    { 11, 18, 400, 0, 15, 25, 21493 }, // U+300F
    { 9, 24, 400, 16, 22, 27, 21518 }, // U+3010
    { 9, 24, 400, 0, 22, 27, 21545 }, // U+3011
    { 17, 20, 400, 4, 19, 43, 21572 }, // U+3012
    { 21, 21, 400, 2, 20, 56, 21615 }, // U+3013
    { 8, 24, 400, 17, 22, 24, 21671 }, // U+3014
    { 8, 24, 400, 0, 22, 24, 21695 }, // U+3015
    { 10, 25, 400, 15, 22, 32, 21719 }, // U+3016
    { 10, 25, 400, 0, 22, 32, 21751 }, // U+3017
    { 9, 25, 400, 16, 22, 29, 21783 }, // U+3018
    { 9, 25, 400, 0, 22, 29, 21812 }, // U+3019
    { 8, 25, 400, 17, 22, 25, 21841 }, // U+301A
    { 8, 25, 400, 0, 22, 25, 21866 }, // U+301B
    { 23, 7, 400, 1, 13, 21, 21891 }, // U+301C
    { 8, 10, 400, 16, 22, 10, 21912 }, // U+301D
    { 8, 10, 400, 1, 22, 10, 21922 }, // U+301E
    { 8, 10, 400, 1, 7, 10, 21932 }, // U+301F
    { 24, 19, 400, 0, 19, 57, 21942 }, // U+3020
    { 3, 22, 400, 11, 20, 9, 21999 }, // U+3021
    { 9, 22, 400, 8, 21, 25, 22008 }, // U+3022
    { 16, 22, 400, 5, 20, 44, 22033 }, // U+3023
    { 20, 20, 400, 2, 19, 50, 22077 }, // U+3024
    { 13, 21, 400, 6, 20, 35, 22127 }, // U+3025
    { 23, 9, 400, 1, 20, 26, 22162 }, // U+3026
    { 23, 16, 400, 1, 20, 46, 22188 }, // U+3027
    { 22, 21, 400, 1, 21, 58, 22234 }, // U+3028
    { 21, 23, 400, 2, 21, 61, 22292 }, // U+3029
    { 6, 6, 0, -26, -3, 5, 22353 }, // U+302A
    { 6, 6, 0, -26, 28, 5, 22358 }, // U+302B
    { 6, 5, 0, -5, 27, 4, 22363 }, // U+302C
    { 6, 5, 0, -5, -3, 4, 22367 }, // U+302D
    { 4, 4, 100, 1, 12, 2, 22371 }, // U+302E
    { 4, 9, 100, 1, 14, 5, 22373 }, // U+302F
    { 25, 7, 400, 0, 13, 22, 22378 }, // U+3030
    { 15, 49, 400, 4, 34, 92, 22400 }, // U+3031
    { 18, 49, 400, 4, 34, 111, 22492 }, // U+3032
    { 14, 24, 400, 4, 21, 42, 22603 }, // U+3033
    { 18, 24, 400, 4, 21, 54, 22645 }, // U+3034
    { 15, 24, 400, 4, 22, 45, 22699 }, // U+3035
    { 24, 25, 400, 0, 22, 75, 22744 }, // U+3036
    { 25, 23, 400, 0, 21, 72, 22819 }, // U+3037
    { 23, 24, 400, 1, 21, 69, 22891 }, // U+3038
    { 23, 24, 400, 1, 21, 69, 22960 }, // U+3039
    { 23, 24, 400, 1, 21, 69, 23029 }, // U+303A
    { 13, 23, 400, 6, 21, 38, 23098 }, // U+303B
    { 21, 21, 400, 2, 20, 56, 23136 }, // U+303C
    { 22, 18, 400, 2, 18, 50, 23192 }, // U+303D
    { 23, 23, 400, 1, 21, 67, 23242 }, // U+303E
    { 13, 21, 400, 6, 20, 35, 23309 }, // U+303F
    { 18, 20, 400, 4, 18, 45, 23344 }, // U+3041
    { 21, 23, 400, 2, 21, 61, 23389 }, // U+3042
    { 18, 16, 400, 4, 15, 36, 23450 }, // U+3043
    { 20, 19, 400, 3, 18, 48, 23486 }, // U+3044
    { 15, 19, 400, 5, 17, 36, 23534 }, // U+3045
    { 17, 23, 400, 4, 21, 49, 23570 }, // U+3046
    { 18, 19, 400, 4, 17, 43, 23619 }, // U+3047
    { 21, 23, 400, 2, 21, 61, 23662 }, // U+3048
    { 19, 18, 400, 4, 16, 43, 23723 }, // U+3049
    { 22, 23, 400, 2, 21, 64, 23766 }, // U+304A
    { 24, 23, 400, 1, 21, 69, 23830 }, // U+304B
    { 24, 24, 400, 1, 22, 72, 23899 }, // U+304C
    { 19, 23, 400, 3, 21, 55, 23971 }, // U+304D
    { 22, 24, 400, 2, 22, 66, 24026 }, // U+304E
    { 15, 22, 400, 4, 20, 42, 24092 }, // U+304F
    { 18, 22, 400, 4, 20, 50, 24134 }, // U+3050
    { 22, 22, 400, 2, 20, 61, 24184 }, // U+3051
    { 23, 24, 400, 2, 21, 69, 24245 }, // U+3052
    { 17, 19, 400, 4, 18, 41, 24314 }, // U+3053
    { 22, 24, 400, 3, 22, 66, 24355 }, // U+3054
    { 19, 22, 400, 3, 21, 53, 24421 }, // U+3055
    { 22, 25, 400, 3, 23, 69, 24474 }, // U+3056
    { 18, 22, 400, 5, 20, 50, 24543 }, // U+3057
    { 18, 22, 400, 5, 20, 50, 24593 }, // U+3058
    { 22, 23, 400, 2, 21, 64, 24643 }, // U+3059
    { 23, 25, 400, 1, 22, 72, 24707 }, // U+305A
    { 23, 21, 400, 1, 20, 61, 24779 }, // U+305B
    { 25, 22, 400, 0, 21, 69, 24840 }, // U+305C
    { 20, 22, 400, 2, 20, 55, 24909 }, // U+305D
    { 22, 22, 400, 1, 20, 61, 24964 }, // U+305E
    { 21, 23, 400, 2, 21, 61, 25025 }, // U+305F
    { 23, 22, 400, 1, 20, 64, 25086 }, // U+3060
    { 20, 22, 400, 2, 20, 55, 25150 }, // U+3061
    { 24, 25, 400, 1, 22, 75, 25205 }, // U+3062
    { 19, 14, 400, 3, 13, 34, 25280 }, // U+3063
    { 22, 17, 400, 1, 17, 47, 25314 }, // U+3064
    { 23, 23, 400, 1, 22, 67, 25361 }, // U+3065
    { 21, 21, 400, 2, 19, 56, 25428 }, // U+3066
    { 23, 20, 400, 1, 18, 58, 25484 }, // U+3067
    { 17, 21, 400, 5, 20, 45, 25542 }, // U+3068
    { 21, 22, 400, 4, 21, 58, 25587 }, // U+3069
    { 22, 23, 400, 2, 21, 64, 25645 }, // U+306A
    { 20, 22, 400, 3, 20, 55, 25709 }, // U+306B
    { 24, 22, 400, 1, 21, 66, 25764 }, // U+306C
    { 24, 23, 400, 1, 21, 69, 25830 }, // U+306D
    { 21, 20, 400, 2, 18, 53, 25899 }, // U+306E
    { 22, 22, 400, 2, 20, 61, 25952 }, // U+306F
    { 23, 24, 400, 2, 22, 69, 26013 }, // U+3070
    { 23, 24, 400, 2, 22, 69, 26082 }, // U+3071
    { 22, 21, 400, 2, 19, 58, 26151 }, // U+3072
    { 23, 24, 400, 2, 21, 69, 26209 }, // U+3073
    { 23, 24, 400, 2, 21, 69, 26278 }, // U+3074
    { 24, 21, 400, 1, 20, 63, 26347 }, // U+3075
    { 24, 21, 400, 0, 20, 63, 26410 }, // U+3076
    { 24, 21, 400, 0, 20, 63, 26473 }, // U+3077
    { 23, 17, 400, 1, 17, 49, 26536 }, // U+3078
    { 23, 19, 400, 1, 19, 55, 26585 }, // U+3079
    { 23, 19, 400, 1, 19, 55, 26640 }, // U+307A
    { 22, 22, 400, 2, 20, 61, 26695 }, // U+307B
    { 23, 23, 400, 2, 21, 67, 26756 }, // U+307C
    { 23, 24, 400, 2, 22, 69, 26823 }, // U+307D
    { 18, 22, 400, 4, 20, 50, 26892 }, // U+307E
    { 23, 22, 400, 1, 20, 64, 26942 }, // U+307F
    { 22, 23, 400, 2, 21, 64, 27006 }, // U+3080
    { 21, 22, 400, 2, 20, 58, 27070 }, // U+3081
    { 20, 23, 400, 2, 21, 58, 27128 }, // U+3082
    { 19, 20, 400, 2, 17, 48, 27186 }, // U+3083
    { 22, 23, 400, 1, 21, 64, 27234 }, // U+3084
    { 18, 19, 400, 4, 16, 43, 27298 }, // U+3085
    { 20, 24, 400, 3, 21, 60, 27341 }, // U+3086
    { 16, 18, 400, 4, 16, 36, 27401 }, // U+3087
    { 19, 22, 400, 3, 20, 53, 27437 }, // U+3088
    { 18, 22, 400, 4, 20, 50, 27490 }, // U+3089
    { 15, 23, 400, 5, 21, 44, 27540 }, // U+308A
    { 20, 22, 400, 2, 20, 55, 27584 }, // U+308B
    { 24, 23, 400, 1, 21, 69, 27639 }, // U+308C
    { 20, 22, 400, 2, 19, 55, 27708 }, // U+308D
    { 19, 19, 400, 3, 17, 46, 27763 }, // U+308E
    { 23, 23, 400, 1, 21, 67, 27809 }, // U+308F
    { 21, 22, 400, 2, 20, 58, 27876 }, // U+3090
    { 23, 22, 400, 1, 20, 64, 27934 }, // U+3091
    { 21, 23, 400, 2, 21, 61, 27998 }, // U+3092
    { 23, 22, 400, 1, 20, 64, 28059 }, // U+3093
    { 21, 23, 400, 3, 21, 61, 28123 }, // U+3094
    { 19, 18, 400, 4, 16, 43, 28184 }, // U+3095
    { 18, 19, 400, 4, 16, 43, 28227 }, // U+3096
    { 7, 6, 0, -7, 23, 6, 28270 }, // U+3099
    { 6, 7, 0, -6, 23, 6, 28276 }, // U+309A
    { 8, 6, 400, 0, 21, 6, 28282 }, // U+309B
    { 7, 6, 400, 0, 21, 6, 28288 }, // U+309C
    { 11, 15, 400, 8, 16, 21, 28294 }, // U+309D
    { 14, 18, 400, 7, 19, 32, 28315 }, // U+309E
    { 21, 24, 400, 1, 22, 63, 28347 }, // U+309F
    { 11, 5, 400, 7, 12, 7, 28410 }, // U+30A0
    { 18, 17, 400, 4, 14, 39, 28417 }, // U+30A1
    { 21, 21, 400, 3, 19, 56, 28456 }, // U+30A2
    { 17, 18, 400, 3, 16, 39, 28512 }, // U+30A3
    { 20, 21, 400, 2, 20, 53, 28551 }, // U+30A4
    { 17, 19, 400, 4, 16, 41, 28604 }, // U+30A5
    { 20, 23, 400, 3, 21, 58, 28645 }, // U+30A6
    { 19, 15, 400, 3, 14, 36, 28703 }, // U+30A7
    { 21, 18, 400, 2, 18, 48, 28739 }, // U+30A8
    { 18, 18, 400, 4, 16, 41, 28787 }, // U+30A9
    { 21, 21, 400, 2, 20, 56, 28828 }, // U+30AA
    { 20, 22, 400, 2, 20, 55, 28884 }, // U+30AB
    { 22, 24, 400, 2, 22, 66, 28939 }, // U+30AC
    { 21, 21, 400, 2, 20, 56, 29005 }, // U+30AD
    { 22, 23, 400, 2, 21, 64, 29061 }, // U+30AE
    { 20, 23, 400, 2, 21, 58, 29125 }, // U+30AF
    { 23, 25, 400, 1, 22, 72, 29183 }, // U+30B0
    { 22, 23, 400, 1, 21, 64, 29255 }, // U+30B1
    { 23, 24, 400, 1, 22, 69, 29319 }, // U+30B2
    { 19, 19, 400, 3, 18, 46, 29388 }, // U+30B3
    { 21, 24, 400, 3, 22, 63, 29434 }, // U+30B4
    { 23, 22, 400, 1, 20, 64, 29497 }, // U+30B5
    { 23, 24, 400, 1, 21, 69, 29561 }, // U+30B6
    { 21, 20, 400, 2, 19, 53, 29630 }, // U+30B7
    { 22, 21, 400, 2, 20, 58, 29683 }, // U+30B8
    { 21, 21, 400, 2, 19, 56, 29741 }, // U+30B9
    { 23, 24, 400, 1, 22, 69, 29797 }, // U+30BA
    { 22, 21, 400, 1, 20, 58, 29866 }, // U+30BB
    { 23, 23, 400, 1, 22, 67, 29924 }, // U+30BC
    { 19, 19, 400, 3, 18, 46, 29991 }, // U+30BD
    { 22, 23, 400, 2, 22, 64, 30037 }, // U+30BE
    { 20, 23, 400, 2, 21, 58, 30101 }, // U+30BF
    { 23, 25, 400, 1, 22, 72, 30159 }, // U+30C0
    { 21, 22, 400, 2, 20, 58, 30231 }, // U+30C1
    { 23, 22, 400, 1, 20, 64, 30289 }, // U+30C2
    { 18, 17, 400, 4, 15, 39, 30353 }, // U+30C3
    { 21, 20, 400, 2, 19, 53, 30392 }, // U+30C4
    { 23, 23, 400, 1, 21, 67, 30445 }, // U+30C5
    { 21, 21, 400, 2, 19, 56, 30512 }, // U+30C6
    { 23, 24, 400, 2, 22, 69, 30568 }, // U+30C7
    { 14, 21, 400, 8, 20, 37, 30637 }, // U+30C8
    { 15, 21, 400, 7, 20, 40, 30674 }, // U+30C9
    { 22, 22, 400, 2, 20, 61, 30714 }, // U+30CA
    { 21, 17, 400, 2, 17, 45, 30775 }, // U+30CB
    { 18, 21, 400, 3, 19, 48, 30820 }, // U+30CC
    { 23, 23, 400, 1, 21, 67, 30868 }, // U+30CD
    { 18, 20, 400, 3, 19, 45, 30935 }, // U+30CE
    { 23, 18, 400, 1, 18, 52, 30980 }, // U+30CF
    { 23, 21, 400, 1, 21, 61, 31032 }, // U+30D0
    { 24, 22, 400, 1, 21, 66, 31093 }, // U+30D1
    { 17, 20, 400, 5, 20, 43, 31159 }, // U+30D2
    { 20, 23, 400, 4, 22, 58, 31202 }, // U+30D3
    { 20, 22, 400, 4, 21, 55, 31260 }, // U+30D4
    { 19, 20, 400, 3, 19, 48, 31315 }, // U+30D5
    { 22, 24, 400, 3, 22, 66, 31363 }, // U+30D6
    { 22, 24, 400, 3, 22, 66, 31429 }, // U+30D7
    { 23, 17, 400, 1, 17, 49, 31495 }, // U+30D8
    { 23, 19, 400, 1, 19, 55, 31544 }, // U+30D9
    { 23, 19, 400, 1, 19, 55, 31599 }, // U+30DA
    { 22, 22, 400, 2, 21, 61, 31654 }, // U+30DB
    { 23, 23, 400, 1, 21, 67, 31715 }, // U+30DC
    { 23, 24, 400, 1, 22, 69, 31782 }, // U+30DD
    { 22, 20, 400, 2, 18, 55, 31851 }, // U+30DE
    { 18, 20, 400, 3, 19, 45, 31906 }, // U+30DF
    { 23, 22, 400, 1, 20, 64, 31951 }, // U+30E0
    { 20, 20, 400, 2, 19, 50, 32015 }, // U+30E1
    { 21, 20, 400, 2, 19, 53, 32065 }, // U+30E2
    { 19, 18, 400, 3, 15, 43, 32118 }, // U+30E3
    { 22, 21, 400, 1, 20, 58, 32161 }, // U+30E4
    { 19, 15, 400, 3, 14, 36, 32219 }, // U+30E5
    { 23, 18, 400, 1, 18, 52, 32255 }, // U+30E6
    { 15, 16, 400, 5, 14, 30, 32307 }, // U+30E7
    { 18, 21, 400, 3, 19, 48, 32337 }, // U+30E8
    { 19, 21, 400, 3, 19, 50, 32385 }, // U+30E9
    { 15, 20, 400, 5, 19, 38, 32435 }, // U+30EA
    { 23, 20, 400, 1, 19, 58, 32473 }, // U+30EB
    { 18, 20, 400, 5, 19, 45, 32531 }, // U+30EC
    { 19, 19, 400, 3, 18, 46, 32576 }, // U+30ED
    { 17, 17, 400, 4, 14, 37, 32622 }, // U+30EE
    { 19, 21, 400, 3, 19, 50, 32659 }, // U+30EF
    { 21, 22, 400, 2, 20, 58, 32709 }, // U+30F0
    { 22, 18, 400, 2, 18, 50, 32767 }, // U+30F1
    { 18, 21, 400, 4, 19, 48, 32817 }, // U+30F2
    { 21, 19, 400, 3, 18, 50, 32865 }, // U+30F3
    { 22, 24, 400, 2, 22, 66, 32915 }, // U+30F4
    { 16, 19, 400, 4, 16, 38, 32981 }, // U+30F5
    { 19, 19, 400, 3, 16, 46, 33019 }, // U+30F6
    { 22, 24, 400, 2, 22, 66, 33065 }, // U+30F7
    { 23, 24, 400, 1, 22, 69, 33131 }, // U+30F8
    { 23, 23, 400, 1, 22, 67, 33200 }, // U+30F9
    { 21, 25, 400, 3, 22, 66, 33267 }, // U+30FA
    { 7, 6, 400, 9, 13, 6, 33333 }, // U+30FB
    { 21, 4, 400, 2, 12, 11, 33339 }, // U+30FC
    { 12, 12, 400, 7, 15, 18, 33350 }, // U+30FD
    { 15, 16, 400, 6, 18, 30, 33368 }, // U+30FE
    { 16, 22, 400, 4, 20, 44, 33398 }, // U+30FF
    { 23, 3, 400, 1, 11, 9, 33442 }, // U+4E00
    { 23, 23, 400, 1, 22, 67, 33451 }, // U+4E0A
    { 23, 23, 400, 1, 20, 67, 33518 }, // U+4E0B
    { 23, 23, 400, 1, 20, 67, 33585 }, // U+4E21
    { 21, 25, 400, 2, 22, 66, 33652 }, // U+4E2D
    { 21, 22, 400, 2, 20, 58, 33718 }, // U+4E86
    { 25, 25, 400, 0, 22, 79, 33776 }, // U+4ED6
    { 24, 25, 400, 0, 22, 75, 33855 }, // U+4ED8
    { 24, 25, 400, 0, 22, 75, 33930 }, // U+4EF6
    { 25, 24, 400, 0, 22, 75, 34005 }, // U+4F4D
    { 25, 25, 400, 0, 22, 79, 34080 }, // U+4F53
    { 25, 25, 400, 0, 22, 79, 34159 }, // U+4F59
    { 25, 25, 400, 0, 22, 79, 34238 }, // U+4F5C
    { 25, 25, 400, 0, 22, 79, 34317 }, // U+4F7F
    { 25, 25, 400, 0, 22, 79, 34396 }, // U+4FDD
    { 25, 25, 400, 0, 22, 79, 34475 }, // U+4FE1
    { 25, 25, 400, 0, 22, 79, 34554 }, // U+5099
    { 25, 25, 400, 0, 22, 79, 34633 }, // U+50BE
    { 25, 25, 400, 0, 22, 79, 34712 }, // U+50CF
    { 23, 25, 400, 1, 22, 72, 34791 }, // U+5148
    { 24, 25, 400, 0, 22, 75, 34863 }, // U+5149
    { 25, 23, 400, 0, 20, 72, 34938 }, // U+5165
    { 25, 24, 400, 0, 22, 75, 35010 }, // U+5168
    { 21, 25, 400, 2, 22, 66, 35085 }, // U+5185
    { 25, 23, 400, 0, 20, 72, 35151 }, // U+518D
    { 21, 25, 400, 2, 22, 66, 35223 }, // U+51FA
    { 25, 25, 400, 0, 22, 79, 35289 }, // U+5206
    { 24, 24, 400, 0, 21, 72, 35368 }, // U+5207
    { 23, 25, 400, 0, 22, 72, 35440 }, // U+523B
    { 22, 25, 400, 1, 22, 69, 35512 }, // U+524A
    { 23, 25, 400, 1, 22, 72, 35581 }, // U+524D
    { 23, 24, 400, 1, 21, 69, 35653 }, // U+526F
    { 23, 25, 400, 1, 22, 72, 35722 }, // U+5272
    { 22, 25, 400, 1, 22, 69, 35794 }, // U+529B
    { 24, 25, 400, 0, 22, 75, 35863 }, // U+529F
    { 23, 25, 400, 0, 22, 72, 35938 }, // U+52A0
    { 24, 25, 400, 0, 22, 75, 36010 }, // U+52B9
    { 23, 25, 400, 1, 22, 72, 36085 }, // U+52D5
    { 25, 25, 400, 0, 22, 79, 36157 }, // U+5316
    { 25, 23, 400, 0, 20, 72, 36236 }, // U+539F
    { 23, 25, 400, 1, 22, 72, 36308 }, // U+53BB
    { 23, 23, 400, 1, 20, 67, 36380 }, // U+53CD
    { 25, 24, 400, 0, 21, 75, 36447 }, // U+53CE
    { 25, 23, 400, 0, 20, 72, 36522 }, // U+53D6
    { 23, 25, 400, 1, 22, 72, 36594 }, // U+53D7
    { 24, 25, 400, 0, 22, 75, 36666 }, // U+53F3
    { 23, 24, 400, 1, 21, 69, 36741 }, // U+53F7
    { 25, 25, 400, 0, 22, 79, 36810 }, // U+5404
    { 25, 25, 400, 0, 22, 79, 36889 }, // U+5408
    { 21, 23, 400, 2, 20, 61, 36968 }, // U+540C
    { 23, 25, 400, 0, 22, 72, 37029 }, // U+540D
    { 21, 24, 400, 2, 22, 63, 37101 }, // U+5411
    { 23, 25, 400, 1, 22, 72, 37164 }, // U+544A
    { 21, 23, 400, 2, 20, 61, 37236 }, // U+56DE
    { 22, 23, 400, 2, 20, 64, 37297 }, // U+56E0
    { 21, 23, 400, 2, 20, 61, 37361 }, // U+56F2
    { 24, 25, 400, 0, 22, 75, 37422 }, // U+5728
    { 25, 24, 400, 0, 22, 75, 37497 }, // U+57CB
    { 24, 25, 400, 1, 22, 75, 37572 }, // U+5831
    { 25, 25, 400, 0, 22, 79, 37647 }, // U+5834
    { 24, 25, 400, 1, 22, 75, 37726 }, // U+5909
    { 25, 25, 400, 0, 22, 79, 37801 }, // U+5916
    { 23, 25, 400, 1, 22, 72, 37880 }, // U+5927
    { 25, 25, 400, 0, 22, 79, 37952 }, // U+592A
    { 24, 25, 400, 1, 22, 75, 38031 }, // U+592E
    { 24, 25, 400, 1, 22, 75, 38106 }, // U+5931
    { 23, 24, 400, 1, 22, 69, 38181 }, // U+5B57
    { 24, 25, 400, 0, 22, 75, 38250 }, // U+5B58
    { 24, 25, 400, 0, 22, 75, 38325 }, // U+5B8C
    { 24, 25, 400, 0, 22, 75, 38400 }, // U+5B9A
    { 24, 25, 400, 0, 22, 75, 38475 }, // U+5B9B
    { 23, 25, 400, 1, 22, 72, 38550 }, // U+5BB3
    { 24, 25, 400, 1, 22, 75, 38622 }, // U+5C0E
    { 25, 25, 400, 0, 22, 79, 38697 }, // U+5C0F
    { 24, 23, 400, 0, 20, 69, 38776 }, // U+5C3E
    { 24, 24, 400, 0, 22, 72, 38845 }, // U+5DE6
    { 22, 25, 400, 2, 22, 69, 38917 }, // U+5E38
    { 25, 25, 400, 0, 22, 79, 38986 }, // U+5E83
    { 25, 25, 400, 0, 22, 79, 39065 }, // U+5EA6
    { 21, 25, 400, 2, 22, 66, 39144 }, // U+5F53
    { 25, 25, 400, 0, 22, 79, 39210 }, // U+5F79
    { 24, 25, 400, 0, 22, 75, 39289 }, // U+5F97
    { 25, 24, 400, 0, 22, 75, 39364 }, // U+5FC5
    { 24, 25, 400, 0, 22, 75, 39439 }, // U+60C5
    { 25, 24, 400, 0, 22, 75, 39514 }, // U+614B
    { 24, 25, 400, 0, 22, 75, 39589 }, // U+6210
    { 25, 23, 400, 0, 20, 72, 39664 }, // U+623B
    { 25, 25, 400, 0, 22, 79, 39736 }, // U+629C
    { 25, 25, 400, 0, 22, 79, 39815 }, // U+629E
    { 24, 25, 400, 0, 22, 75, 39894 }, // U+62BC
    { 24, 25, 400, 0, 22, 75, 39969 }, // U+6357
    { 24, 25, 400, 0, 22, 75, 40044 }, // U+63A5
    { 24, 25, 400, 0, 22, 75, 40119 }, // U+63C3
    { 25, 25, 400, 0, 22, 79, 40194 }, // U+64CD
    { 25, 25, 400, 0, 22, 79, 40273 }, // U+6557
    { 25, 25, 400, 0, 22, 79, 40352 }, // U+6570
    { 25, 25, 400, 0, 22, 79, 40431 }, // U+6587
    { 24, 25, 400, 0, 22, 75, 40510 }, // U+65B0
    { 25, 24, 400, 0, 21, 75, 40585 }, // U+65E2
    { 17, 23, 400, 4, 20, 49, 40660 }, // U+65E5
    { 24, 25, 400, 1, 22, 75, 40709 }, // U+6642
    { 24, 25, 400, 1, 22, 75, 40784 }, // U+6697
    { 24, 23, 400, 1, 20, 69, 40859 }, // U+66F4
    { 23, 25, 400, 1, 22, 72, 40928 }, // U+66F8
    { 24, 25, 400, 1, 22, 75, 41000 }, // U+66FF
    { 24, 24, 400, 1, 21, 72, 41075 }, // U+6700
    { 24, 24, 400, 0, 21, 72, 41147 }, // U+671F
    { 25, 25, 400, 0, 22, 79, 41219 }, // U+672A
    { 25, 25, 400, 0, 22, 79, 41298 }, // U+672B
    { 25, 25, 400, 0, 22, 79, 41377 }, // U+672C
    { 25, 25, 400, 0, 22, 79, 41456 }, // U+6790
    { 25, 25, 400, 0, 22, 79, 41535 }, // U+691C
    { 25, 25, 400, 0, 22, 79, 41614 }, // U+69CB
    { 25, 25, 400, 0, 22, 79, 41693 }, // U+6A19
    { 25, 25, 400, 0, 22, 79, 41772 }, // U+6A2A
    { 25, 25, 400, 0, 22, 79, 41851 }, // U+6B21
    { 23, 23, 400, 1, 22, 67, 41930 }, // U+6B62
    { 23, 21, 400, 1, 20, 61, 41997 }, // U+6B63
    { 25, 25, 400, 0, 22, 79, 42058 }, // U+6B8B
    { 25, 25, 400, 0, 22, 79, 42137 }, // U+6BB5
    { 23, 25, 400, 1, 22, 72, 42216 }, // U+6BCE
    { 25, 25, 400, 0, 22, 79, 42288 }, // U+6C7A
    { 25, 25, 400, 0, 22, 79, 42367 }, // U+6CE8
    { 24, 25, 400, 0, 22, 75, 42446 }, // U+6D88
    { 25, 25, 400, 0, 22, 79, 42521 }, // U+6DFB
    { 25, 25, 400, 0, 22, 79, 42600 }, // U+6E08
    { 25, 25, 400, 0, 22, 79, 42679 }, // U+6E90
    { 24, 25, 400, 0, 22, 75, 42758 }, // U+6E96
    { 23, 25, 400, 1, 22, 72, 42833 }, // U+7121
    { 23, 24, 400, 1, 21, 69, 42905 }, // U+7167
    { 24, 24, 400, 0, 22, 72, 42974 }, // U+7279
    { 25, 25, 400, 0, 22, 79, 43046 }, // U+72B6
    { 25, 25, 400, 0, 22, 79, 43125 }, // U+72ED
    { 23, 25, 400, 1, 22, 72, 43204 }, // U+7387
    { 25, 23, 400, 0, 20, 72, 43276 }, // U+73FE
    { 23, 23, 400, 0, 20, 67, 43348 }, // U+7528
    { 23, 23, 400, 1, 20, 67, 43415 }, // U+753B
    { 25, 25, 400, 0, 22, 79, 43482 }, // U+756A
    { 19, 25, 400, 3, 22, 60, 43561 }, // U+767D
    { 22, 25, 400, 2, 22, 69, 43621 }, // U+7684
    { 18, 23, 400, 3, 20, 52, 43690 }, // U+76EE
    { 24, 25, 400, 0, 22, 75, 43742 }, // U+77ED
    { 24, 25, 400, 0, 22, 75, 43817 }, // U+78BA
    { 24, 22, 400, 0, 20, 66, 43892 }, // U+793A
    { 25, 25, 400, 0, 22, 79, 43958 }, // U+79D2
    { 25, 25, 400, 0, 22, 79, 44037 }, // U+79FB
    { 23, 24, 400, 1, 22, 69, 44116 }, // U+7A7A
    { 23, 25, 400, 1, 22, 72, 44185 }, // U+7AE0
    { 24, 25, 400, 0, 22, 75, 44257 }, // U+7AEF
    { 24, 25, 400, 0, 22, 75, 44332 }, // U+7B2C
    { 24, 25, 400, 0, 22, 75, 44407 }, // U+7B97
    { 25, 25, 400, 0, 22, 79, 44482 }, // U+7BC4
    { 24, 25, 400, 0, 22, 75, 44561 }, // U+7C4D
    { 25, 25, 400, 0, 22, 79, 44636 }, // U+7D19
    { 23, 25, 400, 1, 22, 72, 44715 }, // U+7D22
    { 24, 25, 400, 0, 22, 75, 44787 }, // U+7D30
    { 25, 25, 400, 0, 22, 79, 44862 }, // U+7D42
    { 25, 25, 400, 0, 22, 79, 44941 }, // U+7D9A
    { 24, 25, 400, 0, 22, 75, 45020 }, // U+7DE8
    { 25, 25, 400, 0, 22, 79, 45095 }, // U+7E26
    { 23, 24, 400, 1, 21, 69, 45174 }, // U+7F6E
    { 24, 25, 400, 0, 22, 75, 45243 }, // U+811A
    { 18, 25, 400, 4, 22, 57, 45318 }, // U+81EA
    { 25, 25, 400, 0, 22, 79, 45375 }, // U+822C
    { 24, 24, 400, 0, 22, 72, 45454 }, // U+8272
    { 24, 25, 400, 1, 22, 75, 45526 }, // U+843D
    { 24, 25, 400, 0, 22, 75, 45601 }, // U+884C
    { 25, 25, 400, 0, 22, 79, 45676 }, // U+8868
    { 24, 25, 400, 0, 22, 75, 45755 }, // U+88DC
    { 23, 23, 400, 1, 20, 67, 45830 }, // U+8981
    { 25, 24, 400, 0, 21, 75, 45897 }, // U+898B
    { 25, 25, 400, 0, 22, 79, 45972 }, // U+8996
    { 25, 25, 400, 0, 22, 79, 46051 }, // U+89E3
    { 23, 23, 400, 1, 20, 67, 46130 }, // U+8A00
    { 25, 25, 400, 0, 22, 79, 46197 }, // U+8A08
    { 25, 24, 400, 0, 21, 75, 46276 }, // U+8A18
    { 25, 24, 400, 0, 21, 75, 46351 }, // U+8A2D
    { 25, 24, 400, 0, 21, 75, 46426 }, // U+8A3C
    { 25, 24, 400, 0, 21, 75, 46501 }, // U+8A66
    { 25, 25, 400, 0, 22, 79, 46576 }, // U+8A73
    { 25, 24, 400, 0, 21, 75, 46655 }, // U+8A8D
    { 25, 24, 400, 0, 21, 75, 46730 }, // U+8A9E
    { 25, 25, 400, 0, 22, 79, 46805 }, // U+8AAD
    { 25, 25, 400, 0, 22, 79, 46884 }, // U+8D77
    { 25, 25, 400, 0, 22, 79, 46963 }, // U+8EE2
    { 25, 24, 400, 0, 21, 75, 47042 }, // U+8FBC
    { 25, 25, 400, 0, 22, 79, 47117 }, // U+8FD1
    { 25, 25, 400, 0, 22, 79, 47196 }, // U+8FFD
    { 25, 24, 400, 0, 21, 75, 47275 }, // U+9000
    { 25, 25, 400, 0, 22, 79, 47350 }, // U+9001
    { 25, 25, 400, 0, 22, 79, 47429 }, // U+9006
    { 25, 25, 400, 0, 22, 79, 47508 }, // U+9032
    { 25, 25, 400, 0, 22, 79, 47587 }, // U+9069
    { 25, 24, 400, 0, 21, 75, 47666 }, // U+9078
    { 24, 24, 400, 1, 21, 72, 47741 }, // U+914D
    { 23, 23, 400, 1, 21, 67, 47813 }, // U+91CF
    { 25, 25, 400, 0, 22, 79, 47880 }, // U+9332
    { 24, 24, 400, 1, 21, 72, 47959 }, // U+9577
    { 21, 24, 400, 2, 21, 63, 48031 }, // U+958B
    { 21, 24, 400, 2, 21, 63, 48094 }, // U+9593
    { 23, 25, 400, 2, 22, 72, 48157 }, // U+9664
    { 24, 25, 400, 1, 22, 75, 48229 }, // U+969B
    { 22, 25, 400, 2, 22, 69, 48304 }, // U+969C
    { 22, 25, 400, 2, 22, 69, 48373 }, // U+96A0
    { 25, 25, 400, 0, 22, 79, 48442 }, // U+96C6
    { 24, 23, 400, 1, 21, 69, 48521 }, // U+96FB
    { 24, 25, 400, 0, 22, 75, 48590 }, // U+975E
    { 23, 23, 400, 1, 20, 67, 48665 }, // U+9762
    { 25, 23, 400, 0, 20, 72, 48732 }, // U+9805
    { 25, 25, 400, 0, 22, 79, 48804 }, // U+983B
    { 18, 19, 310, 2, 19, 43, 48883 }, // U+FB00
    { 13, 19, 257, 2, 19, 31, 48926 }, // U+FB01
    { 14, 19, 265, 2, 19, 34, 48957 }, // U+FB02
    { 23, 19, 413, 2, 19, 55, 48991 }, // U+FB03
    { 24, 19, 421, 2, 19, 57, 49046 }, // U+FB04
};

static const EpdUnicodeInterval ubuntu_12_regularIntervals[] = {
    { 0x0, 0x0, 0x0 },
    { 0x8, 0x9, 0x1 },
    { 0xD, 0xD, 0x3 },
    { 0x1D, 0x1D, 0x4 },
    { 0x20, 0x7E, 0x5 },
    { 0xA0, 0xFF, 0x64 },
    { 0x100, 0x17F, 0xC4 },
    { 0x1A0, 0x1A1, 0x144 },
    { 0x1AF, 0x1B0, 0x146 },
    { 0x1C4, 0x21F, 0x148 },
    { 0x311, 0x311, 0x1A4 },
    { 0x400, 0x45F, 0x1A5 },
    { 0x462, 0x463, 0x205 },
    { 0x472, 0x475, 0x207 },
    { 0x48A, 0x4F9, 0x20B },
    { 0x1EF2, 0x1EF3, 0x27B },
    { 0x2013, 0x2015, 0x27D },
    { 0x2018, 0x201A, 0x280 },
    { 0x201C, 0x201E, 0x283 },
    { 0x2020, 0x2022, 0x286 },
    { 0x2026, 0x2026, 0x289 },
    { 0x2030, 0x2030, 0x28A },
    { 0x2039, 0x203A, 0x28B },
    { 0x2044, 0x2044, 0x28D },
    { 0x2070, 0x2070, 0x28E },
    { 0x2074, 0x2079, 0x28F },
    { 0x2080, 0x2089, 0x295 },
    { 0x20AC, 0x20AC, 0x29F },
    { 0x20AE, 0x20AE, 0x2A0 },
    { 0x20B4, 0x20B4, 0x2A1 },
    { 0x20B9, 0x20B9, 0x2A2 },
    { 0x2202, 0x2202, 0x2A3 },
    { 0x2206, 0x2206, 0x2A4 },
    { 0x220F, 0x220F, 0x2A5 },
    { 0x2211, 0x2212, 0x2A6 },
    { 0x2215, 0x2215, 0x2A8 },
    { 0x2219, 0x221A, 0x2A9 },
    { 0x221E, 0x221E, 0x2AB },
    { 0x222B, 0x222B, 0x2AC },
    { 0x2248, 0x2248, 0x2AD },
    { 0x2260, 0x2260, 0x2AE },
    { 0x2264, 0x2265, 0x2AF },
    { 0x3000, 0x303F, 0x2B1 },
    { 0x3041, 0x3096, 0x2F1 },
    { 0x3099, 0x309F, 0x347 },
    { 0x30A0, 0x30FF, 0x34E },
    { 0x4E00, 0x4E00, 0x3AE },
    { 0x4E0A, 0x4E0B, 0x3AF },
    { 0x4E21, 0x4E21, 0x3B1 },
    { 0x4E2D, 0x4E2D, 0x3B2 },
    { 0x4E86, 0x4E86, 0x3B3 },
    { 0x4ED6, 0x4ED6, 0x3B4 },
    { 0x4ED8, 0x4ED8, 0x3B5 },
    { 0x4EF6, 0x4EF6, 0x3B6 },
    { 0x4F4D, 0x4F4D, 0x3B7 },
    { 0x4F53, 0x4F53, 0x3B8 },
    { 0x4F59, 0x4F59, 0x3B9 },
    { 0x4F5C, 0x4F5C, 0x3BA },
    { 0x4F7F, 0x4F7F, 0x3BB },
    { 0x4FDD, 0x4FDD, 0x3BC },
    { 0x4FE1, 0x4FE1, 0x3BD },
    { 0x5099, 0x5099, 0x3BE },
    { 0x50BE, 0x50BE, 0x3BF },
    { 0x50CF, 0x50CF, 0x3C0 },
    { 0x5148, 0x5149, 0x3C1 },
    { 0x5165, 0x5165, 0x3C3 },
    { 0x5168, 0x5168, 0x3C4 },
    { 0x5185, 0x5185, 0x3C5 },
    { 0x518D, 0x518D, 0x3C6 },
    { 0x51FA, 0x51FA, 0x3C7 },
    { 0x5206, 0x5207, 0x3C8 },
    { 0x523B, 0x523B, 0x3CA },
    { 0x524A, 0x524A, 0x3CB },
    { 0x524D, 0x524D, 0x3CC },
    { 0x526F, 0x526F, 0x3CD },
    { 0x5272, 0x5272, 0x3CE },
    { 0x529B, 0x529B, 0x3CF },
    { 0x529F, 0x52A0, 0x3D0 },
    { 0x52B9, 0x52B9, 0x3D2 },
    { 0x52D5, 0x52D5, 0x3D3 },
    { 0x5316, 0x5316, 0x3D4 },
    { 0x539F, 0x539F, 0x3D5 },
    { 0x53BB, 0x53BB, 0x3D6 },
    { 0x53CD, 0x53CE, 0x3D7 },
    { 0x53D6, 0x53D7, 0x3D9 },
    { 0x53F3, 0x53F3, 0x3DB },
    { 0x53F7, 0x53F7, 0x3DC },
    { 0x5404, 0x5404, 0x3DD },
    { 0x5408, 0x5408, 0x3DE },
    { 0x540C, 0x540D, 0x3DF },
    { 0x5411, 0x5411, 0x3E1 },
    { 0x544A, 0x544A, 0x3E2 },
    { 0x56DE, 0x56DE, 0x3E3 },
    { 0x56E0, 0x56E0, 0x3E4 },
    { 0x56F2, 0x56F2, 0x3E5 },
    { 0x5728, 0x5728, 0x3E6 },
    { 0x57CB, 0x57CB, 0x3E7 },
    { 0x5831, 0x5831, 0x3E8 },
    { 0x5834, 0x5834, 0x3E9 },
    { 0x5909, 0x5909, 0x3EA },
    { 0x5916, 0x5916, 0x3EB },
    { 0x5927, 0x5927, 0x3EC },
    { 0x592A, 0x592A, 0x3ED },
    { 0x592E, 0x592E, 0x3EE },
    { 0x5931, 0x5931, 0x3EF },
    { 0x5B57, 0x5B58, 0x3F0 },
    { 0x5B8C, 0x5B8C, 0x3F2 },
    { 0x5B9A, 0x5B9B, 0x3F3 },
    { 0x5BB3, 0x5BB3, 0x3F5 },
    { 0x5C0E, 0x5C0F, 0x3F6 },
    { 0x5C3E, 0x5C3E, 0x3F8 },
    { 0x5DE6, 0x5DE6, 0x3F9 },
    { 0x5E38, 0x5E38, 0x3FA },
    { 0x5E83, 0x5E83, 0x3FB },
    { 0x5EA6, 0x5EA6, 0x3FC },
    { 0x5F53, 0x5F53, 0x3FD },
    { 0x5F79, 0x5F79, 0x3FE },
    { 0x5F97, 0x5F97, 0x3FF },
    { 0x5FC5, 0x5FC5, 0x400 },
    { 0x60C5, 0x60C5, 0x401 },
    { 0x614B, 0x614B, 0x402 },
    { 0x6210, 0x6210, 0x403 },
    { 0x623B, 0x623B, 0x404 },
    { 0x629C, 0x629C, 0x405 },
    { 0x629E, 0x629E, 0x406 },
    { 0x62BC, 0x62BC, 0x407 },
    { 0x6357, 0x6357, 0x408 },
    { 0x63A5, 0x63A5, 0x409 },
    { 0x63C3, 0x63C3, 0x40A },
    { 0x64CD, 0x64CD, 0x40B },
    { 0x6557, 0x6557, 0x40C },
    { 0x6570, 0x6570, 0x40D },
    { 0x6587, 0x6587, 0x40E },
    { 0x65B0, 0x65B0, 0x40F },
    { 0x65E2, 0x65E2, 0x410 },
    { 0x65E5, 0x65E5, 0x411 },
    { 0x6642, 0x6642, 0x412 },
    { 0x6697, 0x6697, 0x413 },
    { 0x66F4, 0x66F4, 0x414 },
    { 0x66F8, 0x66F8, 0x415 },
    { 0x66FF, 0x6700, 0x416 },
    { 0x671F, 0x671F, 0x418 },
    { 0x672A, 0x672C, 0x419 },
    { 0x6790, 0x6790, 0x41C },
    { 0x691C, 0x691C, 0x41D },
    { 0x69CB, 0x69CB, 0x41E },
    { 0x6A19, 0x6A19, 0x41F },
    { 0x6A2A, 0x6A2A, 0x420 },
    { 0x6B21, 0x6B21, 0x421 },
    { 0x6B62, 0x6B63, 0x422 },
    { 0x6B8B, 0x6B8B, 0x424 },
    { 0x6BB5, 0x6BB5, 0x425 },
    { 0x6BCE, 0x6BCE, 0x426 },
    { 0x6C7A, 0x6C7A, 0x427 },
    { 0x6CE8, 0x6CE8, 0x428 },
    { 0x6D88, 0x6D88, 0x429 },
    { 0x6DFB, 0x6DFB, 0x42A },
    { 0x6E08, 0x6E08, 0x42B },
    { 0x6E90, 0x6E90, 0x42C },
    { 0x6E96, 0x6E96, 0x42D },
    { 0x7121, 0x7121, 0x42E },
    { 0x7167, 0x7167, 0x42F },
    { 0x7279, 0x7279, 0x430 },
    { 0x72B6, 0x72B6, 0x431 },
    { 0x72ED, 0x72ED, 0x432 },
    { 0x7387, 0x7387, 0x433 },
    { 0x73FE, 0x73FE, 0x434 },
    { 0x7528, 0x7528, 0x435 },
    { 0x753B, 0x753B, 0x436 },
    { 0x756A, 0x756A, 0x437 },
    { 0x767D, 0x767D, 0x438 },
    { 0x7684, 0x7684, 0x439 },
    { 0x76EE, 0x76EE, 0x43A },
    { 0x77ED, 0x77ED, 0x43B },
    { 0x78BA, 0x78BA, 0x43C },
    { 0x793A, 0x793A, 0x43D },
    { 0x79D2, 0x79D2, 0x43E },
    { 0x79FB, 0x79FB, 0x43F },
    { 0x7A7A, 0x7A7A, 0x440 },
    { 0x7AE0, 0x7AE0, 0x441 },
    { 0x7AEF, 0x7AEF, 0x442 },
    { 0x7B2C, 0x7B2C, 0x443 },
    { 0x7B97, 0x7B97, 0x444 },
    { 0x7BC4, 0x7BC4, 0x445 },
    { 0x7C4D, 0x7C4D, 0x446 },
    { 0x7D19, 0x7D19, 0x447 },
    { 0x7D22, 0x7D22, 0x448 },
    { 0x7D30, 0x7D30, 0x449 },
    { 0x7D42, 0x7D42, 0x44A },
    { 0x7D9A, 0x7D9A, 0x44B },
    { 0x7DE8, 0x7DE8, 0x44C },
    { 0x7E26, 0x7E26, 0x44D },
    { 0x7F6E, 0x7F6E, 0x44E },
    { 0x811A, 0x811A, 0x44F },
    { 0x81EA, 0x81EA, 0x450 },
    { 0x822C, 0x822C, 0x451 },
    { 0x8272, 0x8272, 0x452 },
    { 0x843D, 0x843D, 0x453 },
    { 0x884C, 0x884C, 0x454 },
    { 0x8868, 0x8868, 0x455 },
    { 0x88DC, 0x88DC, 0x456 },
    { 0x8981, 0x8981, 0x457 },
    { 0x898B, 0x898B, 0x458 },
    { 0x8996, 0x8996, 0x459 },
    { 0x89E3, 0x89E3, 0x45A },
    { 0x8A00, 0x8A00, 0x45B },
    { 0x8A08, 0x8A08, 0x45C },
    { 0x8A18, 0x8A18, 0x45D },
    { 0x8A2D, 0x8A2D, 0x45E },
    { 0x8A3C, 0x8A3C, 0x45F },
    { 0x8A66, 0x8A66, 0x460 },
    { 0x8A73, 0x8A73, 0x461 },
    { 0x8A8D, 0x8A8D, 0x462 },
    { 0x8A9E, 0x8A9E, 0x463 },
    { 0x8AAD, 0x8AAD, 0x464 },
    { 0x8D77, 0x8D77, 0x465 },
    { 0x8EE2, 0x8EE2, 0x466 },
    { 0x8FBC, 0x8FBC, 0x467 },
    { 0x8FD1, 0x8FD1, 0x468 },
    { 0x8FFD, 0x8FFD, 0x469 },
    { 0x9000, 0x9001, 0x46A },
    { 0x9006, 0x9006, 0x46C },
    { 0x9032, 0x9032, 0x46D },
    { 0x9069, 0x9069, 0x46E },
    { 0x9078, 0x9078, 0x46F },
    { 0x914D, 0x914D, 0x470 },
    { 0x91CF, 0x91CF, 0x471 },
    { 0x9332, 0x9332, 0x472 },
    { 0x9577, 0x9577, 0x473 },
    { 0x958B, 0x958B, 0x474 },
    { 0x9593, 0x9593, 0x475 },
    { 0x9664, 0x9664, 0x476 },
    { 0x969B, 0x969C, 0x477 },
    { 0x96A0, 0x96A0, 0x479 },
    { 0x96C6, 0x96C6, 0x47A },
    { 0x96FB, 0x96FB, 0x47B },
    { 0x975E, 0x975E, 0x47C },
    { 0x9762, 0x9762, 0x47D },
    { 0x9805, 0x9805, 0x47E },
    { 0x983B, 0x983B, 0x47F },
    { 0xFB00, 0xFB04, 0x480 },
};

static const EpdLigaturePair ubuntu_12_regularLigaturePairs[] = {
    { 0x00660066, 0xFB00 }, // f f -> U+FB00
    { 0x00660069, 0xFB01 }, // f i -> U+FB01
    { 0x0066006C, 0xFB02 }, // f l -> U+FB02
    { 0xFB000069, 0xFB03 }, // U+FB00 i -> U+FB03
    { 0xFB00006C, 0xFB04 }, // U+FB00 l -> U+FB04
};

static const EpdFontData ubuntu_12_regular = {
    ubuntu_12_regularBitmaps,
    ubuntu_12_regularGlyphs,
    ubuntu_12_regularIntervals,
    241,
    29,
    24,
    -5,
    false,
    nullptr,
    0,
    nullptr,
    nullptr,
    nullptr,
    nullptr,
    0,
    0,
    0,
    0,
    ubuntu_12_regularLigaturePairs,
    5,
};
