/**
 * generated by fontconvert.py
 * name: ubuntu_12_bold
 * size: 12
 * mode: 1-bit
 * Command used: fontconvert.py ubuntu_12_bold 12 ../builtinFonts/source/Ubuntu/Ubuntu-Bold.ttf ../builtinFonts/source/NotoSansJP/NotoSansJP-Bold-jp-only.ttf --no-kerning --additional-intervals=0x3000,0x303F --additional-intervals=0x3040,0x309F --additional-intervals=0x30A0,0x30FF --additional-intervals=0x4E00,0x4E00 --additional-intervals=0x4E0A,0x4E0B --additional-intervals=0x4E21,0x4E21 --additional-intervals=0x4E2D,0x4E2D --additional-intervals=0x4E86,0x4E86 --additional-intervals=0x4ED6,0x4ED6 --additional-intervals=0x4ED8,0x4ED8 --additional-intervals=0x4EF6,0x4EF6 --additional-intervals=0x4F4D,0x4F4D --additional-intervals=0x4F53,0x4F53 --additional-intervals=0x4F59,0x4F59 --additional-intervals=0x4F5C,0x4F5C --additional-intervals=0x4F7F,0x4F7F --additional-intervals=0x4FDD,0x4FDD --additional-intervals=0x4FE1,0x4FE1 --additional-intervals=0x5099,0x5099 --additional-intervals=0x50BE,0x50BE --additional-intervals=0x50CF,0x50CF --additional-intervals=0x5148,0x5149 --additional-intervals=0x5165,0x5165 --additional-intervals=0x5168,0x5168 --additional-intervals=0x5185,0x5185 --additional-intervals=0x518D,0x518D --additional-intervals=0x51FA,0x51FA --additional-intervals=0x5206,0x5207 --additional-intervals=0x523B,0x523B --additional-intervals=0x524A,0x524A --additional-intervals=0x524D,0x524D --additional-intervals=0x526F,0x526F --additional-intervals=0x5272,0x5272 --additional-intervals=0x529B,0x529B --additional-intervals=0x529F,0x52A0 --additional-intervals=0x52B9,0x52B9 --additional-intervals=0x52D5,0x52D5 --additional-intervals=0x5316,0x5316 --additional-intervals=0x539F,0x539F --additional-intervals=0x53BB,0x53BB --additional-intervals=0x53CD,0x53CE --additional-intervals=0x53D6,0x53D7 --additional-intervals=0x53F3,0x53F3 --additional-intervals=0x53F7,0x53F7 --additional-intervals=0x5404,0x5404 --additional-intervals=0x5408,0x5408 --additional-intervals=0x540C,0x540D --additional-intervals=0x5411,0x5411 --additional-intervals=0x544A,0x544A --additional-intervals=0x56DE,0x56DE --additional-intervals=0x56E0,0x56E0 --additional-intervals=0x56F2,0x56F2 --additional-intervals=0x5728,0x5728 --additional-intervals=0x57CB,0x57CB --additional-intervals=0x5831,0x5831 --additional-intervals=0x5834,0x5834 --additional-intervals=0x5909,0x5909 --additional-intervals=0x5916,0x5916 --additional-intervals=0x5927,0x5927 --additional-intervals=0x592A,0x592A --additional-intervals=0x592E,0x592E --additional-intervals=0x5931,0x5931 --additional-intervals=0x5B57,0x5B58 --additional-intervals=0x5B8C,0x5B8C --additional-intervals=0x5B9A,0x5B9B --additional-intervals=0x5BB3,0x5BB3 --additional-intervals=0x5C0E,0x5C0F --additional-intervals=0x5C3E,0x5C3E --additional-intervals=0x5DE6,0x5DE6 --additional-intervals=0x5E38,0x5E38 --additional-intervals=0x5E83,0x5E83 --additional-intervals=0x5EA6,0x5EA6 --additional-intervals=0x5F53,0x5F53 --additional-intervals=0x5F79,0x5F79 --additional-intervals=0x5F97,0x5F97 --additional-intervals=0x5FC5,0x5FC5 --additional-intervals=0x60C5,0x60C5 --additional-intervals=0x614B,0x614B --additional-intervals=0x6210,0x6210 --additional-intervals=0x623B,0x623B --additional-intervals=0x629C,0x629C --additional-intervals=0x629E,0x629E --additional-intervals=0x62BC,0x62BC --additional-intervals=0x6357,0x6357 --additional-intervals=0x63A5,0x63A5 --additional-intervals=0x63C3,0x63C3 --additional-intervals=0x64CD,0x64CD --additional-intervals=0x6557,0x6557 --additional-intervals=0x6570,0x6570 --additional-intervals=0x6587,0x6587 --additional-intervals=0x65B0,0x65B0 --additional-intervals=0x65E2,0x65E2 --additional-intervals=0x65E5,0x65E5 --additional-intervals=0x6642,0x6642 --additional-intervals=0x6697,0x6697 --additional-intervals=0x66F4,0x66F4 --additional-intervals=0x66F8,0x66F8 --additional-intervals=0x66FF,0x6700 --additional-intervals=0x671F,0x671F --additional-intervals=0x672A,0x672C --additional-intervals=0x6790,0x6790 --additional-intervals=0x691C,0x691C --additional-intervals=0x69CB,0x69CB --additional-intervals=0x6A19,0x6A19 --additional-intervals=0x6A2A,0x6A2A --additional-intervals=0x6B21,0x6B21 --additional-intervals=0x6B62,0x6B63 --additional-intervals=0x6B8B,0x6B8B --additional-intervals=0x6BB5,0x6BB5 --additional-intervals=0x6BCE,0x6BCE --additional-intervals=0x6C7A,0x6C7A --additional-intervals=0x6CE8,0x6CE8 --additional-intervals=0x6D88,0x6D88 --additional-intervals=0x6DFB,0x6DFB --additional-intervals=0x6E08,0x6E08 --additional-intervals=0x6E90,0x6E90 --additional-intervals=0x6E96,0x6E96 --additional-intervals=0x7121,0x7121 --additional-intervals=0x7167,0x7167 --additional-intervals=0x7279,0x7279 --additional-intervals=0x72B6,0x72B6 --additional-intervals=0x72ED,0x72ED --additional-intervals=0x7387,0x7387 --additional-intervals=0x73FE,0x73FE --additional-intervals=0x7528,0x7528 --additional-intervals=0x753B,0x753B --additional-intervals=0x756A,0x756A --additional-intervals=0x767D,0x767D --additional-intervals=0x7684,0x7684 --additional-intervals=0x76EE,0x76EE --additional-intervals=0x77ED,0x77ED --additional-intervals=0x78BA,0x78BA --additional-intervals=0x793A,0x793A --additional-intervals=0x79D2,0x79D2 --additional-intervals=0x79FB,0x79FB --additional-intervals=0x7A7A,0x7A7A --additional-intervals=0x7AE0,0x7AE0 --additional-intervals=0x7AEF,0x7AEF --additional-intervals=0x7B2C,0x7B2C --additional-intervals=0x7B97,0x7B97 --additional-intervals=0x7BC4,0x7BC4 --additional-intervals=0x7C4D,0x7C4D --additional-intervals=0x7D19,0x7D19 --additional-intervals=0x7D22,0x7D22 --additional-intervals=0x7D30,0x7D30 --additional-intervals=0x7D42,0x7D42 --additional-intervals=0x7D9A,0x7D9A --additional-intervals=0x7DE8,0x7DE8 --additional-intervals=0x7E26,0x7E26 --additional-intervals=0x7F6E,0x7F6E --additional-intervals=0x811A,0x811A --additional-intervals=0x81EA,0x81EA --additional-intervals=0x822C,0x822C --additional-intervals=0x8272,0x8272 --additional-intervals=0x843D,0x843D --additional-intervals=0x884C,0x884C --additional-intervals=0x8868,0x8868 --additional-intervals=0x88DC,0x88DC --additional-intervals=0x8981,0x8981 --additional-intervals=0x898B,0x898B --additional-intervals=0x8996,0x8996 --additional-intervals=0x89E3,0x89E3 --additional-intervals=0x8A00,0x8A00 --additional-intervals=0x8A08,0x8A08 --additional-intervals=0x8A18,0x8A18 --additional-intervals=0x8A2D,0x8A2D --additional-intervals=0x8A3C,0x8A3C --additional-intervals=0x8A66,0x8A66 --additional-intervals=0x8A73,0x8A73 --additional-intervals=0x8A8D,0x8A8D --additional-intervals=0x8A9E,0x8A9E --additional-intervals=0x8AAD,0x8AAD --additional-intervals=0x8D77,0x8D77 --additional-intervals=0x8EE2,0x8EE2 --additional-intervals=0x8FBC,0x8FBC --additional-intervals=0x8FD1,0x8FD1 --additional-intervals=0x8FFD,0x8FFD --additional-intervals=0x9000,0x9001 --additional-intervals=0x9006,0x9006 --additional-intervals=0x9032,0x9032 --additional-intervals=0x9069,0x9069 --additional-intervals=0x9078,0x9078 --additional-intervals=0x914D,0x914D --additional-intervals=0x91CF,0x91CF --additional-intervals=0x9332,0x9332 --additional-intervals=0x9577,0x9577 --additional-intervals=0x958B,0x958B --additional-intervals=0x9593,0x9593 --additional-intervals=0x9664,0x9664 --additional-intervals=0x969B,0x969C --additional-intervals=0x96A0,0x96A0 --additional-intervals=0x96C6,0x96C6 --additional-intervals=0x96FB,0x96FB --additional-intervals=0x975E,0x975E --additional-intervals=0x9762,0x9762 --additional-intervals=0x9805,0x9805 --additional-intervals=0x983B,0x983B
 */
#pragma once
#include "EpdFontData.h"

static const uint8_t ubuntu_12_boldBitmaps[52650] = {
    0xFF, 0xFF, 0xFF, 0xFF, 0xFF, 0xFB, 0xDC, 0x07, 0x7F, 0xFF, 0x70, 0xF7, 0xFD, 0xFF, 0x7F, 0xDF,
    0xF3, 0xFC, 0xEF, 0x38, 0x0F, 0x3C, 0x0F, 0x3C, 0x0F, 0x3C, 0x0F, 0x3C, 0xFF, 0xFE, 0xFF, 0xFE,
    0xFF, 0xFE, 0x1E, 0x78, 0x1E, 0x78, 0x3C, 0x78, 0xFF, 0xFE, 0xFF, 0xFE, 0xFF, 0xFE, 0x3C, 0xF0,
    0x78, 0xF0, 0x79, 0xE0, 0x79, 0xE0, 0x07, 0x80, 0x1E, 0x00, 0x78, 0x07, 0xFC, 0x3F, 0xF8, 0xFF,
    0xC7, 0xE7, 0x1F, 0x00, 0x7C, 0x01, 0xFE, 0x03, 0xFE, 0x0F, 0xFC, 0x0F, 0xF8, 0x07, 0xE0, 0x07,
    0x80, 0x1E, 0x78, 0xF9, 0xFF, 0xE7, 0xFF, 0x0F, 0xF8, 0x07, 0x80, 0x1E, 0x00, 0x78, 0x00, 0x3F,
    0x03, 0xC0, 0xFF, 0x0F, 0x81, 0xEF, 0x1E, 0x03, 0x9E, 0x78, 0x07, 0x1C, 0xF0, 0x0E, 0x7B, 0xC0,
    0x1E, 0xFF, 0x80, 0x3F, 0xDE, 0x00, 0x3F, 0x7D, 0xF8, 0x00, 0xF7, 0xF8, 0x03, 0xDE, 0xF0, 0x07,
    0xBC, 0xE0, 0x1E, 0x71, 0xC0, 0x7C, 0xF3, 0x80, 0xF1, 0xEF, 0x03, 0xE1, 0xFE, 0x07, 0x81, 0xF8,
    0x0F, 0xE0, 0x07, 0xFC, 0x01, 0xFF, 0x80, 0xFB, 0xE0, 0x3C, 0x78, 0x07, 0xBC, 0x01, 0xFF, 0x00,
    0x7F, 0x80, 0x3F, 0xCF, 0x1F, 0xFB, 0xC7, 0x9F, 0xF1, 0xE3, 0xFC, 0x78, 0x7E, 0x1F, 0x1F, 0x87,
    0xFF, 0xF0, 0xFF, 0xFE, 0x1F, 0xE7, 0x80, 0xFF, 0xFF, 0xFF, 0xF0, 0x0E, 0x0F, 0x1F, 0x1E, 0x3E,
    0x3C, 0x7C, 0x7C, 0x78, 0x78, 0xF8, 0xF8, 0xF8, 0xF8, 0xF8, 0x78, 0x78, 0x7C, 0x7C, 0x3C, 0x3E,
    0x1E, 0x1F, 0x0F, 0x0E, 0x60, 0xF0, 0xF8, 0x78, 0x7C, 0x3C, 0x3E, 0x3E, 0x1E, 0x1E, 0x1E, 0x1E,
    0x1F, 0x1E, 0x1E, 0x1E, 0x1E, 0x3E, 0x3E, 0x3C, 0x7C, 0x78, 0xF8, 0xF0, 0x60, 0x1E, 0x03, 0xC3,
    0xBB, 0x7F, 0xEF, 0xFF, 0xFF, 0x8F, 0xE3, 0xFE, 0x7B, 0xC6, 0x60, 0x0F, 0x00, 0xF0, 0x0F, 0x00,
    0xF0, 0xFF, 0xFF, 0xFF, 0xFF, 0xF0, 0xF0, 0x0F, 0x00, 0xF0, 0x0F, 0x00, 0x7D, 0xF7, 0xDE, 0x79,
    0xEF, 0x3C, 0xFF, 0xFF, 0xFF, 0x79, 0xFF, 0xDF, 0x78, 0x00, 0xF8, 0x07, 0x80, 0x3C, 0x03, 0xE0,
    0x1E, 0x00, 0xF0, 0x0F, 0x80, 0x78, 0x03, 0xC0, 0x3E, 0x01, 0xE0, 0x0F, 0x00, 0xF8, 0x07, 0x80,
    0x3C, 0x03, 0xE0, 0x1E, 0x00, 0xF0, 0x0F, 0x80, 0x78, 0x03, 0xC0, 0x3E, 0x01, 0xE0, 0x0F, 0x00,
    0xF8, 0x00, 0x0F, 0xC0, 0x7F, 0x83, 0xFF, 0x1F, 0xBE, 0x7C, 0x79, 0xE1, 0xE7, 0x87, 0xDE, 0x1F,
    0xF8, 0x7D, 0xE1, 0xF7, 0x87, 0xDE, 0x1E, 0x7C, 0x79, 0xFB, 0xE3, 0xFF, 0x07, 0xFC, 0x0F, 0xC0,
    0x07, 0x87, 0xE7, 0xF9, 0xFE, 0x7F, 0x9D, 0xE0, 0x78, 0x1E, 0x07, 0x81, 0xE0, 0x78, 0x1E, 0x07,
    0x81, 0xE0, 0x78, 0x1E, 0x07, 0x80, 0x1F, 0xC3, 0xFF, 0x9F, 0xFC, 0xFB, 0xF3, 0x0F, 0x80, 0x7C,
    0x03, 0xC0, 0x3E, 0x03, 0xE0, 0x7E, 0x07, 0xE0, 0x3E, 0x03, 0xE0, 0x3E, 0x01, 0xFF, 0xEF, 0xFF,
    0x7F, 0xF8, 0x3F, 0xC3, 0xFF, 0x1F, 0xFC, 0x73, 0xE0, 0x0F, 0x00, 0xF8, 0x7F, 0xC3, 0xFC, 0x1F,
    0xF0, 0x1F, 0x80, 0x3E, 0x01, 0xF0, 0x0F, 0xB8, 0xFD, 0xFF, 0xDF, 0xFC, 0x7F, 0xC0, 0x01, 0xF0,
    0x0F, 0xC0, 0x7F, 0x01, 0xFC, 0x0F, 0xF0, 0x7F, 0xC3, 0xEF, 0x0F, 0x3C, 0x78, 0xF1, 0xE3, 0xCF,
    0xFF, 0xFF, 0xFF, 0xFF, 0xFC, 0x03, 0xC0, 0x0F, 0x00, 0x3C, 0x00, 0xF0, 0x3F, 0xF1, 0xFF, 0x8F,
    0xFC, 0x78, 0x03, 0xC0, 0x1E, 0x00, 0xFF, 0x07, 0xFC, 0x3F, 0xF0, 0x3F, 0xC0, 0x3E, 0x00, 0xF0,
    0x0F, 0xB8, 0xFD, 0xFF, 0xCF, 0xFC, 0x7F, 0xC0, 0x01, 0xF0, 0x1F, 0xC0, 0xFF, 0x87, 0xF8, 0x3E,
    0x01, 0xF0, 0x07, 0xFE, 0x1F, 0xFC, 0x7F, 0xF9, 0xF3, 0xE7, 0x87, 0xDE, 0x1F, 0x78, 0x7D, 0xFB,
    0xE3, 0xFF, 0x8F, 0xFC, 0x0F, 0xE0, 0xFF, 0xFF, 0xFF, 0xFF, 0xFE, 0x03, 0xE0, 0x3E, 0x01, 0xF0,
    0x1F, 0x00, 0xF0, 0x0F, 0x80, 0x7C, 0x03, 0xC0, 0x3E, 0x01, 0xF0, 0x0F, 0x00, 0x78, 0x07, 0xC0,
    0x3E, 0x00, 0x0F, 0xE0, 0xFF, 0xC3, 0xFF, 0x9F, 0x3E, 0x78, 0x79, 0xF1, 0xE7, 0xCF, 0x8F, 0xFC,
    0x1F, 0xE0, 0xFF, 0xC7, 0xFF, 0x9E, 0x1F, 0x78, 0x7D, 0xF3, 0xE7, 0xFF, 0x8F, 0xFC, 0x1F, 0xE0,
    0x1F, 0xC0, 0xFF, 0xC7, 0xFF, 0x1F, 0x7E, 0xF8, 0x7B, 0xE1, 0xEF, 0x87, 0x9F, 0x3E, 0x7F, 0xF8,
    0xFF, 0xE1, 0xFF, 0x80, 0x3E, 0x01, 0xF0, 0x3F, 0xC3, 0xFE, 0x0F, 0xF0, 0x3F, 0x00, 0x79, 0xFF,
    0xDF, 0x78, 0x00, 0x00, 0x01, 0xE7, 0xFF, 0x7D, 0xE0, 0x79, 0xFF, 0xDF, 0x78, 0x00, 0x00, 0x00,
    0x07, 0xDF, 0x7D, 0xE7, 0x9E, 0xF3, 0xC0, 0x00, 0xF0, 0x7F, 0x3F, 0xFF, 0xFF, 0xFF, 0xEF, 0xF0,
    0xF8, 0x0F, 0xF0, 0xFF, 0xEF, 0xFF, 0x3F, 0xF0, 0x7F, 0x00, 0xF0, 0xFF, 0xFF, 0xFF, 0xFF, 0xF0,
    0x00, 0x00, 0x0F, 0xFF, 0xFF, 0xFF, 0xFF, 0x70, 0x0F, 0xE0, 0xFF, 0xCF, 0xFF, 0x7F, 0xF0, 0xFF,
    0x01, 0xF0, 0xFF, 0x7F, 0xFF, 0xFF, 0xFF, 0xCF, 0xE0, 0x70, 0x00, 0x7F, 0x9F, 0xF9, 0xFF, 0xB9,
    0xF0, 0x3E, 0x07, 0xC0, 0xF8, 0x3E, 0x0F, 0x83, 0xF0, 0x7C, 0x0F, 0x01, 0xE0, 0x00, 0x07, 0x80,
    0xF8, 0x3F, 0x03, 0xE0, 0x78, 0x00, 0x01, 0xFF, 0x00, 0x0F, 0xFF, 0x80, 0x3F, 0xFF, 0xC0, 0xFE,
    0x3F, 0x83, 0xE0, 0x0F, 0x8F, 0x80, 0x0F, 0x9E, 0x3F, 0xCF, 0x78, 0xFF, 0xCE, 0xF3, 0xFF, 0x9D,
    0xEF, 0xDF, 0x3B, 0xDE, 0x1E, 0x77, 0xBC, 0x3C, 0xEF, 0x78, 0x7B, 0xDE, 0xFD, 0xF7, 0xBC, 0xFF,
    0xFE, 0x3D, 0xFF, 0xFC, 0x7C, 0xFF, 0xF0, 0x7C, 0x00, 0x00, 0xFF, 0x0C, 0x00, 0xFF, 0xFC, 0x00,
    0x7F, 0xF8, 0x00, 0x3F, 0xF0, 0x00, 0x01, 0xE0, 0x00, 0xFC, 0x00, 0x3F, 0x00, 0x1F, 0xE0, 0x07,
    0xF8, 0x03, 0xFF, 0x00, 0xF3, 0xC0, 0x7C, 0xF8, 0x1E, 0x3E, 0x07, 0x87, 0x83, 0xFF, 0xF0, 0xFF,
    0xFC, 0x3F, 0xFF, 0x9F, 0x03, 0xE7, 0xC0, 0xFB, 0xE0, 0x1F, 0xF8, 0x07, 0xC0, 0xFF, 0xC3, 0xFF,
    0xCF, 0xFF, 0xBC, 0x7E, 0xF0, 0x7B, 0xC1, 0xEF, 0x1F, 0xBF, 0xFC, 0xFF, 0xF3, 0xFF, 0xEF, 0x0F,
    0xFC, 0x1F, 0xF0, 0x7F, 0xC7, 0xFF, 0xFF, 0xBF, 0xFE, 0xFF, 0xE0, 0x07, 0xFC, 0x3F, 0xFC, 0xFF,
    0xF3, 0xF8, 0xE7, 0xC0, 0x1F, 0x00, 0x3E, 0x00, 0x7C, 0x00, 0xF8, 0x01, 0xF0, 0x03, 0xE0, 0x07,
    0xC0, 0x07, 0xC0, 0x0F, 0xE3, 0x8F, 0xFF, 0x8F, 0xFF, 0x0F, 0xFC, 0xFF, 0xC0, 0xFF, 0xF0, 0xFF,
    0xF8, 0xF1, 0xFC, 0xF0, 0x7E, 0xF0, 0x3E, 0xF0, 0x1E, 0xF0, 0x1E, 0xF0, 0x1F, 0xF0, 0x1E, 0xF0,
    0x3E, 0xF0, 0x3E, 0xF0, 0x7E, 0xF1, 0xFC, 0xFF, 0xF8, 0xFF, 0xF0, 0xFF, 0xC0, 0xFF, 0xF7, 0xFF,
    0xBF, 0xFD, 0xE0, 0x0F, 0x00, 0x78, 0x03, 0xC0, 0x1F, 0xFC, 0xFF, 0xE7, 0xFF, 0x3C, 0x01, 0xE0,
    0x0F, 0x00, 0x78, 0x03, 0xFF, 0xFF, 0xFF, 0xFF, 0xF8, 0xFF, 0xFF, 0xFF, 0xFF, 0xFF, 0x00, 0xF0,
    0x0F, 0x00, 0xF0, 0x0F, 0xFE, 0xFF, 0xEF, 0xFE, 0xF0, 0x0F, 0x00, 0xF0, 0x0F, 0x00, 0xF0, 0x0F,
    0x00, 0xF0, 0x00, 0x07, 0xFC, 0x3F, 0xFC, 0xFF, 0xFB, 0xF8, 0xE7, 0xC0, 0x1F, 0x00, 0x3E, 0x00,
    0x7C, 0x00, 0xF8, 0x1F, 0xF0, 0x3F, 0xE0, 0x7F, 0xC0, 0xF7, 0xC1, 0xEF, 0xE3, 0xCF, 0xFF, 0x8F,
    0xFF, 0x07, 0xFE, 0xF0, 0x3F, 0xE0, 0x7F, 0xC0, 0xFF, 0x81, 0xFF, 0x03, 0xFE, 0x07, 0xFC, 0x0F,
    0xFF, 0xFF, 0xFF, 0xFF, 0xFF, 0xFF, 0xC0, 0xFF, 0x81, 0xFF, 0x03, 0xFE, 0x07, 0xFC, 0x0F, 0xF8,
    0x1F, 0xF0, 0x3E, 0xFF, 0xFF, 0xFF, 0xFF, 0xFF, 0xFF, 0xFF, 0xFF, 0xF0, 0x01, 0xF0, 0x1F, 0x01,
    0xF0, 0x1F, 0x01, 0xF0, 0x1F, 0x01, 0xF0, 0x1F, 0x01, 0xF0, 0x1F, 0x01, 0xF0, 0x1F, 0x01, 0xF7,
    0x3E, 0xFF, 0xEF, 0xFC, 0x7F, 0x80, 0xF0, 0x7D, 0xE1, 0xF3, 0xC7, 0xE7, 0x9F, 0x8F, 0x7E, 0x1F,
    0xF8, 0x3F, 0xE0, 0x7F, 0x80, 0xFF, 0x01, 0xFF, 0x03, 0xFF, 0x07, 0xBF, 0x0F, 0x3F, 0x1E, 0x3F,
    0x3C, 0x3E, 0x78, 0x3E, 0xF0, 0x7E, 0xF0, 0x0F, 0x00, 0xF0, 0x0F, 0x00, 0xF0, 0x0F, 0x00, 0xF0,
    0x0F, 0x00, 0xF0, 0x0F, 0x00, 0xF0, 0x0F, 0x00, 0xF0, 0x0F, 0x00, 0xFF, 0xFF, 0xFF, 0xFF, 0xF0,
    0x7C, 0x03, 0xE7, 0xE0, 0x3E, 0x7E, 0x07, 0xE7, 0xF0, 0x7E, 0x7F, 0x0F, 0xE7, 0xF8, 0xFF, 0x7F,
    0x9F, 0xF7, 0xFD, 0xFF, 0x7B, 0xDF, 0xF7, 0xBF, 0xDF, 0x79, 0xFD, 0xFF, 0x9F, 0x8F, 0xF9, 0xF8,
    0xFF, 0x8F, 0x8F, 0xF8, 0xF0, 0xFF, 0x80, 0x0F, 0xF8, 0x00, 0xF0, 0xF0, 0x1F, 0xF0, 0x3F, 0xF0,
    0x7F, 0xF0, 0xFF, 0xF1, 0xFF, 0xE3, 0xFF, 0xE7, 0xFB, 0xEF, 0xF7, 0xDF, 0xE7, 0xFF, 0xC7, 0xFF,
    0x87, 0xFF, 0x0F, 0xFE, 0x0F, 0xFC, 0x0F, 0xF8, 0x1F, 0xF0, 0x1E, 0x07, 0xF8, 0x07, 0xFF, 0x83,
    0xFF, 0xF1, 0xFC, 0xFC, 0x7C, 0x0F, 0xBE, 0x03, 0xEF, 0x80, 0x7F, 0xE0, 0x1F, 0xF8, 0x07, 0xFE,
    0x01, 0xFF, 0x80, 0x7F, 0xE0, 0x3E, 0x7C, 0x0F, 0x9F, 0xCF, 0xE3, 0xFF, 0xF0, 0x7F, 0xF8, 0x07,
    0xF8, 0x00, 0xFF, 0xC3, 0xFF, 0xCF, 0xFF, 0xBC, 0x7E, 0xF0, 0x7B, 0xC1, 0xFF, 0x07, 0xBC, 0x7E,
    0xFF, 0xFB, 0xFF, 0xCF, 0xFC, 0x3C, 0x00, 0xF0, 0x03, 0xC0, 0x0F, 0x00, 0x3C, 0x00, 0xF0, 0x00,
    0x07, 0xF8, 0x07, 0xFF, 0x83, 0xFF, 0xF1, 0xFC, 0xFC, 0x7C, 0x0F, 0xBE, 0x03, 0xEF, 0x80, 0x7F,
    0xE0, 0x1F, 0xF8, 0x07, 0xFE, 0x01, 0xFF, 0x80, 0x7F, 0xE0, 0x3E, 0x7C, 0x0F, 0x9F, 0xCF, 0xE3,
    0xFF, 0xF0, 0x7F, 0xF8, 0x0F, 0xF8, 0x00, 0x7C, 0x00, 0x0F, 0xE0, 0x03, 0xFE, 0x00, 0x7F, 0x00,
    0x07, 0xC0, 0xFF, 0xC1, 0xFF, 0xE3, 0xFF, 0xE7, 0x8F, 0xCF, 0x0F, 0x9E, 0x0F, 0x3C, 0x3E, 0x78,
    0xFC, 0xFF, 0xF9, 0xFF, 0xE3, 0xFF, 0x87, 0x9F, 0x0F, 0x1F, 0x1E, 0x3F, 0x3C, 0x3E, 0x78, 0x7E,
    0xF0, 0x7C, 0x0F, 0xF0, 0xFF, 0xE7, 0xFF, 0x9F, 0x9C, 0x7C, 0x01, 0xF0, 0x07, 0xF8, 0x0F, 0xF8,
    0x1F, 0xF0, 0x3F, 0xE0, 0x1F, 0xC0, 0x1F, 0x00, 0x7D, 0xE3, 0xF7, 0xFF, 0x9F, 0xFE, 0x3F, 0xE0,
    0xFF, 0xFF, 0xFF, 0xFF, 0xFF, 0xF8, 0x3E, 0x00, 0x7C, 0x00, 0xF8, 0x01, 0xF0, 0x03, 0xE0, 0x07,
    0xC0, 0x0F, 0x80, 0x1F, 0x00, 0x3E, 0x00, 0x7C, 0x00, 0xF8, 0x01, 0xF0, 0x03, 0xE0, 0x07, 0xC0,
    0xF8, 0x1F, 0xF0, 0x3F, 0xE0, 0x7F, 0xC0, 0xFF, 0x81, 0xFF, 0x03, 0xFE, 0x07, 0xFC, 0x0F, 0xF8,
    0x1F, 0xF0, 0x3F, 0xE0, 0x7F, 0xC0, 0xF7, 0xC3, 0xEF, 0xCF, 0xDF, 0xFF, 0x1F, 0xFC, 0x0F, 0xF0,
    0xF8, 0x07, 0xFF, 0x01, 0xF7, 0xC0, 0xF9, 0xF0, 0x3E, 0x3E, 0x0F, 0x0F, 0x87, 0xC3, 0xE1, 0xF0,
    0x7C, 0x78, 0x1F, 0x3E, 0x03, 0xCF, 0x00, 0xFF, 0xC0, 0x3F, 0xF0, 0x07, 0xF8, 0x01, 0xFE, 0x00,
    0x3F, 0x00, 0x0F, 0xC0, 0x01, 0xF0, 0x00, 0xF8, 0x00, 0x1E, 0xF8, 0x00, 0x1E, 0x7C, 0x3C, 0x3E,
    0x7C, 0x7C, 0x3E, 0x7C, 0x7E, 0x3E, 0x7C, 0x7E, 0x3C, 0x3C, 0x7E, 0x3C, 0x3E, 0xFF, 0x7C, 0x3E,
    0xFF, 0x7C, 0x3E, 0xEF, 0x78, 0x1F, 0xE7, 0xF8, 0x1F, 0xE7, 0xF8, 0x1F, 0xC7, 0xF0, 0x1F, 0xC3,
    0xF0, 0x0F, 0xC3, 0xF0, 0x0F, 0x83, 0xF0, 0x0F, 0x81, 0xE0, 0xFC, 0x1F, 0x3F, 0x1F, 0x8F, 0x8F,
    0x87, 0xEF, 0x81, 0xFF, 0xC0, 0x7F, 0xC0, 0x3F, 0xC0, 0x0F, 0xE0, 0x03, 0xE0, 0x03, 0xF8, 0x03,
    0xFE, 0x03, 0xFF, 0x81, 0xF7, 0xC1, 0xF3, 0xF1, 0xF8, 0xFC, 0xF8, 0x3E, 0xF8, 0x1F, 0x80, 0xF8,
    0x1F, 0xBE, 0x0F, 0x9F, 0x0F, 0x87, 0xC7, 0xC3, 0xE7, 0xC0, 0xFB, 0xE0, 0x7F, 0xE0, 0x1F, 0xF0,
    0x07, 0xF0, 0x03, 0xF0, 0x00, 0xF8, 0x00, 0x7C, 0x00, 0x3E, 0x00, 0x1F, 0x00, 0x0F, 0x80, 0x07,
    0xC0, 0x03, 0xE0, 0x00, 0x7F, 0xFE, 0xFF, 0xFD, 0xFF, 0xF0, 0x07, 0xE0, 0x1F, 0x80, 0x3E, 0x00,
    0xF8, 0x03, 0xF0, 0x07, 0xC0, 0x1F, 0x00, 0x7C, 0x00, 0xF8, 0x03, 0xE0, 0x0F, 0x80, 0x1F, 0xFF,
    0xFF, 0xFF, 0xFF, 0xFE, 0xFE, 0xFE, 0xFE, 0xF0, 0xF0, 0xF0, 0xF0, 0xF0, 0xF0, 0xF0, 0xF0, 0xF0,
    0xF0, 0xF0, 0xF0, 0xF0, 0xF0, 0xF0, 0xF0, 0xF0, 0xF0, 0xF0, 0xFE, 0xFE, 0xFE, 0xF8, 0x07, 0xC0,
    0x1E, 0x00, 0xF8, 0x07, 0xC0, 0x1E, 0x00, 0xF8, 0x07, 0xC0, 0x1E, 0x00, 0xF8, 0x03, 0xC0, 0x1E,
    0x00, 0xF8, 0x03, 0xC0, 0x1E, 0x00, 0xF8, 0x03, 0xC0, 0x1E, 0x00, 0xF8, 0x03, 0xC0, 0x1E, 0x00,
    0xF8, 0x03, 0xC0, 0x1E, 0x00, 0xF8, 0xFE, 0xFE, 0xFE, 0x1E, 0x1E, 0x1E, 0x1E, 0x1E, 0x1E, 0x1E,
    0x1E, 0x1E, 0x1E, 0x1E, 0x1E, 0x1E, 0x1E, 0x1E, 0x1E, 0x1E, 0x1E, 0x1E, 0xFE, 0xFE, 0xFE, 0x07,
    0x80, 0x3F, 0x00, 0xFE, 0x07, 0xF8, 0x3F, 0xF0, 0xFB, 0xC7, 0xCF, 0x9E, 0x1F, 0xF8, 0x7C, 0xC0,
    0xC0, 0xFF, 0xFF, 0xFF, 0xFF, 0xFE, 0x30, 0xF1, 0xE1, 0xE1, 0xC1, 0x80, 0x3F, 0xC1, 0xFF, 0x8F,
    0xFC, 0x63, 0xE0, 0x0F, 0x8F, 0xFD, 0xFF, 0xEF, 0xFF, 0x7C, 0xFB, 0xE7, 0xDF, 0xFE, 0xFF, 0xF3,
    0xFF, 0x00, 0x78, 0x07, 0xC0, 0x3E, 0x01, 0xF0, 0x0F, 0x80, 0x7C, 0x03, 0xFF, 0x1F, 0xFE, 0xFF,
    0xF7, 0xEF, 0xFE, 0x3F, 0xF0, 0xFF, 0x87, 0xFC, 0x3F, 0xE3, 0xFF, 0x3F, 0xFF, 0xF7, 0xFF, 0x1F,
    0xF0, 0x1F, 0xE7, 0xFD, 0xFF, 0x7E, 0x6F, 0x81, 0xE0, 0x3C, 0x07, 0x80, 0xF8, 0x1F, 0x8D, 0xFF,
    0x9F, 0xF1, 0xFE, 0x00, 0xF8, 0x07, 0xC0, 0x3E, 0x01, 0xF0, 0x0F, 0x80, 0x7C, 0x7F, 0xEF, 0xFF,
    0x7F, 0xFF, 0xEF, 0xFE, 0x3F, 0xE1, 0xFF, 0x0F, 0xF8, 0x7F, 0xE3, 0xFF, 0x9F, 0x7F, 0xF9, 0xFF,
    0xC7, 0xFC, 0x1F, 0xC1, 0xFF, 0x1F, 0xFD, 0xFB, 0xEF, 0x8F, 0xFF, 0xFF, 0xFF, 0xFF, 0xFF, 0xF8,
    0x07, 0xE3, 0x9F, 0xFC, 0x7F, 0xE1, 0xFF, 0x00, 0x1F, 0xCF, 0xF7, 0xFD, 0xF2, 0xF8, 0x3E, 0x0F,
    0xFB, 0xFE, 0xFF, 0xBE, 0x0F, 0x83, 0xE0, 0xF8, 0x3E, 0x0F, 0x83, 0xE0, 0xF8, 0x3E, 0x0F, 0x80,
    0x1F, 0xF1, 0xFF, 0x9F, 0xFD, 0xF9, 0xEF, 0x8F, 0x78, 0x7B, 0xC3, 0xDE, 0x1E, 0xF8, 0xF7, 0xEF,
    0x9F, 0xFC, 0xFF, 0xE3, 0xFF, 0x00, 0x79, 0xC7, 0xCF, 0xFE, 0x7F, 0xE3, 0xFE, 0x00, 0x78, 0x07,
    0xC0, 0x3E, 0x01, 0xF0, 0x0F, 0x80, 0x7C, 0x03, 0xFF, 0x1F, 0xFC, 0xFF, 0xF7, 0xCF, 0xBE, 0x3D,
    0xF1, 0xEF, 0x8F, 0x7C, 0x7B, 0xE3, 0xDF, 0x1E, 0xF8, 0xF7, 0xC7, 0xBE, 0x3C, 0x7F, 0xFE, 0xF0,
    0x03, 0xFF, 0xFF, 0xFF, 0xFF, 0xFF, 0xFF, 0xFF, 0xFE, 0x0F, 0x1F, 0x1F, 0x0F, 0x00, 0x00, 0x1F,
    0x1F, 0x1F, 0x1F, 0x1F, 0x1F, 0x1F, 0x1F, 0x1F, 0x1F, 0x1F, 0x1F, 0x1F, 0x1F, 0x1F, 0xFE, 0xFE,
    0xFC, 0x78, 0x03, 0xE0, 0x0F, 0x80, 0x3E, 0x00, 0xF8, 0x03, 0xE0, 0x0F, 0x8F, 0xBE, 0x7C, 0xFB,
    0xE3, 0xFF, 0x0F, 0xF8, 0x3F, 0xC0, 0xFF, 0x83, 0xFF, 0x0F, 0xFE, 0x3E, 0xF8, 0xF9, 0xF3, 0xE3,
    0xEF, 0x8F, 0x80, 0x79, 0xF3, 0xE7, 0xCF, 0x9F, 0x3E, 0x7C, 0xF9, 0xF3, 0xE7, 0xCF, 0x9F, 0x3E,
    0x7E, 0x7E, 0xFC, 0xF0, 0x7F, 0x9F, 0x9F, 0xFF, 0xFB, 0xFF, 0xFF, 0xFC, 0xFD, 0xFF, 0x9F, 0x1F,
    0xF1, 0xE3, 0xFE, 0x3C, 0x7F, 0xC7, 0x8F, 0xF8, 0xF1, 0xFF, 0x1E, 0x3F, 0xE3, 0xC7, 0xFC, 0x78,
    0xFF, 0x8F, 0x1E, 0x7F, 0xC7, 0xFF, 0x3F, 0xFD, 0xF3, 0xEF, 0x8F, 0x7C, 0x7B, 0xE3, 0xDF, 0x1E,
    0xF8, 0xF7, 0xC7, 0xBE, 0x3D, 0xF1, 0xEF, 0x8F, 0x00, 0x1F, 0xC0, 0xFF, 0x87, 0xFF, 0x3F, 0x7E,
    0xF8, 0xFB, 0xC1, 0xEF, 0x07, 0xBC, 0x1E, 0xF8, 0xFB, 0xF7, 0xE7, 0xFF, 0x0F, 0xF8, 0x1F, 0xC0,
    0x7F, 0xC7, 0xFF, 0x3F, 0xFD, 0xF3, 0xFF, 0x8F, 0xFC, 0x3F, 0xE1, 0xFF, 0x0F, 0xF8, 0xFF, 0xEF,
    0xFF, 0xFD, 0xFF, 0xEF, 0xFC, 0x7C, 0x03, 0xE0, 0x1F, 0x00, 0xF8, 0x07, 0xC0, 0x00, 0x1F, 0xF1,
    0xFF, 0xDF, 0xFF, 0xF9, 0xFF, 0x8F, 0xF8, 0x7F, 0xC3, 0xFE, 0x1F, 0xF8, 0xFF, 0xE7, 0xDF, 0xFE,
    0xFF, 0xF1, 0xFF, 0x80, 0x7C, 0x03, 0xE0, 0x1F, 0x00, 0xF8, 0x07, 0xC0, 0x7F, 0xFF, 0xEF, 0xFB,
    0xE6, 0xF8, 0x3E, 0x0F, 0x83, 0xE0, 0xF8, 0x3E, 0x0F, 0x83, 0xE0, 0xF8, 0x00, 0x1F, 0xE3, 0xFE,
    0x7F, 0xC7, 0xCC, 0x7F, 0x07, 0xFE, 0x7F, 0xE3, 0xFE, 0x03, 0xE7, 0x1E, 0x7F, 0xE7, 0xFC, 0x7F,
    0x80, 0xF8, 0x3E, 0x0F, 0x83, 0xE0, 0xFF, 0xBF, 0xEF, 0xFB, 0xE0, 0xF8, 0x3E, 0x0F, 0x83, 0xE0,
    0xF8, 0x3F, 0x27, 0xF9, 0xFF, 0x3F, 0x80, 0xF8, 0xFF, 0x8F, 0xF8, 0xFF, 0x8F, 0xF8, 0xFF, 0x8F,
    0xF8, 0xFF, 0x8F, 0xF8, 0xF7, 0xCF, 0x7F, 0xF3, 0xFF, 0x1F, 0xF0, 0xF8, 0x7F, 0xE1, 0xE7, 0x87,
    0x9F, 0x3E, 0x7C, 0xF0, 0xF3, 0xC3, 0xDF, 0x0F, 0xF8, 0x1F, 0xE0, 0x7F, 0x00, 0xFC, 0x03, 0xF0,
    0x07, 0x80, 0xF8, 0xF1, 0xFF, 0x8F, 0x1E, 0x78, 0xF1, 0xE7, 0x9F, 0x3E, 0x7D, 0xFB, 0xC3, 0xDF,
    0xBC, 0x3F, 0xFB, 0xC3, 0xFF, 0xF8, 0x1F, 0xBF, 0x81, 0xF9, 0xF8, 0x1F, 0x9F, 0x00, 0xF1, 0xF0,
    0x0F, 0x0F, 0x00, 0xF8, 0x79, 0xF3, 0xE3, 0xFF, 0x0F, 0xF8, 0x1F, 0xE0, 0x3F, 0x00, 0xF8, 0x03,
    0xF0, 0x1F, 0xE0, 0xFF, 0xC7, 0xCF, 0x1E, 0x3E, 0xF8, 0x7C, 0xF8, 0x7F, 0xE1, 0xE7, 0x87, 0x9F,
    0x3E, 0x7C, 0xF0, 0xF3, 0xC3, 0xFF, 0x0F, 0xF8, 0x1F, 0xE0, 0x7F, 0x80, 0xFC, 0x03, 0xF0, 0x07,
    0x80, 0x3E, 0x05, 0xF0, 0x3F, 0xC0, 0xFE, 0x03, 0xF0, 0x00, 0x7F, 0xF7, 0xFF, 0x7F, 0xF0, 0x3E,
    0x07, 0xC0, 0xF8, 0x0F, 0x81, 0xF0, 0x3E, 0x07, 0xC0, 0x7F, 0xFF, 0xFF, 0xFF, 0xF0, 0x07, 0x87,
    0xE1, 0xF8, 0x7C, 0x1E, 0x07, 0x81, 0xE0, 0x78, 0x1E, 0x0F, 0x83, 0xE3, 0xF0, 0xF8, 0x3F, 0x03,
    0xE0, 0xF8, 0x1E, 0x07, 0x81, 0xE0, 0x78, 0x1E, 0x07, 0xC1, 0xF8, 0x7E, 0x07, 0x80, 0xFF, 0xFF,
    0xFF, 0xFF, 0xFF, 0xFF, 0xFF, 0xFF, 0xFF, 0xFF, 0xFF, 0xFF, 0xF0, 0xF8, 0x7E, 0x3F, 0x07, 0xC3,
    0xE1, 0xF0, 0xF8, 0x7C, 0x3E, 0x1F, 0x07, 0xC3, 0xF0, 0xF8, 0xFC, 0x7C, 0x7C, 0x3E, 0x1F, 0x0F,
    0x87, 0xC3, 0xE1, 0xF3, 0xF1, 0xF8, 0xF8, 0x00, 0x3E, 0x1D, 0xFE, 0xF7, 0xFF, 0xBD, 0xFE, 0xF1,
    0xF0, 0x77, 0xFF, 0xF7, 0x01, 0xCF, 0xFF, 0xFF, 0xFF, 0xFF, 0xFF, 0xFF, 0xC0, 0x0F, 0x81, 0xF0,
    0x3E, 0x0F, 0xF3, 0xFE, 0xFF, 0xBF, 0x37, 0xC0, 0xF0, 0x1E, 0x03, 0xE0, 0x7E, 0x37, 0xFE, 0xFF,
    0xC7, 0xF8, 0x7C, 0x0F, 0x81, 0xF0, 0x07, 0xF0, 0x7F, 0x87, 0xFC, 0x3E, 0x63, 0xE0, 0x1F, 0x00,
    0xF8, 0x1F, 0xFC, 0xFF, 0xE7, 0xFF, 0x0F, 0x80, 0x7C, 0x03, 0xE0, 0x1E, 0x00, 0xFF, 0xE7, 0xFF,
    0x3F, 0xF8, 0x00, 0x00, 0xC0, 0xC7, 0xFF, 0x9F, 0xFF, 0x3F, 0xF8, 0xF3, 0xC3, 0xC7, 0x8F, 0x1E,
    0x3C, 0xF0, 0xFF, 0xE7, 0xFF, 0xDF, 0xFE, 0x30, 0x30, 0x7C, 0x3E, 0x7C, 0x3E, 0x3E, 0x3C, 0x3E,
    0x7C, 0x1F, 0x78, 0x1F, 0xF8, 0x0F, 0xF0, 0x0F, 0xF0, 0x3F, 0xFC, 0x3F, 0xFC, 0x03, 0xC0, 0x03,
    0xC0, 0x3F, 0xFC, 0x3F, 0xFC, 0x03, 0xC0, 0x03, 0xC0, 0x03, 0xC0, 0xFF, 0xFF, 0xFF, 0xFF, 0xFF,
    0x00, 0x00, 0x0F, 0xFF, 0xFF, 0xFF, 0xFF, 0xF0, 0x1F, 0xF1, 0xFF, 0x8F, 0xFC, 0xF8, 0xC7, 0xC0,
    0x3F, 0x80, 0xFF, 0x07, 0xFC, 0x7F, 0xF3, 0xDF, 0x9E, 0x3C, 0xF1, 0xE7, 0xEF, 0x3F, 0xF8, 0xFF,
    0x83, 0xFC, 0x07, 0xF0, 0x0F, 0x9C, 0x7C, 0xFF, 0xEF, 0xFE, 0x3F, 0xE0, 0x79, 0xCF, 0x7D, 0xEF,
    0xBC, 0xE0, 0x07, 0xF8, 0x07, 0xFF, 0x03, 0xF3, 0xF1, 0xF0, 0x3C, 0x7B, 0xF7, 0xBD, 0xFC, 0xEF,
    0x7F, 0x3F, 0x9E, 0xC7, 0xEF, 0x01, 0xFB, 0xC0, 0x7E, 0x7B, 0x1F, 0xDF, 0xCF, 0xF7, 0xFB, 0x9E,
    0xFD, 0xE7, 0xC0, 0xF0, 0xFC, 0xFC, 0x1F, 0xFC, 0x01, 0xFE, 0x00, 0x7F, 0x1F, 0xE2, 0x78, 0x7E,
    0x7F, 0xBF, 0xEF, 0x3B, 0xCE, 0x7F, 0x9F, 0xE0, 0x00, 0x10, 0x1C, 0x78, 0x7C, 0xF1, 0xF3, 0xE7,
    0xCF, 0x8F, 0x9F, 0x3E, 0x7C, 0x3E, 0x7C, 0x7C, 0xF8, 0x7C, 0xF8, 0x7C, 0xF0, 0x71, 0xE0, 0x81,
    0x00, 0xFF, 0xFF, 0xFF, 0xFF, 0xF0, 0x0F, 0x00, 0xF0, 0x0F, 0x00, 0xF0, 0x0F, 0x00, 0xF0, 0xFF,
    0xFF, 0xFF, 0x07, 0xF8, 0x07, 0xFF, 0x03, 0xF3, 0xF1, 0xF0, 0x3C, 0x7F, 0xF7, 0xBD, 0xFC, 0xEF,
    0x77, 0xBF, 0x9D, 0xE7, 0xE7, 0xF9, 0xF9, 0xFC, 0x7E, 0x77, 0x1F, 0xDD, 0xCF, 0xF7, 0x3B, 0x9F,
    0xCF, 0xE7, 0xC0, 0xF0, 0xFC, 0xFC, 0x1F, 0xFC, 0x01, 0xFE, 0x00, 0xFF, 0xFF, 0xFF, 0xE0, 0x3E,
    0x3F, 0xBD, 0xFE, 0xFF, 0x7B, 0xF8, 0xF8, 0x0F, 0x00, 0xF0, 0x0F, 0x00, 0xF0, 0xFF, 0xFF, 0xFF,
    0xFF, 0xF0, 0xF0, 0x0F, 0x00, 0xF0, 0x0F, 0x00, 0x00, 0xFF, 0xFF, 0xFF, 0xFF, 0xF0, 0x7E, 0x7F,
    0x9B, 0xC1, 0xE1, 0xF1, 0xF1, 0xF0, 0xF0, 0x7F, 0x7F, 0x80, 0x7E, 0xFF, 0x6F, 0x0F, 0x3E, 0x3F,
    0x0F, 0x47, 0xFF, 0xFE, 0x18, 0x78, 0xF3, 0xC7, 0x0C, 0x00, 0xF8, 0xF7, 0xC7, 0xBE, 0x3D, 0xF1,
    0xEF, 0x8F, 0x7C, 0x7B, 0xE3, 0xDF, 0x1E, 0xF8, 0xF7, 0xE7, 0xBF, 0xFD, 0xFF, 0xEF, 0xFF, 0x7C,
    0x03, 0xE0, 0x1F, 0x00, 0xF8, 0x07, 0xC0, 0x00, 0x07, 0xF8, 0x7F, 0xFD, 0xFF, 0xFF, 0xFF, 0xFF,
    0xF9, 0xFF, 0xF3, 0xFF, 0xE7, 0xFF, 0xCF, 0xFF, 0x9E, 0xFF, 0x3C, 0xFE, 0x78, 0x7C, 0xF0, 0x79,
    0xE0, 0xF3, 0xC1, 0xE7, 0x83, 0xCF, 0x07, 0x9E, 0x0F, 0x3C, 0x1E, 0x78, 0x3C, 0xF0, 0x79, 0xE0,
    0xF3, 0xC1, 0xE7, 0x80, 0x79, 0xFF, 0xDF, 0x78, 0x38, 0xE7, 0xC7, 0xFF, 0xFF, 0x00, 0x1E, 0xFD,
    0xFB, 0xF0, 0xE1, 0xC3, 0x87, 0x0E, 0x1C, 0x1F, 0x87, 0xF9, 0xEF, 0x38, 0xFF, 0x1F, 0xE3, 0xDC,
    0x7B, 0xDE, 0x3F, 0xC3, 0xF0, 0x10, 0x00, 0xF1, 0xC1, 0xE7, 0xC3, 0xE7, 0xC3, 0xEF, 0x87, 0xCF,
    0x87, 0xCF, 0x9F, 0x3E, 0x3E, 0xF8, 0xF9, 0xF1, 0xE7, 0xC3, 0xC7, 0x01, 0x00, 0x00, 0x1E, 0x07,
    0x81, 0xF8, 0x1E, 0x0F, 0xE0, 0xF0, 0x1F, 0x83, 0xC0, 0x1E, 0x1E, 0x00, 0x78, 0x78, 0x01, 0xE3,
    0xC0, 0x07, 0x8F, 0x1E, 0x1E, 0x78, 0xF8, 0x79, 0xE7, 0xE0, 0x0F, 0x1F, 0x80, 0x3C, 0xEE, 0x01,
    0xE7, 0xB8, 0x07, 0x9F, 0xF0, 0x3C, 0x7F, 0xC0, 0xF0, 0x0E, 0x07, 0x80, 0x38, 0x3E, 0x00, 0x00,
    0x1E, 0x07, 0x03, 0xF0, 0x78, 0x3F, 0x83, 0xC0, 0xFC, 0x3C, 0x01, 0xE3, 0xE0, 0x0F, 0x1E, 0x00,
    0x79, 0xF0, 0x03, 0xCF, 0x7E, 0x1E, 0xFF, 0xF8, 0xF7, 0x9B, 0xC0, 0x7C, 0x1E, 0x03, 0xC1, 0xF0,
    0x3E, 0x1F, 0x01, 0xE1, 0xF0, 0x1F, 0x0F, 0x00, 0xF0, 0xFF, 0x0F, 0x87, 0xF8, 0x78, 0x00, 0x00,
    0x7E, 0x03, 0xC1, 0xFC, 0x1E, 0x06, 0xF0, 0x78, 0x03, 0xC3, 0xC0, 0x3E, 0x0F, 0x00, 0xFC, 0x78,
    0x00, 0x71, 0xE0, 0x19, 0xCF, 0x1E, 0xFF, 0x3C, 0xFB, 0xF9, 0xE7, 0xE0, 0x07, 0x9F, 0x80, 0x3C,
    0xEE, 0x00, 0xF7, 0xB8, 0x07, 0x9F, 0xF0, 0x1E, 0x7F, 0xC0, 0xF0, 0x0E, 0x03, 0xC0, 0x38, 0x1E,
    0x00, 0x00, 0x0F, 0x01, 0xF0, 0x3E, 0x07, 0xC0, 0xF0, 0x00, 0x03, 0xC0, 0x78, 0x1F, 0x03, 0xE0,
    0xF8, 0x3E, 0x0F, 0x81, 0xF0, 0x3F, 0x73, 0xFF, 0x7F, 0xE7, 0xF8, 0x01, 0x80, 0x00, 0xF0, 0x00,
    0x3E, 0x00, 0x07, 0xC0, 0x00, 0xF0, 0x00, 0x18, 0x00, 0x00, 0x00, 0x07, 0x80, 0x03, 0xF0, 0x00,
    0xFC, 0x00, 0x7F, 0x80, 0x1F, 0xE0, 0x0F, 0xFC, 0x03, 0xCF, 0x01, 0xF3, 0xE0, 0x78, 0xF8, 0x1E,
    0x1E, 0x0F, 0xFF, 0xC3, 0xFF, 0xF0, 0xFF, 0xFE, 0x7C, 0x0F, 0x9F, 0x03, 0xEF, 0x80, 0x7F, 0xE0,
    0x1F, 0x00, 0x60, 0x00, 0x3C, 0x00, 0x1F, 0x00, 0x0F, 0x80, 0x03, 0xC0, 0x00, 0x60, 0x00, 0x00,
    0x00, 0x07, 0x80, 0x03, 0xF0, 0x00, 0xFC, 0x00, 0x7F, 0x80, 0x1F, 0xE0, 0x0F, 0xFC, 0x03, 0xCF,
    0x01, 0xF3, 0xE0, 0x78, 0xF8, 0x1E, 0x1E, 0x0F, 0xFF, 0xC3, 0xFF, 0xF0, 0xFF, 0xFE, 0x7C, 0x0F,
    0x9F, 0x03, 0xEF, 0x80, 0x7F, 0xE0, 0x1F, 0x00, 0xC0, 0x00, 0x78, 0x00, 0x3F, 0x00, 0x1F, 0xE0,
    0x03, 0x30, 0x00, 0x00, 0x00, 0x1E, 0x00, 0x0F, 0xC0, 0x03, 0xF0, 0x01, 0xFE, 0x00, 0x7F, 0x80,
    0x3F, 0xF0, 0x0F, 0x3C, 0x07, 0xCF, 0x81, 0xE3, 0xE0, 0x78, 0x78, 0x3F, 0xFF, 0x0F, 0xFF, 0xC3,
    0xFF, 0xF9, 0xF0, 0x3E, 0x7C, 0x0F, 0xBE, 0x01, 0xFF, 0x80, 0x7C, 0x03, 0xD8, 0x01, 0xFF, 0x00,
    0xFF, 0x80, 0x1B, 0xE0, 0x00, 0x00, 0x00, 0x00, 0x00, 0x1E, 0x00, 0x0F, 0xC0, 0x03, 0xF0, 0x01,
    0xFE, 0x00, 0x7F, 0x80, 0x3F, 0xF0, 0x0F, 0x3C, 0x07, 0xCF, 0x81, 0xE3, 0xE0, 0x78, 0x78, 0x3F,
    0xFF, 0x0F, 0xFF, 0xC3, 0xFF, 0xF9, 0xF0, 0x3E, 0x7C, 0x0F, 0xBE, 0x01, 0xFF, 0x80, 0x7C, 0x0F,
    0x38, 0x03, 0xDF, 0x00, 0xF7, 0xC0, 0x3C, 0xE0, 0x00, 0x00, 0x00, 0x00, 0x00, 0x1E, 0x00, 0x0F,
    0xC0, 0x03, 0xF0, 0x01, 0xFE, 0x00, 0x7F, 0x80, 0x3F, 0xF0, 0x0F, 0x3C, 0x07, 0xCF, 0x81, 0xE3,
    0xE0, 0x78, 0x78, 0x3F, 0xFF, 0x0F, 0xFF, 0xC3, 0xFF, 0xF9, 0xF0, 0x3E, 0x7C, 0x0F, 0xBE, 0x01,
    0xFF, 0x80, 0x7C, 0x01, 0xE0, 0x00, 0xFC, 0x00, 0x3F, 0x00, 0x0F, 0xC0, 0x03, 0xF0, 0x00, 0xFC,
    0x00, 0x3F, 0x00, 0x1F, 0xE0, 0x07, 0xF8, 0x01, 0xFE, 0x00, 0xFF, 0xC0, 0x3C, 0xF0, 0x1F, 0x3E,
    0x07, 0x8F, 0x81, 0xE1, 0xE0, 0xFF, 0xFC, 0x3F, 0xFF, 0x1F, 0xFF, 0xE7, 0xC0, 0xF9, 0xE0, 0x3E,
    0xF8, 0x07, 0xFE, 0x01, 0xF0, 0x00, 0x3F, 0xFF, 0x00, 0x7F, 0xFF, 0x00, 0x7F, 0xFF, 0x00, 0xFF,
    0x00, 0x01, 0xFF, 0x00, 0x01, 0xEF, 0x00, 0x03, 0xEF, 0x00, 0x07, 0xCF, 0xFE, 0x07, 0xCF, 0xFE,
    0x0F, 0x8F, 0xFE, 0x0F, 0xFF, 0x00, 0x1F, 0xFF, 0x00, 0x3F, 0xFF, 0x00, 0x3E, 0x0F, 0x00, 0x7C,
    0x0F, 0xFF, 0x7C, 0x0F, 0xFF, 0xF8, 0x0F, 0xFF, 0x07, 0xFC, 0x3F, 0xFC, 0xFF, 0xF3, 0xF8, 0xE7,
    0xC0, 0x1F, 0x00, 0x3E, 0x00, 0x7C, 0x00, 0xF8, 0x01, 0xF0, 0x03, 0xE0, 0x07, 0xC0, 0x07, 0xC0,
    0x0F, 0xE3, 0x8F, 0xFF, 0x8F, 0xFF, 0x07, 0xFC, 0x03, 0x80, 0x07, 0x80, 0x07, 0x00, 0x7E, 0x00,
    0xF8, 0x00, 0x0C, 0x00, 0xF0, 0x07, 0xC0, 0x1F, 0x00, 0x78, 0x01, 0x80, 0x00, 0x1F, 0xFE, 0xFF,
    0xF7, 0xFF, 0xBC, 0x01, 0xE0, 0x0F, 0x00, 0x78, 0x03, 0xFF, 0x9F, 0xFC, 0xFF, 0xE7, 0x80, 0x3C,
    0x01, 0xE0, 0x0F, 0x00, 0x7F, 0xFF, 0xFF, 0xFF, 0xFF, 0x03, 0x00, 0x3C, 0x03, 0xE0, 0x3E, 0x01,
    0xE0, 0x06, 0x00, 0x00, 0x1F, 0xFE, 0xFF, 0xF7, 0xFF, 0xBC, 0x01, 0xE0, 0x0F, 0x00, 0x78, 0x03,
    0xFF, 0x9F, 0xFC, 0xFF, 0xE7, 0x80, 0x3C, 0x01, 0xE0, 0x0F, 0x00, 0x7F, 0xFF, 0xFF, 0xFF, 0xFF,
    0x06, 0x00, 0x78, 0x0F, 0xE0, 0x7F, 0x83, 0x98, 0x00, 0x03, 0xFF, 0xDF, 0xFE, 0xFF, 0xF7, 0x80,
    0x3C, 0x01, 0xE0, 0x0F, 0x00, 0x7F, 0xF3, 0xFF, 0x9F, 0xFC, 0xF0, 0x07, 0x80, 0x3C, 0x01, 0xE0,
    0x0F, 0xFF, 0xFF, 0xFF, 0xFF, 0xE0, 0x79, 0xC3, 0xDF, 0x1E, 0xF8, 0xF3, 0x80, 0x00, 0x00, 0x03,
    0xFF, 0xDF, 0xFE, 0xFF, 0xF7, 0x80, 0x3C, 0x01, 0xE0, 0x0F, 0x00, 0x7F, 0xF3, 0xFF, 0x9F, 0xFC,
    0xF0, 0x07, 0x80, 0x3C, 0x01, 0xE0, 0x0F, 0xFF, 0xFF, 0xFF, 0xFF, 0xE0, 0x30, 0xF1, 0xF1, 0xF1,
    0xE1, 0x80, 0x1E, 0x3C, 0x78, 0xF1, 0xE3, 0xC7, 0x8F, 0x1E, 0x3C, 0x78, 0xF1, 0xE3, 0xC7, 0x8F,
    0x1E, 0x18, 0x79, 0xF7, 0xCF, 0x0C, 0x00, 0x3C, 0x78, 0xF1, 0xE3, 0xC7, 0x8F, 0x1E, 0x3C, 0x78,
    0xF1, 0xE3, 0xC7, 0x8F, 0x1E, 0x3C, 0x18, 0x3C, 0x7E, 0xFF, 0x66, 0x00, 0x3C, 0x3C, 0x3C, 0x3C,
    0x3C, 0x3C, 0x3C, 0x3C, 0x3C, 0x3C, 0x3C, 0x3C, 0x3C, 0x3C, 0x3C, 0x3C, 0x3C, 0xF3, 0xFC, 0xFF,
    0x3F, 0xCF, 0x00, 0x00, 0x01, 0xE0, 0x78, 0x1E, 0x07, 0x81, 0xE0, 0x78, 0x1E, 0x07, 0x81, 0xE0,
    0x78, 0x1E, 0x07, 0x81, 0xE0, 0x78, 0x1E, 0x07, 0x81, 0xE0, 0x3F, 0xF8, 0x0F, 0xFF, 0x83, 0xFF,
    0xF0, 0xF9, 0xFE, 0x3E, 0x0F, 0x8F, 0x83, 0xE3, 0xE0, 0x7F, 0xFF, 0x1F, 0xFF, 0xC7, 0xFF, 0xF1,
    0xF3, 0xE0, 0x7C, 0xF8, 0x3E, 0x3E, 0x1F, 0x8F, 0x9F, 0xC3, 0xFF, 0xF0, 0xFF, 0xF0, 0x3F, 0xF8,
    0x00, 0x0F, 0x70, 0x3F, 0xE0, 0x7F, 0xC0, 0xEF, 0x00, 0x00, 0x00, 0x00, 0x3C, 0x07, 0xFC, 0x0F,
    0xFC, 0x1F, 0xFC, 0x3F, 0xFC, 0x7F, 0xF8, 0xFF, 0xF9, 0xFE, 0xFB, 0xFD, 0xF7, 0xF9, 0xFF, 0xF1,
    0xFF, 0xE1, 0xFF, 0xC3, 0xFF, 0x83, 0xFF, 0x03, 0xFE, 0x07, 0xFC, 0x07, 0x80, 0x01, 0x80, 0x00,
    0xF0, 0x00, 0x3E, 0x00, 0x07, 0xC0, 0x00, 0xF0, 0x00, 0x18, 0x00, 0x00, 0x00, 0x1F, 0xE0, 0x1F,
    0xFE, 0x0F, 0xFF, 0xC7, 0xF3, 0xF1, 0xF0, 0x3E, 0xF8, 0x0F, 0xBE, 0x01, 0xFF, 0x80, 0x7F, 0xE0,
    0x1F, 0xF8, 0x07, 0xFE, 0x01, 0xFF, 0x80, 0xF9, 0xF0, 0x3E, 0x7F, 0x3F, 0x8F, 0xFF, 0xC1, 0xFF,
    0xE0, 0x1F, 0xE0, 0x00, 0x60, 0x00, 0x3C, 0x00, 0x1F, 0x00, 0x0F, 0x80, 0x03, 0xC0, 0x00, 0x60,
    0x00, 0x00, 0x00, 0x1F, 0xE0, 0x1F, 0xFE, 0x0F, 0xFF, 0xC7, 0xF3, 0xF1, 0xF0, 0x3E, 0xF8, 0x0F,
    0xBE, 0x01, 0xFF, 0x80, 0x7F, 0xE0, 0x1F, 0xF8, 0x07, 0xFE, 0x01, 0xFF, 0x80, 0xF9, 0xF0, 0x3E,
    0x7F, 0x3F, 0x8F, 0xFF, 0xC1, 0xFF, 0xE0, 0x1F, 0xE0, 0x00, 0xC0, 0x00, 0x78, 0x00, 0x7F, 0x00,
    0x1F, 0xE0, 0x07, 0x30, 0x00, 0x00, 0x00, 0x7F, 0x80, 0x7F, 0xF8, 0x3F, 0xFF, 0x1F, 0xCF, 0xC7,
    0xC0, 0xFB, 0xE0, 0x3E, 0xF8, 0x07, 0xFE, 0x01, 0xFF, 0x80, 0x7F, 0xE0, 0x1F, 0xF8, 0x07, 0xFE,
    0x03, 0xE7, 0xC0, 0xF9, 0xFC, 0xFE, 0x3F, 0xFF, 0x07, 0xFF, 0x80, 0x7F, 0x80, 0x07, 0xD8, 0x01,
    0xFF, 0x00, 0xFF, 0x80, 0x1B, 0xC0, 0x00, 0x00, 0x00, 0x00, 0x00, 0x7F, 0x80, 0x7F, 0xF8, 0x3F,
    0xFF, 0x1F, 0xCF, 0xC7, 0xC0, 0xFB, 0xE0, 0x3E, 0xF8, 0x07, 0xFE, 0x01, 0xFF, 0x80, 0x7F, 0xE0,
    0x1F, 0xF8, 0x07, 0xFE, 0x03, 0xE7, 0xC0, 0xF9, 0xFC, 0xFE, 0x3F, 0xFF, 0x07, 0xFF, 0x80, 0x7F,
    0x80, 0x0F, 0x38, 0x03, 0xDF, 0x00, 0xF7, 0xC0, 0x3C, 0xE0, 0x00, 0x00, 0x00, 0x00, 0x00, 0x7F,
    0x80, 0x7F, 0xF8, 0x3F, 0xFF, 0x1F, 0xCF, 0xC7, 0xC0, 0xFB, 0xE0, 0x3E, 0xF8, 0x07, 0xFE, 0x01,
    0xFF, 0x80, 0x7F, 0xE0, 0x1F, 0xF8, 0x07, 0xFE, 0x03, 0xE7, 0xC0, 0xF9, 0xFC, 0xFE, 0x3F, 0xFF,
    0x07, 0xFF, 0x80, 0x7F, 0x80, 0x30, 0xC7, 0x9E, 0xFF, 0xF7, 0xFE, 0x3F, 0xC1, 0xF8, 0x3F, 0xC7,
    0xFE, 0xFF, 0xF7, 0x9E, 0x30, 0xC0, 0x00, 0x03, 0x01, 0xFF, 0xE1, 0xFF, 0xF8, 0xFF, 0xFC, 0x7F,
    0x3F, 0x1F, 0x0F, 0xEF, 0x87, 0xFB, 0xE3, 0xFF, 0xF8, 0xF7, 0xFE, 0x79, 0xFF, 0xBC, 0x7F, 0xFE,
    0x1F, 0xFF, 0x8F, 0x9F, 0xC3, 0xE7, 0xF3, 0xF8, 0xFF, 0xFC, 0x7F, 0xFE, 0x1F, 0xFE, 0x03, 0x00,
    0x00, 0x06, 0x00, 0x1E, 0x00, 0x3E, 0x00, 0x3E, 0x00, 0x3C, 0x00, 0x30, 0x00, 0x00, 0x7C, 0x0F,
    0xF8, 0x1F, 0xF0, 0x3F, 0xE0, 0x7F, 0xC0, 0xFF, 0x81, 0xFF, 0x03, 0xFE, 0x07, 0xFC, 0x0F, 0xF8,
    0x1F, 0xF0, 0x3F, 0xE0, 0x7B, 0xE1, 0xF7, 0xE7, 0xEF, 0xFF, 0x8F, 0xFE, 0x07, 0xF8, 0x00, 0xC0,
    0x03, 0xC0, 0x0F, 0x80, 0x3E, 0x00, 0x78, 0x00, 0x60, 0x00, 0x00, 0x7C, 0x0F, 0xF8, 0x1F, 0xF0,
    0x3F, 0xE0, 0x7F, 0xC0, 0xFF, 0x81, 0xFF, 0x03, 0xFE, 0x07, 0xFC, 0x0F, 0xF8, 0x1F, 0xF0, 0x3F,
    0xE0, 0x7B, 0xE1, 0xF7, 0xE7, 0xEF, 0xFF, 0x8F, 0xFE, 0x07, 0xF8, 0x01, 0x80, 0x07, 0x80, 0x3F,
    0x80, 0x7F, 0x80, 0xE6, 0x00, 0x00, 0x3E, 0x07, 0xFC, 0x0F, 0xF8, 0x1F, 0xF0, 0x3F, 0xE0, 0x7F,
    0xC0, 0xFF, 0x81, 0xFF, 0x03, 0xFE, 0x07, 0xFC, 0x0F, 0xF8, 0x1F, 0xF0, 0x3D, 0xF0, 0xFB, 0xF3,
    0xF7, 0xFF, 0xC7, 0xFF, 0x03, 0xFC, 0x00, 0x1E, 0x70, 0x3D, 0xF0, 0x7B, 0xE0, 0xF3, 0x80, 0x00,
    0x00, 0x00, 0x3E, 0x07, 0xFC, 0x0F, 0xF8, 0x1F, 0xF0, 0x3F, 0xE0, 0x7F, 0xC0, 0xFF, 0x81, 0xFF,
    0x03, 0xFE, 0x07, 0xFC, 0x0F, 0xF8, 0x1F, 0xF0, 0x3D, 0xF0, 0xFB, 0xF3, 0xF7, 0xFF, 0xC7, 0xFF,
    0x03, 0xFC, 0x00, 0x00, 0x60, 0x00, 0x78, 0x00, 0x7C, 0x00, 0x7C, 0x00, 0x3C, 0x00, 0x0C, 0x00,
    0x00, 0x01, 0xF0, 0x3F, 0x7C, 0x1F, 0x3E, 0x1F, 0x0F, 0x8F, 0x87, 0xCF, 0x81, 0xF7, 0xC0, 0xFF,
    0xC0, 0x3F, 0xE0, 0x0F, 0xE0, 0x07, 0xE0, 0x01, 0xF0, 0x00, 0xF8, 0x00, 0x7C, 0x00, 0x3E, 0x00,
    0x1F, 0x00, 0x0F, 0x80, 0x07, 0xC0, 0xF0, 0x03, 0xC0, 0x0F, 0xFC, 0x3F, 0xFC, 0xFF, 0xFB, 0xC7,
    0xEF, 0x0F, 0xBC, 0x1F, 0xF0, 0x7F, 0xC3, 0xEF, 0x1F, 0xBF, 0xFE, 0xFF, 0xF3, 0xFF, 0x0F, 0x00,
    0x3C, 0x00, 0xF0, 0x00, 0x1F, 0xC0, 0x7F, 0xE1, 0xFF, 0xC3, 0xE7, 0xC7, 0x8F, 0x9F, 0x1E, 0x3E,
    0x7C, 0x7C, 0xF0, 0xFB, 0xC1, 0xF7, 0x83, 0xEF, 0xC7, 0xDF, 0xCF, 0x9F, 0xDF, 0x0F, 0xFE, 0x0F,
    0xFD, 0x9F, 0xFB, 0xFF, 0xF7, 0xFB, 0xEF, 0xE0, 0x06, 0x00, 0x78, 0x03, 0xE0, 0x0F, 0x00, 0x38,
    0x00, 0xC0, 0x00, 0x07, 0xF8, 0x3F, 0xF1, 0xFF, 0x8C, 0x7C, 0x01, 0xF1, 0xFF, 0xBF, 0xFD, 0xFF,
    0xEF, 0x9F, 0x7C, 0xFB, 0xFF, 0xDF, 0xFE, 0x7F, 0xE0, 0x01, 0x80, 0x1E, 0x01, 0xF0, 0x1F, 0x00,
    0xF0, 0x03, 0x00, 0x00, 0x07, 0xF8, 0x3F, 0xF1, 0xFF, 0x8C, 0x7C, 0x01, 0xF1, 0xFF, 0xBF, 0xFD,
    0xFF, 0xEF, 0x9F, 0x7C, 0xFB, 0xFF, 0xDF, 0xFE, 0x7F, 0xE0, 0x07, 0x00, 0x7C, 0x07, 0xF0, 0x7F,
    0xC1, 0x8C, 0x00, 0x00, 0xFF, 0x07, 0xFE, 0x3F, 0xF1, 0x8F, 0x80, 0x3E, 0x3F, 0xF7, 0xFF, 0xBF,
    0xFD, 0xF3, 0xEF, 0x9F, 0x7F, 0xFB, 0xFF, 0xCF, 0xFC, 0x1F, 0x61, 0xFF, 0x8F, 0xF8, 0x37, 0x80,
    0x00, 0x00, 0x00, 0xFF, 0x07, 0xFE, 0x3F, 0xF1, 0x8F, 0x80, 0x3E, 0x3F, 0xF7, 0xFF, 0xBF, 0xFD,
    0xF3, 0xEF, 0x9F, 0x7F, 0xFB, 0xFF, 0xCF, 0xFC, 0x3C, 0xE1, 0xEF, 0x8F, 0x7C, 0x79, 0xC0, 0x00,
    0x00, 0x00, 0xFF, 0x07, 0xFE, 0x3F, 0xF1, 0x8F, 0x80, 0x3E, 0x3F, 0xF7, 0xFF, 0xBF, 0xFD, 0xF3,
    0xEF, 0x9F, 0x7F, 0xFB, 0xFF, 0xCF, 0xFC, 0x07, 0x80, 0x7E, 0x03, 0x70, 0x1F, 0x80, 0xFC, 0x03,
    0xC0, 0x00, 0x07, 0xF8, 0x3F, 0xF1, 0xFF, 0x8C, 0x7C, 0x01, 0xF1, 0xFF, 0xBF, 0xFD, 0xFF, 0xEF,
    0x9F, 0x7C, 0xFB, 0xFF, 0xDF, 0xFE, 0x7F, 0xE0, 0x3F, 0xCF, 0xC1, 0xFF, 0xFF, 0x0F, 0xFF, 0xFC,
    0x63, 0xFB, 0xF0, 0x0F, 0x87, 0x8F, 0xFF, 0xFD, 0xFF, 0xFF, 0xEF, 0xFF, 0xFF, 0x7C, 0xF8, 0x03,
    0xE3, 0xF3, 0x9F, 0xFF, 0xFC, 0xFF, 0xFF, 0xE3, 0xFF, 0xFF, 0x00, 0x1F, 0xE7, 0xFD, 0xFF, 0x7E,
    0x6F, 0x81, 0xE0, 0x3C, 0x07, 0x80, 0xF8, 0x1F, 0x8D, 0xFF, 0x9F, 0xF0, 0xFE, 0x1E, 0x01, 0xE0,
    0x3C, 0x1F, 0x83, 0xE0, 0x0C, 0x00, 0xF0, 0x07, 0xC0, 0x1F, 0x00, 0x78, 0x01, 0x80, 0x00, 0x03,
    0xF8, 0x3F, 0xE3, 0xFF, 0xBF, 0x7D, 0xF1, 0xFF, 0xFF, 0xFF, 0xFF, 0xFF, 0xFF, 0x00, 0xFC, 0x73,
    0xFF, 0x8F, 0xFC, 0x3F, 0xE0, 0x03, 0x00, 0x3C, 0x03, 0xE0, 0x1E, 0x00, 0xE0, 0x06, 0x00, 0x00,
    0x03, 0xF8, 0x3F, 0xE3, 0xFF, 0xBF, 0x7D, 0xF1, 0xFF, 0xFF, 0xFF, 0xFF, 0xFF, 0xFF, 0x00, 0xFC,
    0x73, 0xFF, 0x8F, 0xFC, 0x3F, 0xE0, 0x06, 0x00, 0x7C, 0x07, 0xF0, 0x7F, 0x81, 0x8C, 0x00, 0x00,
    0x7F, 0x07, 0xFC, 0x7F, 0xF7, 0xEF, 0xBE, 0x3F, 0xFF, 0xFF, 0xFF, 0xFF, 0xFF, 0xE0, 0x1F, 0x8E,
    0x7F, 0xF1, 0xFF, 0x87, 0xFC, 0x39, 0xE3, 0xEF, 0x1F, 0x78, 0x73, 0xC0, 0x00, 0x00, 0x00, 0x7F,
    0x07, 0xFC, 0x7F, 0xF7, 0xEF, 0xBE, 0x3F, 0xFF, 0xFF, 0xFF, 0xFF, 0xFF, 0xE0, 0x1F, 0x8E, 0x7F,
    0xF1, 0xFF, 0x87, 0xFC, 0x30, 0xF1, 0xF1, 0xE1, 0xC1, 0x80, 0x3E, 0x7C, 0xF9, 0xF3, 0xE7, 0xCF,
    0x9F, 0x3E, 0x7C, 0xF9, 0xF3, 0xE0, 0x18, 0xF7, 0xFE, 0xF1, 0x80, 0x3E, 0xFB, 0xEF, 0xBE, 0xFB,
    0xEF, 0xBE, 0xFB, 0xEF, 0xBE, 0x0C, 0x1F, 0x1F, 0xCF, 0xF6, 0x30, 0x00, 0xF8, 0x7C, 0x3E, 0x1F,
    0x0F, 0x87, 0xC3, 0xE1, 0xF0, 0xF8, 0x7C, 0x3E, 0x1F, 0x0F, 0x80, 0x71, 0xCF, 0x7D, 0xEF, 0xB8,
    0xE0, 0x00, 0x00, 0x07, 0xC0, 0xF8, 0x1F, 0x03, 0xE0, 0x7C, 0x0F, 0x81, 0xF0, 0x3E, 0x07, 0xC0,
    0xF8, 0x1F, 0x03, 0xE0, 0x7C, 0x00, 0x07, 0x00, 0x3F, 0xE0, 0x7F, 0x83, 0xFE, 0x0F, 0xF0, 0x1F,
    0xC0, 0x0F, 0x87, 0xFE, 0x7F, 0xF9, 0xFF, 0xEF, 0xCF, 0xBE, 0x1E, 0xF0, 0x7B, 0xC1, 0xEF, 0x8F,
    0xBF, 0x7C, 0x7F, 0xF1, 0xFF, 0x81, 0xFC, 0x00, 0x1E, 0xE1, 0xFF, 0x0F, 0xF8, 0x77, 0x80, 0x00,
    0x00, 0x01, 0xFF, 0x1F, 0xFC, 0xFF, 0xF7, 0xCF, 0xBE, 0x3D, 0xF1, 0xEF, 0x8F, 0x7C, 0x7B, 0xE3,
    0xDF, 0x1E, 0xF8, 0xF7, 0xC7, 0xBE, 0x3C, 0x06, 0x00, 0x3C, 0x00, 0xF0, 0x01, 0xE0, 0x03, 0x80,
    0x06, 0x00, 0x00, 0x07, 0xF0, 0x3F, 0xE1, 0xFF, 0xCF, 0xDF, 0xBE, 0x3E, 0xF0, 0x7B, 0xC1, 0xEF,
    0x07, 0xBE, 0x3E, 0xFD, 0xF9, 0xFF, 0xC3, 0xFE, 0x07, 0xF0, 0x03, 0x80, 0x0F, 0x00, 0x7C, 0x03,
    0xE0, 0x0F, 0x00, 0x18, 0x00, 0x00, 0x07, 0xF0, 0x3F, 0xE1, 0xFF, 0xCF, 0xDF, 0xBE, 0x3E, 0xF0,
    0x7B, 0xC1, 0xEF, 0x07, 0xBE, 0x3E, 0xFD, 0xF9, 0xFF, 0xC3, 0xFE, 0x07, 0xF0, 0x07, 0x00, 0x3E,
    0x01, 0xFC, 0x0F, 0xF8, 0x18, 0xC0, 0x00, 0x01, 0xFC, 0x0F, 0xF8, 0x7F, 0xF3, 0xF7, 0xEF, 0x8F,
    0xBC, 0x1E, 0xF0, 0x7B, 0xC1, 0xEF, 0x8F, 0xBF, 0x7E, 0x7F, 0xF0, 0xFF, 0x81, 0xFC, 0x00, 0x1E,
    0xE0, 0xFF, 0x83, 0xFE, 0x0E, 0xF0, 0x00, 0x00, 0x00, 0x01, 0xFC, 0x0F, 0xF8, 0x7F, 0xF3, 0xF7,
    0xEF, 0x8F, 0xBC, 0x1E, 0xF0, 0x7B, 0xC1, 0xEF, 0x8F, 0xBF, 0x7E, 0x7F, 0xF0, 0xFF, 0x81, 0xFC,
    0x00, 0x3C, 0xE0, 0xF7, 0xC3, 0xDF, 0x0F, 0x38, 0x00, 0x00, 0x00, 0x01, 0xFC, 0x0F, 0xF8, 0x7F,
    0xF3, 0xF7, 0xEF, 0x8F, 0xBC, 0x1E, 0xF0, 0x7B, 0xC1, 0xEF, 0x8F, 0xBF, 0x7E, 0x7F, 0xF0, 0xFF,
    0x81, 0xFC, 0x00, 0x0F, 0x00, 0xF8, 0x0F, 0x80, 0xF0, 0x00, 0x0F, 0xFF, 0xFF, 0xFF, 0xFF, 0x00,
    0x00, 0xF0, 0x0F, 0x80, 0xF8, 0x0F, 0x00, 0x00, 0x30, 0x7F, 0xE3, 0xFF, 0x9F, 0xFC, 0xFD, 0xFB,
    0xEF, 0xEF, 0x3F, 0xBD, 0xDE, 0xFF, 0x7B, 0xF9, 0xEF, 0xDF, 0x9F, 0xFC, 0x7F, 0xE3, 0xFF, 0x06,
    0x00, 0x00, 0x0C, 0x01, 0xE0, 0x1F, 0x00, 0xF8, 0x07, 0x80, 0x30, 0x00, 0x0F, 0x8F, 0xF8, 0xFF,
    0x8F, 0xF8, 0xFF, 0x8F, 0xF8, 0xFF, 0x8F, 0xF8, 0xFF, 0x8F, 0x7C, 0xF7, 0xFF, 0x3F, 0xF1, 0xFF,
    0x03, 0x00, 0x78, 0x07, 0x80, 0xF0, 0x0E, 0x00, 0xC0, 0x00, 0x0F, 0x8F, 0xF8, 0xFF, 0x8F, 0xF8,
    0xFF, 0x8F, 0xF8, 0xFF, 0x8F, 0xF8, 0xFF, 0x8F, 0x7C, 0xF7, 0xFF, 0x3F, 0xF1, 0xFF, 0x06, 0x00,
    0xF8, 0x1F, 0xC3, 0xFC, 0x18, 0xC0, 0x00, 0xF8, 0xFF, 0x8F, 0xF8, 0xFF, 0x8F, 0xF8, 0xFF, 0x8F,
    0xF8, 0xFF, 0x8F, 0xF8, 0xF7, 0xCF, 0x7F, 0xF3, 0xFF, 0x1F, 0xF0, 0x39, 0xE7, 0xDE, 0x7D, 0xE3,
    0x9E, 0x00, 0x00, 0x00, 0xF8, 0xFF, 0x8F, 0xF8, 0xFF, 0x8F, 0xF8, 0xFF, 0x8F, 0xF8, 0xFF, 0x8F,
    0xF8, 0xF7, 0xCF, 0x7F, 0xF3, 0xFF, 0x1F, 0xF0, 0x00, 0xC0, 0x07, 0x80, 0x3E, 0x01, 0xF0, 0x07,
    0x80, 0x0C, 0x00, 0x00, 0x3E, 0x1F, 0xF8, 0x79, 0xE1, 0xE7, 0xCF, 0x9F, 0x3C, 0x3C, 0xF0, 0xFF,
    0xC3, 0xFE, 0x07, 0xF8, 0x1F, 0xE0, 0x3F, 0x00, 0xFC, 0x01, 0xE0, 0x0F, 0x81, 0x7C, 0x0F, 0xF0,
    0x3F, 0x80, 0xFC, 0x00, 0x78, 0x07, 0xC0, 0x3E, 0x01, 0xF0, 0x0F, 0x80, 0x7C, 0x03, 0xFF, 0x1F,
    0xFC, 0xFF, 0xF7, 0xCF, 0xFE, 0x3F, 0xF0, 0xFF, 0x87, 0xFC, 0x3F, 0xE3, 0xFF, 0xBF, 0xFF, 0xF7,
    0xFF, 0xBF, 0xF1, 0xF0, 0x0F, 0x80, 0x7C, 0x03, 0xE0, 0x1F, 0x00, 0x3C, 0xE0, 0xF7, 0xC3, 0xDF,
    0x0F, 0x38, 0x00, 0x00, 0x00, 0x0F, 0x87, 0xFE, 0x1E, 0x78, 0x79, 0xF3, 0xE7, 0xCF, 0x0F, 0x3C,
    0x3F, 0xF0, 0xFF, 0x81, 0xFE, 0x07, 0xF8, 0x0F, 0xC0, 0x3F, 0x00, 0x78, 0x03, 0xE0, 0x5F, 0x03,
    0xFC, 0x0F, 0xE0, 0x3F, 0x00, 0x07, 0xF8, 0x01, 0xFE, 0x00, 0x7F, 0x80, 0x00, 0x00, 0x00, 0x00,
    0x00, 0x00, 0x00, 0x1E, 0x00, 0x0F, 0xC0, 0x03, 0xF0, 0x01, 0xFE, 0x00, 0x7F, 0x80, 0x3F, 0xF0,
    0x0F, 0x3C, 0x07, 0xCF, 0x81, 0xE3, 0xE0, 0x78, 0x78, 0x3F, 0xFF, 0x0F, 0xFF, 0xC3, 0xFF, 0xF9,
    0xF0, 0x3E, 0x7C, 0x0F, 0xBE, 0x01, 0xFF, 0x80, 0x7C, 0x3F, 0xE1, 0xFF, 0x0F, 0xF8, 0x00, 0x00,
    0x00, 0x00, 0x00, 0xFF, 0x07, 0xFE, 0x3F, 0xF1, 0x8F, 0x80, 0x3E, 0x3F, 0xF7, 0xFF, 0xBF, 0xFD,
    0xF3, 0xEF, 0x9F, 0x7F, 0xFB, 0xFF, 0xCF, 0xFC, 0x07, 0x3C, 0x01, 0xEE, 0x00, 0x3F, 0x80, 0x07,
    0xC0, 0x00, 0x00, 0x00, 0x00, 0x00, 0x1E, 0x00, 0x0F, 0xC0, 0x03, 0xF0, 0x01, 0xFE, 0x00, 0x7F,
    0x80, 0x3F, 0xF0, 0x0F, 0x3C, 0x07, 0xCF, 0x81, 0xE3, 0xE0, 0x78, 0x78, 0x3F, 0xFF, 0x0F, 0xFF,
    0xC3, 0xFF, 0xF9, 0xF0, 0x3E, 0x7C, 0x0F, 0xBE, 0x01, 0xFF, 0x80, 0x7C, 0x1C, 0xE0, 0xEF, 0x07,
    0xF8, 0x1F, 0x80, 0x00, 0x00, 0x00, 0xFF, 0x07, 0xFE, 0x3F, 0xF1, 0x8F, 0x80, 0x3E, 0x3F, 0xF7,
    0xFF, 0xBF, 0xFD, 0xF3, 0xEF, 0x9F, 0x7F, 0xFB, 0xFF, 0xCF, 0xFC, 0x01, 0xE0, 0x00, 0x7E, 0x00,
    0x0F, 0xC0, 0x03, 0xFC, 0x00, 0x7F, 0x80, 0x1F, 0xF8, 0x03, 0xCF, 0x00, 0xF9, 0xF0, 0x1E, 0x3E,
    0x03, 0xC3, 0xC0, 0xFF, 0xFC, 0x1F, 0xFF, 0x83, 0xFF, 0xF8, 0xF8, 0x1F, 0x1F, 0x03, 0xE7, 0xC0,
    0x3E, 0xF8, 0x07, 0xC0, 0x00, 0x78, 0x00, 0x1E, 0x00, 0x03, 0x80, 0x00, 0xFC, 0x00, 0x0F, 0xC0,
    0x01, 0xF8, 0x3F, 0xC1, 0xFF, 0x8F, 0xFC, 0x63, 0xE0, 0x0F, 0x8F, 0xFD, 0xFF, 0xEF, 0xFF, 0x7C,
    0xFB, 0xE7, 0xDF, 0xFE, 0xFF, 0xF3, 0xFF, 0x00, 0x78, 0x07, 0x80, 0x78, 0x03, 0xF0, 0x0F, 0xC0,
    0x7E, 0x00, 0x60, 0x01, 0xE0, 0x07, 0xC0, 0x1F, 0x00, 0x3C, 0x00, 0x30, 0x00, 0x00, 0x03, 0xFE,
    0x1F, 0xFE, 0x7F, 0xF9, 0xFC, 0x73, 0xE0, 0x0F, 0x80, 0x1F, 0x00, 0x3E, 0x00, 0x7C, 0x00, 0xF8,
    0x01, 0xF0, 0x03, 0xE0, 0x03, 0xE0, 0x07, 0xF1, 0xC7, 0xFF, 0xC7, 0xFF, 0x87, 0xFE, 0x01, 0x80,
    0x78, 0x1F, 0x07, 0xC0, 0xF0, 0x0C, 0x00, 0x00, 0xFF, 0x3F, 0xEF, 0xFB, 0xF3, 0x7C, 0x0F, 0x01,
    0xE0, 0x3C, 0x07, 0xC0, 0xFC, 0x6F, 0xFC, 0xFF, 0x8F, 0xF0, 0x00, 0xC0, 0x03, 0xC0, 0x1F, 0xC0,
    0x3F, 0xC0, 0x73, 0x00, 0x00, 0x01, 0xFF, 0x0F, 0xFF, 0x3F, 0xFC, 0xFE, 0x39, 0xF0, 0x07, 0xC0,
    0x0F, 0x80, 0x1F, 0x00, 0x3E, 0x00, 0x7C, 0x00, 0xF8, 0x01, 0xF0, 0x01, 0xF0, 0x03, 0xF8, 0xE3,
    0xFF, 0xE3, 0xFF, 0xC3, 0xFF, 0x00, 0x07, 0x01, 0xF0, 0x7F, 0x1F, 0xE1, 0x8C, 0x00, 0x07, 0xF9,
    0xFF, 0x7F, 0xDF, 0x9B, 0xE0, 0x78, 0x0F, 0x01, 0xE0, 0x3E, 0x07, 0xE3, 0x7F, 0xE7, 0xFC, 0x7F,
    0x80, 0x01, 0xE0, 0x03, 0xC0, 0x07, 0x80, 0x0F, 0x00, 0x00, 0x00, 0x00, 0x01, 0xFF, 0x0F, 0xFF,
    0x3F, 0xFC, 0xFE, 0x39, 0xF0, 0x07, 0xC0, 0x0F, 0x80, 0x1F, 0x00, 0x3E, 0x00, 0x7C, 0x00, 0xF8,
    0x01, 0xF0, 0x01, 0xF0, 0x03, 0xF8, 0xE3, 0xFF, 0xE3, 0xFF, 0xC3, 0xFF, 0x00, 0x07, 0x01, 0xF0,
    0x3E, 0x03, 0x80, 0x00, 0x00, 0x07, 0xF9, 0xFF, 0x7F, 0xDF, 0x9B, 0xE0, 0x78, 0x0F, 0x01, 0xE0,
    0x3E, 0x07, 0xE3, 0x7F, 0xE7, 0xFC, 0x7F, 0x80, 0x06, 0x30, 0x0F, 0xF0, 0x1F, 0xC0, 0x0F, 0x00,
    0x0C, 0x00, 0x00, 0x00, 0x00, 0x03, 0xFE, 0x1F, 0xFE, 0x7F, 0xF9, 0xFC, 0x73, 0xE0, 0x0F, 0x80,
    0x1F, 0x00, 0x3E, 0x00, 0x7C, 0x00, 0xF8, 0x01, 0xF0, 0x03, 0xE0, 0x03, 0xE0, 0x07, 0xF1, 0xC7,
    0xFF, 0xC7, 0xFF, 0x87, 0xFE, 0x18, 0xC7, 0xFC, 0x7F, 0x07, 0xC0, 0x70, 0x00, 0x00, 0x00, 0xFF,
    0x3F, 0xEF, 0xFB, 0xF3, 0x7C, 0x0F, 0x01, 0xE0, 0x3C, 0x07, 0xC0, 0xFC, 0x6F, 0xFC, 0xFF, 0x8F,
    0xF0, 0x1C, 0xC0, 0x1F, 0xE0, 0x1F, 0xC0, 0x07, 0x80, 0x03, 0x00, 0x00, 0x00, 0x00, 0x00, 0xFF,
    0xC0, 0xFF, 0xF0, 0xFF, 0xF8, 0xF1, 0xFC, 0xF0, 0x7E, 0xF0, 0x3E, 0xF0, 0x1E, 0xF0, 0x1E, 0xF0,
    0x1F, 0xF0, 0x1E, 0xF0, 0x3E, 0xF0, 0x3E, 0xF0, 0x7E, 0xF1, 0xFC, 0xFF, 0xF8, 0xFF, 0xF0, 0xFF,
    0xC0, 0x00, 0xFB, 0x80, 0x3E, 0xE0, 0x0F, 0xB8, 0x03, 0xEE, 0x00, 0xFB, 0x80, 0x3E, 0xE1, 0xFF,
    0x81, 0xFF, 0xE0, 0x7F, 0xF8, 0x3F, 0x7E, 0x0F, 0x8F, 0x83, 0xC3, 0xE0, 0xF0, 0xF8, 0x3C, 0x3E,
    0x0F, 0x8F, 0x83, 0xF3, 0xE0, 0x7F, 0xF8, 0x0F, 0xFE, 0x01, 0xFF, 0x00, 0x3F, 0xF8, 0x0F, 0xFF,
    0x83, 0xFF, 0xF0, 0xF9, 0xFE, 0x3E, 0x0F, 0x8F, 0x83, 0xE3, 0xE0, 0x7F, 0xFF, 0x1F, 0xFF, 0xC7,
    0xFF, 0xF1, 0xF3, 0xE0, 0x7C, 0xF8, 0x3E, 0x3E, 0x1F, 0x8F, 0x9F, 0xC3, 0xFF, 0xF0, 0xFF, 0xF0,
    0x3F, 0xF8, 0x00, 0x00, 0xF8, 0x03, 0xE0, 0x7F, 0xC1, 0xFF, 0x00, 0xF8, 0x03, 0xE1, 0xFF, 0x8F,
    0xFE, 0x7F, 0xFB, 0xF7, 0xEF, 0x8F, 0xBC, 0x3E, 0xF0, 0xFB, 0xC3, 0xEF, 0x8F, 0xBF, 0x3E, 0x7F,
    0xF8, 0xFF, 0xE1, 0xFF, 0x00, 0x7F, 0xC3, 0xFE, 0x1F, 0xF0, 0x00, 0x00, 0x00, 0x00, 0x03, 0xFF,
    0xDF, 0xFE, 0xFF, 0xF7, 0x80, 0x3C, 0x01, 0xE0, 0x0F, 0x00, 0x7F, 0xF3, 0xFF, 0x9F, 0xFC, 0xF0,
    0x07, 0x80, 0x3C, 0x01, 0xE0, 0x0F, 0xFF, 0xFF, 0xFF, 0xFF, 0xE0, 0x3F, 0xE1, 0xFF, 0x0F, 0xF8,
    0x00, 0x00, 0x00, 0x00, 0x00, 0x7F, 0x07, 0xFC, 0x7F, 0xF7, 0xEF, 0xBE, 0x3F, 0xFF, 0xFF, 0xFF,
    0xFF, 0xFF, 0xE0, 0x1F, 0x8E, 0x7F, 0xF1, 0xFF, 0x87, 0xFC, 0x39, 0xC1, 0xFE, 0x0F, 0xF0, 0x3F,
    0x00, 0x00, 0x00, 0x03, 0xFF, 0xDF, 0xFE, 0xFF, 0xF7, 0x80, 0x3C, 0x01, 0xE0, 0x0F, 0x00, 0x7F,
    0xF3, 0xFF, 0x9F, 0xFC, 0xF0, 0x07, 0x80, 0x3C, 0x01, 0xE0, 0x0F, 0xFF, 0xFF, 0xFF, 0xFF, 0xE0,
    0x39, 0xE1, 0xEE, 0x07, 0xF0, 0x1F, 0x00, 0x00, 0x00, 0x00, 0x7F, 0x07, 0xFC, 0x7F, 0xF7, 0xEF,
    0xBE, 0x3F, 0xFF, 0xFF, 0xFF, 0xFF, 0xFF, 0xE0, 0x1F, 0x8E, 0x7F, 0xF1, 0xFF, 0x87, 0xFC, 0x0F,
    0x00, 0x78, 0x03, 0xC0, 0x1E, 0x00, 0x00, 0x00, 0x03, 0xFF, 0xDF, 0xFE, 0xFF, 0xF7, 0x80, 0x3C,
    0x01, 0xE0, 0x0F, 0x00, 0x7F, 0xF3, 0xFF, 0x9F, 0xFC, 0xF0, 0x07, 0x80, 0x3C, 0x01, 0xE0, 0x0F,
    0xFF, 0xFF, 0xFF, 0xFF, 0xE0, 0x0F, 0x00, 0x7C, 0x03, 0xE0, 0x1E, 0x00, 0x00, 0x00, 0x00, 0x7F,
    0x07, 0xFC, 0x7F, 0xF7, 0xEF, 0xBE, 0x3F, 0xFF, 0xFF, 0xFF, 0xFF, 0xFF, 0xE0, 0x1F, 0x8E, 0x7F,
    0xF1, 0xFF, 0x87, 0xFC, 0xFF, 0xF7, 0xFF, 0xBF, 0xFD, 0xE0, 0x0F, 0x00, 0x78, 0x03, 0xC0, 0x1F,
    0xFC, 0xFF, 0xE7, 0xFF, 0x3C, 0x01, 0xE0, 0x0F, 0x00, 0x78, 0x03, 0xFF, 0xFF, 0xFF, 0xFF, 0xF8,
    0x07, 0x80, 0x38, 0x03, 0xC0, 0x1F, 0x80, 0xFC, 0x03, 0xE0, 0x1F, 0xC1, 0xFF, 0x1F, 0xFD, 0xFB,
    0xEF, 0x8F, 0xFF, 0xFF, 0xFF, 0xFF, 0xFF, 0xF8, 0x07, 0xE3, 0x9F, 0xFC, 0x7F, 0xE1, 0xFF, 0x00,
    0xE0, 0x0F, 0x00, 0x7E, 0x03, 0xF0, 0x1F, 0x80, 0x19, 0x81, 0xFE, 0x07, 0xE0, 0x1E, 0x00, 0x60,
    0x00, 0x00, 0x00, 0x1F, 0xFE, 0xFF, 0xF7, 0xFF, 0xBC, 0x01, 0xE0, 0x0F, 0x00, 0x78, 0x03, 0xFF,
    0x9F, 0xFC, 0xFF, 0xE7, 0x80, 0x3C, 0x01, 0xE0, 0x0F, 0x00, 0x7F, 0xFF, 0xFF, 0xFF, 0xFF, 0x18,
    0xC1, 0xFF, 0x07, 0xF0, 0x1F, 0x00, 0x70, 0x00, 0x00, 0x00, 0x03, 0xF8, 0x3F, 0xE3, 0xFF, 0xBF,
    0x7D, 0xF1, 0xFF, 0xFF, 0xFF, 0xFF, 0xFF, 0xFF, 0x00, 0xFC, 0x73, 0xFF, 0x8F, 0xFC, 0x3F, 0xE0,
    0x00, 0xC0, 0x03, 0xC0, 0x1F, 0xC0, 0x3F, 0xC0, 0x73, 0x00, 0x00, 0x01, 0xFF, 0x0F, 0xFF, 0x3F,
    0xFE, 0xFE, 0x39, 0xF0, 0x07, 0xC0, 0x0F, 0x80, 0x1F, 0x00, 0x3E, 0x07, 0xFC, 0x0F, 0xF8, 0x1F,
    0xF0, 0x3D, 0xF0, 0x7B, 0xF8, 0xF3, 0xFF, 0xE3, 0xFF, 0xC1, 0xFF, 0x80, 0x03, 0x00, 0x3C, 0x07,
    0xF0, 0x3F, 0xC0, 0xCC, 0x00, 0x00, 0x7F, 0xC7, 0xFE, 0x7F, 0xF7, 0xE7, 0xBE, 0x3D, 0xE1, 0xEF,
    0x0F, 0x78, 0x7B, 0xE3, 0xDF, 0xBE, 0x7F, 0xF3, 0xFF, 0x8F, 0xFC, 0x01, 0xE7, 0x1F, 0x3F, 0xF9,
    0xFF, 0x8F, 0xF8, 0x0F, 0x38, 0x0E, 0xF0, 0x1F, 0xC0, 0x1F, 0x00, 0x00, 0x00, 0x00, 0x01, 0xFF,
    0x0F, 0xFF, 0x3F, 0xFE, 0xFE, 0x39, 0xF0, 0x07, 0xC0, 0x0F, 0x80, 0x1F, 0x00, 0x3E, 0x07, 0xFC,
    0x0F, 0xF8, 0x1F, 0xF0, 0x3D, 0xF0, 0x7B, 0xF8, 0xF3, 0xFF, 0xE3, 0xFF, 0xC1, 0xFF, 0x80, 0x1C,
    0xE0, 0xEF, 0x07, 0xF8, 0x1F, 0x80, 0x00, 0x00, 0x00, 0x7F, 0xC7, 0xFE, 0x7F, 0xF7, 0xE7, 0xBE,
    0x3D, 0xE1, 0xEF, 0x0F, 0x78, 0x7B, 0xE3, 0xDF, 0xBE, 0x7F, 0xF3, 0xFF, 0x8F, 0xFC, 0x01, 0xE7,
    0x1F, 0x3F, 0xF9, 0xFF, 0x8F, 0xF8, 0x01, 0xE0, 0x03, 0xC0, 0x07, 0x80, 0x0F, 0x00, 0x00, 0x00,
    0x00, 0x01, 0xFF, 0x0F, 0xFF, 0x3F, 0xFE, 0xFE, 0x39, 0xF0, 0x07, 0xC0, 0x0F, 0x80, 0x1F, 0x00,
    0x3E, 0x07, 0xFC, 0x0F, 0xF8, 0x1F, 0xF0, 0x3D, 0xF0, 0x7B, 0xF8, 0xF3, 0xFF, 0xE3, 0xFF, 0xC1,
    0xFF, 0x80, 0x07, 0x00, 0x7C, 0x03, 0xE0, 0x0E, 0x00, 0x00, 0x00, 0x00, 0x7F, 0xC7, 0xFE, 0x7F,
    0xF7, 0xE7, 0xBE, 0x3D, 0xE1, 0xEF, 0x0F, 0x78, 0x7B, 0xE3, 0xDF, 0xBE, 0x7F, 0xF3, 0xFF, 0x8F,
    0xFC, 0x01, 0xE7, 0x1F, 0x3F, 0xF9, 0xFF, 0x8F, 0xF8, 0x07, 0xFC, 0x3F, 0xFC, 0xFF, 0xFB, 0xF8,
    0xE7, 0xC0, 0x1F, 0x00, 0x3E, 0x00, 0x7C, 0x00, 0xF8, 0x1F, 0xF0, 0x3F, 0xE0, 0x7F, 0xC0, 0xF7,
    0xC1, 0xEF, 0xE3, 0xCF, 0xFF, 0x8F, 0xFF, 0x07, 0xFE, 0x00, 0x00, 0x07, 0x80, 0x0F, 0x00, 0x7E,
    0x00, 0x78, 0x00, 0x01, 0x80, 0x1E, 0x01, 0xE0, 0x0F, 0x00, 0x78, 0x00, 0x00, 0x00, 0x03, 0xFE,
    0x3F, 0xF3, 0xFF, 0xBF, 0x3D, 0xF1, 0xEF, 0x0F, 0x78, 0x7B, 0xC3, 0xDF, 0x1E, 0xFD, 0xF3, 0xFF,
    0x9F, 0xFC, 0x7F, 0xE0, 0x0F, 0x38, 0xF9, 0xFF, 0xCF, 0xFC, 0x7F, 0xC0, 0x03, 0x00, 0x0F, 0x00,
    0x3F, 0x80, 0xFF, 0x00, 0xCE, 0x00, 0x00, 0x3C, 0x0F, 0xF8, 0x1F, 0xF0, 0x3F, 0xE0, 0x7F, 0xC0,
    0xFF, 0x81, 0xFF, 0x03, 0xFF, 0xFF, 0xFF, 0xFF, 0xFF, 0xFF, 0xF0, 0x3F, 0xE0, 0x7F, 0xC0, 0xFF,
    0x81, 0xFF, 0x03, 0xFE, 0x07, 0xFC, 0x0F, 0x80, 0x1C, 0x01, 0xF0, 0x1F, 0xC0, 0xFE, 0x06, 0x30,
    0x00, 0x01, 0xE0, 0x1F, 0x00, 0xF8, 0x07, 0xC0, 0x3E, 0x01, 0xF0, 0x0F, 0xFC, 0x7F, 0xF3, 0xFF,
    0xDF, 0x3E, 0xF8, 0xF7, 0xC7, 0xBE, 0x3D, 0xF1, 0xEF, 0x8F, 0x7C, 0x7B, 0xE3, 0xDF, 0x1E, 0xF8,
    0xF0, 0x3E, 0x0F, 0x87, 0xC1, 0xF3, 0xFF, 0xFF, 0xFF, 0xFF, 0xFF, 0xFF, 0xFE, 0x7C, 0x1F, 0x0F,
    0x83, 0xE1, 0xFF, 0xFC, 0x3F, 0xFF, 0x87, 0xFF, 0xF0, 0xF8, 0x3E, 0x1F, 0x07, 0xC3, 0xE0, 0xF8,
    0x7C, 0x1F, 0x0F, 0x83, 0xE1, 0xF0, 0x7C, 0x3E, 0x0F, 0x80, 0x3C, 0x00, 0xF0, 0x0F, 0xFC, 0x3F,
    0xF0, 0x3C, 0x00, 0xF0, 0x03, 0xFE, 0x0F, 0xFC, 0x3F, 0xF8, 0xF3, 0xE3, 0xC7, 0xCF, 0x1F, 0x3C,
    0x7C, 0xF1, 0xF3, 0xC7, 0xCF, 0x1F, 0x3C, 0x7C, 0xF1, 0xF3, 0xC7, 0xC0, 0x7D, 0x9F, 0xFF, 0xF9,
    0xBE, 0x00, 0x00, 0x01, 0xE0, 0x78, 0x1E, 0x07, 0x81, 0xE0, 0x78, 0x1E, 0x07, 0x81, 0xE0, 0x78,
    0x1E, 0x07, 0x81, 0xE0, 0x78, 0x1E, 0x07, 0x81, 0xE0, 0x7D, 0xBF, 0xEF, 0xFB, 0xBC, 0x00, 0x00,
    0x03, 0xE0, 0xF8, 0x3E, 0x0F, 0x83, 0xE0, 0xF8, 0x3E, 0x0F, 0x83, 0xE0, 0xF8, 0x3E, 0x0F, 0x83,
    0xE0, 0x7F, 0x9F, 0xE7, 0xF8, 0x00, 0x00, 0x00, 0x01, 0xE0, 0x78, 0x1E, 0x07, 0x81, 0xE0, 0x78,
    0x1E, 0x07, 0x81, 0xE0, 0x78, 0x1E, 0x07, 0x81, 0xE0, 0x78, 0x1E, 0x07, 0x81, 0xE0, 0xFF, 0xFF,
    0xFF, 0xE0, 0x00, 0x00, 0x00, 0xF8, 0x7C, 0x3E, 0x1F, 0x0F, 0x87, 0xC3, 0xE1, 0xF0, 0xF8, 0x7C,
    0x3E, 0x1F, 0x0F, 0x80, 0xE7, 0xFB, 0x9F, 0xC7, 0xC0, 0x00, 0x00, 0xF0, 0x78, 0x3C, 0x1E, 0x0F,
    0x07, 0x83, 0xC1, 0xE0, 0xF0, 0x78, 0x3C, 0x1E, 0x0F, 0x07, 0x83, 0xC1, 0xE0, 0xF0, 0xF3, 0xFB,
    0xDF, 0xC7, 0xC0, 0x00, 0x00, 0xF8, 0x7C, 0x3E, 0x1F, 0x0F, 0x87, 0xC3, 0xE1, 0xF0, 0xF8, 0x7C,
    0x3E, 0x1F, 0x0F, 0x80, 0x3C, 0x78, 0xF1, 0xE3, 0xC7, 0x8F, 0x1E, 0x3C, 0x78, 0xF1, 0xE3, 0xC7,
    0x8F, 0x1E, 0x3C, 0x79, 0xE3, 0xCF, 0xEF, 0xDF, 0x80, 0x3D, 0xF7, 0xCF, 0x00, 0x07, 0xDF, 0x7D,
    0xF7, 0xDF, 0x7D, 0xF7, 0xDF, 0x7D, 0xF7, 0xDE, 0x73, 0xCF, 0xFF, 0x7C, 0x7B, 0xDE, 0xF0, 0x01,
    0xEF, 0x7B, 0xDE, 0xF7, 0xBD, 0xEF, 0x7B, 0xDE, 0xF7, 0xBD, 0xE0, 0xFF, 0xFF, 0xFF, 0xFF, 0xFF,
    0xFF, 0xFF, 0xFF, 0x80, 0xF0, 0x07, 0xFC, 0x01, 0xFF, 0x00, 0x7F, 0xC0, 0x1F, 0xF0, 0x07, 0xFC,
    0x01, 0xFF, 0x00, 0x7F, 0xC0, 0x1F, 0xF0, 0x07, 0xFC, 0x01, 0xFF, 0x00, 0x7F, 0xC0, 0x1F, 0xF0,
    0x07, 0xFC, 0x73, 0xEF, 0x3F, 0xFB, 0xCF, 0xFC, 0xF1, 0xFE, 0x00, 0x78, 0xFF, 0x9F, 0xF9, 0xF7,
    0x8F, 0x00, 0x00, 0x00, 0xF8, 0xFF, 0x8F, 0xF8, 0xFF, 0x8F, 0xF8, 0xFF, 0x8F, 0xF8, 0xFF, 0x8F,
    0xF8, 0xFF, 0x8F, 0xF8, 0xFF, 0x8F, 0xF8, 0xF0, 0x1F, 0x01, 0xF0, 0xFF, 0x0F, 0xE0, 0xFC, 0x00,
    0xE0, 0x07, 0xC0, 0x3F, 0x81, 0xFE, 0x03, 0x18, 0x00, 0x00, 0x1F, 0x00, 0x7C, 0x01, 0xF0, 0x07,
    0xC0, 0x1F, 0x00, 0x7C, 0x01, 0xF0, 0x07, 0xC0, 0x1F, 0x00, 0x7C, 0x01, 0xF0, 0x07, 0xC0, 0x1F,
    0x1C, 0xF8, 0xFF, 0xE3, 0xFF, 0x07, 0xF8, 0x00, 0x06, 0x07, 0xC3, 0xF8, 0xFF, 0x31, 0x80, 0x01,
    0xF0, 0x7C, 0x1F, 0x07, 0xC1, 0xF0, 0x7C, 0x1F, 0x07, 0xC1, 0xF0, 0x7C, 0x1F, 0x07, 0xC1, 0xF0,
    0x7C, 0x1F, 0x3F, 0x8F, 0xE3, 0xF0, 0xF0, 0x7D, 0xE1, 0xF3, 0xC7, 0xE7, 0x9F, 0x8F, 0x7E, 0x1F,
    0xF8, 0x3F, 0xE0, 0x7F, 0x80, 0xFF, 0x01, 0xFF, 0x03, 0xFF, 0x07, 0xBF, 0x0F, 0x3F, 0x1E, 0x3F,
    0x3C, 0x3E, 0x78, 0x3E, 0xF0, 0x7E, 0x00, 0x00, 0x1E, 0x00, 0x3C, 0x00, 0xF8, 0x01, 0xE0, 0x00,
    0x78, 0x03, 0xE0, 0x0F, 0x80, 0x3E, 0x00, 0xF8, 0x03, 0xE0, 0x0F, 0x8F, 0xBE, 0x7C, 0xFB, 0xE3,
    0xFF, 0x0F, 0xF8, 0x3F, 0xC0, 0xFF, 0x83, 0xFF, 0x0F, 0xFE, 0x3E, 0xF8, 0xF9, 0xF3, 0xE3, 0xEF,
    0x8F, 0x80, 0x00, 0x07, 0x80, 0x3E, 0x01, 0xF0, 0x07, 0x80, 0xF8, 0xFB, 0xE7, 0xCF, 0xBE, 0x3F,
    0xF0, 0xFF, 0x83, 0xFC, 0x0F, 0xF8, 0x3F, 0xF0, 0xFF, 0xE3, 0xEF, 0x8F, 0x9F, 0x3E, 0x7E, 0xF8,
    0xF8, 0x1C, 0x00, 0xF0, 0x0F, 0x80, 0xF8, 0x07, 0x80, 0x18, 0x00, 0x00, 0x0F, 0x00, 0x78, 0x03,
    0xC0, 0x1E, 0x00, 0xF0, 0x07, 0x80, 0x3C, 0x01, 0xE0, 0x0F, 0x00, 0x78, 0x03, 0xC0, 0x1E, 0x00,
    0xF0, 0x07, 0x80, 0x3F, 0xFD, 0xFF, 0xEF, 0xFF, 0x0C, 0xFB, 0xFF, 0x80, 0x0F, 0x3E, 0x7C, 0xF9,
    0xF3, 0xE7, 0xCF, 0x9F, 0x3E, 0x7C, 0xF9, 0xF3, 0xE7, 0xCF, 0xCF, 0xDF, 0x9E, 0xF0, 0x0F, 0x00,
    0xF0, 0x0F, 0x00, 0xF0, 0x0F, 0x00, 0xF0, 0x0F, 0x00, 0xF0, 0x0F, 0x00, 0xF0, 0x0F, 0x00, 0xF0,
    0x0F, 0x00, 0xFF, 0xFF, 0xFF, 0xFF, 0xF0, 0x00, 0x0F, 0x00, 0xF0, 0x1F, 0x01, 0xE0, 0x79, 0xF3,
    0xE7, 0xCF, 0x9F, 0x3E, 0x7C, 0xF9, 0xF3, 0xE7, 0xCF, 0x9F, 0x3E, 0x7E, 0x7E, 0xFC, 0xF0, 0x03,
    0x8F, 0x3E, 0x78, 0xF3, 0xCF, 0x3C, 0xF3, 0x8F, 0x38, 0xF3, 0x8F, 0x38, 0xF0, 0x0F, 0x00, 0xF0,
    0x0F, 0x00, 0xF0, 0x0F, 0x00, 0xF0, 0x0F, 0x00, 0xFF, 0xFF, 0xFF, 0xFF, 0xF0, 0x7B, 0xFE, 0xEF,
    0xBB, 0xEE, 0xFB, 0xBE, 0xEF, 0x83, 0xE0, 0xF8, 0x3E, 0x0F, 0x83, 0xE0, 0xF8, 0x3E, 0x0F, 0x83,
    0xF0, 0x7E, 0x1F, 0x83, 0xC0, 0xF0, 0x0F, 0x00, 0xF0, 0x0F, 0x00, 0xF1, 0xEF, 0x3E, 0xF3, 0xFF,
    0x3E, 0xF1, 0xEF, 0x00, 0xF0, 0x0F, 0x00, 0xF0, 0x0F, 0x00, 0xFF, 0xFF, 0xFF, 0xFF, 0xF0, 0x78,
    0x0F, 0x80, 0xF8, 0x0F, 0x80, 0xF8, 0x0F, 0x80, 0xF9, 0xEF, 0xBF, 0xFB, 0xFF, 0xBF, 0xF9, 0xEF,
    0x80, 0xF8, 0x0F, 0x80, 0xF8, 0x0F, 0xC0, 0x7E, 0x07, 0xE0, 0x3C, 0x00, 0x3E, 0x00, 0x7C, 0x00,
    0xF8, 0x01, 0xF0, 0x03, 0xE4, 0x07, 0xFC, 0x0F, 0xF8, 0x1F, 0xE0, 0x7F, 0x81, 0xFC, 0x03, 0xF8,
    0x03, 0xF0, 0x03, 0xE0, 0x07, 0xC0, 0x0F, 0xFF, 0x9F, 0xFF, 0x3F, 0xFE, 0x1F, 0x03, 0xE0, 0x7C,
    0x0F, 0x81, 0xF0, 0x3F, 0x07, 0xF0, 0xFE, 0x7F, 0x8F, 0xE1, 0xFC, 0x1F, 0x81, 0xF0, 0x3E, 0x07,
    0xC0, 0xF8, 0x1F, 0x81, 0xF0, 0x1E, 0x00, 0x01, 0x80, 0x03, 0xC0, 0x0F, 0x80, 0x3E, 0x00, 0x78,
    0x00, 0x40, 0x00, 0x00, 0x78, 0x0F, 0xF8, 0x1F, 0xF8, 0x3F, 0xF8, 0x7F, 0xF8, 0xFF, 0xF1, 0xFF,
    0xF3, 0xFD, 0xF7, 0xFB, 0xEF, 0xF3, 0xFF, 0xE3, 0xFF, 0xC3, 0xFF, 0x87, 0xFF, 0x07, 0xFE, 0x07,
    0xFC, 0x0F, 0xF8, 0x0F, 0x03, 0x00, 0x3C, 0x03, 0xE0, 0x3E, 0x01, 0xE0, 0x06, 0x00, 0x00, 0x0F,
    0xF8, 0xFF, 0xE7, 0xFF, 0xBE, 0x7D, 0xF1, 0xEF, 0x8F, 0x7C, 0x7B, 0xE3, 0xDF, 0x1E, 0xF8, 0xF7,
    0xC7, 0xBE, 0x3D, 0xF1, 0xE0, 0xF0, 0x1F, 0xF0, 0x3F, 0xF0, 0x7F, 0xF0, 0xFF, 0xF1, 0xFF, 0xE3,
    0xFF, 0xE7, 0xFB, 0xEF, 0xF7, 0xDF, 0xE7, 0xFF, 0xC7, 0xFF, 0x87, 0xFF, 0x0F, 0xFE, 0x0F, 0xFC,
    0x0F, 0xF8, 0x1F, 0xF0, 0x1E, 0x00, 0x00, 0x0F, 0x00, 0x3E, 0x00, 0xF8, 0x01, 0xF0, 0x00, 0x7F,
    0xC7, 0xFF, 0x3F, 0xFD, 0xF3, 0xEF, 0x8F, 0x7C, 0x7B, 0xE3, 0xDF, 0x1E, 0xF8, 0xF7, 0xC7, 0xBE,
    0x3D, 0xF1, 0xEF, 0x8F, 0x00, 0x00, 0x1C, 0x01, 0xE0, 0x1F, 0x00, 0xF0, 0x00, 0x0C, 0xE0, 0x3F,
    0xC0, 0x3F, 0x80, 0x3C, 0x00, 0x30, 0x00, 0x00, 0x00, 0x00, 0x78, 0x0F, 0xF8, 0x1F, 0xF8, 0x3F,
    0xF8, 0x7F, 0xF8, 0xFF, 0xF1, 0xFF, 0xF3, 0xFD, 0xF7, 0xFB, 0xEF, 0xF3, 0xFF, 0xE3, 0xFF, 0xC3,
    0xFF, 0x87, 0xFF, 0x07, 0xFE, 0x07, 0xFC, 0x0F, 0xF8, 0x0F, 0x18, 0xC1, 0xFE, 0x07, 0xF0, 0x1F,
    0x00, 0x60, 0x00, 0x00, 0x00, 0x0F, 0xF8, 0xFF, 0xE7, 0xFF, 0xBE, 0x7D, 0xF1, 0xEF, 0x8F, 0x7C,
    0x7B, 0xE3, 0xDF, 0x1E, 0xF8, 0xF7, 0xC7, 0xBE, 0x3D, 0xF1, 0xE0, 0x78, 0x00, 0xF0, 0x01, 0xE0,
    0x03, 0xC0, 0x0F, 0x00, 0x1E, 0x00, 0x07, 0xFE, 0x0F, 0xFE, 0x1F, 0xFE, 0x3E, 0x7C, 0x7C, 0x78,
    0xF8, 0xF1, 0xF1, 0xE3, 0xE3, 0xC7, 0xC7, 0x8F, 0x8F, 0x1F, 0x1E, 0x3E, 0x3C, 0x7C, 0x78, 0xF0,
    0x1F, 0xF0, 0x3F, 0xF0, 0x7F, 0xF0, 0xFF, 0xF1, 0xFF, 0xE3, 0xFF, 0xE7, 0xFB, 0xEF, 0xF7, 0xDF,
    0xE7, 0xFF, 0xC7, 0xFF, 0x87, 0xFF, 0x0F, 0xFE, 0x0F, 0xFC, 0x1F, 0xF8, 0x1F, 0xF0, 0x1E, 0x00,
    0x3C, 0x00, 0xF8, 0x07, 0xF0, 0x0F, 0xC0, 0x1F, 0x00, 0x7F, 0xC7, 0xFF, 0x3F, 0xFD, 0xF3, 0xEF,
    0x8F, 0x7C, 0x7B, 0xE3, 0xDF, 0x1E, 0xF8, 0xF7, 0xC7, 0xBE, 0x3D, 0xF1, 0xEF, 0x8F, 0x00, 0x78,
    0x07, 0xC0, 0xFE, 0x07, 0xF0, 0x3F, 0x00, 0x0F, 0xF8, 0x03, 0xFE, 0x00, 0xFF, 0x80, 0x00, 0x00,
    0x00, 0x00, 0x00, 0x00, 0x00, 0x7F, 0x80, 0x7F, 0xF8, 0x3F, 0xFF, 0x1F, 0xCF, 0xC7, 0xC0, 0xFB,
    0xE0, 0x3E, 0xF8, 0x07, 0xFE, 0x01, 0xFF, 0x80, 0x7F, 0xE0, 0x1F, 0xF8, 0x07, 0xFE, 0x03, 0xE7,
    0xC0, 0xF9, 0xFC, 0xFE, 0x3F, 0xFF, 0x07, 0xFF, 0x80, 0x7F, 0x80, 0x3F, 0xE0, 0xFF, 0x83, 0xFE,
    0x00, 0x00, 0x00, 0x00, 0x00, 0x01, 0xFC, 0x0F, 0xF8, 0x7F, 0xF3, 0xF7, 0xEF, 0x8F, 0xBC, 0x1E,
    0xF0, 0x7B, 0xC1, 0xEF, 0x8F, 0xBF, 0x7E, 0x7F, 0xF0, 0xFF, 0x81, 0xFC, 0x00, 0x0F, 0x38, 0x01,
    0xDE, 0x00, 0x7F, 0x80, 0x0F, 0xC0, 0x00, 0x00, 0x00, 0x00, 0x00, 0x7F, 0x80, 0x7F, 0xF8, 0x3F,
    0xFF, 0x1F, 0xCF, 0xC7, 0xC0, 0xFB, 0xE0, 0x3E, 0xF8, 0x07, 0xFE, 0x01, 0xFF, 0x80, 0x7F, 0xE0,
    0x1F, 0xF8, 0x07, 0xFE, 0x03, 0xE7, 0xC0, 0xF9, 0xFC, 0xFE, 0x3F, 0xFF, 0x07, 0xFF, 0x80, 0x7F,
    0x80, 0x3C, 0xE0, 0xF7, 0x81, 0xFC, 0x03, 0xE0, 0x00, 0x00, 0x00, 0x01, 0xFC, 0x0F, 0xF8, 0x7F,
    0xF3, 0xF7, 0xEF, 0x8F, 0xBC, 0x1E, 0xF0, 0x7B, 0xC1, 0xEF, 0x8F, 0xBF, 0x7E, 0x7F, 0xF0, 0xFF,
    0x81, 0xFC, 0x00, 0x01, 0x8C, 0x00, 0xF3, 0x80, 0x3D, 0xE0, 0x1E, 0xF0, 0x07, 0x38, 0x01, 0x8C,
    0x00, 0x00, 0x00, 0x1F, 0xE0, 0x1F, 0xFE, 0x0F, 0xFF, 0xC7, 0xF3, 0xF1, 0xF0, 0x3E, 0xF8, 0x0F,
    0xBE, 0x01, 0xFF, 0x80, 0x7F, 0xE0, 0x1F, 0xF8, 0x07, 0xFE, 0x01, 0xFF, 0x80, 0xF9, 0xF0, 0x3E,
    0x7F, 0x3F, 0x8F, 0xFF, 0xC1, 0xFF, 0xE0, 0x1F, 0xE0, 0x04, 0x20, 0x39, 0xE1, 0xFF, 0x87, 0xBC,
    0x3D, 0xE0, 0xE3, 0x00, 0x00, 0x07, 0xF0, 0x3F, 0xE1, 0xFF, 0xCF, 0xDF, 0xBE, 0x3E, 0xF0, 0x7B,
    0xC1, 0xEF, 0x07, 0xBE, 0x3E, 0xFD, 0xF9, 0xFF, 0xC3, 0xFE, 0x07, 0xF0, 0x07, 0xFF, 0xFE, 0x1F,
    0xFF, 0xFE, 0x3F, 0xFF, 0xFE, 0x7F, 0x9E, 0x00, 0x7C, 0x1E, 0x00, 0xF8, 0x1E, 0x00, 0xF8, 0x1E,
    0x00, 0xF8, 0x1F, 0xFC, 0xF8, 0x1F, 0xFC, 0xF8, 0x1F, 0xFC, 0xF8, 0x1E, 0x00, 0xF8, 0x1E, 0x00,
    0x7C, 0x1E, 0x00, 0x7F, 0x9E, 0x00, 0x3F, 0xFF, 0xFE, 0x1F, 0xFF, 0xFE, 0x07, 0xFF, 0xFE, 0x1F,
    0xCF, 0xE0, 0xFF, 0xFF, 0xC7, 0xFF, 0xFF, 0xBF, 0x7F, 0x3E, 0xF8, 0xF8, 0x7B, 0xC1, 0xFF, 0xFF,
    0x07, 0xFF, 0xFC, 0x1F, 0xFF, 0xF8, 0xF8, 0x03, 0xF7, 0xF8, 0xC7, 0xFF, 0xFF, 0x8F, 0xFF, 0xFE,
    0x1F, 0xCF, 0xF8, 0x03, 0x00, 0x0F, 0x00, 0x3E, 0x00, 0xF8, 0x01, 0xE0, 0x01, 0x80, 0x00, 0x00,
    0x7F, 0xE0, 0xFF, 0xF1, 0xFF, 0xF3, 0xC7, 0xE7, 0x87, 0xCF, 0x07, 0x9E, 0x1F, 0x3C, 0x7E, 0x7F,
    0xFC, 0xFF, 0xF1, 0xFF, 0xC3, 0xCF, 0x87, 0x8F, 0x8F, 0x1F, 0x9E, 0x1F, 0x3C, 0x3F, 0x78, 0x3E,
    0x06, 0x03, 0xC1, 0xF0, 0xF8, 0x3C, 0x06, 0x00, 0x01, 0xFF, 0xFF, 0xBF, 0xEF, 0x9B, 0xE0, 0xF8,
    0x3E, 0x0F, 0x83, 0xE0, 0xF8, 0x3E, 0x0F, 0x83, 0xE0, 0xFF, 0xC1, 0xFF, 0xE3, 0xFF, 0xE7, 0x8F,
    0xCF, 0x0F, 0x9E, 0x0F, 0x3C, 0x3E, 0x78, 0xFC, 0xFF, 0xF9, 0xFF, 0xE3, 0xFF, 0x87, 0x9F, 0x0F,
    0x1F, 0x1E, 0x3F, 0x3C, 0x3E, 0x78, 0x7E, 0xF0, 0x7C, 0x00, 0x00, 0x1E, 0x00, 0x3C, 0x01, 0xF0,
    0x03, 0xE0, 0x00, 0x3F, 0xEF, 0xF9, 0xFF, 0x3E, 0x67, 0xC0, 0xF8, 0x1F, 0x03, 0xE0, 0x7C, 0x0F,
    0x81, 0xF0, 0x3E, 0x07, 0xC0, 0x00, 0x0F, 0x03, 0xC0, 0xF8, 0x1E, 0x00, 0x19, 0x80, 0x7F, 0x80,
    0x7E, 0x00, 0x78, 0x00, 0x60, 0x00, 0x00, 0x00, 0x00, 0x7F, 0xE0, 0xFF, 0xF1, 0xFF, 0xF3, 0xC7,
    0xE7, 0x87, 0xCF, 0x07, 0x9E, 0x1F, 0x3C, 0x7E, 0x7F, 0xFC, 0xFF, 0xF1, 0xFF, 0xC3, 0xCF, 0x87,
    0x8F, 0x8F, 0x1F, 0x9E, 0x1F, 0x3C, 0x3F, 0x78, 0x3E, 0x33, 0x9F, 0xE3, 0xF8, 0x78, 0x0C, 0x00,
    0x00, 0x01, 0xFF, 0xFF, 0xBF, 0xEF, 0x9B, 0xE0, 0xF8, 0x3E, 0x0F, 0x83, 0xE0, 0xF8, 0x3E, 0x0F,
    0x83, 0xE0, 0x00, 0xC0, 0x07, 0x80, 0x3E, 0x01, 0xF0, 0x07, 0x80, 0x0C, 0x00, 0x00, 0x03, 0xFC,
    0x3F, 0xF9, 0xFF, 0xE7, 0xE7, 0x1F, 0x00, 0x7C, 0x01, 0xFE, 0x03, 0xFE, 0x07, 0xFC, 0x0F, 0xF8,
    0x07, 0xF0, 0x07, 0xC0, 0x1F, 0x78, 0xFD, 0xFF, 0xE7, 0xFF, 0x8F, 0xF8, 0x03, 0x00, 0x3C, 0x07,
    0xC0, 0xF8, 0x0F, 0x00, 0x40, 0x00, 0x01, 0xFE, 0x3F, 0xE7, 0xFC, 0x7C, 0xC7, 0xF0, 0x7F, 0xE7,
    0xFE, 0x3F, 0xE0, 0x3E, 0x71, 0xE7, 0xFE, 0x7F, 0xC7, 0xF8, 0x03, 0x80, 0x1F, 0x00, 0xFE, 0x03,
    0xFC, 0x0C, 0x60, 0x00, 0x00, 0xFF, 0x0F, 0xFE, 0x7F, 0xF9, 0xF9, 0xC7, 0xC0, 0x1F, 0x00, 0x7F,
    0x80, 0xFF, 0x81, 0xFF, 0x03, 0xFE, 0x01, 0xFC, 0x01, 0xF0, 0x07, 0xDE, 0x3F, 0x7F, 0xF9, 0xFF,
    0xE3, 0xFE, 0x00, 0x07, 0x00, 0xF8, 0x1F, 0xC3, 0xFC, 0x18, 0xC0, 0x00, 0x1F, 0xE3, 0xFE, 0x7F,
    0xC7, 0xCC, 0x7F, 0x07, 0xFE, 0x7F, 0xE3, 0xFE, 0x03, 0xE7, 0x1E, 0x7F, 0xE7, 0xFC, 0x7F, 0x80,
    0x0F, 0xF0, 0xFF, 0xE7, 0xFF, 0x9F, 0x9C, 0x7C, 0x01, 0xF0, 0x07, 0xF8, 0x0F, 0xF8, 0x1F, 0xF0,
    0x3F, 0xE0, 0x1F, 0xC0, 0x1F, 0x00, 0x7D, 0xE3, 0xF7, 0xFF, 0x9F, 0xFE, 0x3F, 0xE0, 0x1E, 0x00,
    0x7C, 0x02, 0xF0, 0x0F, 0xC0, 0x3E, 0x00, 0x1F, 0xE3, 0xFE, 0x7F, 0xC7, 0xCC, 0x7F, 0x07, 0xFE,
    0x7F, 0xE3, 0xFE, 0x03, 0xE7, 0x1E, 0x7F, 0xE7, 0xFE, 0x7F, 0x80, 0xE0, 0x0F, 0x01, 0x78, 0x3F,
    0x03, 0xF0, 0x0C, 0x60, 0x3F, 0xC0, 0xFE, 0x01, 0xF0, 0x01, 0x80, 0x00, 0x00, 0x00, 0x03, 0xFC,
    0x3F, 0xF9, 0xFF, 0xE7, 0xE7, 0x1F, 0x00, 0x7C, 0x01, 0xFE, 0x03, 0xFE, 0x07, 0xFC, 0x0F, 0xF8,
    0x07, 0xF0, 0x07, 0xC0, 0x1F, 0x78, 0xFD, 0xFF, 0xE7, 0xFF, 0x8F, 0xF8, 0x18, 0xC3, 0xFE, 0x1F,
    0xC0, 0xF8, 0x07, 0x00, 0x00, 0x00, 0x01, 0xFE, 0x3F, 0xE7, 0xFC, 0x7C, 0xC7, 0xF0, 0x7F, 0xE7,
    0xFE, 0x3F, 0xE0, 0x3E, 0x71, 0xE7, 0xFE, 0x7F, 0xC7, 0xF8, 0xFF, 0xFF, 0xFF, 0xFF, 0xFF, 0xF8,
    0x3E, 0x00, 0x7C, 0x00, 0xF8, 0x01, 0xF0, 0x03, 0xE0, 0x07, 0xC0, 0x0F, 0x80, 0x1F, 0x00, 0x3E,
    0x00, 0x7C, 0x00, 0xF8, 0x01, 0xF0, 0x03, 0xE0, 0x07, 0xC0, 0x07, 0x00, 0x1E, 0x00, 0x1E, 0x00,
    0x3C, 0x01, 0xF8, 0x03, 0xE0, 0x00, 0xF8, 0x3E, 0x0F, 0x83, 0xE0, 0xFF, 0xBF, 0xEF, 0xFB, 0xE0,
    0xF8, 0x3E, 0x0F, 0x83, 0xE0, 0xF8, 0x3F, 0x27, 0xF9, 0xFF, 0x3F, 0xC3, 0x80, 0xF0, 0x1C, 0x3F,
    0x0F, 0x80, 0x0C, 0x60, 0x1F, 0xE0, 0x3F, 0x80, 0x3E, 0x00, 0x18, 0x00, 0x00, 0x00, 0x00, 0x7F,
    0xFF, 0xFF, 0xFF, 0xFF, 0xFC, 0x1F, 0x00, 0x3E, 0x00, 0x7C, 0x00, 0xF8, 0x01, 0xF0, 0x03, 0xE0,
    0x07, 0xC0, 0x0F, 0x80, 0x1F, 0x00, 0x3E, 0x00, 0x7C, 0x00, 0xF8, 0x01, 0xF0, 0x03, 0xE0, 0x07,
    0x81, 0xEF, 0xFB, 0xFE, 0xFF, 0x3E, 0x0F, 0xFB, 0xFE, 0xFF, 0xBE, 0x0F, 0x83, 0xE0, 0xF8, 0x3E,
    0x0F, 0x83, 0xF2, 0x7F, 0x9F, 0xF3, 0xF8, 0xFF, 0xFF, 0xFF, 0xFF, 0xFF, 0xF8, 0x3E, 0x00, 0x7C,
    0x00, 0xF8, 0x01, 0xF0, 0x1F, 0xFE, 0x3F, 0xFC, 0x7F, 0xF8, 0x1F, 0x00, 0x3E, 0x00, 0x7C, 0x00,
    0xF8, 0x01, 0xF0, 0x03, 0xE0, 0x07, 0xC0, 0xF8, 0x3E, 0x0F, 0x83, 0xE0, 0xFF, 0xBF, 0xEF, 0xFB,
    0xE0, 0xF8, 0x3F, 0xEF, 0xFB, 0xE0, 0xF8, 0x3F, 0x27, 0xF9, 0xFF, 0x3F, 0x80, 0x0F, 0xB0, 0x1F,
    0xF0, 0x7F, 0xC0, 0x6F, 0x00, 0x00, 0x00, 0x00, 0x3E, 0x07, 0xFC, 0x0F, 0xF8, 0x1F, 0xF0, 0x3F,
    0xE0, 0x7F, 0xC0, 0xFF, 0x81, 0xFF, 0x03, 0xFE, 0x07, 0xFC, 0x0F, 0xF8, 0x1F, 0xF0, 0x3D, 0xF0,
    0xFB, 0xF3, 0xF7, 0xFF, 0xC7, 0xFF, 0x03, 0xFC, 0x00, 0x1E, 0xE3, 0xFE, 0x7F, 0xE3, 0x7C, 0x00,
    0x00, 0x00, 0xF8, 0xFF, 0x8F, 0xF8, 0xFF, 0x8F, 0xF8, 0xFF, 0x8F, 0xF8, 0xFF, 0x8F, 0xF8, 0xF7,
    0xCF, 0x7F, 0xF3, 0xFF, 0x1F, 0xF0, 0x1F, 0xF0, 0x3F, 0xE0, 0x7F, 0xC0, 0x00, 0x00, 0x00, 0x00,
    0x00, 0x3E, 0x07, 0xFC, 0x0F, 0xF8, 0x1F, 0xF0, 0x3F, 0xE0, 0x7F, 0xC0, 0xFF, 0x81, 0xFF, 0x03,
    0xFE, 0x07, 0xFC, 0x0F, 0xF8, 0x1F, 0xF0, 0x3D, 0xF0, 0xFB, 0xF3, 0xF7, 0xFF, 0xC7, 0xFF, 0x03,
    0xFC, 0x00, 0x3F, 0xE3, 0xFE, 0x3F, 0xE0, 0x00, 0x00, 0x00, 0x00, 0xF8, 0xFF, 0x8F, 0xF8, 0xFF,
    0x8F, 0xF8, 0xFF, 0x8F, 0xF8, 0xFF, 0x8F, 0xF8, 0xF7, 0xCF, 0x7F, 0xF3, 0xFF, 0x1F, 0xF0, 0x1E,
    0x70, 0x1D, 0xE0, 0x3F, 0x80, 0x3F, 0x00, 0x00, 0x00, 0x00, 0x3E, 0x07, 0xFC, 0x0F, 0xF8, 0x1F,
    0xF0, 0x3F, 0xE0, 0x7F, 0xC0, 0xFF, 0x81, 0xFF, 0x03, 0xFE, 0x07, 0xFC, 0x0F, 0xF8, 0x1F, 0xF0,
    0x3D, 0xF0, 0xFB, 0xF3, 0xF7, 0xFF, 0xC7, 0xFF, 0x03, 0xFC, 0x00, 0x39, 0xE3, 0xDE, 0x1F, 0xC0,
    0xF8, 0x00, 0x00, 0x00, 0xF8, 0xFF, 0x8F, 0xF8, 0xFF, 0x8F, 0xF8, 0xFF, 0x8F, 0xF8, 0xFF, 0x8F,
    0xF8, 0xF7, 0xCF, 0x7F, 0xF3, 0xFF, 0x1F, 0xF0, 0x03, 0xC0, 0x0F, 0xC0, 0x1B, 0x80, 0x37, 0x00,
    0x7E, 0x00, 0x78, 0x3E, 0x07, 0xFC, 0x0F, 0xF8, 0x1F, 0xF0, 0x3F, 0xE0, 0x7F, 0xC0, 0xFF, 0x81,
    0xFF, 0x03, 0xFE, 0x07, 0xFC, 0x0F, 0xF8, 0x1F, 0xF0, 0x3D, 0xF0, 0xFB, 0xF3, 0xF7, 0xFF, 0xC7,
    0xFF, 0x03, 0xFC, 0x00, 0x0F, 0x81, 0xF8, 0x1D, 0xC1, 0xDC, 0x1F, 0x80, 0xF8, 0x00, 0x0F, 0x8F,
    0xF8, 0xFF, 0x8F, 0xF8, 0xFF, 0x8F, 0xF8, 0xFF, 0x8F, 0xF8, 0xFF, 0x8F, 0x7C, 0xF7, 0xFF, 0x3F,
    0xF1, 0xFF, 0x03, 0x18, 0x0F, 0x78, 0x1E, 0xF0, 0x7B, 0xC0, 0xE7, 0x01, 0x8C, 0x00, 0x00, 0x7C,
    0x0F, 0xF8, 0x1F, 0xF0, 0x3F, 0xE0, 0x7F, 0xC0, 0xFF, 0x81, 0xFF, 0x03, 0xFE, 0x07, 0xFC, 0x0F,
    0xF8, 0x1F, 0xF0, 0x3F, 0xE0, 0x7B, 0xE1, 0xF7, 0xE7, 0xEF, 0xFF, 0x8F, 0xFE, 0x07, 0xF8, 0x0C,
    0x60, 0x73, 0x87, 0xBC, 0x39, 0xC3, 0xDE, 0x1C, 0xE0, 0x00, 0x1F, 0x1E, 0xF8, 0xF7, 0xC7, 0xBE,
    0x3D, 0xF1, 0xEF, 0x8F, 0x7C, 0x7B, 0xE3, 0xDF, 0x1E, 0x7C, 0xF3, 0xFF, 0x8F, 0xFC, 0x3F, 0xE0,
    0xF8, 0x1F, 0xF0, 0x3F, 0xE0, 0x7F, 0xC0, 0xFF, 0x81, 0xFF, 0x03, 0xFE, 0x07, 0xFC, 0x0F, 0xF8,
    0x1F, 0xF0, 0x3F, 0xE0, 0x7F, 0xC0, 0xF7, 0xC3, 0xEF, 0xCF, 0xDF, 0xFF, 0x1F, 0xFC, 0x0F, 0xF0,
    0x03, 0x80, 0x0F, 0x00, 0x1F, 0x80, 0x3F, 0x00, 0x7E, 0x00, 0xF8, 0xF7, 0xC7, 0xBE, 0x3D, 0xF1,
    0xEF, 0x8F, 0x7C, 0x7B, 0xE3, 0xDF, 0x1E, 0xF8, 0xF3, 0xE7, 0x9F, 0xFC, 0x7F, 0xE1, 0xFF, 0x00,
    0xF0, 0x0F, 0x00, 0x7E, 0x03, 0xF0, 0x0F, 0x80, 0x00, 0x18, 0x00, 0x00, 0x3C, 0x00, 0x00, 0xFE,
    0x00, 0x00, 0xFF, 0x00, 0x00, 0xE6, 0x00, 0x00, 0x00, 0x00, 0xF8, 0x00, 0x1E, 0xF8, 0x00, 0x1E,
    0x7C, 0x3C, 0x3E, 0x7C, 0x7C, 0x3E, 0x7C, 0x7E, 0x3E, 0x7C, 0x7E, 0x3C, 0x3C, 0x7E, 0x3C, 0x3E,
    0xFF, 0x7C, 0x3E, 0xFF, 0x7C, 0x3E, 0xEF, 0x78, 0x1F, 0xE7, 0xF8, 0x1F, 0xE7, 0xF8, 0x1F, 0xC7,
    0xF0, 0x1F, 0xC3, 0xF0, 0x0F, 0xC3, 0xF0, 0x0F, 0x83, 0xF0, 0x0F, 0x81, 0xE0, 0x00, 0x60, 0x00,
    0x0F, 0x00, 0x03, 0xF8, 0x00, 0x3F, 0xC0, 0x03, 0x18, 0x00, 0x00, 0x00, 0xF8, 0xF1, 0xFF, 0x8F,
    0x1E, 0x78, 0xF1, 0xE7, 0x9F, 0x3E, 0x7D, 0xFB, 0xC3, 0xDF, 0xBC, 0x3F, 0xFB, 0xC3, 0xFF, 0xF8,
    0x1F, 0xBF, 0x81, 0xF9, 0xF8, 0x1F, 0x9F, 0x00, 0xF1, 0xF0, 0x0F, 0x0F, 0x00, 0x01, 0x80, 0x01,
    0xF0, 0x01, 0xFC, 0x01, 0xFE, 0x00, 0x63, 0x00, 0x00, 0x03, 0xE0, 0x7E, 0xF8, 0x3E, 0x7C, 0x3E,
    0x1F, 0x1F, 0x0F, 0x9F, 0x03, 0xEF, 0x81, 0xFF, 0x80, 0x7F, 0xC0, 0x1F, 0xC0, 0x0F, 0xC0, 0x03,
    0xE0, 0x01, 0xF0, 0x00, 0xF8, 0x00, 0x7C, 0x00, 0x3E, 0x00, 0x1F, 0x00, 0x0F, 0x80, 0x03, 0x00,
    0x1E, 0x01, 0xFC, 0x07, 0xF8, 0x1C, 0xC0, 0x00, 0x0F, 0x87, 0xFE, 0x1E, 0x78, 0x79, 0xF3, 0xE7,
    0xCF, 0x0F, 0x3C, 0x3F, 0xF0, 0xFF, 0x81, 0xFE, 0x07, 0xF8, 0x0F, 0xC0, 0x3F, 0x00, 0x78, 0x03,
    0xE0, 0x5F, 0x03, 0xFC, 0x0F, 0xE0, 0x3F, 0x00, 0x0E, 0x78, 0x0F, 0xBC, 0x07, 0xDE, 0x01, 0xCF,
    0x00, 0x00, 0x00, 0x00, 0x03, 0xE0, 0x7E, 0xF8, 0x3E, 0x7C, 0x3E, 0x1F, 0x1F, 0x0F, 0x9F, 0x03,
    0xEF, 0x81, 0xFF, 0x80, 0x7F, 0xC0, 0x1F, 0xC0, 0x0F, 0xC0, 0x03, 0xE0, 0x01, 0xF0, 0x00, 0xF8,
    0x00, 0x7C, 0x00, 0x3E, 0x00, 0x1F, 0x00, 0x0F, 0x80, 0x00, 0xC0, 0x03, 0xC0, 0x0F, 0x80, 0x3E,
    0x00, 0x78, 0x00, 0x60, 0x00, 0x00, 0x3F, 0xFF, 0x7F, 0xFE, 0xFF, 0xF8, 0x03, 0xF0, 0x0F, 0xC0,
    0x1F, 0x00, 0x7C, 0x01, 0xF8, 0x03, 0xE0, 0x0F, 0x80, 0x3E, 0x00, 0x7C, 0x01, 0xF0, 0x07, 0xC0,
    0x0F, 0xFF, 0xFF, 0xFF, 0xFF, 0xFF, 0x03, 0x80, 0x3C, 0x07, 0xC0, 0xF8, 0x0F, 0x00, 0x60, 0x00,
    0x07, 0xFF, 0x7F, 0xF7, 0xFF, 0x03, 0xE0, 0x7C, 0x0F, 0x80, 0xF8, 0x1F, 0x03, 0xE0, 0x7C, 0x07,
    0xFF, 0xFF, 0xFF, 0xFF, 0x03, 0x80, 0x0F, 0x80, 0x1F, 0x00, 0x1C, 0x00, 0x00, 0x00, 0x00, 0x1F,
    0xFF, 0xBF, 0xFF, 0x7F, 0xFC, 0x01, 0xF8, 0x07, 0xE0, 0x0F, 0x80, 0x3E, 0x00, 0xFC, 0x01, 0xF0,
    0x07, 0xC0, 0x1F, 0x00, 0x3E, 0x00, 0xF8, 0x03, 0xE0, 0x07, 0xFF, 0xFF, 0xFF, 0xFF, 0xFF, 0x80,
    0x0F, 0x00, 0xF0, 0x0F, 0x00, 0xF0, 0x00, 0x00, 0x00, 0x7F, 0xF7, 0xFF, 0x7F, 0xF0, 0x3E, 0x07,
    0xC0, 0xF8, 0x0F, 0x81, 0xF0, 0x3E, 0x07, 0xC0, 0x7F, 0xFF, 0xFF, 0xFF, 0xF0, 0x0C, 0x60, 0x1F,
    0xE0, 0x3F, 0x80, 0x1E, 0x00, 0x18, 0x00, 0x00, 0x00, 0x00, 0x3F, 0xFF, 0x7F, 0xFE, 0xFF, 0xF8,
    0x03, 0xF0, 0x0F, 0xC0, 0x1F, 0x00, 0x7C, 0x01, 0xF8, 0x03, 0xE0, 0x0F, 0x80, 0x3E, 0x00, 0x7C,
    0x01, 0xF0, 0x07, 0xC0, 0x0F, 0xFF, 0xFF, 0xFF, 0xFF, 0xFF, 0x18, 0xC3, 0xFC, 0x1F, 0xC0, 0xF8,
    0x07, 0x00, 0x00, 0x00, 0x07, 0xFF, 0x7F, 0xF7, 0xFF, 0x03, 0xE0, 0x7C, 0x0F, 0x80, 0xF8, 0x1F,
    0x03, 0xE0, 0x7C, 0x07, 0xFF, 0xFF, 0xFF, 0xFF, 0x1F, 0xCF, 0xF7, 0xFD, 0xF2, 0xF8, 0x3E, 0x0F,
    0x83, 0xE0, 0xF8, 0x3E, 0x0F, 0x83, 0xE0, 0xF8, 0x3E, 0x0F, 0x83, 0xE0, 0xF8, 0x3E, 0x0F, 0x80,
    0x00, 0x03, 0xC0, 0x00, 0xF0, 0x7F, 0xFC, 0x7F, 0xFE, 0x3F, 0xFF, 0x9F, 0xCF, 0xE7, 0xC0, 0xFB,
    0xE0, 0x3E, 0xF8, 0x07, 0xFE, 0x01, 0xFF, 0x80, 0x7F, 0xE0, 0x1F, 0xF8, 0x07, 0xFE, 0x03, 0xE7,
    0xC0, 0xF9, 0xFC, 0xFE, 0x3F, 0xFF, 0x07, 0xFF, 0x80, 0x7F, 0x80, 0x00, 0x3C, 0x00, 0x78, 0x7F,
    0xF1, 0xFF, 0xE7, 0xFF, 0x9F, 0xBF, 0x3E, 0x3E, 0x78, 0x3C, 0xF0, 0x79, 0xE0, 0xF3, 0xE3, 0xE7,
    0xEF, 0xC7, 0xFF, 0x07, 0xFC, 0x07, 0xF0, 0x00, 0x00, 0x03, 0xC0, 0x00, 0xF0, 0x00, 0x7F, 0xE0,
    0x7F, 0xF8, 0x1F, 0xBE, 0x07, 0x8F, 0x81, 0xE3, 0xE0, 0x78, 0xF8, 0x1E, 0x3E, 0x07, 0x8F, 0x81,
    0xE3, 0xE0, 0x78, 0xF8, 0x1E, 0x3E, 0x07, 0x8F, 0x81, 0xE1, 0xF0, 0xF8, 0x7E, 0x7E, 0x1F, 0xFF,
    0x03, 0xFF, 0x80, 0x3F, 0xC0, 0x00, 0x1E, 0x00, 0x3C, 0x00, 0x7F, 0xC7, 0xFF, 0x8F, 0xDF, 0x1E,
    0x3E, 0x3C, 0x7C, 0x78, 0xF8, 0xF1, 0xF1, 0xE3, 0xE3, 0xC7, 0xC7, 0x87, 0xCF, 0x0F, 0xFE, 0x0F,
    0xFC, 0x0F, 0xF8, 0x00, 0x00, 0x0C, 0xC0, 0x00, 0x00, 0x7F, 0x80, 0x00, 0x00, 0xFC, 0x00, 0x00,
    0x01, 0xE0, 0x00, 0x00, 0x03, 0x00, 0x00, 0x00, 0x00, 0x00, 0x00, 0x00, 0x00, 0x3F, 0xF0, 0x3F,
    0xFF, 0xFF, 0xF0, 0xFF, 0xFF, 0xFF, 0xE3, 0xFF, 0xFF, 0x1F, 0xC0, 0x1F, 0xBC, 0x1F, 0x80, 0x7C,
    0xF0, 0x3E, 0x03, 0xE3, 0xC0, 0x78, 0x1F, 0x8F, 0x01, 0xE0, 0xFC, 0x3C, 0x07, 0xC3, 0xE0, 0xF0,
    0x1E, 0x1F, 0x03, 0xC0, 0xF8, 0xFC, 0x0F, 0x03, 0xE3, 0xE0, 0x3C, 0x1F, 0x9F, 0x00, 0xF1, 0xFC,
    0x7C, 0x03, 0xFF, 0xE3, 0xFF, 0xFF, 0xFF, 0x0F, 0xFF, 0xFF, 0xF0, 0x3F, 0xFF, 0x00, 0x00, 0x18,
    0xC0, 0x00, 0x03, 0xFC, 0x00, 0x00, 0x1F, 0xCF, 0xFC, 0x00, 0xF8, 0xFF, 0xF0, 0x06, 0x0F, 0xFF,
    0x80, 0x00, 0xF1, 0xFC, 0x00, 0x0F, 0x07, 0xE7, 0xFF, 0xF0, 0x3E, 0x7F, 0xFF, 0x01, 0xE7, 0xFF,
    0xF0, 0x1E, 0x03, 0xEF, 0x01, 0xF0, 0x7C, 0xF0, 0x1E, 0x0F, 0x8F, 0x03, 0xE1, 0xF0, 0xF0, 0x3E,
    0x1F, 0x0F, 0x07, 0xE3, 0xE0, 0xF1, 0xFC, 0x7C, 0x0F, 0xFF, 0x87, 0xFF, 0xFF, 0xF0, 0xFF, 0xFF,
    0xFC, 0x0F, 0xFF, 0x00, 0x00, 0x66, 0x00, 0x3E, 0x3F, 0xC0, 0x0F, 0x87, 0xF0, 0x03, 0xE0, 0xF0,
    0x00, 0xF8, 0x18, 0x00, 0x3E, 0x00, 0x00, 0x0F, 0x80, 0x00, 0x7F, 0xE7, 0xFF, 0x7F, 0xF9, 0xFF,
    0xDF, 0xFE, 0x7F, 0xFF, 0xDF, 0x80, 0xFB, 0xE3, 0xE0, 0x7C, 0xF0, 0xF8, 0x3E, 0x3C, 0x3E, 0x1F,
    0x0F, 0x0F, 0x87, 0xC3, 0xE3, 0xE3, 0xE0, 0xFC, 0xF9, 0xF0, 0x1F, 0xFE, 0x7F, 0xF3, 0xFF, 0xBF,
    0xFC, 0x7F, 0xCF, 0xFF, 0xF0, 0x00, 0x1F, 0xF0, 0x00, 0x1F, 0xF0, 0x00, 0x1F, 0xF0, 0x00, 0x1F,
    0xF0, 0x00, 0x1F, 0xF0, 0x00, 0x1F, 0xF0, 0x00, 0x1F, 0xF0, 0x00, 0x1F, 0xF0, 0x00, 0x1F, 0xF0,
    0x00, 0x1F, 0xF0, 0x00, 0x1F, 0xF0, 0x00, 0x1F, 0xF0, 0x00, 0x1F, 0xF0, 0x07, 0x3F, 0xFF, 0xFF,
    0xFE, 0xFF, 0xFF, 0xFC, 0xFF, 0xF7, 0xF8, 0x00, 0x03, 0xC0, 0x01, 0xFF, 0x00, 0x7F, 0xC0, 0x0F,
    0xF0, 0x00, 0x3C, 0x00, 0x0F, 0x00, 0x7F, 0xC0, 0x1F, 0xF0, 0x07, 0xFC, 0x01, 0xFF, 0x00, 0x7F,
    0xC0, 0x1F, 0xF0, 0x07, 0xFC, 0x01, 0xFF, 0x00, 0x7F, 0xC0, 0x1F, 0xFF, 0xF7, 0xFF, 0xFD, 0xFF,
    0xFF, 0x7C, 0x00, 0x1F, 0x00, 0x07, 0xC0, 0x0F, 0xE0, 0x03, 0xF8, 0x00, 0xFC, 0x78, 0xF7, 0xC7,
    0xFE, 0x3F, 0xF1, 0xEF, 0x80, 0x7C, 0x03, 0xE3, 0xFF, 0x1F, 0xF8, 0xFF, 0xC7, 0xFE, 0x3F, 0xF1,
    0xFF, 0x8F, 0xFC, 0x7F, 0xE3, 0xFF, 0x9F, 0x7E, 0xFB, 0xF7, 0xCF, 0x3E, 0x01, 0xF0, 0x0F, 0x03,
    0xF8, 0x1F, 0xC0, 0xFC, 0xF0, 0x1E, 0x00, 0xFF, 0xC0, 0xF0, 0x07, 0xFF, 0x07, 0x80, 0x3F, 0xFC,
    0x3C, 0x01, 0xFF, 0xF1, 0xE0, 0x0F, 0xFF, 0x8F, 0x00, 0x7F, 0xFE, 0x78, 0x03, 0xFE, 0xFB, 0xC0,
    0x1F, 0xF7, 0xDE, 0x00, 0xFF, 0x9F, 0xF0, 0x07, 0xFC, 0x7F, 0x80, 0x3F, 0xE1, 0xFC, 0x01, 0xFF,
    0x0F, 0xE0, 0x0F, 0xF8, 0x3F, 0x1C, 0xFB, 0xC0, 0xF9, 0xFF, 0xDE, 0x07, 0xCF, 0xFC, 0xF0, 0x1E,
    0x3F, 0xC0, 0x00, 0x00, 0x3C, 0x00, 0x00, 0x7F, 0xC0, 0x78, 0xFF, 0xC0, 0xF1, 0xEF, 0xC1, 0xE0,
    0x1F, 0xC3, 0xC0, 0x3F, 0xC7, 0x8F, 0xFF, 0x8F, 0x1F, 0xFF, 0x9E, 0x3F, 0xEF, 0xBC, 0x7F, 0xDF,
    0x78, 0xFF, 0x9F, 0xF1, 0xFF, 0x1F, 0xE3, 0xFE, 0x1F, 0xC7, 0xFC, 0x3F, 0x8F, 0xF8, 0x3F, 0x1F,
    0xF0, 0x3E, 0x3F, 0xE0, 0x7C, 0x7F, 0xC0, 0x78, 0xF8, 0x00, 0x01, 0xF0, 0x00, 0x03, 0xC0, 0x00,
    0x3F, 0x80, 0x00, 0x7F, 0x00, 0x00, 0xFC, 0x00, 0x01, 0xE0, 0x00, 0x1F, 0x00, 0x01, 0xF0, 0x00,
    0x1E, 0x00, 0x00, 0x00, 0x00, 0x00, 0x7F, 0xC1, 0xFF, 0xFE, 0x1F, 0xFF, 0xF1, 0xFF, 0x9F, 0x1F,
    0xF8, 0xF1, 0xFF, 0x8F, 0x1F, 0xF8, 0xF1, 0xFF, 0x8F, 0x1F, 0xF8, 0xF1, 0xFF, 0x8F, 0x1F, 0xF8,
    0xF1, 0xFF, 0x8F, 0x1F, 0xF8, 0xF1, 0xF0, 0x00, 0x1F, 0x00, 0x03, 0xE0, 0x00, 0xFE, 0x00, 0x0F,
    0xE0, 0x00, 0xF8, 0x03, 0x30, 0x01, 0xFE, 0x00, 0x7F, 0x00, 0x07, 0x80, 0x00, 0xC0, 0x00, 0x00,
    0x00, 0x00, 0x00, 0x07, 0x80, 0x03, 0xF0, 0x00, 0xFC, 0x00, 0x7F, 0x80, 0x1F, 0xE0, 0x0F, 0xFC,
    0x03, 0xCF, 0x01, 0xF3, 0xE0, 0x78, 0xF8, 0x1E, 0x1E, 0x0F, 0xFF, 0xC3, 0xFF, 0xF0, 0xFF, 0xFE,
    0x7C, 0x0F, 0x9F, 0x03, 0xEF, 0x80, 0x7F, 0xE0, 0x1F, 0x0C, 0xC0, 0xFF, 0x03, 0xF0, 0x0F, 0x00,
    0x30, 0x00, 0x00, 0x00, 0x07, 0xF8, 0x3F, 0xF1, 0xFF, 0x8C, 0x7C, 0x01, 0xF1, 0xFF, 0xBF, 0xFD,
    0xFF, 0xEF, 0x9F, 0x7C, 0xFB, 0xFF, 0xDF, 0xFE, 0x7F, 0xE0, 0x66, 0xFF, 0x7E, 0x3C, 0x18, 0x00,
    0x00, 0x3C, 0x3C, 0x3C, 0x3C, 0x3C, 0x3C, 0x3C, 0x3C, 0x3C, 0x3C, 0x3C, 0x3C, 0x3C, 0x3C, 0x3C,
    0x3C, 0x3C, 0x63, 0x3F, 0xDF, 0xC7, 0xC0, 0xC0, 0x00, 0x00, 0x7C, 0x3E, 0x1F, 0x0F, 0x87, 0xC3,
    0xE1, 0xF0, 0xF8, 0x7C, 0x3E, 0x1F, 0x0F, 0x87, 0xC0, 0x07, 0x30, 0x01, 0xFE, 0x00, 0x7F, 0x00,
    0x07, 0x80, 0x00, 0xC0, 0x00, 0x00, 0x00, 0x00, 0x00, 0x1F, 0xE0, 0x1F, 0xFE, 0x0F, 0xFF, 0xC7,
    0xF3, 0xF1, 0xF0, 0x3E, 0xF8, 0x0F, 0xBE, 0x01, 0xFF, 0x80, 0x7F, 0xE0, 0x1F, 0xF8, 0x07, 0xFE,
    0x01, 0xFF, 0x80, 0xF9, 0xF0, 0x3E, 0x7F, 0x3F, 0x8F, 0xFF, 0xC1, 0xFF, 0xE0, 0x1F, 0xE0, 0x18,
    0xC0, 0x7F, 0x81, 0xFC, 0x03, 0xE0, 0x07, 0x00, 0x00, 0x00, 0x00, 0x07, 0xF0, 0x3F, 0xE1, 0xFF,
    0xCF, 0xDF, 0xBE, 0x3E, 0xF0, 0x7B, 0xC1, 0xEF, 0x07, 0xBE, 0x3E, 0xFD, 0xF9, 0xFF, 0xC3, 0xFE,
    0x07, 0xF0, 0x0E, 0x60, 0x1F, 0xE0, 0x3F, 0x80, 0x1E, 0x00, 0x18, 0x00, 0x00, 0x00, 0x00, 0x7C,
    0x0F, 0xF8, 0x1F, 0xF0, 0x3F, 0xE0, 0x7F, 0xC0, 0xFF, 0x81, 0xFF, 0x03, 0xFE, 0x07, 0xFC, 0x0F,
    0xF8, 0x1F, 0xF0, 0x3F, 0xE0, 0x7B, 0xE1, 0xF7, 0xE7, 0xEF, 0xFF, 0x8F, 0xFE, 0x07, 0xF8, 0x18,
    0xC3, 0xFC, 0x1F, 0xC0, 0xF8, 0x06, 0x00, 0x00, 0x00, 0x0F, 0x8F, 0xF8, 0xFF, 0x8F, 0xF8, 0xFF,
    0x8F, 0xF8, 0xFF, 0x8F, 0xF8, 0xFF, 0x8F, 0x7C, 0xF7, 0xFF, 0x3F, 0xF1, 0xFF, 0x0F, 0xE0, 0x1F,
    0xC0, 0x00, 0x00, 0x73, 0x80, 0xEF, 0x01, 0xCE, 0x00, 0x00, 0x00, 0x00, 0xF8, 0x1F, 0xF0, 0x3F,
    0xE0, 0x7F, 0xC0, 0xFF, 0x81, 0xFF, 0x03, 0xFE, 0x07, 0xFC, 0x0F, 0xF8, 0x1F, 0xF0, 0x3F, 0xE0,
    0x7F, 0xC0, 0xF7, 0xC3, 0xEF, 0xCF, 0xDF, 0xFF, 0x1F, 0xFC, 0x0F, 0xF0, 0x1F, 0xC1, 0xFC, 0x00,
    0x03, 0xDC, 0x3D, 0xE3, 0xDC, 0x00, 0x00, 0x00, 0xF8, 0xFF, 0x8F, 0xF8, 0xFF, 0x8F, 0xF8, 0xFF,
    0x8F, 0xF8, 0xFF, 0x8F, 0xF8, 0xF7, 0xCF, 0x7F, 0xF3, 0xFF, 0x1F, 0xF0, 0x00, 0xC0, 0x03, 0xC0,
    0x0F, 0x00, 0xFF, 0xC3, 0xC7, 0x83, 0x8F, 0x00, 0x00, 0x7C, 0x0F, 0xF8, 0x1F, 0xF0, 0x3F, 0xE0,
    0x7F, 0xC0, 0xFF, 0x81, 0xFF, 0x03, 0xFE, 0x07, 0xFC, 0x0F, 0xF8, 0x1F, 0xF0, 0x3F, 0xE0, 0x7B,
    0xE1, 0xF7, 0xE7, 0xEF, 0xFF, 0x8F, 0xFE, 0x07, 0xF8, 0x01, 0x80, 0x3C, 0x07, 0x80, 0x70, 0x7E,
    0xE7, 0x8F, 0x78, 0xE0, 0x00, 0x00, 0x0F, 0x8F, 0xF8, 0xFF, 0x8F, 0xF8, 0xFF, 0x8F, 0xF8, 0xFF,
    0x8F, 0xF8, 0xFF, 0x8F, 0x7C, 0xF7, 0xFF, 0x3F, 0xF1, 0xFF, 0x06, 0x60, 0x0F, 0xC0, 0x0F, 0x00,
    0xEF, 0xC1, 0xC7, 0x83, 0x8F, 0x00, 0x00, 0x7C, 0x0F, 0xF8, 0x1F, 0xF0, 0x3F, 0xE0, 0x7F, 0xC0,
    0xFF, 0x81, 0xFF, 0x03, 0xFE, 0x07, 0xFC, 0x0F, 0xF8, 0x1F, 0xF0, 0x3F, 0xE0, 0x7B, 0xE1, 0xF7,
    0xE7, 0xEF, 0xFF, 0x8F, 0xFE, 0x07, 0xF8, 0x10, 0x81, 0xFC, 0x1F, 0xC0, 0xF8, 0x7E, 0xE7, 0x8F,
    0x78, 0xE0, 0x00, 0x00, 0x0F, 0x8F, 0xF8, 0xFF, 0x8F, 0xF8, 0xFF, 0x8F, 0xF8, 0xFF, 0x8F, 0xF8,
    0xFF, 0x8F, 0x7C, 0xF7, 0xFF, 0x3F, 0xF1, 0xFF, 0x02, 0x00, 0x0E, 0x00, 0x1E, 0x00, 0xEF, 0xC1,
    0xC7, 0x83, 0x8F, 0x00, 0x00, 0x7C, 0x0F, 0xF8, 0x1F, 0xF0, 0x3F, 0xE0, 0x7F, 0xC0, 0xFF, 0x81,
    0xFF, 0x03, 0xFE, 0x07, 0xFC, 0x0F, 0xF8, 0x1F, 0xF0, 0x3F, 0xE0, 0x7B, 0xE1, 0xF7, 0xE7, 0xEF,
    0xFF, 0x8F, 0xFE, 0x07, 0xF8, 0x0C, 0x01, 0xC0, 0x1E, 0x00, 0xF0, 0x7E, 0xE7, 0x8F, 0x78, 0xE0,
    0x00, 0x00, 0x0F, 0x8F, 0xF8, 0xFF, 0x8F, 0xF8, 0xFF, 0x8F, 0xF8, 0xFF, 0x8F, 0xF8, 0xFF, 0x8F,
    0x7C, 0xF7, 0xFF, 0x3F, 0xF1, 0xFF, 0x7F, 0x83, 0xFF, 0x1F, 0xFC, 0xE7, 0xE0, 0x0F, 0xFF, 0xFF,
    0xFF, 0xFF, 0xFF, 0xF0, 0xFF, 0xCF, 0x9F, 0xFC, 0xFF, 0xC1, 0xF8, 0x00, 0x07, 0xF8, 0x01, 0xFE,
    0x00, 0x00, 0x00, 0x1C, 0xE0, 0x07, 0xF8, 0x01, 0xCE, 0x00, 0x00, 0x00, 0x00, 0x00, 0x01, 0xE0,
    0x00, 0xFC, 0x00, 0x3F, 0x00, 0x1F, 0xE0, 0x07, 0xF8, 0x03, 0xFF, 0x00, 0xF3, 0xC0, 0x7C, 0xF8,
    0x1E, 0x3E, 0x07, 0x87, 0x83, 0xFF, 0xF0, 0xFF, 0xFC, 0x3F, 0xFF, 0x9F, 0x03, 0xE7, 0xC0, 0xFB,
    0xE0, 0x1F, 0xF8, 0x07, 0xC0, 0x1F, 0xC0, 0xFE, 0x00, 0x00, 0x3B, 0xC3, 0xDE, 0x0E, 0xF0, 0x00,
    0x00, 0x00, 0x3F, 0xC1, 0xFF, 0x8F, 0xFC, 0x63, 0xE0, 0x0F, 0x8F, 0xFD, 0xFF, 0xEF, 0xFF, 0x7C,
    0xFB, 0xE7, 0xDF, 0xFE, 0xFF, 0xF3, 0xFF, 0x00, 0x07, 0xF8, 0x01, 0xFE, 0x00, 0x00, 0x00, 0x07,
    0x80, 0x01, 0xE0, 0x00, 0x78, 0x00, 0x00, 0x00, 0x00, 0x00, 0x01, 0xE0, 0x00, 0xFC, 0x00, 0x3F,
    0x00, 0x1F, 0xE0, 0x07, 0xF8, 0x03, 0xFF, 0x00, 0xF3, 0xC0, 0x7C, 0xF8, 0x1E, 0x3E, 0x07, 0x87,
    0x83, 0xFF, 0xF0, 0xFF, 0xFC, 0x3F, 0xFF, 0x9F, 0x03, 0xE7, 0xC0, 0xFB, 0xE0, 0x1F, 0xF8, 0x07,
    0xC0, 0x1F, 0xC0, 0xFE, 0x00, 0x00, 0x0E, 0x00, 0x78, 0x03, 0x80, 0x00, 0x00, 0x00, 0x3F, 0xC1,
    0xFF, 0x8F, 0xFC, 0x63, 0xE0, 0x0F, 0x8F, 0xFD, 0xFF, 0xEF, 0xFF, 0x7C, 0xFB, 0xE7, 0xDF, 0xFE,
    0xFF, 0xF3, 0xFF, 0x00, 0x00, 0x1F, 0xE0, 0x00, 0x1F, 0xE0, 0x00, 0x1F, 0xE0, 0x00, 0x00, 0x00,
    0x00, 0x00, 0x00, 0x00, 0x00, 0x00, 0x00, 0x3F, 0xFF, 0x00, 0x7F, 0xFF, 0x00, 0x7F, 0xFF, 0x00,
    0xFF, 0x00, 0x01, 0xFF, 0x00, 0x01, 0xEF, 0x00, 0x03, 0xEF, 0x00, 0x07, 0xCF, 0xFE, 0x07, 0xCF,
    0xFE, 0x0F, 0x8F, 0xFE, 0x0F, 0xFF, 0x00, 0x1F, 0xFF, 0x00, 0x3F, 0xFF, 0x00, 0x3E, 0x0F, 0x00,
    0x7C, 0x0F, 0xFF, 0x7C, 0x0F, 0xFF, 0xF8, 0x0F, 0xFF, 0x03, 0xFE, 0x00, 0x1F, 0xF0, 0x00, 0xFF,
    0x80, 0x00, 0x00, 0x00, 0x00, 0x00, 0x00, 0x00, 0x00, 0xFF, 0x3F, 0x07, 0xFF, 0xFC, 0x3F, 0xFF,
    0xF1, 0x8F, 0xEF, 0xC0, 0x3E, 0x1E, 0x3F, 0xFF, 0xF7, 0xFF, 0xFF, 0xBF, 0xFF, 0xFD, 0xF3, 0xE0,
    0x0F, 0x8F, 0xCE, 0x7F, 0xFF, 0xF3, 0xFF, 0xFF, 0x8F, 0xFF, 0xFC, 0x07, 0xFC, 0x0F, 0xFF, 0x0F,
    0xFF, 0x8F, 0xE3, 0x87, 0xC0, 0x07, 0xC0, 0x03, 0xE0, 0x01, 0xF0, 0x3C, 0xF8, 0x1E, 0x7C, 0x7F,
    0xFE, 0x3F, 0xFF, 0x1F, 0xF7, 0xC1, 0xE3, 0xF8, 0xF0, 0xFF, 0xF8, 0x3F, 0xFC, 0x07, 0xFE, 0x00,
    0x1F, 0xF0, 0xFF, 0xC7, 0xFF, 0x3F, 0x3C, 0xF8, 0xF3, 0xCF, 0xFF, 0x3F, 0xFC, 0x3C, 0xF8, 0xF3,
    0xF7, 0xC7, 0xFF, 0x1F, 0xFC, 0x3F, 0xF0, 0x03, 0xC7, 0x1F, 0x1F, 0xFC, 0x7F, 0xE1, 0xFF, 0x00,
    0x03, 0x30, 0x0F, 0xF0, 0x0F, 0xC0, 0x0F, 0x00, 0x0C, 0x00, 0x00, 0x00, 0x00, 0x03, 0xFE, 0x1F,
    0xFE, 0x7F, 0xFD, 0xFC, 0x73, 0xE0, 0x0F, 0x80, 0x1F, 0x00, 0x3E, 0x00, 0x7C, 0x0F, 0xF8, 0x1F,
    0xF0, 0x3F, 0xE0, 0x7B, 0xE0, 0xF7, 0xF1, 0xE7, 0xFF, 0xC7, 0xFF, 0x83, 0xFF, 0x0C, 0xC0, 0xFF,
    0x03, 0xF0, 0x0F, 0x00, 0x30, 0x00, 0x00, 0x00, 0x03, 0xFE, 0x3F, 0xF3, 0xFF, 0xBF, 0x3D, 0xF1,
    0xEF, 0x0F, 0x78, 0x7B, 0xC3, 0xDF, 0x1E, 0xFD, 0xF3, 0xFF, 0x9F, 0xFC, 0x7F, 0xE0, 0x0F, 0x38,
    0xF9, 0xFF, 0xCF, 0xFC, 0x7F, 0xC0, 0x18, 0xC0, 0x3F, 0xC0, 0x7F, 0x00, 0x7C, 0x00, 0x30, 0x00,
    0x00, 0x00, 0x00, 0x78, 0x3E, 0xF0, 0xF9, 0xE3, 0xF3, 0xCF, 0xC7, 0xBF, 0x0F, 0xFC, 0x1F, 0xF0,
    0x3F, 0xC0, 0x7F, 0x80, 0xFF, 0x81, 0xFF, 0x83, 0xDF, 0x87, 0x9F, 0x8F, 0x1F, 0x9E, 0x1F, 0x3C,
    0x1F, 0x78, 0x3F, 0x63, 0x01, 0xFE, 0x07, 0xF0, 0x0F, 0x80, 0x0C, 0x00, 0x00, 0x07, 0x80, 0x3E,
    0x00, 0xF8, 0x03, 0xE0, 0x0F, 0x80, 0x3E, 0x00, 0xF8, 0xFB, 0xE7, 0xCF, 0xBE, 0x3F, 0xF0, 0xFF,
    0x83, 0xFC, 0x0F, 0xF8, 0x3F, 0xF0, 0xFF, 0xE3, 0xEF, 0x8F, 0x9F, 0x3E, 0x3E, 0xF8, 0xF8, 0x07,
    0xF8, 0x07, 0xFF, 0x83, 0xFF, 0xF1, 0xFC, 0xFE, 0x7C, 0x0F, 0xBE, 0x03, 0xEF, 0x80, 0x7F, 0xE0,
    0x1F, 0xF8, 0x07, 0xFE, 0x01, 0xFF, 0x80, 0x7F, 0xE0, 0x3E, 0x7C, 0x0F, 0x9F, 0xCF, 0xC3, 0xFF,
    0xF0, 0x7F, 0xF8, 0x07, 0xF8, 0x00, 0x3C, 0x00, 0x1E, 0x00, 0x07, 0xE0, 0x01, 0xF8, 0x00, 0x7E,
    0x00, 0x1F, 0xC0, 0xFF, 0x87, 0xFF, 0x3F, 0x7E, 0xF8, 0xFB, 0xC1, 0xEF, 0x07, 0xBC, 0x1E, 0xF8,
    0xFB, 0xF7, 0xE7, 0xFF, 0x0F, 0xF8, 0x1F, 0xC0, 0x1E, 0x00, 0xF0, 0x03, 0xF0, 0x0F, 0xC0, 0x1F,
    0x00, 0x0F, 0xF8, 0x03, 0xFE, 0x00, 0xFF, 0x80, 0x00, 0x00, 0x00, 0x00, 0x00, 0x00, 0x00, 0x7F,
    0x80, 0x7F, 0xF8, 0x3F, 0xFF, 0x1F, 0xCF, 0xE7, 0xC0, 0xFB, 0xE0, 0x3E, 0xF8, 0x07, 0xFE, 0x01,
    0xFF, 0x80, 0x7F, 0xE0, 0x1F, 0xF8, 0x07, 0xFE, 0x03, 0xE7, 0xC0, 0xF9, 0xFC, 0xFC, 0x3F, 0xFF,
    0x07, 0xFF, 0x80, 0x7F, 0x80, 0x03, 0xC0, 0x01, 0xE0, 0x00, 0x7E, 0x00, 0x1F, 0x80, 0x07, 0xE0,
    0x3F, 0xE0, 0xFF, 0x83, 0xFE, 0x00, 0x00, 0x00, 0x00, 0x00, 0x01, 0xFC, 0x0F, 0xF8, 0x7F, 0xF3,
    0xF7, 0xEF, 0x8F, 0xBC, 0x1E, 0xF0, 0x7B, 0xC1, 0xEF, 0x8F, 0xBF, 0x7E, 0x7F, 0xF0, 0xFF, 0x81,
    0xFC, 0x01, 0xE0, 0x0F, 0x00, 0x3F, 0x00, 0xFC, 0x01, 0xF0, 0x0C, 0x60, 0x7F, 0x80, 0xFE, 0x01,
    0xF0, 0x03, 0x80, 0x00, 0x00, 0x00, 0x1F, 0xFF, 0x7F, 0xFD, 0xFF, 0xF0, 0x1F, 0x80, 0xFC, 0x07,
    0xE0, 0x3F, 0x00, 0xFF, 0x03, 0xFE, 0x01, 0xFC, 0x01, 0xF0, 0x03, 0xC0, 0x1F, 0x78, 0xFD, 0xFF,
    0xEF, 0xFF, 0x8F, 0xF8, 0x19, 0xC3, 0xFC, 0x1F, 0xC0, 0xF0, 0x06, 0x00, 0x00, 0x00, 0x00, 0x00,
    0xFF, 0xFF, 0xFF, 0xFF, 0xF0, 0x3E, 0x07, 0xC0, 0x7C, 0x0F, 0x81, 0xF0, 0x1F, 0xC1, 0xFE, 0x03,
    0xF0, 0x1F, 0x00, 0xF0, 0x0F, 0x63, 0xFF, 0xFF, 0xFF, 0xEF, 0xF8, 0x31, 0x8F, 0xF3, 0xF8, 0x7C,
    0x06, 0x00, 0x00, 0x00, 0x7C, 0x1F, 0x07, 0xC1, 0xF0, 0x7C, 0x1F, 0x07, 0xC1, 0xF0, 0x7C, 0x1F,
    0x07, 0xC1, 0xF0, 0x7C, 0x1F, 0x07, 0xCF, 0xE3, 0xF8, 0xFC, 0x00, 0xFF, 0xC0, 0xFF, 0xFF, 0xFF,
    0xC3, 0xFF, 0xFF, 0xFF, 0x8F, 0xFF, 0xFC, 0x7F, 0x00, 0x7E, 0xF0, 0x7E, 0x01, 0xF3, 0xC0, 0xF8,
    0x0F, 0x8F, 0x01, 0xE0, 0x7E, 0x3C, 0x07, 0x83, 0xF0, 0xF0, 0x1F, 0x0F, 0x83, 0xC0, 0x78, 0x7C,
    0x0F, 0x03, 0xE3, 0xF0, 0x3C, 0x0F, 0x8F, 0x80, 0xF0, 0x7E, 0x7C, 0x03, 0xC7, 0xF1, 0xF0, 0x0F,
    0xFF, 0x8F, 0xFF, 0xFF, 0xFC, 0x3F, 0xFF, 0xFF, 0xC0, 0xFF, 0xFC, 0xFF, 0xC0, 0x00, 0x0F, 0xFF,
    0x00, 0x00, 0xFF, 0xF8, 0x00, 0x0F, 0x1F, 0xC0, 0x00, 0xF0, 0x7E, 0x7F, 0xFF, 0x03, 0xE7, 0xFF,
    0xF0, 0x1E, 0x7F, 0xFF, 0x01, 0xE0, 0x3E, 0xF0, 0x1F, 0x07, 0xCF, 0x01, 0xE0, 0xF8, 0xF0, 0x3E,
    0x1F, 0x0F, 0x03, 0xE1, 0xF0, 0xF0, 0x7E, 0x3E, 0x0F, 0x1F, 0xC7, 0xC0, 0xFF, 0xF8, 0x7F, 0xFF,
    0xFF, 0x0F, 0xFF, 0xFF, 0xC0, 0xFF, 0xF0, 0x00, 0xF8, 0x00, 0x00, 0x3E, 0x00, 0x00, 0x0F, 0x80,
    0x00, 0x03, 0xE0, 0x00, 0x00, 0xF8, 0x00, 0x00, 0x3E, 0x00, 0x01, 0xFF, 0x9F, 0xFD, 0xFF, 0xE7,
    0xFF, 0x7F, 0xF9, 0xFF, 0xFF, 0x7E, 0x03, 0xEF, 0x8F, 0x81, 0xF3, 0xC3, 0xE0, 0xF8, 0xF0, 0xF8,
    0x7C, 0x3C, 0x3E, 0x1F, 0x0F, 0x8F, 0x8F, 0x83, 0xF3, 0xE7, 0xC0, 0x7F, 0xF9, 0xFF, 0xCF, 0xFE,
    0xFF, 0xF1, 0xFF, 0x3F, 0xFC, 0x00, 0x60, 0x01, 0xE0, 0x07, 0xC0, 0x0F, 0x00, 0x1C, 0x00, 0x30,
    0x00, 0x00, 0x03, 0xFE, 0x1F, 0xFE, 0x7F, 0xFD, 0xFC, 0x73, 0xE0, 0x0F, 0x80, 0x1F, 0x00, 0x3E,
    0x00, 0x7C, 0x0F, 0xF8, 0x1F, 0xF0, 0x3F, 0xE0, 0x7B, 0xE0, 0xF7, 0xF1, 0xE7, 0xFF, 0xC7, 0xFF,
    0x83, 0xFF, 0x00, 0xC0, 0x0F, 0x00, 0xF8, 0x0F, 0x80, 0x78, 0x01, 0x80, 0x00, 0x03, 0xFE, 0x3F,
    0xF3, 0xFF, 0xBF, 0x3D, 0xF1, 0xEF, 0x0F, 0x78, 0x7B, 0xC3, 0xDF, 0x1E, 0xFD, 0xF3, 0xFF, 0x9F,
    0xFC, 0x7F, 0xE0, 0x0F, 0x38, 0xF9, 0xFF, 0xCF, 0xFC, 0x7F, 0xC0, 0xF0, 0x3E, 0x00, 0xF0, 0x3E,
    0x00, 0xF0, 0x3E, 0x00, 0xF0, 0x3E, 0x00, 0xF0, 0x3E, 0x1E, 0xF0, 0x3E, 0x1E, 0xF0, 0x3E, 0x1E,
    0xFF, 0xFE, 0x1E, 0xFF, 0xFE, 0x1E, 0xFF, 0xFE, 0x1E, 0xF0, 0x3E, 0x1E, 0xF0, 0x3E, 0x1E, 0xF0,
    0x3E, 0x3E, 0xF0, 0x3F, 0x7E, 0xF0, 0x1F, 0xFE, 0xF0, 0x1F, 0xFC, 0xF0, 0x07, 0xF8, 0x7F, 0xE3,
    0xFF, 0xCF, 0xFF, 0xBE, 0x7F, 0xF0, 0x7F, 0xC1, 0xFF, 0x07, 0xFC, 0x1F, 0xF0, 0x7F, 0xC1, 0xFF,
    0x0F, 0xBC, 0x7E, 0xF3, 0xF3, 0xFF, 0x8F, 0xFC, 0x3F, 0xC0, 0xFC, 0x03, 0xC0, 0x0F, 0x00, 0x3C,
    0x00, 0xF0, 0x03, 0xC0, 0x00, 0x06, 0x00, 0x1E, 0x00, 0x7C, 0x00, 0x3C, 0x00, 0x38, 0x00, 0x20,
    0x00, 0x00, 0x78, 0x0F, 0xF8, 0x1F, 0xF8, 0x3F, 0xF8, 0x7F, 0xF8, 0xFF, 0xF1, 0xFF, 0xF3, 0xFD,
    0xF7, 0xFB, 0xEF, 0xF3, 0xFF, 0xE3, 0xFF, 0xC3, 0xFF, 0x87, 0xFF, 0x07, 0xFE, 0x07, 0xFC, 0x0F,
    0xF8, 0x0F, 0x0C, 0x00, 0xF0, 0x07, 0xC0, 0x1F, 0x00, 0x78, 0x01, 0x80, 0x00, 0x0F, 0xF8, 0xFF,
    0xE7, 0xFF, 0xBE, 0x7D, 0xF1, 0xEF, 0x8F, 0x7C, 0x7B, 0xE3, 0xDF, 0x1E, 0xF8, 0xF7, 0xC7, 0xBE,
    0x3D, 0xF1, 0xE0, 0x00, 0x60, 0x00, 0x78, 0x00, 0x3E, 0x00, 0x06, 0x00, 0x00, 0x00, 0x00, 0x78,
    0x00, 0x3F, 0x00, 0x0F, 0xC0, 0x03, 0xF0, 0x00, 0xFC, 0x00, 0x3F, 0x00, 0x1F, 0xE0, 0x07, 0xF8,
    0x03, 0xFF, 0x00, 0xFF, 0xC0, 0x3C, 0xF0, 0x1F, 0x3E, 0x07, 0x8F, 0x83, 0xE1, 0xE0, 0xFF, 0xFC,
    0x3F, 0xFF, 0x1F, 0xFF, 0xE7, 0xC0, 0xF9, 0xE0, 0x3E, 0xF8, 0x07, 0xFE, 0x01, 0xF0, 0x03, 0x80,
    0x7C, 0x03, 0xE0, 0x1C, 0x00, 0x00, 0x03, 0xC0, 0x3F, 0x01, 0xF8, 0x07, 0x80, 0x00, 0x00, 0x00,
    0x7F, 0x83, 0xFF, 0x1F, 0xF8, 0xC7, 0xC0, 0x1F, 0x1F, 0xFB, 0xFF, 0xDF, 0xFE, 0xF9, 0xF7, 0xCF,
    0xBF, 0xFD, 0xFF, 0xE7, 0xFE, 0x00, 0x01, 0x80, 0x00, 0x01, 0xE0, 0x00, 0x03, 0xE0, 0x00, 0x07,
    0xC0, 0x00, 0x07, 0x80, 0x00, 0x02, 0x00, 0x00, 0x00, 0x00, 0x00, 0x3F, 0xFF, 0x00, 0x7F, 0xFF,
    0x00, 0x7F, 0xFF, 0x00, 0xFF, 0x00, 0x01, 0xFF, 0x00, 0x01, 0xEF, 0x00, 0x03, 0xEF, 0x00, 0x07,
    0xCF, 0xFE, 0x07, 0xCF, 0xFE, 0x0F, 0x8F, 0xFE, 0x0F, 0xFF, 0x00, 0x1F, 0xFF, 0x00, 0x3F, 0xFF,
    0x00, 0x3E, 0x0F, 0x00, 0x7C, 0x0F, 0xFF, 0x7C, 0x0F, 0xFF, 0xF8, 0x0F, 0xFF, 0x00, 0x0C, 0x00,
    0x00, 0xF0, 0x00, 0x0F, 0x80, 0x00, 0xF8, 0x00, 0x07, 0x80, 0x00, 0x18, 0x00, 0x00, 0x00, 0x07,
    0xF9, 0xF8, 0x3F, 0xFF, 0xE1, 0xFF, 0xFF, 0x8C, 0x7F, 0x7E, 0x01, 0xF0, 0xF1, 0xFF, 0xFF, 0xBF,
    0xFF, 0xFD, 0xFF, 0xFF, 0xEF, 0x9F, 0x00, 0x7C, 0x7E, 0x73, 0xFF, 0xFF, 0x9F, 0xFF, 0xFC, 0x7F,
    0xFF, 0xE0, 0x00, 0x60, 0x00, 0x3C, 0x00, 0x1F, 0x00, 0x0F, 0x80, 0x03, 0xC0, 0x00, 0x60, 0x00,
    0x00, 0x30, 0x1F, 0xFE, 0x1F, 0xFF, 0x8F, 0xFF, 0xC7, 0xF3, 0xF1, 0xF0, 0xFE, 0xF8, 0x7F, 0xBE,
    0x3F, 0xFF, 0x8F, 0x7F, 0xE7, 0x9F, 0xFB, 0xC7, 0xFF, 0xE1, 0xFF, 0xF8, 0xF9, 0xFC, 0x3E, 0x7F,
    0x3F, 0x8F, 0xFF, 0xC7, 0xFF, 0xE1, 0xFF, 0xE0, 0x30, 0x00, 0x00, 0x03, 0x80, 0x0F, 0x00, 0x7C,
    0x03, 0xE0, 0x0F, 0x00, 0x18, 0x00, 0x03, 0x07, 0xFE, 0x3F, 0xF9, 0xFF, 0xCF, 0xDF, 0xBE, 0xFE,
    0xF3, 0xFB, 0xDD, 0xEF, 0xF7, 0xBF, 0x9E, 0xFD, 0xF9, 0xFF, 0xC7, 0xFE, 0x3F, 0xF0, 0x60, 0x00,
    0x04, 0x20, 0x07, 0xBC, 0x01, 0xFF, 0x80, 0x3D, 0xE0, 0x07, 0xBC, 0x00, 0xC6, 0x00, 0x00, 0x00,
    0x07, 0x80, 0x03, 0xF0, 0x00, 0xFC, 0x00, 0x7F, 0x80, 0x1F, 0xE0, 0x0F, 0xFC, 0x03, 0xCF, 0x01,
    0xF3, 0xE0, 0x78, 0xF8, 0x1E, 0x1E, 0x0F, 0xFF, 0xC3, 0xFF, 0xF0, 0xFF, 0xFE, 0x7C, 0x0F, 0x9F,
    0x03, 0xEF, 0x80, 0x7F, 0xE0, 0x1F, 0x31, 0x83, 0x9C, 0x1E, 0xF0, 0x7B, 0xC1, 0xCE, 0x06, 0x30,
    0x00, 0x07, 0xF8, 0x3F, 0xF1, 0xFF, 0x8C, 0x7C, 0x01, 0xF1, 0xFF, 0xBF, 0xFD, 0xFF, 0xEF, 0x9F,
    0x7C, 0xFB, 0xFF, 0xDF, 0xFE, 0x7F, 0xE0, 0x03, 0xF0, 0x01, 0xFE, 0x00, 0x77, 0x80, 0x1C, 0xE0,
    0x00, 0x00, 0x00, 0x00, 0x00, 0x1E, 0x00, 0x0F, 0xC0, 0x03, 0xF0, 0x01, 0xFE, 0x00, 0x7F, 0x80,
    0x3F, 0xF0, 0x0F, 0x3C, 0x07, 0xCF, 0x81, 0xE3, 0xE0, 0x78, 0x78, 0x3F, 0xFF, 0x0F, 0xFF, 0xC3,
    0xFF, 0xF9, 0xF0, 0x3E, 0x7C, 0x0F, 0xBE, 0x01, 0xFF, 0x80, 0x7C, 0x0F, 0xC0, 0xFE, 0x07, 0x78,
    0x79, 0xC0, 0x00, 0x00, 0x00, 0xFF, 0x07, 0xFE, 0x3F, 0xF1, 0x8F, 0x80, 0x3E, 0x3F, 0xF7, 0xFF,
    0xBF, 0xFD, 0xF3, 0xEF, 0x9F, 0x7F, 0xFB, 0xFF, 0xCF, 0xFC, 0x63, 0x07, 0xBC, 0x3D, 0xE0, 0xF7,
    0x83, 0xDE, 0x0C, 0x60, 0x00, 0x1F, 0xFE, 0xFF, 0xF7, 0xFF, 0xBC, 0x01, 0xE0, 0x0F, 0x00, 0x78,
    0x03, 0xFF, 0x9F, 0xFC, 0xFF, 0xE7, 0x80, 0x3C, 0x01, 0xE0, 0x0F, 0x00, 0x7F, 0xFF, 0xFF, 0xFF,
    0xFF, 0x31, 0x83, 0x9C, 0x1E, 0xF0, 0x7B, 0xC1, 0xCE, 0x06, 0x30, 0x00, 0x03, 0xF8, 0x3F, 0xE3,
    0xFF, 0xBF, 0x7D, 0xF1, 0xFF, 0xFF, 0xFF, 0xFF, 0xFF, 0xFF, 0x00, 0xFC, 0x73, 0xFF, 0x8F, 0xFC,
    0x3F, 0xE0, 0x1F, 0x81, 0xFE, 0x0E, 0xF0, 0x73, 0x80, 0x00, 0x00, 0x03, 0xFF, 0xDF, 0xFE, 0xFF,
    0xF7, 0x80, 0x3C, 0x01, 0xE0, 0x0F, 0x00, 0x7F, 0xF3, 0xFF, 0x9F, 0xFC, 0xF0, 0x07, 0x80, 0x3C,
    0x01, 0xE0, 0x0F, 0xFF, 0xFF, 0xFF, 0xFF, 0xE0, 0x0F, 0x80, 0xFE, 0x0F, 0x78, 0x71, 0xC0, 0x00,
    0x00, 0x00, 0x7F, 0x07, 0xFC, 0x7F, 0xF7, 0xEF, 0xBE, 0x3F, 0xFF, 0xFF, 0xFF, 0xFF, 0xFF, 0xE0,
    0x1F, 0x8E, 0x7F, 0xF1, 0xFF, 0x87, 0xFC, 0x63, 0x1E, 0xF3, 0xDE, 0x3D, 0xE3, 0xDE, 0x31, 0x80,
    0x00, 0x78, 0x0F, 0x01, 0xE0, 0x3C, 0x07, 0x80, 0xF0, 0x1E, 0x03, 0xC0, 0x78, 0x0F, 0x01, 0xE0,
    0x3C, 0x07, 0x80, 0xF0, 0x1E, 0x03, 0xC0, 0x78, 0x31, 0x87, 0x38, 0x7B, 0xC3, 0xDE, 0x1C, 0xE0,
    0xC6, 0x00, 0x00, 0xF8, 0x0F, 0x80, 0xF8, 0x0F, 0x80, 0xF8, 0x0F, 0x80, 0xF8, 0x0F, 0x80, 0xF8,
    0x0F, 0x80, 0xF8, 0x0F, 0x80, 0xF8, 0x3F, 0x1F, 0xE7, 0xF9, 0xCE, 0x00, 0x00, 0x01, 0xE0, 0x78,
    0x1E, 0x07, 0x81, 0xE0, 0x78, 0x1E, 0x07, 0x81, 0xE0, 0x78, 0x1E, 0x07, 0x81, 0xE0, 0x78, 0x1E,
    0x07, 0x81, 0xE0, 0x3E, 0x3F, 0xBD, 0xFE, 0x70, 0x00, 0x00, 0xF8, 0x7C, 0x3E, 0x1F, 0x0F, 0x87,
    0xC3, 0xE1, 0xF0, 0xF8, 0x7C, 0x3E, 0x1F, 0x0F, 0x80, 0x0C, 0x60, 0x07, 0x38, 0x01, 0xEF, 0x00,
    0x3D, 0xE0, 0x07, 0x38, 0x00, 0xC6, 0x00, 0x00, 0x00, 0x1F, 0xE0, 0x1F, 0xFE, 0x0F, 0xFF, 0xC7,
    0xF3, 0xF1, 0xF0, 0x3E, 0xF8, 0x0F, 0xBE, 0x01, 0xFF, 0x80, 0x7F, 0xE0, 0x1F, 0xF8, 0x07, 0xFE,
    0x01, 0xFF, 0x80, 0xF9, 0xF0, 0x3E, 0x7F, 0x3F, 0x8F, 0xFF, 0xC1, 0xFF, 0xE0, 0x1F, 0xE0, 0x31,
    0x81, 0xCE, 0x07, 0xBC, 0x0F, 0x78, 0x1C, 0xE0, 0x31, 0x80, 0x00, 0x07, 0xF0, 0x3F, 0xE1, 0xFF,
    0xCF, 0xDF, 0xBE, 0x3E, 0xF0, 0x7B, 0xC1, 0xEF, 0x07, 0xBE, 0x3E, 0xFD, 0xF9, 0xFF, 0xC3, 0xFE,
    0x07, 0xF0, 0x03, 0xF0, 0x01, 0xFE, 0x00, 0x77, 0x80, 0x3C, 0xE0, 0x00, 0x00, 0x00, 0x00, 0x00,
    0x7F, 0x80, 0x7F, 0xF8, 0x3F, 0xFF, 0x1F, 0xCF, 0xC7, 0xC0, 0xFB, 0xE0, 0x3E, 0xF8, 0x07, 0xFE,
    0x01, 0xFF, 0x80, 0x7F, 0xE0, 0x1F, 0xF8, 0x07, 0xFE, 0x03, 0xE7, 0xC0, 0xF9, 0xFC, 0xFE, 0x3F,
    0xFF, 0x07, 0xFF, 0x80, 0x7F, 0x80, 0x0F, 0x80, 0x7F, 0x03, 0xDE, 0x0F, 0x38, 0x00, 0x00, 0x00,
    0x01, 0xFC, 0x0F, 0xF8, 0x7F, 0xF3, 0xF7, 0xEF, 0x8F, 0xBC, 0x1E, 0xF0, 0x7B, 0xC1, 0xEF, 0x8F,
    0xBF, 0x7E, 0x7F, 0xF0, 0xFF, 0x81, 0xFC, 0x00, 0x63, 0x01, 0xCF, 0x03, 0xDE, 0x03, 0xDE, 0x03,
    0x9C, 0x03, 0x18, 0x00, 0x00, 0x7F, 0xE0, 0xFF, 0xF1, 0xFF, 0xF3, 0xC7, 0xE7, 0x87, 0xCF, 0x07,
    0x9E, 0x1F, 0x3C, 0x7E, 0x7F, 0xFC, 0xFF, 0xF1, 0xFF, 0xC3, 0xCF, 0x87, 0x8F, 0x8F, 0x1F, 0x9E,
    0x1F, 0x3C, 0x3F, 0x78, 0x3E, 0x63, 0x1E, 0xF3, 0xDE, 0x3D, 0xE3, 0x9C, 0x31, 0x80, 0x01, 0xFF,
    0x7F, 0xCF, 0xF9, 0xF3, 0x3E, 0x07, 0xC0, 0xF8, 0x1F, 0x03, 0xE0, 0x7C, 0x0F, 0x81, 0xF0, 0x3E,
    0x00, 0x1F, 0x80, 0x7F, 0x80, 0xF7, 0x01, 0xCE, 0x00, 0x00, 0x00, 0x00, 0x3F, 0xF0, 0x7F, 0xF8,
    0xFF, 0xF9, 0xE3, 0xF3, 0xC3, 0xE7, 0x83, 0xCF, 0x0F, 0x9E, 0x3F, 0x3F, 0xFE, 0x7F, 0xF8, 0xFF,
    0xE1, 0xE7, 0xC3, 0xC7, 0xC7, 0x8F, 0xCF, 0x0F, 0x9E, 0x1F, 0xBC, 0x1F, 0x00, 0x3F, 0x1F, 0xE7,
    0xB9, 0xCF, 0x00, 0x00, 0x07, 0xFF, 0xFE, 0xFF, 0xBE, 0x6F, 0x83, 0xE0, 0xF8, 0x3E, 0x0F, 0x83,
    0xE0, 0xF8, 0x3E, 0x0F, 0x80, 0x18, 0xC0, 0x73, 0x80, 0xF7, 0x80, 0xF7, 0x80, 0xE7, 0x00, 0xC6,
    0x00, 0x00, 0x7C, 0x0F, 0xF8, 0x1F, 0xF0, 0x3F, 0xE0, 0x7F, 0xC0, 0xFF, 0x81, 0xFF, 0x03, 0xFE,
    0x07, 0xFC, 0x0F, 0xF8, 0x1F, 0xF0, 0x3F, 0xE0, 0x7B, 0xE1, 0xF7, 0xE7, 0xEF, 0xFF, 0x8F, 0xFE,
    0x07, 0xF8, 0x63, 0x0F, 0x78, 0xF7, 0x87, 0xBC, 0x3D, 0xE1, 0x8C, 0x00, 0x0F, 0x8F, 0xF8, 0xFF,
    0x8F, 0xF8, 0xFF, 0x8F, 0xF8, 0xFF, 0x8F, 0xF8, 0xFF, 0x8F, 0x7C, 0xF7, 0xFF, 0x3F, 0xF1, 0xFF,
    0x07, 0xE0, 0x1F, 0xC0, 0x3B, 0xC0, 0xF3, 0x80, 0x00, 0x00, 0x00, 0x3E, 0x07, 0xFC, 0x0F, 0xF8,
    0x1F, 0xF0, 0x3F, 0xE0, 0x7F, 0xC0, 0xFF, 0x81, 0xFF, 0x03, 0xFE, 0x07, 0xFC, 0x0F, 0xF8, 0x1F,
    0xF0, 0x3D, 0xF0, 0xFB, 0xF3, 0xF7, 0xFF, 0xC7, 0xFF, 0x03, 0xFC, 0x00, 0x0F, 0x81, 0xFC, 0x3D,
    0xC3, 0x9E, 0x00, 0x00, 0x00, 0xF8, 0xFF, 0x8F, 0xF8, 0xFF, 0x8F, 0xF8, 0xFF, 0x8F, 0xF8, 0xFF,
    0x8F, 0xF8, 0xF7, 0xCF, 0x7F, 0xF3, 0xFF, 0x1F, 0xF0, 0x0F, 0xF0, 0xFF, 0xE7, 0xFF, 0x9F, 0x9C,
    0x7C, 0x01, 0xF0, 0x07, 0xF8, 0x0F, 0xF8, 0x1F, 0xF0, 0x3F, 0xE0, 0x1F, 0xC0, 0x1F, 0x00, 0x7D,
    0xE3, 0xF7, 0xFF, 0x9F, 0xFE, 0x3F, 0xE0, 0x00, 0x00, 0x38, 0x01, 0xE0, 0x0F, 0x80, 0x3C, 0x00,
    0x1F, 0xE3, 0xFE, 0x7F, 0xC7, 0xCC, 0x7F, 0x07, 0xFE, 0x7F, 0xE3, 0xFE, 0x03, 0xE7, 0x1E, 0x7F,
    0xE7, 0xFC, 0x7F, 0x80, 0x00, 0x0F, 0x00, 0xF0, 0x3F, 0x01, 0xE0, 0xFF, 0xFF, 0xFF, 0xFF, 0xFF,
    0xF8, 0x3E, 0x00, 0x7C, 0x00, 0xF8, 0x01, 0xF0, 0x03, 0xE0, 0x07, 0xC0, 0x0F, 0x80, 0x1F, 0x00,
    0x3E, 0x00, 0x7C, 0x00, 0xF8, 0x01, 0xF0, 0x03, 0xE0, 0x07, 0xC0, 0x00, 0x00, 0x0F, 0x00, 0x3C,
    0x00, 0xF8, 0x01, 0xE0, 0x00, 0xF8, 0x3E, 0x0F, 0x83, 0xE0, 0xFF, 0xBF, 0xEF, 0xFB, 0xE0, 0xF8,
    0x3E, 0x0F, 0x83, 0xE0, 0xF8, 0x3F, 0x27, 0xF9, 0xFF, 0x3F, 0x80, 0x01, 0xE0, 0x78, 0x3E, 0x0F,
    0x00, 0x7F, 0xC7, 0xFF, 0x1F, 0xFC, 0xE7, 0xE0, 0x0F, 0x00, 0x7C, 0x03, 0xE0, 0x3E, 0x07, 0xF1,
    0xFF, 0x0F, 0xF8, 0x7F, 0xE0, 0x3F, 0x80, 0x7C, 0x03, 0xE0, 0x1F, 0x00, 0xF8, 0x07, 0xC1, 0xFD,
    0xFF, 0xEF, 0xFC, 0x7F, 0x80, 0xFF, 0x1F, 0xF9, 0xFF, 0x33, 0xF0, 0x3E, 0x07, 0xC3, 0xF0, 0xFC,
    0x1F, 0x83, 0xF8, 0x1F, 0x81, 0xF0, 0x3E, 0x07, 0xCF, 0xFF, 0xFE, 0xFF, 0x9F, 0xC0, 0x0C, 0xE0,
    0x3F, 0xC0, 0x3F, 0x80, 0x3C, 0x00, 0x30, 0x00, 0x00, 0x00, 0x00, 0x78, 0x1F, 0xF0, 0x3F, 0xE0,
    0x7F, 0xC0, 0xFF, 0x81, 0xFF, 0x03, 0xFE, 0x07, 0xFF, 0xFF, 0xFF, 0xFF, 0xFF, 0xFF, 0xE0, 0x7F,
    0xC0, 0xFF, 0x81, 0xFF, 0x03, 0xFE, 0x07, 0xFC, 0x0F, 0xF8, 0x1F, 0x63, 0x03, 0xFC, 0x1F, 0xC0,
    0x7C, 0x00, 0xC0, 0x00, 0x01, 0xE0, 0x1F, 0x00, 0xF8, 0x07, 0xC0, 0x3E, 0x01, 0xF0, 0x0F, 0xFC,
    0x7F, 0xF3, 0xFF, 0xDF, 0x3E, 0xF8, 0xF7, 0xC7, 0xBE, 0x3D, 0xF1, 0xEF, 0x8F, 0x7C, 0x7B, 0xE3,
    0xDF, 0x1E, 0xF8, 0xF0, 0x3F, 0x3F, 0xDD, 0xFE, 0x70, 0x0C, 0x00, 0xF0, 0x07, 0xC0, 0x1F, 0x00,
    0x78, 0x01, 0x80, 0x00, 0x1F, 0xFE, 0xFF, 0xF7, 0xFF, 0xBC, 0x01, 0xE0, 0x0F, 0x00, 0x78, 0x03,
    0xFF, 0x9F, 0xFC, 0xFF, 0xE7, 0x80, 0x3C, 0x01, 0xE0, 0x0F, 0x00, 0x7F, 0xFF, 0xFF, 0xFF, 0xFF,
    0x79, 0xC3, 0xDF, 0x1E, 0xF8, 0xF3, 0x80, 0x00, 0x00, 0x03, 0xFF, 0xDF, 0xFE, 0xFF, 0xF7, 0x80,
    0x3C, 0x01, 0xE0, 0x0F, 0x00, 0x7F, 0xF3, 0xFF, 0x9F, 0xFC, 0xF0, 0x07, 0x80, 0x3C, 0x01, 0xE0,
    0x0F, 0xFF, 0xFF, 0xFF, 0xFF, 0xE0, 0xFF, 0xFE, 0x0F, 0xFF, 0xE0, 0xFF, 0xFE, 0x00, 0x7C, 0x00,
    0x07, 0xC0, 0x00, 0x7C, 0x00, 0x07, 0xFF, 0x80, 0x7F, 0xFC, 0x07, 0xFF, 0xE0, 0x7C, 0x7E, 0x07,
    0xC1, 0xE0, 0x7C, 0x1F, 0x07, 0xC1, 0xF0, 0x7C, 0x3E, 0x07, 0xDF, 0xE0, 0x7D, 0xFC, 0x07, 0xDF,
    0x80, 0x03, 0x00, 0x78, 0x0F, 0x81, 0xF0, 0x1E, 0x00, 0xC0, 0x00, 0x0F, 0xFF, 0xFF, 0xFF, 0xFF,
    0xF0, 0x0F, 0x00, 0xF0, 0x0F, 0x00, 0xF0, 0x0F, 0x00, 0xF0, 0x0F, 0x00, 0xF0, 0x0F, 0x00, 0xF0,
    0x0F, 0x00, 0xF0, 0x0F, 0x00, 0x07, 0xFC, 0x1F, 0xFE, 0x3F, 0xFE, 0x7F, 0x1C, 0x7C, 0x00, 0xF8,
    0x00, 0xF8, 0x00, 0xFF, 0xF0, 0xFF, 0xF0, 0xFF, 0xF0, 0xF8, 0x00, 0xF8, 0x00, 0x7C, 0x00, 0x7F,
    0x3C, 0x3F, 0xFE, 0x1F, 0xFE, 0x07, 0xFC, 0x0F, 0xF0, 0xFF, 0xE7, 0xFF, 0x9F, 0x9C, 0x7C, 0x01,
    0xF0, 0x07, 0xF8, 0x0F, 0xF8, 0x1F, 0xF0, 0x3F, 0xE0, 0x1F, 0xC0, 0x1F, 0x00, 0x7D, 0xE3, 0xF7,
    0xFF, 0x9F, 0xFE, 0x3F, 0xE0, 0xFF, 0xFF, 0xFF, 0xFF, 0xFF, 0xFF, 0xFF, 0xFF, 0xF0, 0xF3, 0xFC,
    0xFF, 0x3F, 0xCF, 0x00, 0x00, 0x01, 0xE0, 0x78, 0x1E, 0x07, 0x81, 0xE0, 0x78, 0x1E, 0x07, 0x81,
    0xE0, 0x78, 0x1E, 0x07, 0x81, 0xE0, 0x78, 0x1E, 0x07, 0x81, 0xE0, 0x01, 0xF0, 0x1F, 0x01, 0xF0,
    0x1F, 0x01, 0xF0, 0x1F, 0x01, 0xF0, 0x1F, 0x01, 0xF0, 0x1F, 0x01, 0xF0, 0x1F, 0x01, 0xF7, 0x3E,
    0xFF, 0xEF, 0xFC, 0x7F, 0x80, 0x03, 0xFF, 0xC0, 0x00, 0x7F, 0xFC, 0x00, 0x07, 0xFF, 0xC0, 0x00,
    0x7C, 0x7C, 0x00, 0x07, 0xC7, 0xC0, 0x00, 0x7C, 0x7C, 0x00, 0x07, 0xC7, 0xFF, 0x00, 0x7C, 0x7F,
    0xFC, 0x07, 0x87, 0xFF, 0xE0, 0x78, 0x7C, 0x7E, 0x07, 0x87, 0xC1, 0xE0, 0xF8, 0x7C, 0x1E, 0x1F,
    0x07, 0xC1, 0xE7, 0xF0, 0x7C, 0x7E, 0xFE, 0x07, 0xFF, 0xEF, 0xC0, 0x7F, 0xFC, 0xF8, 0x03, 0xFF,
    0x00, 0xF0, 0x3E, 0x00, 0xF0, 0x3E, 0x00, 0xF0, 0x3E, 0x00, 0xF0, 0x3E, 0x00, 0xF0, 0x3E, 0x00,
    0xF0, 0x3E, 0x00, 0xFF, 0xFF, 0xF8, 0xFF, 0xFF, 0xFC, 0xFF, 0xFF, 0xFE, 0xF0, 0x3E, 0x7F, 0xF0,
    0x3E, 0x1F, 0xF0, 0x3E, 0x1F, 0xF0, 0x3E, 0x1F, 0xF0, 0x3E, 0x7F, 0xF0, 0x3F, 0xFE, 0xF0, 0x3F,
    0xFC, 0xF0, 0x3F, 0xF8, 0xFF, 0xFE, 0x1F, 0xFF, 0xC3, 0xFF, 0xF8, 0x03, 0xE0, 0x00, 0x7C, 0x00,
    0x0F, 0x80, 0x01, 0xFF, 0xC0, 0x3F, 0xFC, 0x07, 0xFF, 0xC0, 0xF9, 0xF8, 0x1F, 0x0F, 0x83, 0xE1,
    0xF0, 0x7C, 0x3E, 0x0F, 0x87, 0xC1, 0xF0, 0xF8, 0x3E, 0x1F, 0x07, 0xC3, 0xE0, 0x00, 0xC0, 0x03,
    0xC0, 0x0F, 0x80, 0x3E, 0x00, 0x78, 0x00, 0x60, 0x00, 0x00, 0x78, 0x3E, 0xF0, 0xF9, 0xE3, 0xF3,
    0xCF, 0xC7, 0xBF, 0x0F, 0xFC, 0x1F, 0xF0, 0x3F, 0xC0, 0x7F, 0x80, 0xFF, 0x81, 0xFF, 0x83, 0xDF,
    0x87, 0x9F, 0x8F, 0x1F, 0x9E, 0x1F, 0x3C, 0x1F, 0x78, 0x3F, 0x03, 0x00, 0x1E, 0x00, 0x3E, 0x00,
    0x3E, 0x00, 0x3C, 0x00, 0x30, 0x00, 0x00, 0x78, 0x0F, 0xF0, 0x3F, 0xE0, 0xFF, 0xC3, 0xFF, 0x8F,
    0xFF, 0x1F, 0xFE, 0x7F, 0xFD, 0xF7, 0xFF, 0xCF, 0xFF, 0x9F, 0xFE, 0x3F, 0xF8, 0x7F, 0xF0, 0xFF,
    0xC1, 0xFF, 0x03, 0xFE, 0x07, 0xF8, 0x0F, 0x06, 0x38, 0x07, 0xBC, 0x03, 0xFE, 0x00, 0xFE, 0x00,
    0x3E, 0x00, 0x00, 0x00, 0x00, 0x01, 0xF0, 0x3E, 0x7C, 0x1F, 0x3E, 0x0F, 0x8F, 0x8F, 0x87, 0xC7,
    0xC1, 0xF3, 0xC0, 0xFB, 0xE0, 0x3F, 0xE0, 0x1F, 0xF0, 0x07, 0xF8, 0x01, 0xF8, 0x00, 0xFC, 0x00,
    0x7C, 0x02, 0x7E, 0x03, 0xFE, 0x01, 0xFE, 0x00, 0xFE, 0x00, 0xF0, 0x3F, 0xE0, 0x7F, 0xC0, 0xFF,
    0x81, 0xFF, 0x03, 0xFE, 0x07, 0xFC, 0x0F, 0xF8, 0x1F, 0xF0, 0x3F, 0xE0, 0x7F, 0xC0, 0xFF, 0x81,
    0xFF, 0x03, 0xFE, 0x07, 0xFF, 0xFF, 0xFF, 0xFF, 0xFF, 0xFE, 0x0F, 0x00, 0x1E, 0x00, 0x3C, 0x00,
    0x78, 0x00, 0xF0, 0x00, 0x01, 0xE0, 0x00, 0xFC, 0x00, 0x3F, 0x00, 0x1F, 0xE0, 0x07, 0xF8, 0x03,
    0xFF, 0x00, 0xF3, 0xC0, 0x7C, 0xF8, 0x1E, 0x3E, 0x07, 0x87, 0x83, 0xFF, 0xF0, 0xFF, 0xFC, 0x3F,
    0xFF, 0x9F, 0x03, 0xE7, 0xC0, 0xFB, 0xE0, 0x1F, 0xF8, 0x07, 0xC0, 0xFF, 0xF3, 0xFF, 0xCF, 0xFF,
    0x3C, 0x00, 0xF0, 0x03, 0xC0, 0x0F, 0xFC, 0x3F, 0xFC, 0xFF, 0xFB, 0xC7, 0xEF, 0x07, 0xBC, 0x1E,
    0xF0, 0x7B, 0xC7, 0xEF, 0xFF, 0xBF, 0xFC, 0xFF, 0xC0, 0xFF, 0xC3, 0xFF, 0xCF, 0xFF, 0xBC, 0x7E,
    0xF0, 0x7B, 0xC1, 0xEF, 0x1F, 0xBF, 0xFC, 0xFF, 0xF3, 0xFF, 0xEF, 0x0F, 0xFC, 0x1F, 0xF0, 0x7F,
    0xC7, 0xFF, 0xFF, 0xBF, 0xFE, 0xFF, 0xE0, 0xFF, 0xFF, 0xFF, 0xFF, 0xFF, 0x00, 0xF0, 0x0F, 0x00,
    0xF0, 0x0F, 0x00, 0xF0, 0x0F, 0x00, 0xF0, 0x0F, 0x00, 0xF0, 0x0F, 0x00, 0xF0, 0x0F, 0x00, 0xF0,
    0x00, 0x07, 0xFF, 0x80, 0x3F, 0xFC, 0x01, 0xFF, 0xE0, 0x0F, 0x8F, 0x00, 0x7C, 0x78, 0x03, 0xE3,
    0xC0, 0x1E, 0x1E, 0x00, 0xF0, 0xF0, 0x07, 0x87, 0x80, 0x7C, 0x3C, 0x03, 0xE1, 0xE0, 0x1E, 0x0F,
    0x01, 0xF0, 0x78, 0x0F, 0x83, 0xC3, 0xFF, 0xFF, 0xDF, 0xFF, 0xFE, 0xFF, 0xFF, 0xF7, 0xC0, 0x07,
    0xBE, 0x00, 0x3D, 0xF0, 0x01, 0xEF, 0x80, 0x0F, 0x7C, 0x00, 0x78, 0xFF, 0xF7, 0xFF, 0xBF, 0xFD,
    0xE0, 0x0F, 0x00, 0x78, 0x03, 0xC0, 0x1F, 0xFC, 0xFF, 0xE7, 0xFF, 0x3C, 0x01, 0xE0, 0x0F, 0x00,
    0x78, 0x03, 0xFF, 0xFF, 0xFF, 0xFF, 0xF8, 0xFC, 0x3E, 0x1F, 0x3F, 0x1F, 0x1F, 0x8F, 0x8F, 0x9F,
    0x87, 0xE7, 0xDF, 0x81, 0xFB, 0xEF, 0x80, 0x7F, 0xFF, 0x80, 0x1F, 0xFF, 0xC0, 0x07, 0xFF, 0xC0,
    0x03, 0xFF, 0xC0, 0x01, 0xFF, 0xF0, 0x01, 0xFF, 0xFC, 0x01, 0xF7, 0xFF, 0x01, 0xF3, 0xEF, 0xC1,
    0xF9, 0xF3, 0xE1, 0xF8, 0xF8, 0xF8, 0xF8, 0x7C, 0x7E, 0xF8, 0x3E, 0x1F, 0x00, 0x3F, 0xE0, 0xFF,
    0xE1, 0xFF, 0xE1, 0xC7, 0xE0, 0x07, 0xC0, 0x0F, 0x80, 0x7E, 0x0F, 0xFC, 0x1F, 0xF0, 0x3F, 0xF8,
    0x03, 0xF0, 0x01, 0xE0, 0x03, 0xCF, 0x1F, 0x9F, 0xFF, 0x7F, 0xFC, 0x3F, 0xF0, 0xF0, 0x1F, 0xE0,
    0x7F, 0xC1, 0xFF, 0x87, 0xFF, 0x1F, 0xFE, 0x3F, 0xFC, 0xFF, 0xFB, 0xEF, 0xFF, 0x9F, 0xFF, 0x3F,
    0xFC, 0x7F, 0xF0, 0xFF, 0xE1, 0xFF, 0x83, 0xFE, 0x07, 0xFC, 0x0F, 0xF0, 0x1E, 0x0C, 0x70, 0x3D,
    0xE0, 0x7F, 0xC0, 0x7F, 0x00, 0x7C, 0x00, 0x00, 0x00, 0x00, 0x78, 0x0F, 0xF0, 0x3F, 0xE0, 0xFF,
    0xC3, 0xFF, 0x8F, 0xFF, 0x1F, 0xFE, 0x7F, 0xFD, 0xF7, 0xFF, 0xCF, 0xFF, 0x9F, 0xFE, 0x3F, 0xF8,
    0x7F, 0xF0, 0xFF, 0xC1, 0xFF, 0x03, 0xFE, 0x07, 0xF8, 0x0F, 0xF0, 0x7D, 0xE1, 0xF3, 0xC7, 0xE7,
    0x9F, 0x8F, 0x7E, 0x1F, 0xF8, 0x3F, 0xE0, 0x7F, 0x80, 0xFF, 0x01, 0xFF, 0x03, 0xFF, 0x07, 0xBF,
    0x0F, 0x3F, 0x1E, 0x3F, 0x3C, 0x3E, 0x78, 0x3E, 0xF0, 0x7E, 0x03, 0xFF, 0xC1, 0xFF, 0xF0, 0x7F,
    0xFC, 0x1F, 0x1F, 0x07, 0xC7, 0xC1, 0xF1, 0xF0, 0x7C, 0x7C, 0x1F, 0x1F, 0x07, 0x87, 0xC1, 0xE1,
    0xF0, 0x78, 0x7C, 0x3E, 0x1F, 0x1F, 0x07, 0xDF, 0xC1, 0xFF, 0xE0, 0x7F, 0xF0, 0x1F, 0xF8, 0x07,
    0xC0, 0x7C, 0x03, 0xE7, 0xE0, 0x3E, 0x7E, 0x07, 0xE7, 0xF0, 0x7E, 0x7F, 0x0F, 0xE7, 0xF8, 0xFF,
    0x7F, 0x9F, 0xF7, 0xFD, 0xFF, 0x7B, 0xDF, 0xF7, 0xBF, 0xDF, 0x79, 0xFD, 0xFF, 0x9F, 0x8F, 0xF9,
    0xF8, 0xFF, 0x8F, 0x8F, 0xF8, 0xF0, 0xFF, 0x80, 0x0F, 0xF8, 0x00, 0xF0, 0xF0, 0x3F, 0xE0, 0x7F,
    0xC0, 0xFF, 0x81, 0xFF, 0x03, 0xFE, 0x07, 0xFC, 0x0F, 0xFF, 0xFF, 0xFF, 0xFF, 0xFF, 0xFF, 0xC0,
    0xFF, 0x81, 0xFF, 0x03, 0xFE, 0x07, 0xFC, 0x0F, 0xF8, 0x1F, 0xF0, 0x3E, 0x07, 0xF8, 0x07, 0xFF,
    0x83, 0xFF, 0xF1, 0xFC, 0xFC, 0x7C, 0x0F, 0xBE, 0x03, 0xEF, 0x80, 0x7F, 0xE0, 0x1F, 0xF8, 0x07,
    0xFE, 0x01, 0xFF, 0x80, 0x7F, 0xE0, 0x3E, 0x7C, 0x0F, 0x9F, 0xCF, 0xE3, 0xFF, 0xF0, 0x7F, 0xF8,
    0x07, 0xF8, 0x00, 0xFF, 0xFF, 0xFF, 0xFF, 0xFF, 0xFF, 0x81, 0xFF, 0x03, 0xFE, 0x07, 0xFC, 0x0F,
    0xF8, 0x1F, 0xF0, 0x3F, 0xE0, 0x7F, 0xC0, 0xFF, 0x81, 0xFF, 0x03, 0xFE, 0x07, 0xFC, 0x0F, 0xF8,
    0x1F, 0xF0, 0x3E, 0xFF, 0xC3, 0xFF, 0xCF, 0xFF, 0xBC, 0x7E, 0xF0, 0x7B, 0xC1, 0xFF, 0x07, 0xBC,
    0x7E, 0xFF, 0xFB, 0xFF, 0xCF, 0xFC, 0x3C, 0x00, 0xF0, 0x03, 0xC0, 0x0F, 0x00, 0x3C, 0x00, 0xF0,
    0x00, 0x07, 0xFC, 0x3F, 0xFC, 0xFF, 0xF3, 0xF8, 0xE7, 0xC0, 0x1F, 0x00, 0x3E, 0x00, 0x7C, 0x00,
    0xF8, 0x01, 0xF0, 0x03, 0xE0, 0x07, 0xC0, 0x07, 0xC0, 0x0F, 0xE3, 0x8F, 0xFF, 0x8F, 0xFF, 0x0F,
    0xFC, 0xFF, 0xFF, 0xFF, 0xFF, 0xFF, 0xF8, 0x3E, 0x00, 0x7C, 0x00, 0xF8, 0x01, 0xF0, 0x03, 0xE0,
    0x07, 0xC0, 0x0F, 0x80, 0x1F, 0x00, 0x3E, 0x00, 0x7C, 0x00, 0xF8, 0x01, 0xF0, 0x03, 0xE0, 0x07,
    0xC0, 0xF8, 0x1F, 0x3E, 0x0F, 0x9F, 0x07, 0xC7, 0xC7, 0xC3, 0xE3, 0xE0, 0xF9, 0xE0, 0x7D, 0xF0,
    0x1F, 0xF0, 0x0F, 0xF8, 0x03, 0xFC, 0x00, 0xFC, 0x00, 0x7E, 0x00, 0x3E, 0x01, 0x3F, 0x01, 0xFF,
    0x00, 0xFF, 0x00, 0x7F, 0x00, 0x00, 0x00, 0xF0, 0x00, 0x0F, 0x00, 0x0F, 0xFE, 0x01, 0xFF, 0xF8,
    0x3F, 0xFF, 0xC7, 0xEF, 0xFE, 0xF8, 0xF3, 0xEF, 0x8F, 0x1F, 0xF0, 0xF1, 0xFF, 0x0F, 0x1F, 0xF8,
    0xF1, 0xFF, 0x8F, 0x3E, 0x7E, 0xF7, 0xE7, 0xFF, 0xFC, 0x3F, 0xFF, 0x80, 0xFF, 0xF0, 0x00, 0xF0,
    0x00, 0x0F, 0x00, 0xFC, 0x1F, 0x3F, 0x1F, 0x8F, 0x8F, 0x87, 0xEF, 0x81, 0xFF, 0xC0, 0x7F, 0xC0,
    0x3F, 0xC0, 0x0F, 0xE0, 0x03, 0xE0, 0x03, 0xF8, 0x03, 0xFE, 0x03, 0xFF, 0x81, 0xF7, 0xC1, 0xF3,
    0xF1, 0xF8, 0xFC, 0xF8, 0x3E, 0xF8, 0x1F, 0x80, 0xF0, 0x3E, 0x3C, 0x0F, 0x8F, 0x03, 0xE3, 0xC0,
    0xF8, 0xF0, 0x3E, 0x3C, 0x0F, 0x8F, 0x03, 0xE3, 0xC0, 0xF8, 0xF0, 0x3E, 0x3C, 0x0F, 0x8F, 0x03,
    0xE3, 0xC0, 0xF8, 0xF0, 0x3E, 0x3C, 0x0F, 0x8F, 0xFF, 0xFF, 0xFF, 0xFF, 0xFF, 0xFF, 0xC0, 0x01,
    0xF0, 0x00, 0x7C, 0x00, 0x1F, 0x00, 0x07, 0xC0, 0x01, 0xF0, 0xF0, 0x3F, 0xC0, 0xFF, 0x03, 0xFC,
    0x0F, 0xF0, 0x3F, 0xC0, 0xFF, 0x83, 0xFF, 0x1F, 0xFF, 0xFD, 0xFF, 0xF3, 0xFF, 0xC0, 0x0F, 0x00,
    0x3C, 0x00, 0xF0, 0x03, 0xC0, 0x0F, 0x00, 0x3C, 0xF0, 0xF8, 0x7F, 0xC3, 0xE1, 0xFF, 0x0F, 0x87,
    0xFC, 0x3E, 0x1F, 0xF0, 0xF8, 0x7F, 0xC3, 0xE1, 0xFF, 0x0F, 0x87, 0xFC, 0x3E, 0x1F, 0xF0, 0xF8,
    0x7F, 0xC3, 0xE1, 0xFF, 0x0F, 0x87, 0xFC, 0x3E, 0x1F, 0xF0, 0xF8, 0x7F, 0xC3, 0xE1, 0xFF, 0xFF,
    0xFF, 0xFF, 0xFF, 0xFF, 0xFF, 0xFF, 0xFC, 0xF0, 0xF8, 0x7C, 0x78, 0x7C, 0x3E, 0x3C, 0x3E, 0x1F,
    0x1E, 0x1F, 0x0F, 0x8F, 0x0F, 0x87, 0xC7, 0x87, 0xC3, 0xE3, 0xC3, 0xE1, 0xF1, 0xE1, 0xF0, 0xF8,
    0xF0, 0xF8, 0x7C, 0x78, 0x7C, 0x3E, 0x3C, 0x3E, 0x1F, 0x1E, 0x1F, 0x0F, 0x8F, 0x0F, 0x87, 0xC7,
    0x87, 0xC3, 0xE3, 0xFF, 0xFF, 0xFF, 0xFF, 0xFF, 0xFF, 0xFF, 0xFF, 0xFF, 0x80, 0x00, 0x07, 0xC0,
    0x00, 0x03, 0xE0, 0x00, 0x01, 0xF0, 0x00, 0x00, 0xF8, 0x00, 0x00, 0x7C, 0xFF, 0x80, 0x1F, 0xF0,
    0x03, 0xFE, 0x00, 0x07, 0xC0, 0x00, 0xF8, 0x00, 0x1F, 0x00, 0x03, 0xFF, 0x80, 0x7F, 0xFC, 0x0F,
    0xFF, 0xC1, 0xF3, 0xF8, 0x3E, 0x0F, 0x07, 0xC1, 0xF0, 0xF8, 0x3C, 0x1F, 0x1F, 0x83, 0xFF, 0xF0,
    0x7F, 0xFC, 0x07, 0xFE, 0x00, 0xF0, 0x01, 0xFF, 0x00, 0x1F, 0xF0, 0x01, 0xFF, 0x00, 0x1F, 0xF0,
    0x01, 0xFF, 0x00, 0x1F, 0xFF, 0xC1, 0xFF, 0xFF, 0x1F, 0xFF, 0xF9, 0xFF, 0x3F, 0x9F, 0xF0, 0xF9,
    0xFF, 0x07, 0x9F, 0xF0, 0xF9, 0xFF, 0x1F, 0x9F, 0xFF, 0xF9, 0xFF, 0xFF, 0x1F, 0xFF, 0xC1, 0xF0,
    0xF0, 0x03, 0xC0, 0x0F, 0x00, 0x3C, 0x00, 0xF0, 0x03, 0xC0, 0x0F, 0xFC, 0x3F, 0xFC, 0xFF, 0xFB,
    0xCF, 0xEF, 0x07, 0xFC, 0x1F, 0xF0, 0x7F, 0xC7, 0xEF, 0xFF, 0xBF, 0xFC, 0xFF, 0xC0, 0x7F, 0xC1,
    0xFF, 0xE3, 0xFF, 0xE3, 0x8F, 0xE0, 0x07, 0xC0, 0x07, 0xC0, 0x0F, 0x8F, 0xFF, 0x1F, 0xFE, 0x3F,
    0xFC, 0x00, 0xF8, 0x01, 0xF0, 0x07, 0xCF, 0x3F, 0xBF, 0xFE, 0x7F, 0xF8, 0x7F, 0xC0, 0xF0, 0x0F,
    0xE0, 0xF0, 0x3F, 0xF8, 0xF0, 0x7F, 0xFC, 0xF0, 0xFC, 0xFE, 0xF0, 0xF8, 0x3E, 0xF1, 0xF0, 0x1F,
    0xF1, 0xF0, 0x1F, 0xFF, 0xE0, 0x1F, 0xFF, 0xE0, 0x1F, 0xFF, 0xE0, 0x1F, 0xF1, 0xF0, 0x1F, 0xF1,
    0xF0, 0x1F, 0xF1, 0xF8, 0x3E, 0xF0, 0xFC, 0xFE, 0xF0, 0x7F, 0xFC, 0xF0, 0x3F, 0xF8, 0xF0, 0x1F,
    0xE0, 0x0F, 0xFC, 0x7F, 0xFC, 0xFF, 0xFB, 0xF9, 0xF7, 0xC3, 0xEF, 0x07, 0xDF, 0x0F, 0xBF, 0x1F,
    0x7F, 0xFE, 0x7F, 0xFC, 0x7F, 0xF8, 0xF9, 0xF3, 0xE3, 0xEF, 0x87, 0xDF, 0x0F, 0xFC, 0x1F, 0xF8,
    0x3E, 0x3F, 0xC1, 0xFF, 0x8F, 0xFC, 0x63, 0xE0, 0x0F, 0x8F, 0xFD, 0xFF, 0xEF, 0xFF, 0x7C, 0xFB,
    0xE7, 0xDF, 0xFE, 0xFF, 0xF3, 0xFF, 0x00, 0x01, 0xF0, 0x7F, 0x87, 0xFE, 0x7F, 0xC7, 0xC0, 0x3C,
    0x03, 0xFF, 0x1F, 0xFE, 0xFF, 0xF7, 0xEF, 0xFC, 0x3F, 0xE0, 0xFF, 0x07, 0xFC, 0x3F, 0xE3, 0xFF,
    0xBF, 0x7F, 0xF1, 0xFF, 0x07, 0xF0, 0xFF, 0xE7, 0xFF, 0xBF, 0xFD, 0xF1, 0xFF, 0x8F, 0x7F, 0xFB,
    0xFF, 0xDF, 0xFF, 0xF8, 0xFF, 0xC7, 0xFF, 0xFF, 0xFF, 0xE7, 0xFE, 0x00, 0xFF, 0xDF, 0xFB, 0xFF,
    0x7C, 0x0F, 0x81, 0xF0, 0x3E, 0x07, 0xC0, 0xF8, 0x1F, 0x03, 0xE0, 0x7C, 0x0F, 0x80, 0x0F, 0xFE,
    0x07, 0xFF, 0x03, 0xFF, 0x83, 0xE7, 0xC1, 0xF3, 0xE0, 0xF9, 0xF0, 0x78, 0xF8, 0x3C, 0x7C, 0x1E,
    0x3E, 0x1F, 0x1F, 0x3F, 0xFF, 0xFF, 0xFF, 0xFF, 0xFF, 0xFF, 0x80, 0x3F, 0xC0, 0x1F, 0xE0, 0x0F,
    0xF0, 0x07, 0x80, 0x1F, 0xC1, 0xFF, 0x1F, 0xFD, 0xFB, 0xEF, 0x8F, 0xFF, 0xFF, 0xFF, 0xFF, 0xFF,
    0xF8, 0x07, 0xE3, 0x9F, 0xFC, 0x7F, 0xE1, 0xFF, 0x00, 0xFC, 0xF8, 0xFB, 0xE7, 0xCF, 0x8F, 0xBE,
    0xF8, 0x3F, 0xFF, 0xC1, 0xFF, 0xFC, 0x07, 0xFF, 0xC0, 0x1F, 0xFC, 0x01, 0xFF, 0xF0, 0x1F, 0xFF,
    0xC1, 0xFF, 0xDF, 0x0F, 0xBE, 0xFC, 0xF9, 0xF3, 0xEF, 0x8F, 0x8F, 0x80, 0x7F, 0xC7, 0xFE, 0x7F,
    0xE7, 0x3E, 0x01, 0xE3, 0xFE, 0x3F, 0xE3, 0xFE, 0x01, 0xF7, 0x1F, 0x7F, 0xF7, 0xFE, 0x7F, 0xC0,
    0xF8, 0x7F, 0xC7, 0xFE, 0x7F, 0xF7, 0xFF, 0xBF, 0xFF, 0xFF, 0xFF, 0xFF, 0xEF, 0xFE, 0x7F, 0xF3,
    0xFF, 0x1F, 0xF0, 0xFF, 0x87, 0x80, 0x18, 0xE1, 0xEF, 0x0F, 0xF8, 0x3F, 0x80, 0xF8, 0x00, 0x00,
    0x00, 0x1F, 0x0F, 0xF8, 0xFF, 0xCF, 0xFE, 0xFF, 0xF7, 0xFF, 0xFF, 0xFF, 0xFF, 0xFD, 0xFF, 0xCF,
    0xFE, 0x7F, 0xE3, 0xFE, 0x1F, 0xF0, 0xF0, 0xF8, 0xFB, 0xE7, 0xCF, 0xBE, 0x3F, 0xF0, 0xFF, 0x83,
    0xFC, 0x0F, 0xF8, 0x3F, 0xF0, 0xFF, 0xC3, 0xEF, 0x8F, 0x9F, 0x3E, 0x7E, 0xF8, 0xF8, 0x0F, 0xFC,
    0x3F, 0xF0, 0xFF, 0xC3, 0xCF, 0x0F, 0x3C, 0x7C, 0xF1, 0xF3, 0xC7, 0xCF, 0x1E, 0x3D, 0xF8, 0xFF,
    0xC3, 0xFE, 0x0F, 0xF0, 0x3C, 0x78, 0x0F, 0x3E, 0x0F, 0x9F, 0x07, 0xCF, 0xC7, 0xE7, 0xE3, 0xF3,
    0xFB, 0xF9, 0xFF, 0xFF, 0xFF, 0xFF, 0xFB, 0xEF, 0xFD, 0xF7, 0xFE, 0x73, 0xFF, 0x01, 0xFF, 0x80,
    0xF8, 0xF8, 0xF7, 0xC7, 0xBE, 0x3D, 0xF1, 0xEF, 0x8F, 0x7F, 0xFB, 0xFF, 0xDF, 0xFE, 0xF8, 0xF7,
    0xC7, 0xBE, 0x3D, 0xF1, 0xEF, 0x8F, 0x00, 0x1F, 0xC0, 0xFF, 0x87, 0xFF, 0x3F, 0x7E, 0xF8, 0xFB,
    0xC1, 0xEF, 0x07, 0xBC, 0x1E, 0xF8, 0xFB, 0xF7, 0xE7, 0xFF, 0x0F, 0xF8, 0x1F, 0xC0, 0xFF, 0xF7,
    0xFF, 0xBF, 0xFD, 0xF1, 0xEF, 0x8F, 0x7C, 0x7B, 0xE3, 0xDF, 0x1E, 0xF8, 0xF7, 0xC7, 0xBE, 0x3D,
    0xF1, 0xEF, 0x8F, 0x00, 0x7F, 0xC7, 0xFF, 0x3F, 0xFD, 0xF3, 0xFF, 0x8F, 0xFC, 0x3F, 0xE1, 0xFF,
    0x0F, 0xF8, 0xFF, 0xEF, 0xFF, 0xFD, 0xFF, 0xEF, 0xFC, 0x7C, 0x03, 0xE0, 0x1F, 0x00, 0xF8, 0x07,
    0xC0, 0x00, 0x1F, 0xE7, 0xFD, 0xFF, 0x7E, 0x6F, 0x81, 0xE0, 0x3C, 0x07, 0x80, 0xF8, 0x1F, 0x8D,
    0xFF, 0x9F, 0xF1, 0xFE, 0xFF, 0xFF, 0xFF, 0xFF, 0xFE, 0x1F, 0x00, 0xF8, 0x07, 0xC0, 0x3E, 0x01,
    0xF0, 0x0F, 0x80, 0x7C, 0x03, 0xE0, 0x1F, 0x00, 0xF8, 0x00, 0xF8, 0x7F, 0xE1, 0xE7, 0x87, 0x9F,
    0x3E, 0x7C, 0xF0, 0xF3, 0xC3, 0xFF, 0x0F, 0xF8, 0x1F, 0xE0, 0x7F, 0x80, 0xFC, 0x03, 0xF0, 0x07,
    0x80, 0x3E, 0x05, 0xF0, 0x3F, 0xC0, 0xFE, 0x03, 0xF0, 0x00, 0x01, 0xE0, 0x00, 0x78, 0x00, 0x1E,
    0x00, 0x07, 0x80, 0x01, 0xE0, 0x00, 0x78, 0x00, 0xFF, 0xC0, 0xFF, 0xFC, 0x7F, 0xFF, 0xBF, 0xFF,
    0xEF, 0x9E, 0x7F, 0xC7, 0x9F, 0xF1, 0xE3, 0xFC, 0x79, 0xFF, 0x9E, 0x7F, 0xFF, 0xBE, 0x7F, 0xFF,
    0x8F, 0xFF, 0xC0, 0xFF, 0xC0, 0x07, 0x80, 0x01, 0xE0, 0x00, 0x78, 0x00, 0x1E, 0x00, 0x07, 0x80,
    0xF8, 0x79, 0xF3, 0xE3, 0xFF, 0x0F, 0xF8, 0x1F, 0xE0, 0x3F, 0x00, 0xF8, 0x03, 0xF0, 0x1F, 0xE0,
    0xFF, 0xC7, 0xCF, 0x1E, 0x3E, 0xF8, 0x7C, 0xF8, 0xF1, 0xF1, 0xE3, 0xE3, 0xC7, 0xC7, 0x8F, 0x8F,
    0x1F, 0x1E, 0x3E, 0x3C, 0x7C, 0x78, 0xF8, 0xF1, 0xF1, 0xE3, 0xFF, 0xFF, 0xFF, 0xFF, 0xFF, 0xE0,
    0x03, 0xC0, 0x07, 0x80, 0x0F, 0x00, 0x1E, 0xF1, 0xFF, 0x1F, 0xF1, 0xFF, 0x1F, 0xF1, 0xFF, 0x9F,
    0xFF, 0xF7, 0xFF, 0x3F, 0xF0, 0x1F, 0x01, 0xF0, 0x1F, 0x01, 0xF0, 0xF8, 0xF1, 0xFF, 0x1E, 0x3F,
    0xE3, 0xC7, 0xFC, 0x78, 0xFF, 0x8F, 0x1F, 0xF1, 0xE3, 0xFE, 0x3C, 0x7F, 0xC7, 0x8F, 0xF8, 0xF1,
    0xFF, 0x1E, 0x3F, 0xFF, 0xFF, 0xFF, 0xFF, 0xFF, 0xFF, 0xFE, 0xF8, 0xF1, 0xE7, 0xC7, 0x8F, 0x3E,
    0x3C, 0x79, 0xF1, 0xE3, 0xCF, 0x8F, 0x1E, 0x7C, 0x78, 0xF3, 0xE3, 0xC7, 0x9F, 0x1E, 0x3C, 0xF8,
    0xF1, 0xE7, 0xC7, 0x8F, 0x3F, 0xFF, 0xFF, 0xFF, 0xFF, 0xFF, 0xFF, 0xFF, 0x80, 0x00, 0x3C, 0x00,
    0x01, 0xE0, 0x00, 0x0F, 0x00, 0x00, 0x78, 0xFF, 0x00, 0xFF, 0x00, 0xFF, 0x00, 0x1F, 0x00, 0x1F,
    0xF8, 0x1F, 0xFC, 0x1F, 0xFE, 0x1F, 0x3E, 0x1F, 0x1E, 0x1F, 0x3E, 0x1F, 0xFE, 0x1F, 0xFC, 0x1F,
    0xF8, 0xF8, 0x03, 0xFE, 0x00, 0xFF, 0x80, 0x3F, 0xE0, 0x0F, 0xFF, 0xC3, 0xFF, 0xF8, 0xFF, 0xFF,
    0x3F, 0xE7, 0xCF, 0xF8, 0xFB, 0xFE, 0x7C, 0xFF, 0xFF, 0x3F, 0xFF, 0xCF, 0x7F, 0xC3, 0xC0, 0xF8,
    0x07, 0xC0, 0x3E, 0x01, 0xF0, 0x0F, 0xFC, 0x7F, 0xFB, 0xFF, 0xDF, 0x3E, 0xF8, 0xFF, 0xCF, 0xBF,
    0xFD, 0xFF, 0xE7, 0xFC, 0x00, 0x7F, 0x83, 0xFF, 0x1F, 0xF8, 0xE7, 0xE0, 0x0F, 0x0F, 0xF8, 0x7F,
    0xE3, 0xFE, 0x00, 0xF3, 0x9F, 0x9F, 0xF8, 0xFF, 0xC7, 0xF8, 0x00, 0xF8, 0x3F, 0x8F, 0x87, 0xFC,
    0xF8, 0xFF, 0xEF, 0x9F, 0xBE, 0xF9, 0xF1, 0xFF, 0xFE, 0x1F, 0xFF, 0xE1, 0xFF, 0xFE, 0x1F, 0xF9,
    0xF1, 0xFF, 0x9F, 0xBE, 0xF8, 0xFF, 0xEF, 0x87, 0xFC, 0xF8, 0x3F, 0x80, 0x1F, 0xF9, 0xFF, 0xDF,
    0xFE, 0xF8, 0xF7, 0xC7, 0xBF, 0xFC, 0xFF, 0xE3, 0xFF, 0x1E, 0x79, 0xF3, 0xCF, 0x1E, 0xF8, 0xF7,
    0x87, 0x80, 0x0C, 0x00, 0xF0, 0x07, 0xC0, 0x1F, 0x00, 0x78, 0x01, 0x80, 0x00, 0x03, 0xF8, 0x3F,
    0xE3, 0xFF, 0xBF, 0x7D, 0xF1, 0xFF, 0xFF, 0xFF, 0xFF, 0xFF, 0xFF, 0x00, 0xFC, 0x73, 0xFF, 0x8F,
    0xFC, 0x3F, 0xE0, 0x39, 0xE3, 0xEF, 0x1F, 0x78, 0x73, 0xC0, 0x00, 0x00, 0x00, 0x7F, 0x07, 0xFC,
    0x7F, 0xF7, 0xEF, 0xBE, 0x3F, 0xFF, 0xFF, 0xFF, 0xFF, 0xFF, 0xE0, 0x1F, 0x8E, 0x7F, 0xF1, 0xFF,
    0x87, 0xFC, 0x3C, 0x00, 0xF0, 0x0F, 0xFC, 0x3F, 0xF0, 0x3C, 0x00, 0xF0, 0x03, 0xFE, 0x0F, 0xFC,
    0x3F, 0xF8, 0xF3, 0xE3, 0xC7, 0xCF, 0x1F, 0x3C, 0x7C, 0xF1, 0xF3, 0xC7, 0xCF, 0x1F, 0x3C, 0x7C,
    0xF1, 0xF3, 0xC7, 0xC0, 0x1F, 0x00, 0x7C, 0x0F, 0xE0, 0x3F, 0x80, 0xFC, 0x06, 0x01, 0xE0, 0x3E,
    0x0F, 0x01, 0xC0, 0x10, 0x00, 0x07, 0xFE, 0xFF, 0xDF, 0xFB, 0xE0, 0x7C, 0x0F, 0x81, 0xF0, 0x3E,
    0x07, 0xC0, 0xF8, 0x1F, 0x03, 0xE0, 0x7C, 0x00, 0x0F, 0xF0, 0xFF, 0x8F, 0xFC, 0xFC, 0xE7, 0x80,
    0x3F, 0xE1, 0xFF, 0x0F, 0xF8, 0x78, 0x03, 0xF3, 0x8F, 0xFC, 0x7F, 0xF0, 0xFF, 0x00, 0x1F, 0xE3,
    0xFE, 0x7F, 0xC7, 0xCC, 0x7F, 0x07, 0xFE, 0x7F, 0xE3, 0xFE, 0x03, 0xE7, 0x1E, 0x7F, 0xE7, 0xFC,
    0x7F, 0x80, 0x7F, 0xFE, 0xF0, 0x03, 0xFF, 0xFF, 0xFF, 0xFF, 0xFF, 0xFF, 0xFF, 0xFE, 0x71, 0xCF,
    0x7D, 0xEF, 0xB8, 0xE0, 0x00, 0x00, 0x07, 0xC0, 0xF8, 0x1F, 0x03, 0xE0, 0x7C, 0x0F, 0x81, 0xF0,
    0x3E, 0x07, 0xC0, 0xF8, 0x1F, 0x03, 0xE0, 0x7C, 0x00, 0x0F, 0x1F, 0x1F, 0x0F, 0x00, 0x00, 0x1F,
    0x1F, 0x1F, 0x1F, 0x1F, 0x1F, 0x1F, 0x1F, 0x1F, 0x1F, 0x1F, 0x1F, 0x1F, 0x1F, 0x1F, 0xFE, 0xFE,
    0xFC, 0x0F, 0xFC, 0x00, 0x3F, 0xF0, 0x00, 0xFF, 0xC0, 0x03, 0xCF, 0x00, 0x0F, 0x3C, 0x00, 0x7C,
    0xFF, 0xC1, 0xF3, 0xFF, 0x87, 0xCF, 0xFF, 0x1E, 0x3C, 0x7D, 0xF8, 0xF1, 0xFF, 0xC3, 0xFF, 0xFE,
    0x0F, 0xFE, 0xF0, 0x3F, 0xF0, 0xF8, 0xF0, 0x0F, 0x8F, 0x00, 0xF8, 0xF0, 0x0F, 0x8F, 0x00, 0xF8,
    0xF0, 0x0F, 0xFF, 0xFC, 0xFF, 0xFF, 0xEF, 0xFF, 0xFF, 0xF8, 0xF9, 0xFF, 0x8F, 0x1F, 0xF8, 0xFF,
    0xFF, 0x8F, 0xFE, 0xF8, 0xFF, 0xC0, 0x3C, 0x00, 0xF0, 0x0F, 0xFC, 0x3F, 0xF0, 0x3C, 0x00, 0xF0,
    0x03, 0xFE, 0x0F, 0xFC, 0x3F, 0xF8, 0xF3, 0xE3, 0xC7, 0xCF, 0x1F, 0x3C, 0x7C, 0xF1, 0xF3, 0xC7,
    0xCF, 0x1F, 0x3C, 0x7C, 0xF1, 0xF3, 0xC7, 0xC0, 0x01, 0x80, 0x0F, 0x00, 0x7C, 0x03, 0xE0, 0x0F,
    0x00, 0x18, 0x00, 0x00, 0x3E, 0x3E, 0xF9, 0xF3, 0xEF, 0x8F, 0xFC, 0x3F, 0xE0, 0xFF, 0x03, 0xFE,
    0x0F, 0xFC, 0x3F, 0xF0, 0xFB, 0xE3, 0xE7, 0xCF, 0x9F, 0xBE, 0x3E, 0x0C, 0x00, 0xF0, 0x07, 0xC0,
    0x1F, 0x00, 0x78, 0x01, 0x80, 0x00, 0x1F, 0x0F, 0xF8, 0xFF, 0xCF, 0xFE, 0xFF, 0xF7, 0xFF, 0xFF,
    0xFF, 0xFF, 0xFD, 0xFF, 0xCF, 0xFE, 0x7F, 0xE3, 0xFE, 0x1F, 0xF0, 0xF0, 0x18, 0xE0, 0xF7, 0x83,
    0xFE, 0x07, 0xF0, 0x0F, 0x80, 0x00, 0x00, 0x00, 0x3E, 0x1F, 0xF8, 0x79, 0xE1, 0xE7, 0xCF, 0x9F,
    0x3C, 0x3C, 0xF0, 0xFF, 0xC3, 0xFE, 0x07, 0xF8, 0x1F, 0xE0, 0x3F, 0x00, 0xFC, 0x01, 0xE0, 0x0F,
    0x81, 0x7C, 0x0F, 0xF0, 0x3F, 0x80, 0xFC, 0x00, 0xF8, 0xF7, 0xC7, 0xBE, 0x3D, 0xF1, 0xEF, 0x8F,
    0x7C, 0x7B, 0xE3, 0xDF, 0x1E, 0xF8, 0xF7, 0xC7, 0xBF, 0xFD, 0xFF, 0xEF, 0xFF, 0x07, 0x80, 0x3C,
    0x01, 0xE0, 0x0F, 0x00, 0x0F, 0x80, 0x03, 0xE0, 0x0F, 0xFF, 0x83, 0xFF, 0xE0, 0xFF, 0xF8, 0x03,
    0xE0, 0x00, 0xF8, 0x00, 0x3F, 0xF0, 0x0F, 0xFF, 0x03, 0xFF, 0xE0, 0xF9, 0xF8, 0x3E, 0x1F, 0x0F,
    0x87, 0xC3, 0xE1, 0xF0, 0xF8, 0x7C, 0x3E, 0x7E, 0x0F, 0xFF, 0x83, 0xFF, 0xC0, 0xFF, 0xC0, 0x1E,
    0x00, 0x3C, 0x00, 0x78, 0x00, 0xF0, 0x01, 0xE0, 0x03, 0xC0, 0x3F, 0xFC, 0x7F, 0xF8, 0xFF, 0xF0,
    0x3C, 0x00, 0x78, 0x00, 0xFF, 0xC1, 0xFF, 0xC3, 0xFF, 0xC7, 0x8F, 0x8F, 0x1F, 0x1F, 0xFE, 0x3F,
    0xF8, 0x7F, 0xE0, 0x07, 0xF8, 0x07, 0xFF, 0x83, 0xFF, 0xF1, 0xFC, 0xFC, 0x7C, 0x0F, 0xBE, 0x03,
    0xEF, 0x80, 0x7F, 0xFF, 0xBF, 0xFF, 0xFF, 0xFF, 0xFF, 0xFF, 0xDF, 0xFF, 0xE0, 0x1E, 0x7C, 0x0F,
    0x9F, 0xCF, 0xE3, 0xFF, 0xF0, 0x7F, 0xF8, 0x07, 0xF8, 0x00, 0x1F, 0xC0, 0xFF, 0x87, 0xFF, 0x3F,
    0x7E, 0xF8, 0x7B, 0xFD, 0xEF, 0xFF, 0xBD, 0xFE, 0xF8, 0x7B, 0xF7, 0xE7, 0xFF, 0x0F, 0xF8, 0x1F,
    0xC0, 0xF8, 0x03, 0xF7, 0xC0, 0x3F, 0x9F, 0x03, 0xFC, 0xF8, 0x1F, 0x47, 0xC1, 0xF0, 0x1F, 0x0F,
    0x80, 0xF8, 0x78, 0x03, 0xC7, 0xC0, 0x1F, 0x3E, 0x00, 0xF9, 0xE0, 0x03, 0xFF, 0x00, 0x1F, 0xF0,
    0x00, 0x7F, 0x80, 0x03, 0xFC, 0x00, 0x0F, 0xC0, 0x00, 0x7E, 0x00, 0x03, 0xE0, 0x00, 0xF8, 0x3E,
    0xF8, 0x7E, 0x78, 0x7E, 0x7C, 0xF8, 0x7C, 0xF0, 0x3C, 0xF0, 0x3F, 0xE0, 0x1F, 0xE0, 0x1F, 0xE0,
    0x1F, 0xC0, 0x0F, 0xC0, 0x0F, 0x80, 0x07, 0x80, 0x1E, 0x70, 0x07, 0xBC, 0x00, 0xFF, 0x00, 0x3F,
    0x80, 0x07, 0xC0, 0x00, 0x00, 0x00, 0x00, 0x03, 0xC0, 0x78, 0xF0, 0x3E, 0x3C, 0x1F, 0x8F, 0x0F,
    0xE3, 0xC7, 0xF8, 0xF1, 0xFE, 0x3C, 0xFF, 0x8F, 0x7D, 0xE3, 0xFE, 0x78, 0xFF, 0x9E, 0x3F, 0xC7,
    0x8F, 0xE1, 0xE3, 0xF8, 0x78, 0xFC, 0x1E, 0x3E, 0x07, 0xFF, 0x81, 0xFF, 0xC0, 0x7F, 0x00, 0x07,
    0x80, 0x01, 0xE0, 0x00, 0xF8, 0x00, 0x3C, 0x00, 0x06, 0x00, 0x38, 0xE0, 0x7B, 0xC0, 0xFF, 0x80,
    0xFE, 0x00, 0xF8, 0x00, 0x00, 0x00, 0x00, 0x78, 0x7C, 0xF1, 0xF9, 0xE3, 0xF3, 0xCF, 0xE7, 0xBF,
    0xCF, 0xFF, 0x9F, 0xFF, 0x3F, 0xFE, 0x7F, 0x7C, 0xFC, 0xF9, 0xF9, 0xFF, 0xE3, 0xFF, 0x87, 0xE0,
    0x03, 0xC0, 0x0F, 0x80, 0x1E, 0x00, 0x18, 0x3C, 0x00, 0xFF, 0x80, 0xFF, 0x80, 0xFF, 0x80, 0x3C,
    0x00, 0x3C, 0x00, 0x3F, 0xF8, 0x3F, 0xFC, 0x3F, 0xFE, 0x3C, 0x7E, 0x3C, 0x1F, 0x3C, 0x1F, 0x3C,
    0x1F, 0x3C, 0x7E, 0x3F, 0xFE, 0x3F, 0xFC, 0x3F, 0xF0, 0x7C, 0x01, 0xF0, 0x0F, 0xF8, 0x3F, 0xE0,
    0x7C, 0x01, 0xFF, 0x87, 0xFF, 0x9F, 0xFE, 0x7C, 0xFD, 0xF1, 0xF7, 0xCF, 0xDF, 0xFE, 0x7F, 0xF8,
    0xFF, 0x80, 0xFF, 0xE3, 0xFF, 0xCF, 0xFF, 0xBC, 0x7F, 0xF0, 0x7F, 0xDD, 0xFF, 0x7F, 0xFD, 0xFE,
    0xFF, 0xFB, 0xFF, 0xCF, 0xFE, 0x3C, 0x3C, 0xF0, 0xF3, 0xC1, 0x8F, 0x00, 0x3C, 0x00, 0xF0, 0x00,
    0x7F, 0xC3, 0xFF, 0xCF, 0xFF, 0x3E, 0x7E, 0xF8, 0xFB, 0xE1, 0xFF, 0x87, 0xFE, 0xDF, 0xFF, 0xFB,
    0xFF, 0xEF, 0xFF, 0xBF, 0xFC, 0xFF, 0xF3, 0xE3, 0xCF, 0x87, 0x3E, 0x1C, 0xF8, 0x03, 0xE0, 0x00,
    0x00, 0xF0, 0x0F, 0x00, 0xFF, 0xFF, 0xFF, 0xFF, 0xFF, 0xF0, 0x0F, 0x00, 0xF0, 0x0F, 0x00, 0xF0,
    0x0F, 0x00, 0xF0, 0x0F, 0x00, 0xF0, 0x0F, 0x00, 0xF0, 0x0F, 0x00, 0xF0, 0x0F, 0x00, 0x01, 0xC0,
    0x38, 0x07, 0x7F, 0xEF, 0xFD, 0xFF, 0xBE, 0x07, 0xC0, 0xF8, 0x1F, 0x03, 0xE0, 0x7C, 0x0F, 0x81,
    0xF0, 0x3E, 0x07, 0xC0, 0x3F, 0xFE, 0x7F, 0xFC, 0xFF, 0xF9, 0xF0, 0x03, 0xE0, 0x07, 0xC0, 0x0F,
    0x80, 0x7F, 0xF0, 0xFF, 0xE1, 0xFF, 0xC0, 0xF8, 0x01, 0xF0, 0x03, 0xE0, 0x07, 0xC0, 0x0F, 0x80,
    0x1F, 0x00, 0x3E, 0x00, 0x3F, 0xF3, 0xFF, 0x3F, 0xF3, 0xC0, 0x3C, 0x03, 0xC0, 0xFF, 0xCF, 0xFC,
    0x3C, 0x03, 0xC0, 0x3C, 0x03, 0xC0, 0x3C, 0x00, 0xFF, 0xF3, 0xFF, 0xCF, 0xFF, 0x3C, 0x00, 0xF0,
    0x03, 0xC0, 0x0F, 0xFC, 0x3F, 0xFC, 0xFF, 0xFB, 0xC7, 0xEF, 0x07, 0xFC, 0x1F, 0xF0, 0x3F, 0xC0,
    0xFF, 0x03, 0xFC, 0x1F, 0xF0, 0x7C, 0x01, 0xF0, 0x1F, 0x81, 0xFC, 0x07, 0xF0, 0x1F, 0x00, 0xFF,
    0xE7, 0xFF, 0x3F, 0xF9, 0xF0, 0x0F, 0x80, 0x7F, 0xE3, 0xFF, 0x9F, 0xFE, 0xF9, 0xF7, 0xC7, 0xBE,
    0x3F, 0xF0, 0xFF, 0x8F, 0x80, 0x7C, 0x07, 0xC0, 0xFE, 0x07, 0xE0, 0x3E, 0x00, 0xFC, 0x3E, 0x1F,
    0x1F, 0x8F, 0x8F, 0xC3, 0xE3, 0xE7, 0xE0, 0xFC, 0xFB, 0xF0, 0x1F, 0xBE, 0xF8, 0x03, 0xFF, 0xFC,
    0x00, 0x7F, 0xFF, 0x00, 0x0F, 0xFF, 0x80, 0x03, 0xFF, 0xC0, 0x00, 0xFF, 0xF8, 0x00, 0x7F, 0xFF,
    0x00, 0x3E, 0xFF, 0xE0, 0x1F, 0x3E, 0xF8, 0x0F, 0xCF, 0x9F, 0x07, 0xE3, 0xE3, 0xF9, 0xF0, 0xF8,
    0xFE, 0xF8, 0x3E, 0x1F, 0x80, 0x00, 0x01, 0xE0, 0x00, 0x00, 0x78, 0x00, 0x00, 0x1E, 0x00, 0x00,
    0x07, 0x80, 0xFC, 0xF8, 0xF9, 0xF3, 0xE7, 0xC3, 0xEF, 0xBE, 0x07, 0xFF, 0xF8, 0x1F, 0xFF, 0xC0,
    0x3F, 0xFE, 0x00, 0x7F, 0xF0, 0x03, 0xFF, 0xE0, 0x1F, 0xFF, 0xC0, 0xFF, 0xFF, 0x83, 0xEF, 0xBF,
    0xDF, 0x3E, 0x7F, 0xF8, 0xF8, 0xFC, 0x00, 0x00, 0xF0, 0x00, 0x03, 0xC0, 0x00, 0x0F, 0x00, 0x00,
    0x3C, 0x3F, 0xE0, 0xFF, 0xE1, 0xFF, 0xE1, 0xC7, 0xE0, 0x07, 0xC0, 0x0F, 0x80, 0x7E, 0x0F, 0xFC,
    0x1F, 0xF0, 0x3F, 0xF8, 0x03, 0xF0, 0x01, 0xE0, 0x03, 0xCF, 0x1F, 0x9F, 0xFF, 0x7F, 0xFC, 0x3F,
    0xF0, 0x0F, 0x00, 0x1F, 0x00, 0x1E, 0x00, 0xFC, 0x01, 0xF0, 0x00, 0x7F, 0xC7, 0xFE, 0x7F, 0xE7,
    0x3E, 0x01, 0xE3, 0xFE, 0x3F, 0xE3, 0xFE, 0x01, 0xF7, 0x1F, 0x7F, 0xF7, 0xFE, 0x7F, 0xC0, 0xF0,
    0x0F, 0x01, 0x78, 0x1F, 0x81, 0xF0, 0xF0, 0x7C, 0xF0, 0xFC, 0xF1, 0xF8, 0xF3, 0xF0, 0xF7, 0xE0,
    0xFF, 0xC0, 0xFF, 0x80, 0xFF, 0x00, 0xFF, 0x80, 0xFF, 0xC0, 0xFF, 0xC0, 0xF7, 0xE0, 0xF3, 0xF0,
    0xF1, 0xF8, 0xF0, 0xFF, 0xF0, 0x7F, 0xF0, 0x7F, 0x00, 0x0F, 0x00, 0x0F, 0x00, 0x0F, 0x00, 0x0F,
    0x00, 0x0F, 0xF8, 0xFB, 0xE7, 0xCF, 0xBE, 0x3F, 0xF0, 0xFF, 0x83, 0xFC, 0x0F, 0xF8, 0x3F, 0xF0,
    0xFF, 0xC3, 0xEF, 0x8F, 0x9F, 0xFE, 0x3F, 0xF8, 0xFC, 0x00, 0xF0, 0x03, 0xC0, 0x0F, 0x00, 0x3C,
    0xF0, 0x0F, 0xBC, 0x07, 0xEF, 0x01, 0xF3, 0xDC, 0xF8, 0xF7, 0x7C, 0x3D, 0xFE, 0x0F, 0x7F, 0x83,
    0xFF, 0xC0, 0xFF, 0xF0, 0x3F, 0xFE, 0x0F, 0x7F, 0xC3, 0xDF, 0xF0, 0xF7, 0x7E, 0x3D, 0xCF, 0xCF,
    0x01, 0xF3, 0xC0, 0x7E, 0xF0, 0x0F, 0x80, 0xF8, 0x3F, 0xF8, 0x3E, 0xFF, 0x7C, 0xFF, 0xF8, 0xFF,
    0xF0, 0xFF, 0xE0, 0xFF, 0xF0, 0xFF, 0xF0, 0xFF, 0xF8, 0xFF, 0x7C, 0xF8, 0x3E, 0xF8, 0x3E, 0xF8,
    0x1F, 0x3E, 0x00, 0x0F, 0x83, 0xEF, 0xF9, 0xFB, 0xFE, 0xFC, 0xFF, 0xFE, 0x0F, 0xBF, 0x03, 0xFF,
    0x80, 0xFF, 0xC0, 0x3F, 0xE0, 0x0F, 0xF0, 0x03, 0xFE, 0x00, 0xFF, 0xC0, 0x3F, 0xF8, 0x0F, 0xBF,
    0x03, 0xE7, 0xE0, 0xF8, 0xFC, 0x3E, 0x1F, 0x0F, 0x83, 0xE0, 0x7C, 0x01, 0xFE, 0x7F, 0xFD, 0xF7,
    0xFF, 0xC7, 0xDF, 0x0F, 0xFC, 0x1F, 0xF0, 0x3F, 0xC0, 0x7F, 0xC0, 0xFF, 0xC1, 0xFF, 0xC3, 0xEF,
    0xC7, 0xC7, 0xCF, 0x8F, 0xC0, 0xFF, 0x83, 0xEF, 0xF8, 0x7C, 0xFF, 0x8F, 0x80, 0xF9, 0xF0, 0x0F,
    0xBF, 0x00, 0xFF, 0xC0, 0x0F, 0xF8, 0x00, 0xFF, 0x80, 0x0F, 0xFC, 0x00, 0xFF, 0xE0, 0x0F, 0xFE,
    0x00, 0xFB, 0xF0, 0x0F, 0x9F, 0x80, 0xF8, 0xFC, 0x0F, 0x87, 0xC0, 0xF8, 0x3E, 0x0F, 0x83, 0xF0,
    0xFF, 0x1F, 0x7F, 0x9F, 0x3F, 0xDF, 0x03, 0xFF, 0x01, 0xFF, 0x00, 0xFF, 0x00, 0x7F, 0xC0, 0x3F,
    0xF0, 0x1F, 0xFC, 0x0F, 0xBE, 0x07, 0xCF, 0x83, 0xE7, 0xE1, 0xF1, 0xF0, 0xF0, 0x3E, 0x3C, 0x0F,
    0x8F, 0x03, 0xE3, 0xC0, 0xF8, 0xF0, 0x3E, 0x3C, 0x0F, 0x8F, 0x03, 0xE3, 0xFF, 0xF8, 0xFF, 0xFE,
    0x3F, 0xFF, 0x8F, 0x03, 0xE3, 0xC0, 0xF8, 0xF0, 0x3E, 0x3C, 0x0F, 0x8F, 0x03, 0xFF, 0xC0, 0xFF,
    0xF0, 0x3F, 0xC0, 0x00, 0xF0, 0x00, 0x3C, 0x00, 0x0F, 0x00, 0x03, 0xC0, 0x00, 0xF0, 0xF8, 0xF1,
    0xF1, 0xE3, 0xE3, 0xC7, 0xC7, 0x8F, 0x8F, 0x1F, 0xFE, 0x3F, 0xFC, 0x7F, 0xF8, 0xF8, 0xF1, 0xF1,
    0xE3, 0xE3, 0xFF, 0xC7, 0xFF, 0x8F, 0xE0, 0x03, 0xC0, 0x07, 0x80, 0x0F, 0x00, 0x1E, 0xF0, 0x3F,
    0xFE, 0x07, 0xFF, 0xC0, 0xFF, 0xF8, 0x1F, 0x0F, 0x03, 0xE1, 0xE0, 0x7C, 0x3C, 0x0F, 0x87, 0xFF,
    0xF0, 0xFF, 0xFE, 0x1F, 0xFF, 0xC3, 0xC0, 0xF8, 0x78, 0x1F, 0x0F, 0x03, 0xE1, 0xE0, 0x7C, 0x3C,
    0x0F, 0x87, 0x81, 0xF0, 0xF0, 0x3E, 0x00, 0xF8, 0xFE, 0xF8, 0xFE, 0xF8, 0xFE, 0xF8, 0xF0, 0xF8,
    0xF0, 0xFF, 0xF0, 0xFF, 0xF0, 0xFF, 0xF0, 0xF8, 0xF0, 0xF8, 0xF0, 0xF8, 0xF0, 0xF8, 0xF0, 0xF8,
    0xF0, 0xFF, 0xFE, 0x00, 0x7F, 0xFF, 0x00, 0x3F, 0xFF, 0x80, 0x1E, 0x07, 0xC0, 0x0F, 0x03, 0xE0,
    0x07, 0x81, 0xF0, 0x03, 0xC0, 0xFF, 0xE1, 0xE0, 0x7F, 0xF8, 0xF0, 0x3F, 0xFE, 0x78, 0x1F, 0x3F,
    0xBC, 0x0F, 0x83, 0xDE, 0x07, 0xC1, 0xFF, 0x03, 0xE0, 0xFF, 0x81, 0xF0, 0x3F, 0xC0, 0xF8, 0x3F,
    0xE0, 0x7C, 0x1F, 0xF0, 0x3E, 0x0F, 0x80, 0x00, 0x07, 0x80, 0x00, 0x0F, 0xC0, 0x00, 0x1F, 0xC0,
    0x00, 0x0F, 0xC0, 0x00, 0x0F, 0xC0, 0xFF, 0xF0, 0x0F, 0xFF, 0x00, 0xFF, 0xF0, 0x0F, 0x8F, 0x00,
    0xF8, 0xF0, 0x0F, 0x8F, 0xF8, 0xF8, 0xFF, 0xEF, 0x8F, 0xFE, 0xF8, 0xFB, 0xFF, 0x8F, 0x0F, 0xF8,
    0xF0, 0xFF, 0x8F, 0x0F, 0xF8, 0xF0, 0xF0, 0x00, 0x0F, 0x00, 0x01, 0xF0, 0x00, 0xFE, 0x00, 0x0F,
    0xE0, 0x00, 0xFC, 0x07, 0xFC, 0x03, 0xFF, 0x80, 0xFF, 0xE0, 0x3F, 0x8C, 0x07, 0xC0, 0x01, 0xF0,
    0xFE, 0x3E, 0x3F, 0xE7, 0xCF, 0xFE, 0xF9, 0xF7, 0xDF, 0x3C, 0x7B, 0xEF, 0x8F, 0x7D, 0xF1, 0xE7,
    0xFE, 0x7C, 0xFF, 0xFF, 0x8F, 0xFF, 0xE0, 0xFF, 0xF8, 0x07, 0xFC, 0x00, 0x1F, 0xE0, 0x01, 0xFF,
    0x00, 0x0F, 0xE0, 0x00, 0x7C, 0x1F, 0xC0, 0x7F, 0x81, 0xFF, 0x07, 0xE6, 0x0F, 0x1F, 0x9E, 0x7F,
    0xBD, 0xFF, 0x7B, 0xDE, 0xF7, 0x9D, 0xFF, 0x79, 0xFF, 0xF1, 0xFF, 0xC1, 0xFF, 0x00, 0x7F, 0x00,
    0x7F, 0x00, 0x7E, 0x00, 0x3C, 0x07, 0xFC, 0x3F, 0xFC, 0xFF, 0xF3, 0xF8, 0xE7, 0xC0, 0x1F, 0x00,
    0x3E, 0x00, 0x7C, 0x00, 0xF8, 0x01, 0xF0, 0x03, 0xE0, 0x07, 0xC0, 0x07, 0xC0, 0x0F, 0xE3, 0x8F,
    0xFF, 0x8F, 0xFF, 0x07, 0xFC, 0x03, 0x80, 0x07, 0x80, 0x07, 0x00, 0x7E, 0x00, 0xF8, 0x00, 0x1F,
    0xE7, 0xFD, 0xFF, 0x7E, 0x6F, 0x81, 0xE0, 0x3C, 0x07, 0x80, 0xF8, 0x1F, 0x8D, 0xFF, 0x9F, 0xF0,
    0xFE, 0x1E, 0x01, 0xE0, 0x3C, 0x1F, 0x83, 0xE0, 0xFF, 0xFF, 0xFF, 0xFF, 0xFF, 0xF8, 0x3E, 0x00,
    0x7C, 0x00, 0xF8, 0x01, 0xF0, 0x03, 0xE0, 0x07, 0xC0, 0x0F, 0x80, 0x1F, 0x00, 0x3E, 0x00, 0x7C,
    0x00, 0xF8, 0x01, 0xFE, 0x03, 0xFC, 0x07, 0xF8, 0x00, 0xF0, 0x01, 0xE0, 0x03, 0xC0, 0x07, 0x80,
    0x0F, 0x00, 0xFF, 0xFF, 0xFF, 0xFF, 0xFE, 0x1F, 0x00, 0xF8, 0x07, 0xC0, 0x3E, 0x01, 0xF0, 0x0F,
    0x80, 0x7C, 0x03, 0xF8, 0x1F, 0xC0, 0xFE, 0x00, 0xF0, 0x07, 0x80, 0x3C, 0x01, 0xE0, 0xF8, 0x1F,
    0xBE, 0x0F, 0x9F, 0x0F, 0x87, 0xC7, 0xC3, 0xE7, 0xC0, 0xFB, 0xE0, 0x7F, 0xE0, 0x1F, 0xF0, 0x07,
    0xF0, 0x03, 0xF0, 0x00, 0xF8, 0x00, 0x7C, 0x00, 0x3E, 0x00, 0x1F, 0x00, 0x0F, 0x80, 0x07, 0xC0,
    0x03, 0xE0, 0x00, 0xF8, 0x7F, 0xE1, 0xE7, 0x8F, 0x9F, 0x3E, 0x7C, 0xF0, 0xF7, 0xC3, 0xFF, 0x07,
    0xF8, 0x1F, 0xE0, 0x7F, 0x00, 0xFC, 0x03, 0xE0, 0x07, 0x80, 0x1E, 0x00, 0x78, 0x01, 0xE0, 0x07,
    0x80, 0x1E, 0x00, 0xF8, 0x1F, 0xBE, 0x0F, 0x9F, 0x0F, 0x87, 0xC7, 0xC3, 0xE7, 0xC0, 0xFB, 0xE0,
    0x7F, 0xE0, 0x1F, 0xF0, 0x07, 0xF0, 0x03, 0xF0, 0x07, 0xFF, 0x03, 0xFF, 0x81, 0xFF, 0xC0, 0x1F,
    0x00, 0x0F, 0x80, 0x07, 0xC0, 0x03, 0xE0, 0x00, 0xF8, 0x7F, 0xE1, 0xE7, 0x8F, 0x9F, 0x3E, 0x7C,
    0xF0, 0xF7, 0xC3, 0xFF, 0x07, 0xF8, 0x1F, 0xE0, 0x7F, 0x00, 0xFC, 0x0F, 0xFC, 0x3F, 0xF0, 0x1E,
    0x00, 0x78, 0x01, 0xE0, 0x07, 0x80, 0x1E, 0x00, 0xFC, 0x1F, 0x1F, 0x8F, 0xC3, 0xE3, 0xE0, 0xFD,
    0xF0, 0x1F, 0xFC, 0x03, 0xFE, 0x00, 0xFF, 0x00, 0x1F, 0xC0, 0x03, 0xE0, 0x01, 0xFC, 0x00, 0xFF,
    0x80, 0x7F, 0xF0, 0x1F, 0x7C, 0x0F, 0x9F, 0x87, 0xE3, 0xFD, 0xF0, 0x7F, 0xF8, 0x1F, 0xC0, 0x01,
    0xF0, 0x00, 0x7C, 0x00, 0x1F, 0x00, 0x07, 0xC0, 0x01, 0xF0, 0xF8, 0x78, 0xF9, 0xF0, 0xFF, 0xC1,
    0xFF, 0x01, 0xFE, 0x01, 0xF8, 0x03, 0xF0, 0x07, 0xE0, 0x1F, 0xE0, 0x7F, 0xE1, 0xF3, 0xFB, 0xC7,
    0xFF, 0x87, 0xE0, 0x03, 0xC0, 0x07, 0x80, 0x0F, 0x00, 0x1E, 0xFF, 0xFD, 0xF1, 0xFF, 0xFB, 0xE3,
    0xFF, 0xF7, 0xC0, 0x3C, 0x0F, 0x80, 0x78, 0x1F, 0x00, 0xF0, 0x3E, 0x01, 0xE0, 0x7C, 0x03, 0xC0,
    0xF8, 0x07, 0x81, 0xF0, 0x0F, 0x03, 0xE0, 0x1E, 0x07, 0xC0, 0x3C, 0x0F, 0x80, 0x78, 0x1F, 0x00,
    0xF0, 0x3E, 0x01, 0xFF, 0xFF, 0x83, 0xFF, 0xFF, 0x07, 0xFF, 0xFE, 0x00, 0x00, 0x3C, 0x00, 0x00,
    0x78, 0x00, 0x00, 0xF0, 0x00, 0x01, 0xE0, 0x00, 0x03, 0xC0, 0xFF, 0xDE, 0x7F, 0xEF, 0x3F, 0xF7,
    0x87, 0xC3, 0xC3, 0xE1, 0xE1, 0xF0, 0xF0, 0xF8, 0x78, 0x7C, 0x3C, 0x3E, 0x1E, 0x1F, 0x0F, 0x0F,
    0xFF, 0xE7, 0xFF, 0xF3, 0xFF, 0xF8, 0x00, 0x3C, 0x00, 0x1E, 0x00, 0x0F, 0x00, 0x07, 0x80, 0xF8,
    0x3E, 0x7C, 0x1F, 0x3E, 0x0F, 0x9F, 0x07, 0xCF, 0x83, 0xE7, 0xC1, 0xF3, 0xE0, 0xF9, 0xF8, 0x7C,
    0x7F, 0xFE, 0x3F, 0xFF, 0x07, 0xFF, 0x80, 0x07, 0xC0, 0x03, 0xE0, 0x01, 0xF0, 0x00, 0xFE, 0x00,
    0x7F, 0x00, 0x3F, 0x80, 0x07, 0xC0, 0x03, 0xE0, 0x01, 0xF0, 0x00, 0xF8, 0x00, 0x7C, 0xF8, 0xF1,
    0xF1, 0xE3, 0xE3, 0xC7, 0xC7, 0x8F, 0x8F, 0x1F, 0x9E, 0x1F, 0xFC, 0x3F, 0xF8, 0x3F, 0xF0, 0x01,
    0xE0, 0x03, 0xF8, 0x07, 0xF0, 0x0F, 0xE0, 0x03, 0xC0, 0x07, 0x80, 0x0F, 0x00, 0x1E, 0xF8, 0x3F,
    0xE0, 0xFF, 0x83, 0xFE, 0x0F, 0xF8, 0x3F, 0xEE, 0xFF, 0xBB, 0xFF, 0xEF, 0x7F, 0xFD, 0xFF, 0xF1,
    0xFF, 0xC0, 0xEF, 0x03, 0xBC, 0x0E, 0xF0, 0x03, 0xC0, 0x0F, 0x00, 0x3C, 0xF8, 0x7F, 0xC3, 0xFE,
    0x1F, 0xF0, 0xFF, 0xB7, 0xFF, 0xBD, 0xFF, 0xEF, 0xFF, 0x3F, 0xF8, 0x1B, 0xC0, 0xDE, 0x00, 0xF0,
    0x07, 0x80, 0xF0, 0x03, 0xC0, 0x0F, 0x00, 0x3C, 0x00, 0xF0, 0x03, 0xFF, 0x8F, 0xFF, 0xBF, 0xFF,
    0xF8, 0xFF, 0xC1, 0xFF, 0x03, 0xFC, 0x0F, 0xF0, 0x3F, 0xC0, 0xFF, 0x03, 0xFC, 0x0F, 0xF0, 0x3C,
    0x78, 0x07, 0xC0, 0x3E, 0x01, 0xF0, 0x0F, 0x80, 0x7C, 0x03, 0xFF, 0x1F, 0xFC, 0xFF, 0xF7, 0xCF,
    0xBE, 0x3D, 0xF1, 0xEF, 0x8F, 0x7C, 0x7B, 0xE3, 0xDF, 0x1E, 0xF8, 0xF7, 0xC7, 0xBE, 0x3C, 0x00,
    0x7F, 0x80, 0x07, 0xFE, 0x00, 0x7F, 0xF8, 0x07, 0xE7, 0xEF, 0x7E, 0x1F, 0x7B, 0xE0, 0x7F, 0xFF,
    0x03, 0xFF, 0xFF, 0xFF, 0x7F, 0xFF, 0xF8, 0xFF, 0xFF, 0xC1, 0xF0, 0x00, 0x0F, 0x80, 0x00, 0x7C,
    0x00, 0x01, 0xFC, 0xF0, 0x07, 0xFF, 0xC0, 0x1F, 0xFE, 0x00, 0x7F, 0xC0, 0x01, 0xFC, 0x71, 0xFF,
    0x3D, 0xFF, 0xDF, 0xFB, 0xEF, 0xF8, 0xFF, 0xFF, 0xFD, 0xFF, 0xFE, 0x7F, 0xFF, 0x0F, 0x80, 0x07,
    0xE3, 0x81, 0xFF, 0xC0, 0x7F, 0xE0, 0x1F, 0xF0, 0x00, 0x7F, 0x80, 0x07, 0xFE, 0x00, 0x7F, 0xF8,
    0x07, 0xE7, 0xEF, 0x7E, 0x1F, 0x7B, 0xE0, 0x7F, 0xFF, 0x03, 0xFF, 0xFF, 0xFF, 0x7F, 0xFF, 0xF8,
    0xFF, 0xFF, 0xC1, 0xF0, 0x00, 0x0F, 0x80, 0x00, 0x7C, 0x00, 0x01, 0xFC, 0xF0, 0x0F, 0xFF, 0xC0,
    0x1F, 0xFE, 0x00, 0x7F, 0xE0, 0x00, 0xF0, 0x00, 0x07, 0x80, 0x00, 0x3C, 0x00, 0x01, 0xE0, 0x00,
    0x01, 0xFC, 0x71, 0xFF, 0x3D, 0xFF, 0xDF, 0xFB, 0xEF, 0xF8, 0xFF, 0xFF, 0xFD, 0xFF, 0xFE, 0x7F,
    0xFF, 0x0F, 0x80, 0x07, 0xE3, 0x81, 0xFF, 0xC0, 0x7F, 0xE0, 0x1F, 0xF0, 0x03, 0xC0, 0x01, 0xE0,
    0x00, 0xF0, 0xFF, 0xFF, 0xFF, 0xFF, 0xFF, 0xFF, 0xFF, 0xFF, 0xF0, 0x00, 0xE3, 0x00, 0x00, 0x7B,
    0xC0, 0x00, 0x3F, 0xE0, 0x00, 0x0F, 0xE0, 0x00, 0x03, 0xE0, 0x00, 0x00, 0x00, 0x00, 0x00, 0x00,
    0x01, 0xF8, 0x7C, 0x3E, 0x7E, 0x3E, 0x3F, 0x1F, 0x1F, 0x3F, 0x0F, 0xCF, 0xBF, 0x03, 0xF7, 0xDF,
    0x00, 0xFF, 0xFF, 0x00, 0x3F, 0xFF, 0x80, 0x0F, 0xFF, 0x80, 0x07, 0xFF, 0x80, 0x03, 0xFF, 0xE0,
    0x03, 0xFF, 0xF8, 0x03, 0xEF, 0xFE, 0x03, 0xE7, 0xDF, 0x83, 0xF3, 0xE7, 0xC3, 0xF1, 0xF1, 0xF1,
    0xF0, 0xF8, 0xFD, 0xF0, 0x7C, 0x3E, 0x01, 0x8C, 0x00, 0x1E, 0xF0, 0x00, 0xFF, 0x80, 0x03, 0xF8,
    0x00, 0x0F, 0x80, 0x00, 0x00, 0x00, 0x00, 0x00, 0x1F, 0x9F, 0x1F, 0x7C, 0xF9, 0xF1, 0xF7, 0xDF,
    0x07, 0xFF, 0xF8, 0x3F, 0xFF, 0x80, 0xFF, 0xF8, 0x03, 0xFF, 0x80, 0x3F, 0xFE, 0x03, 0xFF, 0xF8,
    0x3F, 0xFB, 0xE1, 0xF7, 0xDF, 0x9F, 0x3E, 0x7D, 0xF1, 0xF1, 0xF0, 0xF0, 0x7D, 0xE1, 0xF3, 0xC7,
    0xE7, 0x9F, 0x8F, 0x7E, 0x1E, 0xF8, 0x3F, 0xE0, 0x7F, 0xE0, 0xFF, 0xF1, 0xFF, 0xF3, 0xCF, 0xF7,
    0x83, 0xEF, 0x03, 0xDE, 0x07, 0xBC, 0x0F, 0x78, 0x1E, 0xF0, 0x3C, 0x00, 0xF8, 0x07, 0xF0, 0x3F,
    0xC0, 0x7F, 0x00, 0xFC, 0x00, 0xF8, 0xFF, 0xCF, 0xBE, 0xF9, 0xFF, 0x8F, 0xF8, 0x7F, 0xE3, 0xFF,
    0x9F, 0xFE, 0xF9, 0xF7, 0xC7, 0xFE, 0x1F, 0xF0, 0xFF, 0x87, 0x80, 0x7C, 0x07, 0xC0, 0xFE, 0x07,
    0xE0, 0x3E, 0x00, 0x07, 0xFF, 0xC0, 0x3F, 0xFE, 0x01, 0xFF, 0xF0, 0x0F, 0x8F, 0x80, 0x7C, 0x7C,
    0x03, 0xE3, 0xE0, 0x1E, 0x1F, 0x00, 0xF0, 0xF8, 0x07, 0x87, 0xC0, 0x3C, 0x3E, 0x03, 0xE1, 0xF0,
    0x1F, 0x0F, 0x81, 0xF0, 0x7C, 0x3F, 0x83, 0xE3, 0xF8, 0x1F, 0xFF, 0x80, 0xFE, 0xF0, 0x07, 0xF0,
    0x00, 0x07, 0x80, 0x00, 0x7C, 0x00, 0x03, 0xC0, 0x00, 0x3E, 0x00, 0x00, 0xE0, 0x0F, 0xFC, 0x07,
    0xFE, 0x03, 0xFF, 0x01, 0xE7, 0x80, 0xF3, 0xC0, 0xF9, 0xE0, 0x7C, 0xF0, 0x3E, 0x78, 0x1E, 0x3C,
    0x3F, 0x1E, 0x3F, 0x0F, 0xFF, 0x07, 0xFF, 0x03, 0xF0, 0x00, 0x78, 0x00, 0x7C, 0x00, 0x3C, 0x00,
    0x0C, 0x00, 0xF0, 0x3F, 0xE0, 0x7F, 0xC0, 0xFF, 0x81, 0xFF, 0x03, 0xFE, 0x07, 0xFC, 0x0F, 0xFF,
    0xFF, 0xFF, 0xFF, 0xFF, 0xFF, 0xC0, 0xFF, 0x81, 0xFF, 0x03, 0xFE, 0x07, 0xFC, 0x0F, 0xF8, 0x1F,
    0xF0, 0x3E, 0x00, 0x7C, 0x00, 0xF8, 0x0F, 0xE0, 0x1F, 0xC0, 0x3F, 0x00, 0xF8, 0xFF, 0xC7, 0xFE,
    0x3F, 0xF1, 0xFF, 0x8F, 0xFF, 0xFF, 0xFF, 0xFF, 0xFF, 0xF8, 0xFF, 0xC7, 0xFE, 0x3F, 0xF1, 0xFF,
    0x8F, 0x80, 0x7C, 0x03, 0xC0, 0xFE, 0x07, 0xF0, 0x3F, 0x00, 0xF0, 0x3E, 0x3C, 0x0F, 0x8F, 0x03,
    0xE3, 0xC0, 0xF8, 0xF0, 0x3E, 0x3C, 0x0F, 0x8F, 0x03, 0xE3, 0xFF, 0xF8, 0xFF, 0xFE, 0x3F, 0xFF,
    0x8F, 0x03, 0xE3, 0xC0, 0xF8, 0xF0, 0x3E, 0x3C, 0x0F, 0x8F, 0x03, 0xFB, 0xC0, 0xFE, 0xF0, 0x3F,
    0x80, 0x03, 0xE0, 0x00, 0xF8, 0x00, 0x7C, 0x00, 0x1E, 0x00, 0x03, 0x80, 0xF8, 0xF1, 0xF1, 0xE3,
    0xE3, 0xC7, 0xC7, 0x8F, 0x8F, 0x1F, 0xFE, 0x3F, 0xFC, 0x7F, 0xF8, 0xF8, 0xF1, 0xF1, 0xE3, 0xE3,
    0xF7, 0xC7, 0xEF, 0x8F, 0xC0, 0x07, 0x80, 0x1E, 0x00, 0x3C, 0x00, 0x30, 0xF0, 0x3F, 0xC0, 0xFF,
    0x03, 0xFC, 0x0F, 0xF0, 0x3F, 0xC0, 0xFF, 0x83, 0xFF, 0x1F, 0xFF, 0xFD, 0xFF, 0xF3, 0xFF, 0xC0,
    0x0F, 0x00, 0x3C, 0x00, 0xF0, 0x1F, 0xC0, 0x7F, 0x01, 0xFC, 0x07, 0x80, 0x1E, 0x00, 0x78, 0x01,
    0xE0, 0x07, 0x80, 0xF1, 0xFF, 0x1F, 0xF1, 0xFF, 0x1F, 0xF9, 0xFF, 0xFF, 0x7F, 0xF3, 0xFF, 0x01,
    0xF0, 0x1F, 0x07, 0xF0, 0x7F, 0x07, 0xF0, 0x78, 0x07, 0x80, 0x78, 0x07, 0x80, 0x7C, 0x03, 0xE0,
    0xFC, 0x07, 0xC1, 0xF8, 0x1F, 0x83, 0xF8, 0x3F, 0x07, 0xF0, 0xFE, 0x0F, 0xF1, 0xFE, 0x1F, 0xE7,
    0xFC, 0x3F, 0xEF, 0xF8, 0x7B, 0xDF, 0xF0, 0xF7, 0xFB, 0xE1, 0xE7, 0xF7, 0xC7, 0xCF, 0xC7, 0x8F,
    0x9F, 0x8F, 0x1F, 0x1F, 0x1E, 0x3E, 0x3C, 0x3F, 0xFC, 0x00, 0x7F, 0xF8, 0x00, 0xFE, 0x00, 0x00,
    0x78, 0x00, 0x01, 0xF0, 0x00, 0x03, 0xC0, 0x00, 0x07, 0x80, 0x00, 0x06, 0x00, 0x78, 0x1F, 0x0F,
    0x83, 0xE1, 0xF0, 0xFC, 0x3F, 0x1F, 0x8F, 0xE7, 0xF1, 0xFE, 0xFE, 0x3F, 0xFF, 0xC7, 0xBF, 0xF8,
    0xF7, 0xEF, 0x1E, 0x7D, 0xE3, 0xCF, 0x3F, 0xF8, 0x07, 0xFF, 0x00, 0xFE, 0x00, 0x07, 0x80, 0x00,
    0xF0, 0x00, 0x3C, 0x00, 0x03, 0x00, 0xFF, 0xFF, 0xFF, 0xFF, 0xFF, 0xFF, 0xFF, 0xFF, 0xFF, 0xFF,
    0xF8, 0x07, 0x38, 0x03, 0xDE, 0x00, 0x7F, 0x80, 0x1F, 0xE0, 0x03, 0xF0, 0x00, 0x00, 0x00, 0x00,
    0x00, 0x07, 0x80, 0x03, 0xF0, 0x00, 0xFC, 0x00, 0x7F, 0x80, 0x1F, 0xE0, 0x0F, 0xFC, 0x03, 0xCF,
    0x01, 0xF3, 0xE0, 0x78, 0xF8, 0x1E, 0x1E, 0x0F, 0xFF, 0xC3, 0xFF, 0xF0, 0xFF, 0xFE, 0x7C, 0x0F,
    0x9F, 0x03, 0xEF, 0x80, 0x7F, 0xE0, 0x1F, 0x1C, 0xE1, 0xE7, 0x87, 0xF8, 0x3F, 0xC0, 0xFC, 0x00,
    0x00, 0x00, 0x07, 0xF8, 0x3F, 0xF1, 0xFF, 0x8C, 0x7C, 0x01, 0xF1, 0xFF, 0xBF, 0xFD, 0xFF, 0xEF,
    0x9F, 0x7C, 0xFB, 0xFF, 0xDF, 0xFE, 0x7F, 0xE0, 0x0F, 0x38, 0x03, 0xDF, 0x00, 0xF7, 0xC0, 0x3C,
    0xE0, 0x00, 0x00, 0x00, 0x00, 0x00, 0x1E, 0x00, 0x0F, 0xC0, 0x03, 0xF0, 0x01, 0xFE, 0x00, 0x7F,
    0x80, 0x3F, 0xF0, 0x0F, 0x3C, 0x07, 0xCF, 0x81, 0xE3, 0xE0, 0x78, 0x78, 0x3F, 0xFF, 0x0F, 0xFF,
    0xC3, 0xFF, 0xF9, 0xF0, 0x3E, 0x7C, 0x0F, 0xBE, 0x01, 0xFF, 0x80, 0x7C, 0x3C, 0xE1, 0xEF, 0x8F,
    0x7C, 0x79, 0xC0, 0x00, 0x00, 0x00, 0xFF, 0x07, 0xFE, 0x3F, 0xF1, 0x8F, 0x80, 0x3E, 0x3F, 0xF7,
    0xFF, 0xBF, 0xFD, 0xF3, 0xEF, 0x9F, 0x7F, 0xFB, 0xFF, 0xCF, 0xFC, 0x00, 0x3F, 0xFF, 0x00, 0x7F,
    0xFF, 0x00, 0x7F, 0xFF, 0x00, 0xFF, 0x00, 0x01, 0xFF, 0x00, 0x01, 0xEF, 0x00, 0x03, 0xEF, 0x00,
    0x07, 0xCF, 0xFE, 0x07, 0xCF, 0xFE, 0x0F, 0x8F, 0xFE, 0x0F, 0xFF, 0x00, 0x1F, 0xFF, 0x00, 0x3F,
    0xFF, 0x00, 0x3E, 0x0F, 0x00, 0x7C, 0x0F, 0xFF, 0x7C, 0x0F, 0xFF, 0xF8, 0x0F, 0xFF, 0x3F, 0xCF,
    0xC1, 0xFF, 0xFF, 0x0F, 0xFF, 0xFC, 0x63, 0xFB, 0xF0, 0x0F, 0x87, 0x8F, 0xFF, 0xFD, 0xFF, 0xFF,
    0xEF, 0xFF, 0xFF, 0x7C, 0xF8, 0x03, 0xE3, 0xF3, 0x9F, 0xFF, 0xFC, 0xFF, 0xFF, 0xE3, 0xFF, 0xFF,
    0x00, 0x39, 0xC3, 0xCF, 0x0F, 0xF0, 0x7F, 0x81, 0xF8, 0x00, 0x00, 0x00, 0x1F, 0xFE, 0xFF, 0xF7,
    0xFF, 0xBC, 0x01, 0xE0, 0x0F, 0x00, 0x78, 0x03, 0xFF, 0x9F, 0xFC, 0xFF, 0xE7, 0x80, 0x3C, 0x01,
    0xE0, 0x0F, 0x00, 0x7F, 0xFF, 0xFF, 0xFF, 0xFF, 0x18, 0xC1, 0xEF, 0x0F, 0xF8, 0x3F, 0x80, 0xF8,
    0x00, 0x00, 0x00, 0x03, 0xF8, 0x3F, 0xE3, 0xFF, 0xBF, 0x7D, 0xF1, 0xFF, 0xFF, 0xFF, 0xFF, 0xFF,
    0xFF, 0x00, 0xFC, 0x73, 0xFF, 0x8F, 0xFC, 0x3F, 0xE0, 0x1F, 0xF0, 0x7F, 0xF8, 0x7F, 0xFC, 0x38,
    0xFE, 0x00, 0x1F, 0x00, 0x1F, 0x00, 0x1F, 0xFF, 0xFF, 0xFF, 0xFF, 0xFF, 0xFF, 0xF8, 0x1F, 0xF8,
    0x1F, 0x7C, 0x3F, 0x7E, 0x7E, 0x3F, 0xFC, 0x1F, 0xF8, 0x0F, 0xF0, 0x7F, 0x83, 0xFF, 0x1F, 0xFC,
    0xE7, 0xE0, 0x0F, 0xFF, 0xFF, 0xFF, 0xFF, 0xFF, 0xF0, 0xFF, 0xCF, 0x9F, 0xFC, 0xFF, 0xC1, 0xF8,
    0x00, 0x1E, 0x70, 0x1E, 0xF8, 0x1E, 0xF8, 0x1E, 0x70, 0x00, 0x00, 0x00, 0x00, 0x1F, 0xF0, 0x7F,
    0xF8, 0x7F, 0xFC, 0x38, 0xFE, 0x00, 0x1F, 0x00, 0x1F, 0x00, 0x1F, 0xFF, 0xFF, 0xFF, 0xFF, 0xFF,
    0xFF, 0xF8, 0x1F, 0xF8, 0x1F, 0x7C, 0x3F, 0x7E, 0x7E, 0x3F, 0xFC, 0x1F, 0xF8, 0x0F, 0xF0, 0x39,
    0xE3, 0xEF, 0x1F, 0x78, 0x73, 0xC0, 0x00, 0x00, 0x01, 0xFE, 0x0F, 0xFC, 0x7F, 0xF3, 0x9F, 0x80,
    0x3F, 0xFF, 0xFF, 0xFF, 0xFF, 0xFF, 0xC3, 0xFF, 0x3E, 0x7F, 0xF3, 0xFF, 0x07, 0xE0, 0x00, 0xE7,
    0x80, 0x00, 0xFB, 0xC0, 0x00, 0x7D, 0xE0, 0x00, 0x1C, 0xF0, 0x00, 0x00, 0x00, 0x00, 0x00, 0x00,
    0x03, 0xF0, 0xF8, 0x7C, 0xFC, 0x7C, 0x7E, 0x3E, 0x3E, 0x7E, 0x1F, 0x9F, 0x7E, 0x07, 0xEF, 0xBE,
    0x01, 0xFF, 0xFE, 0x00, 0x7F, 0xFF, 0x00, 0x1F, 0xFF, 0x00, 0x0F, 0xFF, 0x00, 0x07, 0xFF, 0xC0,
    0x07, 0xFF, 0xF0, 0x07, 0xDF, 0xFC, 0x07, 0xCF, 0xBF, 0x07, 0xE7, 0xCF, 0x87, 0xE3, 0xE3, 0xE3,
    0xE1, 0xF1, 0xFB, 0xE0, 0xF8, 0x7C, 0x03, 0xCE, 0x00, 0x1E, 0xF8, 0x00, 0xF7, 0xC0, 0x07, 0x9C,
    0x00, 0x00, 0x00, 0x00, 0x00, 0x03, 0xF3, 0xE3, 0xEF, 0x9F, 0x3E, 0x3E, 0xFB, 0xE0, 0xFF, 0xFF,
    0x07, 0xFF, 0xF0, 0x1F, 0xFF, 0x00, 0x7F, 0xF0, 0x07, 0xFF, 0xC0, 0x7F, 0xFF, 0x07, 0xFF, 0x7C,
    0x3E, 0xFB, 0xF3, 0xE7, 0xCF, 0xBE, 0x3E, 0x3E, 0x3C, 0xF0, 0x79, 0xE0, 0xF3, 0xC1, 0xE7, 0x80,
    0x00, 0x00, 0x00, 0x0F, 0xF8, 0x3F, 0xF8, 0x7F, 0xF8, 0x71, 0xF8, 0x01, 0xF0, 0x03, 0xE0, 0x1F,
    0x83, 0xFF, 0x07, 0xFC, 0x0F, 0xFE, 0x00, 0xFC, 0x00, 0x78, 0x00, 0xF3, 0xC7, 0xE7, 0xFF, 0xDF,
    0xFF, 0x0F, 0xFC, 0x00, 0x79, 0xC7, 0xBE, 0x7B, 0xE7, 0x9C, 0x00, 0x00, 0x00, 0x7F, 0xC7, 0xFE,
    0x7F, 0xE7, 0x3E, 0x01, 0xE3, 0xFE, 0x3F, 0xE3, 0xFE, 0x01, 0xF7, 0x1F, 0x7F, 0xF7, 0xFE, 0x7F,
    0xC0, 0x7F, 0xFD, 0xFF, 0xF7, 0xFF, 0xC0, 0x7E, 0x03, 0xF0, 0x1F, 0x80, 0xFC, 0x03, 0xFC, 0x0F,
    0xF8, 0x07, 0xF0, 0x07, 0xC0, 0x0F, 0x00, 0x7D, 0xE3, 0xF7, 0xFF, 0xBF, 0xFE, 0x3F, 0xE0, 0xFF,
    0xFF, 0xFF, 0xFF, 0xF0, 0x3E, 0x07, 0xC0, 0x7C, 0x0F, 0x81, 0xF0, 0x1F, 0xC1, 0xFE, 0x03, 0xF0,
    0x1F, 0x00, 0xF0, 0x0F, 0x63, 0xFF, 0xFF, 0xFF, 0xEF, 0xF8, 0x1F, 0xF0, 0x3F, 0xE0, 0x7F, 0xC0,
    0x00, 0x00, 0x00, 0x00, 0x00, 0x3C, 0x07, 0xF8, 0x1F, 0xF0, 0x7F, 0xE1, 0xFF, 0xC7, 0xFF, 0x8F,
    0xFF, 0x3F, 0xFE, 0xFB, 0xFF, 0xE7, 0xFF, 0xCF, 0xFF, 0x1F, 0xFC, 0x3F, 0xF8, 0x7F, 0xE0, 0xFF,
    0x81, 0xFF, 0x03, 0xFC, 0x07, 0x80, 0x3F, 0xE1, 0xFF, 0x0F, 0xF8, 0x00, 0x00, 0x00, 0x00, 0x03,
    0xE1, 0xFF, 0x1F, 0xF9, 0xFF, 0xDF, 0xFE, 0xFF, 0xFF, 0xFF, 0xFF, 0xFF, 0xBF, 0xF9, 0xFF, 0xCF,
    0xFC, 0x7F, 0xC3, 0xFE, 0x1E, 0x1E, 0x70, 0x3D, 0xF0, 0x7B, 0xE0, 0xF3, 0x80, 0x00, 0x00, 0x00,
    0x3C, 0x07, 0xF8, 0x1F, 0xF0, 0x7F, 0xE1, 0xFF, 0xC7, 0xFF, 0x8F, 0xFF, 0x3F, 0xFE, 0xFB, 0xFF,
    0xE7, 0xFF, 0xCF, 0xFF, 0x1F, 0xFC, 0x3F, 0xF8, 0x7F, 0xE0, 0xFF, 0x81, 0xFF, 0x03, 0xFC, 0x07,
    0x80, 0x3C, 0xE1, 0xE7, 0x8F, 0x3C, 0x79, 0xC0, 0x00, 0x00, 0x03, 0xE1, 0xFF, 0x1F, 0xF9, 0xFF,
    0xDF, 0xFE, 0xFF, 0xFF, 0xFF, 0xFF, 0xFF, 0xBF, 0xF9, 0xFF, 0xCF, 0xFC, 0x7F, 0xC3, 0xFE, 0x1E,
    0x0F, 0x38, 0x03, 0xCF, 0x00, 0xF3, 0xC0, 0x3C, 0xF0, 0x00, 0x00, 0x00, 0x00, 0x00, 0x7F, 0x80,
    0x7F, 0xF8, 0x3F, 0xFF, 0x1F, 0xCF, 0xC7, 0xC0, 0xFB, 0xE0, 0x3E, 0xF8, 0x07, 0xFE, 0x01, 0xFF,
    0x80, 0x7F, 0xE0, 0x1F, 0xF8, 0x07, 0xFE, 0x03, 0xE7, 0xC0, 0xF9, 0xFC, 0xFE, 0x3F, 0xFF, 0x07,
    0xFF, 0x80, 0x7F, 0x80, 0x3C, 0xE0, 0xF7, 0xC3, 0xDF, 0x0F, 0x38, 0x00, 0x00, 0x00, 0x01, 0xFC,
    0x0F, 0xF8, 0x7F, 0xF3, 0xF7, 0xEF, 0x8F, 0xBC, 0x1E, 0xF0, 0x7B, 0xC1, 0xEF, 0x8F, 0xBF, 0x7E,
    0x7F, 0xF0, 0xFF, 0x81, 0xFC, 0x00, 0x07, 0xF8, 0x07, 0xFF, 0x83, 0xFF, 0xF1, 0xFC, 0xFC, 0x7C,
    0x0F, 0xBE, 0x03, 0xEF, 0x80, 0x7F, 0xFF, 0xFF, 0xFF, 0xFF, 0xFF, 0xFF, 0xFF, 0x80, 0x7F, 0xE0,
    0x3E, 0x7C, 0x0F, 0x9F, 0xCF, 0xE3, 0xFF, 0xF0, 0x7F, 0xF8, 0x07, 0xF8, 0x00, 0x1F, 0xC0, 0xFF,
    0x87, 0xFF, 0x3F, 0x7E, 0xF0, 0x7B, 0xFF, 0xEF, 0xFF, 0xBC, 0x1E, 0xF8, 0xFB, 0xF7, 0xE7, 0xFF,
    0x0F, 0xF8, 0x1F, 0xC0, 0x0F, 0x38, 0x03, 0xCF, 0x00, 0xF3, 0xC0, 0x3C, 0xF0, 0x00, 0x00, 0x00,
    0x00, 0x00, 0x7F, 0x80, 0x7F, 0xF8, 0x3F, 0xFF, 0x1F, 0xCF, 0xC7, 0xC0, 0xFB, 0xE0, 0x3E, 0xF8,
    0x07, 0xFF, 0xFF, 0xFF, 0xFF, 0xFF, 0xFF, 0xFF, 0xF8, 0x07, 0xFE, 0x03, 0xE7, 0xC0, 0xF9, 0xFC,
    0xFE, 0x3F, 0xFF, 0x07, 0xFF, 0x80, 0x7F, 0x80, 0x39, 0xE1, 0xF7, 0x87, 0xDE, 0x0E, 0x78, 0x00,
    0x00, 0x00, 0x01, 0xFC, 0x0F, 0xF8, 0x7F, 0xF3, 0xF7, 0xEF, 0x07, 0xBF, 0xFE, 0xFF, 0xFB, 0xC1,
    0xEF, 0x8F, 0xBF, 0x7E, 0x7F, 0xF0, 0xFF, 0x81, 0xFC, 0x00, 0x3C, 0xE0, 0x7B, 0xE0, 0xF7, 0xC1,
    0xE7, 0x00, 0x00, 0x00, 0x00, 0x1F, 0xF0, 0x7F, 0xF8, 0xFF, 0xF8, 0xE3, 0xF8, 0x01, 0xF0, 0x01,
    0xF0, 0x03, 0xE3, 0xFF, 0xC7, 0xFF, 0x8F, 0xFF, 0x00, 0x3E, 0x00, 0x7C, 0x01, 0xF3, 0xCF, 0xEF,
    0xFF, 0x9F, 0xFE, 0x1F, 0xF0, 0x00, 0x39, 0xE3, 0xEF, 0x1F, 0x78, 0x73, 0xC0, 0x00, 0x00, 0x01,
    0xFE, 0x0F, 0xFC, 0x7F, 0xE3, 0x9F, 0x80, 0x3C, 0x3F, 0xE1, 0xFF, 0x8F, 0xF8, 0x03, 0xCE, 0x7E,
    0x7F, 0xE3, 0xFF, 0x1F, 0xE0, 0x0F, 0xF8, 0x07, 0xFC, 0x03, 0xFE, 0x00, 0x00, 0x00, 0x00, 0x00,
    0x00, 0x03, 0xE0, 0x7C, 0xF8, 0x3E, 0x7C, 0x1F, 0x1F, 0x1F, 0x0F, 0x8F, 0x83, 0xE7, 0x81, 0xF7,
    0xC0, 0x7F, 0xC0, 0x3F, 0xE0, 0x0F, 0xF0, 0x03, 0xF0, 0x01, 0xF8, 0x00, 0xF8, 0x04, 0xFC, 0x07,
    0xFC, 0x03, 0xFC, 0x01, 0xFC, 0x00, 0x1F, 0xE0, 0x7F, 0x81, 0xFE, 0x00, 0x00, 0x00, 0x00, 0x00,
    0x0F, 0x87, 0xFE, 0x1E, 0x78, 0x79, 0xF3, 0xE7, 0xCF, 0x0F, 0x3C, 0x3F, 0xF0, 0xFF, 0x81, 0xFE,
    0x07, 0xF8, 0x0F, 0xC0, 0x3F, 0x00, 0x78, 0x03, 0xE0, 0x5F, 0x03, 0xFC, 0x0F, 0xE0, 0x3F, 0x00,
    0x0E, 0x38, 0x07, 0xBE, 0x03, 0xDF, 0x01, 0xC7, 0x00, 0x00, 0x00, 0x00, 0x03, 0xE0, 0x7C, 0xF8,
    0x3E, 0x7C, 0x1F, 0x1F, 0x1F, 0x0F, 0x8F, 0x83, 0xE7, 0x81, 0xF7, 0xC0, 0x7F, 0xC0, 0x3F, 0xE0,
    0x0F, 0xF0, 0x03, 0xF0, 0x01, 0xF8, 0x00, 0xF8, 0x04, 0xFC, 0x07, 0xFC, 0x03, 0xFC, 0x01, 0xFC,
    0x00, 0x3C, 0xE0, 0xF7, 0xC3, 0xDF, 0x0F, 0x38, 0x00, 0x00, 0x00, 0x0F, 0x87, 0xFE, 0x1E, 0x78,
    0x79, 0xF3, 0xE7, 0xCF, 0x0F, 0x3C, 0x3F, 0xF0, 0xFF, 0x81, 0xFE, 0x07, 0xF8, 0x0F, 0xC0, 0x3F,
    0x00, 0x78, 0x03, 0xE0, 0x5F, 0x03, 0xFC, 0x0F, 0xE0, 0x3F, 0x00, 0x03, 0x18, 0x01, 0xCE, 0x01,
    0xEF, 0x00, 0xE7, 0x80, 0xF7, 0x80, 0x73, 0x80, 0x00, 0x01, 0xF0, 0x3E, 0x7C, 0x1F, 0x3E, 0x0F,
    0x8F, 0x8F, 0x87, 0xC7, 0xC1, 0xF3, 0xC0, 0xFB, 0xE0, 0x3F, 0xE0, 0x1F, 0xF0, 0x07, 0xF8, 0x01,
    0xF8, 0x00, 0xFC, 0x00, 0x7C, 0x02, 0x7E, 0x03, 0xFE, 0x01, 0xFE, 0x00, 0xFE, 0x00, 0x06, 0x30,
    0x3D, 0xE0, 0xF7, 0x87, 0xBC, 0x3D, 0xE0, 0x63, 0x00, 0x00, 0x3E, 0x1F, 0xF8, 0x79, 0xE1, 0xE7,
    0xCF, 0x9F, 0x3C, 0x3C, 0xF0, 0xFF, 0xC3, 0xFE, 0x07, 0xF8, 0x1F, 0xE0, 0x3F, 0x00, 0xFC, 0x01,
    0xE0, 0x0F, 0x81, 0x7C, 0x0F, 0xF0, 0x3F, 0x80, 0xFC, 0x00, 0x1C, 0xF0, 0xF3, 0xC3, 0xCF, 0x0F,
    0x3C, 0x00, 0x00, 0x00, 0x0F, 0x03, 0xFC, 0x0F, 0xF0, 0x3F, 0xC0, 0xFF, 0x03, 0xFC, 0x0F, 0xF8,
    0x3F, 0xF1, 0xFF, 0xFF, 0xDF, 0xFF, 0x3F, 0xFC, 0x00, 0xF0, 0x03, 0xC0, 0x0F, 0x00, 0x3C, 0x00,
    0xF0, 0x03, 0xC0, 0x79, 0xC7, 0xBE, 0x7B, 0xE7, 0x9C, 0x00, 0x00, 0x00, 0xF1, 0xFF, 0x1F, 0xF1,
    0xFF, 0x1F, 0xF1, 0xFF, 0x9F, 0xFF, 0xF7, 0xFF, 0x3F, 0xF0, 0x1F, 0x01, 0xF0, 0x1F, 0x01, 0xF0,
    0xFF, 0xFF, 0xFF, 0xFF, 0xFF, 0x00, 0xF0, 0x0F, 0x00, 0xF0, 0x0F, 0x00, 0xF0, 0x0F, 0x00, 0xF0,
    0x0F, 0x00, 0xF0, 0x0F, 0x00, 0xFE, 0x0F, 0xE0, 0xFE, 0x01, 0xE0, 0x1E, 0x01, 0xE0, 0x1E, 0x01,
    0xE0, 0xFF, 0xDF, 0xFB, 0xFF, 0x7C, 0x0F, 0x81, 0xF0, 0x3E, 0x07, 0xC0, 0xF8, 0x1F, 0x03, 0xF8,
    0x7F, 0x0F, 0xE0, 0x3C, 0x07, 0x80, 0xF0, 0x1E, 0x00, 0x07, 0x9C, 0x00, 0x7B, 0xE0, 0x07, 0xBE,
    0x00, 0x79, 0xC0, 0x00, 0x00, 0x00, 0x00, 0x00, 0xF0, 0x01, 0xFF, 0x00, 0x1F, 0xF0, 0x01, 0xFF,
    0x00, 0x1F, 0xF0, 0x01, 0xFF, 0x00, 0x1F, 0xFF, 0xC1, 0xFF, 0xFF, 0x1F, 0xFF, 0xF9, 0xFF, 0x3F,
    0x9F, 0xF0, 0xF9, 0xFF, 0x07, 0x9F, 0xF0, 0xF9, 0xFF, 0x1F, 0x9F, 0xFF, 0xF9, 0xFF, 0xFF, 0x1F,
    0xFF, 0xC1, 0xF0, 0x07, 0x3C, 0x03, 0xEF, 0x00, 0xFB, 0xC0, 0x1C, 0xF0, 0x00, 0x00, 0x00, 0x00,
    0x0F, 0x80, 0x3F, 0xE0, 0x0F, 0xF8, 0x03, 0xFE, 0x00, 0xFF, 0xFC, 0x3F, 0xFF, 0x8F, 0xFF, 0xF3,
    0xFE, 0x7C, 0xFF, 0x8F, 0xBF, 0xE7, 0xCF, 0xFF, 0xF3, 0xFF, 0xFC, 0xF7, 0xFC, 0x3C, 0x03, 0x00,
    0x03, 0xC0, 0x01, 0xF0, 0x00, 0x7C, 0x00, 0x1E, 0x00, 0x06, 0x00, 0x00, 0x01, 0xF0, 0x3F, 0x7C,
    0x1F, 0x3E, 0x1F, 0x0F, 0x8F, 0x87, 0xCF, 0x81, 0xF7, 0xC0, 0xFF, 0xC0, 0x3F, 0xE0, 0x0F, 0xE0,
    0x07, 0xE0, 0x01, 0xF0, 0x00, 0xF8, 0x00, 0x7C, 0x00, 0x3E, 0x00, 0x1F, 0x00, 0x0F, 0x80, 0x07,
    0xC0, 0x0C, 0x00, 0x78, 0x01, 0xF0, 0x03, 0xE0, 0x07, 0x80, 0x0C, 0x00, 0x00, 0x3E, 0x1F, 0xF8,
    0x79, 0xE1, 0xE7, 0xCF, 0x9F, 0x3C, 0x3C, 0xF0, 0xFF, 0xC3, 0xFE, 0x07, 0xF8, 0x1F, 0xE0, 0x3F,
    0x00, 0xFC, 0x01, 0xE0, 0x0F, 0x81, 0x7C, 0x0F, 0xF0, 0x3F, 0x80, 0xFC, 0x00, 0xFF, 0xFF, 0xFF,
    0xFF, 0xFE, 0xFF, 0xFF, 0xFF, 0xFF, 0xFF, 0xFF, 0xFF, 0xFF, 0xFF, 0xE0, 0xFF, 0xFF, 0xFF, 0xFF,
    0xFF, 0xFF, 0xFF, 0xFF, 0xFF, 0xE0, 0x7B, 0xFD, 0xEF, 0x7B, 0xC0, 0x79, 0xE7, 0x9E, 0x7B, 0xCF,
    0x00, 0x79, 0xE7, 0x9E, 0x7B, 0xCF, 0x00, 0x79, 0xDE, 0xFF, 0x3F, 0xDE, 0xF7, 0xBD, 0xEF, 0x78,
    0x7B, 0xEF, 0x7D, 0xEF, 0xBD, 0xE7, 0xBD, 0xE7, 0xBC, 0xE0, 0x7B, 0xEF, 0x7D, 0xEF, 0xBD, 0xE7,
    0xBD, 0xE7, 0xBC, 0xE0, 0x0F, 0x00, 0xF0, 0x0F, 0x00, 0xF0, 0x0F, 0x0F, 0xFF, 0xFF, 0xFF, 0xFF,
    0x0F, 0x00, 0xF0, 0x0F, 0x00, 0xF0, 0x0F, 0x00, 0xF0, 0x0F, 0x00, 0xF0, 0x0F, 0x00, 0xF0, 0x0F,
    0x00, 0x70, 0x07, 0x00, 0x0F, 0x00, 0xF0, 0x0F, 0x00, 0xF0, 0x0F, 0x0F, 0xFF, 0xFF, 0xFF, 0xFF,
    0x0F, 0x00, 0xF0, 0x0F, 0x00, 0xF0, 0xFF, 0xFF, 0xFF, 0xFF, 0xF0, 0xF0, 0x0F, 0x00, 0xF0, 0x0F,
    0x00, 0x70, 0x07, 0x00, 0x3E, 0x3F, 0x9F, 0xCF, 0xE7, 0xF3, 0xF8, 0xF8, 0x78, 0x38, 0x3D, 0xF0,
    0xF8, 0x7F, 0xE1, 0xF0, 0xFF, 0xC3, 0xE1, 0xF7, 0x83, 0x83, 0xC0, 0x3F, 0x03, 0xC0, 0x00, 0x3F,
    0xC3, 0xE0, 0x00, 0x1E, 0xF1, 0xE0, 0x00, 0x0E, 0x79, 0xE0, 0x00, 0x07, 0x1C, 0xF0, 0x00, 0x03,
    0x9E, 0xF0, 0x00, 0x01, 0xEF, 0xF8, 0x00, 0x00, 0xFF, 0x78, 0x00, 0x00, 0x3F, 0x7D, 0xF8, 0x7E,
    0x00, 0x3D, 0xFE, 0x7F, 0x80, 0x3D, 0xEF, 0x7B, 0xC0, 0x1E, 0xF3, 0xBC, 0xE0, 0x1E, 0x71, 0xDC,
    0x70, 0x1F, 0x3C, 0xEF, 0x38, 0x0F, 0x1E, 0xF7, 0xBC, 0x0F, 0x87, 0xF9, 0xFE, 0x07, 0x81, 0xF8,
    0x7E, 0x00, 0x00, 0x0E, 0x1F, 0x3E, 0x7C, 0x7C, 0xF8, 0x7C, 0x7C, 0x3E, 0x1F, 0x0E, 0x08, 0x10,
    0x78, 0x78, 0x7C, 0x3E, 0x3E, 0x1F, 0x3E, 0x3E, 0x7C, 0x78, 0x78, 0x10, 0x00, 0x78, 0x01, 0xE0,
    0x0F, 0x80, 0x3C, 0x01, 0xF0, 0x07, 0x80, 0x3C, 0x00, 0xF0, 0x07, 0x80, 0x1E, 0x00, 0xF0, 0x03,
    0xC0, 0x1E, 0x00, 0x78, 0x03, 0xC0, 0x0F, 0x00, 0x78, 0x01, 0xE0, 0x00, 0x3E, 0x3F, 0xBD, 0xFE,
    0x7E, 0x3F, 0x1F, 0xCF, 0xEF, 0x7F, 0x1F, 0x00, 0x0F, 0x0F, 0x87, 0xC7, 0xE7, 0x73, 0xBB, 0xFF,
    0xFF, 0x07, 0x03, 0x80, 0x7F, 0x3F, 0x9C, 0x0E, 0x07, 0xE3, 0xF8, 0x3C, 0x8E, 0x7F, 0x7F, 0x00,
    0x0F, 0x1F, 0x9F, 0x8F, 0x07, 0xF7, 0xFB, 0xDE, 0xEF, 0x7F, 0x1F, 0x00, 0xFF, 0xFF, 0xC3, 0xC1,
    0xE1, 0xE0, 0xF0, 0x70, 0x78, 0x3C, 0x1E, 0x00, 0x3F, 0x3F, 0xBD, 0xEE, 0xE7, 0xF3, 0xFB, 0xDF,
    0xEF, 0xFF, 0xBF, 0x80, 0x3E, 0x3F, 0xBD, 0xDE, 0xF7, 0xFB, 0xFC, 0x1C, 0x3E, 0x7E, 0x3E, 0x00,
    0x3E, 0x3F, 0xBD, 0xFE, 0x7E, 0x3F, 0x1F, 0xCF, 0xEF, 0x7F, 0x1F, 0x00, 0x1E, 0xFD, 0xFB, 0xF0,
    0xE1, 0xC3, 0x87, 0x0E, 0x1C, 0x7E, 0x7F, 0x9B, 0xC1, 0xE1, 0xF1, 0xF1, 0xF0, 0xF0, 0x7F, 0x7F,
    0x80, 0x7E, 0xFF, 0x6F, 0x0F, 0x3E, 0x3F, 0x0F, 0x47, 0xFF, 0xFE, 0x0F, 0x0F, 0x87, 0xC7, 0xE7,
    0x73, 0xBB, 0xFF, 0xFF, 0x07, 0x03, 0x80, 0x7F, 0x3F, 0x9C, 0x0E, 0x07, 0xE3, 0xF8, 0x3C, 0x8E,
    0x7F, 0x7F, 0x00, 0x0F, 0x1F, 0x9F, 0x8F, 0x07, 0xF7, 0xFB, 0xDE, 0xEF, 0x7F, 0x1F, 0x00, 0xFF,
    0xFF, 0xC3, 0xC1, 0xE1, 0xE0, 0xF0, 0x70, 0x78, 0x3C, 0x1E, 0x00, 0x3F, 0x3F, 0xBD, 0xEE, 0xE7,
    0xF3, 0xFB, 0xDF, 0xEF, 0xFF, 0xBF, 0x80, 0x3E, 0x3F, 0xBD, 0xDE, 0xF7, 0xFB, 0xFC, 0x1C, 0x3E,
    0x7E, 0x3E, 0x00, 0x07, 0xF8, 0x3F, 0xE1, 0xFF, 0x87, 0xC4, 0x3E, 0x00, 0xF0, 0x0F, 0xFE, 0x3F,
    0xF8, 0x7C, 0x01, 0xF0, 0x0F, 0xFE, 0x3F, 0xF0, 0x3C, 0x00, 0xFC, 0xE1, 0xFF, 0x87, 0xFE, 0x07,
    0xF8, 0xFF, 0xFF, 0xFF, 0xFF, 0xFF, 0xC1, 0xE0, 0x07, 0xB0, 0x1F, 0xC0, 0x7F, 0x07, 0xF8, 0x3F,
    0x80, 0xFF, 0xC1, 0x7F, 0x01, 0xFC, 0x3F, 0xC0, 0xFE, 0x01, 0xF8, 0x01, 0xE0, 0x07, 0x80, 0x1F,
    0xE0, 0xFF, 0xC3, 0xFF, 0x06, 0x3E, 0xFF, 0xFF, 0xFF, 0xFF, 0xFF, 0xC3, 0xF8, 0x1F, 0x83, 0xFF,
    0xFF, 0xFF, 0xFF, 0xFF, 0x7C, 0x01, 0xF9, 0xC3, 0xFF, 0x8F, 0xFE, 0x0F, 0xF0, 0xFF, 0xFF, 0xFF,
    0xFF, 0xFF, 0xC1, 0xF8, 0x01, 0xE3, 0xFF, 0xEF, 0xFF, 0x80, 0xF8, 0x0F, 0xE3, 0xFF, 0x0F, 0xF8,
    0x3F, 0xC0, 0xFC, 0x01, 0xF8, 0x01, 0xF0, 0x03, 0xE0, 0x07, 0xC0, 0x1F, 0xC0, 0x7F, 0xE0, 0x7F,
    0xE0, 0xCF, 0xC0, 0x07, 0xC0, 0x07, 0x83, 0xFF, 0x0F, 0xFE, 0x3F, 0xFC, 0xFC, 0xF9, 0xE0, 0xF3,
    0xC1, 0xE7, 0x83, 0xCF, 0x0F, 0x9F, 0x3E, 0x3F, 0xFC, 0x3F, 0xF0, 0x3F, 0x80, 0x03, 0xE0, 0x00,
    0xF8, 0x00, 0x7F, 0x00, 0x1F, 0xC0, 0x07, 0xF8, 0x03, 0xFE, 0x00, 0xF7, 0xC0, 0x7D, 0xF0, 0x1E,
    0x3C, 0x07, 0x8F, 0x83, 0xE3, 0xE0, 0xF0, 0x7C, 0x7C, 0x1F, 0x1F, 0x03, 0xC7, 0xFF, 0xFB, 0xFF,
    0xFE, 0xFF, 0xFF, 0x80, 0xFF, 0xFF, 0xFF, 0xFF, 0xFF, 0xFF, 0x81, 0xFF, 0x03, 0xFE, 0x07, 0xFC,
    0x0F, 0xF8, 0x1F, 0xF0, 0x3F, 0xE0, 0x7F, 0xC0, 0xFF, 0x81, 0xFF, 0x03, 0xFE, 0x07, 0xFC, 0x0F,
    0xF8, 0x1F, 0xF0, 0x3F, 0xE0, 0x7F, 0xC0, 0xFF, 0x81, 0xFF, 0x03, 0xE0, 0xFF, 0xFB, 0xFF, 0xEF,
    0xFF, 0x9F, 0x00, 0x3E, 0x00, 0xF8, 0x01, 0xF0, 0x03, 0xE0, 0x0F, 0x80, 0x1F, 0x00, 0xFC, 0x03,
    0xE0, 0x1F, 0x00, 0xFC, 0x03, 0xE0, 0x1F, 0x00, 0x7C, 0x03, 0xFF, 0xEF, 0xFF, 0xBF, 0xFE, 0xFF,
    0xFF, 0xFF, 0xFF, 0xF0, 0x00, 0x78, 0x01, 0xE0, 0x0F, 0x80, 0x3C, 0x01, 0xF0, 0x07, 0x80, 0x3C,
    0x00, 0xF0, 0x07, 0x80, 0x1E, 0x00, 0xF0, 0x03, 0xC0, 0x1E, 0x00, 0x78, 0x03, 0xC0, 0x0F, 0x00,
    0x78, 0x01, 0xE0, 0x00, 0x79, 0xFF, 0xDF, 0x78, 0x00, 0x0F, 0x00, 0x0F, 0x00, 0x1E, 0x00, 0x1E,
    0x00, 0x1E, 0x00, 0x3C, 0x00, 0x3C, 0x00, 0x3C, 0x1C, 0x78, 0x7E, 0x78, 0x7E, 0x78, 0x7F, 0xF0,
    0x7F, 0xF0, 0x0F, 0xF0, 0x07, 0xE0, 0x07, 0xE0, 0x03, 0xE0, 0x03, 0xC0, 0x3E, 0x7C, 0x7F, 0xFE,
    0x7F, 0xFE, 0xF7, 0xEE, 0xF7, 0xEE, 0x7F, 0xFE, 0x7F, 0xFE, 0x3E, 0x7C, 0x00, 0x01, 0xF0, 0xFC,
    0x7F, 0x1F, 0x07, 0x81, 0xE0, 0x78, 0x1E, 0x07, 0x81, 0xE0, 0x78, 0x1E, 0x07, 0x81, 0xE0, 0x78,
    0x1E, 0x07, 0x81, 0xE0, 0x78, 0x3E, 0x3F, 0x8F, 0xC3, 0xE0, 0x00, 0x00, 0x3E, 0x1D, 0xFE, 0xF7,
    0xFF, 0xBD, 0xFE, 0x71, 0xF0, 0x00, 0x03, 0xE1, 0xDF, 0xEF, 0x7F, 0xFB, 0xDF, 0xE7, 0x1F, 0x00,
    0x00, 0xC0, 0x1E, 0x01, 0xCF, 0xFF, 0xFF, 0xFF, 0xFF, 0x07, 0x00, 0xF0, 0xFF, 0xFF, 0xFF, 0xFF,
    0xF3, 0x80, 0x78, 0x03, 0x00, 0x01, 0xF3, 0xFF, 0xFF, 0xFF, 0xFF, 0xFF, 0xEF, 0xC0, 0xFF, 0xEF,
    0xFF, 0xFF, 0xF3, 0xFF, 0x01, 0xF0, 0x00, 0xFF, 0xFF, 0xFF, 0xFF, 0xF0, 0x78, 0x0F, 0xFC, 0xFF,
    0xFF, 0xFF, 0x3F, 0xF0, 0x3F, 0x7F, 0xFF, 0xFF, 0xFF, 0xFF, 0xFC, 0x78, 0x00, 0x00, 0xFF, 0xFF,
    0xFF, 0xFF, 0xF0, 0x10, 0x0F, 0x07, 0xE0, 0xFC, 0x1F, 0x03, 0xE0, 0x78, 0x18, 0x3E, 0x3F, 0x9C,
    0xEC, 0x36, 0x1B, 0x9D, 0xFC, 0x7C, 0x04, 0x0C, 0x07, 0x87, 0x83, 0xC3, 0xC3, 0xE3, 0xE1, 0xE1,
    0xE0, 0xF1, 0xF0, 0xF0, 0xF0, 0x78, 0x78, 0x38, 0x78, 0x3C, 0x3C, 0x1C, 0x1C, 0x0E, 0x1E, 0x06,
    0x06, 0x00, 0x00, 0x10, 0x00, 0x01, 0xF8, 0x00, 0x03, 0xE0, 0x60, 0x0F, 0x00, 0x70, 0x0C, 0x00,
    0x78, 0x18, 0x00, 0x6C, 0x30, 0x00, 0x6E, 0x30, 0x00, 0x66, 0x60, 0x1C, 0x63, 0x60, 0x1E, 0xE3,
    0x60, 0x1F, 0xC3, 0x60, 0x19, 0x03, 0x60, 0x18, 0x03, 0x60, 0x78, 0x03, 0x60, 0xF8, 0x03, 0x60,
    0xD8, 0x03, 0x61, 0x98, 0x03, 0x30, 0xC8, 0x06, 0x30, 0xE0, 0x0E, 0x18, 0x60, 0x0C, 0x1C, 0x60,
    0x38, 0x0F, 0xE0, 0x70, 0x07, 0xE3, 0xE0, 0x01, 0x8F, 0x80, 0x00, 0x0C, 0x00, 0x00, 0x00, 0x00,
    0x1E, 0x00, 0x01, 0xE0, 0x00, 0x1E, 0x00, 0x03, 0xC0, 0x00, 0x3C, 0x00, 0x07, 0xFF, 0xE0, 0x7F,
    0xFF, 0x0F, 0xFF, 0xF0, 0xF0, 0x1E, 0x1F, 0x03, 0xE3, 0xE0, 0x3C, 0x3E, 0x07, 0xC7, 0xD8, 0x78,
    0xF9, 0xEF, 0x8F, 0x3F, 0xF0, 0x21, 0xFE, 0x00, 0x07, 0xF0, 0x00, 0x3F, 0x80, 0x00, 0xFC, 0x00,
    0x07, 0x80, 0x00, 0x30, 0x00, 0x00, 0x00, 0x00, 0x00, 0xC0, 0x00, 0x1E, 0x00, 0x03, 0xE0, 0x00,
    0x7C, 0x06, 0x07, 0xC0, 0xF8, 0xF8, 0x1F, 0xDF, 0x00, 0xFF, 0xE0, 0x03, 0xFC, 0x00, 0x1F, 0xC0,
    0x00, 0xFF, 0x00, 0x1F, 0xF8, 0x23, 0xFF, 0xCF, 0x3E, 0xFE, 0xF7, 0xC3, 0xEF, 0xF8, 0x1C, 0xFF,
    0x00, 0x8F, 0xF0, 0x00, 0xFE, 0x00, 0x07, 0xC0, 0x00, 0xF8, 0x00, 0x07, 0x80, 0x00, 0x10, 0x00,
    0x00, 0x00, 0x00, 0x00, 0x03, 0xFE, 0x00, 0x1F, 0xFF, 0x00, 0x7F, 0xFF, 0x01, 0xFC, 0x7F, 0x07,
    0xC0, 0x1F, 0x1F, 0x00, 0x1F, 0x3C, 0x00, 0x1E, 0xF8, 0x00, 0x3F, 0xE0, 0x00, 0x3F, 0xC0, 0x00,
    0x7F, 0x80, 0x00, 0xFE, 0x00, 0x01, 0xFE, 0x00, 0x03, 0xFC, 0x00, 0x07, 0xF8, 0x00, 0x0F, 0xF8,
    0x00, 0x3E, 0xF0, 0x00, 0x79, 0xF0, 0x01, 0xF1, 0xF0, 0x07, 0xC1, 0xFC, 0x7F, 0x01, 0xFF, 0xFC,
    0x01, 0xFF, 0xF0, 0x00, 0xFF, 0x80, 0x00, 0x00, 0x00, 0x00, 0x80, 0x3C, 0x0F, 0x01, 0xE0, 0x78,
    0x0F, 0x03, 0xC0, 0xF0, 0x1E, 0x07, 0x80, 0xF0, 0x3C, 0x07, 0x80, 0xF0, 0x0F, 0x00, 0xF0, 0x1E,
    0x01, 0xE0, 0x3C, 0x03, 0xC0, 0x3C, 0x07, 0x80, 0x78, 0x0E, 0x20, 0x3C, 0x07, 0x01, 0xE0, 0x3C,
    0x0F, 0x01, 0xE0, 0x3C, 0x0F, 0x01, 0xE0, 0x78, 0x0F, 0x03, 0xC0, 0xF0, 0x78, 0x3C, 0x0F, 0x07,
    0x81, 0xE0, 0xF0, 0x78, 0x1E, 0x0F, 0x01, 0xC0, 0x06, 0x30, 0x3B, 0xC1, 0xDC, 0x1C, 0xE0, 0xEE,
    0x0E, 0x70, 0x77, 0x03, 0xB8, 0x3B, 0xC1, 0xDC, 0x1C, 0xE0, 0xEE, 0x07, 0x70, 0x3B, 0x80, 0xEE,
    0x07, 0x70, 0x39, 0xC0, 0xEE, 0x07, 0x38, 0x1D, 0xC0, 0xEE, 0x07, 0xB8, 0x1D, 0xC0, 0xE6, 0x62,
    0x07, 0xB8, 0x1D, 0xC0, 0xE7, 0x03, 0xB8, 0x1D, 0xE0, 0x77, 0x03, 0xB8, 0x1E, 0xE0, 0x77, 0x03,
    0x9C, 0x0E, 0xE0, 0x77, 0x07, 0xB8, 0x3B, 0x81, 0xDC, 0x1C, 0xE0, 0xEE, 0x0E, 0x70, 0x77, 0x03,
    0xB8, 0x3B, 0xC1, 0xDC, 0x0C, 0xE0, 0x7F, 0xDF, 0xF7, 0xFD, 0xC0, 0x70, 0x1C, 0x07, 0x01, 0xC0,
    0x70, 0x1C, 0x07, 0x01, 0xC0, 0x70, 0x1C, 0x07, 0x01, 0xC0, 0x70, 0x00, 0x03, 0x81, 0xC0, 0xE0,
    0x70, 0x38, 0x1C, 0x0E, 0x07, 0x03, 0x81, 0xC0, 0xE0, 0x70, 0x38, 0x1F, 0xFF, 0xFF, 0xFF, 0x80,
    0x7F, 0xEC, 0x0D, 0x01, 0xA0, 0x34, 0xFE, 0x98, 0x13, 0x02, 0x60, 0x4C, 0x09, 0x81, 0x30, 0x26,
    0x04, 0xC0, 0x98, 0x13, 0x02, 0x60, 0x7C, 0x00, 0x00, 0x00, 0x01, 0xF0, 0x64, 0x19, 0x06, 0x41,
    0x90, 0x64, 0x19, 0x06, 0x41, 0x90, 0x64, 0x19, 0x06, 0x7F, 0x9C, 0x07, 0x01, 0xC0, 0xFF, 0xF0,
    0xFF, 0x7F, 0xBF, 0x9F, 0x8F, 0xC7, 0xC3, 0xE1, 0xE0, 0xF0, 0x78, 0x3C, 0x1E, 0x0F, 0x07, 0x83,
    0xC1, 0xE0, 0xF0, 0x7C, 0x3E, 0x1F, 0x0F, 0xC7, 0xF3, 0xF9, 0xFE, 0x7F, 0xBF, 0xCF, 0xE3, 0xF1,
    0xF8, 0x7C, 0x3E, 0x0F, 0x07, 0x83, 0xC1, 0xE0, 0xF0, 0x78, 0x3C, 0x1E, 0x0F, 0x07, 0x87, 0xC3,
    0xE1, 0xF1, 0xF9, 0xFD, 0xFE, 0xFF, 0xFF, 0xFF, 0xFF, 0xFF, 0xFF, 0xFF, 0xE0, 0x00, 0x00, 0x00,
    0x00, 0x00, 0x03, 0xFF, 0xFF, 0xFF, 0xFF, 0xFF, 0xFF, 0x80, 0xE0, 0x00, 0x70, 0x00, 0x38, 0x00,
    0x1C, 0x00, 0x0E, 0x00, 0x07, 0x00, 0x03, 0x80, 0x01, 0xC0, 0x00, 0xE0, 0x00, 0x70, 0x00, 0x00,
    0x00, 0xFF, 0xFF, 0xFF, 0xFF, 0xFF, 0xFF, 0xFF, 0xFF, 0xFF, 0xFF, 0xFF, 0xFF, 0xFF, 0xFF, 0xFF,
    0xFF, 0xFF, 0xFF, 0xFF, 0xFF, 0xFF, 0x00, 0x00, 0x00, 0x00, 0x00, 0x00, 0x00, 0x00, 0x00, 0x00,
    0x00, 0x00, 0x00, 0x7F, 0xFF, 0xFF, 0xFF, 0xFF, 0xFF, 0xFF, 0xFF, 0xFF, 0xFF, 0xFF, 0xFF, 0xFF,
    0xFF, 0xFF, 0xFF, 0xFF, 0xFF, 0xFF, 0xFF, 0xFF, 0x80, 0x06, 0x1E, 0x3E, 0xFC, 0xF0, 0xE0, 0xE0,
    0xE0, 0xE0, 0xE0, 0xE0, 0xE0, 0xE0, 0xE0, 0xE0, 0xE0, 0xE0, 0xE0, 0xE0, 0xF0, 0xF8, 0x7E, 0x1F,
    0x0E, 0x00, 0x60, 0xF8, 0x7C, 0x3F, 0x0F, 0x07, 0x07, 0x07, 0x07, 0x07, 0x07, 0x07, 0x07, 0x07,
    0x07, 0x07, 0x07, 0x07, 0x07, 0x0F, 0x1F, 0x7E, 0xF8, 0x70, 0x00, 0xFF, 0xB0, 0xCC, 0x63, 0x10,
    0xC8, 0x36, 0x0D, 0x03, 0xC0, 0xF0, 0x38, 0x0E, 0x03, 0x80, 0xE0, 0x38, 0x0E, 0x03, 0x80, 0xF0,
    0x3C, 0x0D, 0x03, 0x60, 0xCC, 0x31, 0x0C, 0x63, 0x0E, 0xFF, 0xC0, 0x7F, 0xCC, 0x31, 0x8C, 0x23,
    0x04, 0xC1, 0xB0, 0x2C, 0x0F, 0x03, 0xC0, 0x70, 0x1C, 0x07, 0x01, 0xC0, 0x70, 0x1C, 0x07, 0x03,
    0xC0, 0xF0, 0x2C, 0x1B, 0x0C, 0xC2, 0x31, 0x8D, 0xC3, 0xFF, 0xC0, 0x06, 0x0F, 0x8E, 0xDC, 0x7C,
    0x76, 0xE3, 0x61, 0xB0, 0xD8, 0x6C, 0x36, 0x1B, 0x0D, 0x86, 0xC3, 0x61, 0xB0, 0xD8, 0x6C, 0x37,
    0x19, 0xCE, 0x3B, 0xCC, 0x7C, 0x1C, 0x02, 0x00, 0x30, 0x3E, 0x1B, 0x9C, 0xF7, 0x18, 0xEC, 0x36,
    0x1B, 0x0D, 0x86, 0xC3, 0x61, 0xB0, 0xD8, 0x6C, 0x36, 0x1B, 0x0D, 0x86, 0xC7, 0x67, 0x3E, 0x3E,
    0x79, 0xF0, 0x70, 0x20, 0x00, 0x7F, 0xBF, 0xDB, 0x8D, 0xC6, 0xE3, 0x71, 0xB8, 0xDC, 0x6E, 0x37,
    0x1B, 0x8D, 0xC6, 0xE3, 0x71, 0xB8, 0xDC, 0x6E, 0x37, 0x1B, 0x8D, 0xC6, 0xE3, 0x71, 0xB8, 0xFF,
    0x7F, 0x80, 0xFF, 0xFF, 0x3B, 0x3B, 0x3B, 0x3B, 0x3B, 0x3B, 0x3B, 0x3B, 0x3B, 0x3B, 0x3B, 0x3B,
    0x3B, 0x3B, 0x3B, 0x3B, 0x3B, 0x3B, 0x3B, 0x3B, 0x3B, 0xFF, 0xFF, 0x00, 0x00, 0x00, 0x07, 0xF0,
    0x00, 0x07, 0xFE, 0x01, 0x07, 0xFF, 0x81, 0xE7, 0xE7, 0xFB, 0xF3, 0xC0, 0xFF, 0xF0, 0x40, 0x3F,
    0xF0, 0x00, 0x07, 0xF0, 0x00, 0x00, 0x00, 0x00, 0x60, 0x78, 0xFC, 0x7E, 0x1F, 0x67, 0x78, 0xFC,
    0x7E, 0x1F, 0x07, 0x06, 0x1E, 0x3F, 0x7E, 0xF8, 0xE6, 0x1E, 0x3F, 0x7E, 0xF8, 0xE0, 0xE0, 0xF8,
    0x7E, 0x3F, 0x1E, 0xE6, 0xF8, 0x7E, 0x3F, 0x1E, 0x06, 0x0F, 0xFF, 0xF8, 0x1F, 0xFF, 0xFC, 0x1F,
    0xFF, 0xFC, 0x00, 0x00, 0x00, 0x0F, 0xFF, 0xF8, 0x1F, 0xFF, 0xFC, 0x1F, 0xFF, 0xFC, 0x37, 0x9C,
    0xE6, 0x7F, 0xDD, 0xFF, 0x4F, 0xDD, 0xF9, 0x44, 0x9C, 0x91, 0x67, 0x9C, 0xF3, 0x37, 0x9C, 0xF6,
    0x19, 0x9C, 0xCC, 0x09, 0x80, 0xCC, 0x0C, 0xE3, 0x98, 0x06, 0x7F, 0x30, 0x03, 0xC1, 0xE0, 0x00,
    0xFF, 0x80, 0xF7, 0xBD, 0xEF, 0x7B, 0xDE, 0xF7, 0xBD, 0xEF, 0x7B, 0xDE, 0xF7, 0xBD, 0xEF, 0x38,
    0x01, 0xE0, 0x3C, 0x07, 0xF8, 0xFF, 0x1F, 0xE3, 0xFC, 0x7F, 0x8F, 0xF1, 0xFE, 0x3F, 0xC7, 0xF8,
    0xFF, 0x1F, 0xE3, 0xFC, 0x7F, 0x8F, 0xF1, 0xFE, 0x3F, 0xC7, 0x80, 0xF0, 0x1E, 0x03, 0xC0, 0x00,
    0x00, 0x00, 0x00, 0xF7, 0x00, 0x3D, 0xC0, 0x0F, 0x71, 0xE3, 0xDC, 0x78, 0xF7, 0x1E, 0x3D, 0xC7,
    0x8F, 0x71, 0xE3, 0xDC, 0x78, 0xF7, 0x1E, 0x3D, 0xC7, 0x8F, 0x71, 0xE3, 0xDC, 0x78, 0xF7, 0x1E,
    0x3D, 0xC7, 0x8F, 0x71, 0xE3, 0xDC, 0x78, 0xF7, 0x00, 0x3D, 0xC0, 0x0F, 0x70, 0x03, 0xC0, 0x00,
    0xF0, 0x00, 0x3C, 0x00, 0x00, 0xF0, 0x08, 0x03, 0xC0, 0x78, 0x0F, 0x03, 0xF0, 0x7C, 0x07, 0xE1,
    0xF0, 0x0F, 0xC7, 0x80, 0x1F, 0xBE, 0x00, 0x3F, 0xF0, 0x00, 0x7F, 0xC0, 0x00, 0xFE, 0x00, 0x01,
    0xF8, 0x00, 0x07, 0xF0, 0x00, 0x3F, 0xE0, 0x01, 0xFF, 0xC0, 0x1F, 0xDF, 0x00, 0xFE, 0x3E, 0x0F,
    0xF0, 0xFD, 0xFF, 0x81, 0xF7, 0xF8, 0x03, 0x0F, 0x80, 0x08, 0x18, 0x00, 0x00, 0x00, 0x00, 0x70,
    0x01, 0xE2, 0x0F, 0x9C, 0x3C, 0xF8, 0xF1, 0xE7, 0x83, 0x9E, 0x1E, 0xFE, 0xF9, 0xFF, 0xC1, 0xFE,
    0x07, 0xFC, 0x3F, 0xF9, 0xF1, 0xE7, 0x83, 0xDE, 0x0F, 0x78, 0x3D, 0xE0, 0xF7, 0xCF, 0xCF, 0xFE,
    0x1F, 0xF0, 0x3F, 0x80, 0x00, 0x38, 0x00, 0x00, 0x70, 0x00, 0x00, 0xE0, 0x00, 0x01, 0xC0, 0x00,
    0x03, 0x80, 0x00, 0x07, 0x00, 0x00, 0x00, 0x00, 0x7F, 0xFF, 0xFF, 0xFF, 0xFF, 0xFF, 0xFF, 0xFF,
    0xFC, 0x00, 0x00, 0x00, 0x00, 0x70, 0x00, 0x00, 0xE0, 0x00, 0x01, 0xC0, 0x00, 0x03, 0x80, 0x00,
    0x07, 0x00, 0x00, 0x00, 0x00, 0x7F, 0xFF, 0xFF, 0xFF, 0xFF, 0xFF, 0xFF, 0xFF, 0xFC, 0x00, 0x00,
    0x00, 0x00, 0x00, 0x00, 0x00, 0x00, 0x00, 0x00, 0x00, 0x00, 0x00, 0x00, 0x07, 0xFF, 0xF0, 0x0F,
    0xFF, 0xE0, 0x1F, 0xFF, 0xC0, 0x00, 0x38, 0x00, 0x00, 0x70, 0x00, 0x00, 0xE0, 0x00, 0x01, 0xC0,
    0x00, 0x03, 0x80, 0x00, 0x00, 0x00, 0x3F, 0xFF, 0xFF, 0x7F, 0xFF, 0xFE, 0xFF, 0xFF, 0xFC, 0x00,
    0x00, 0x00, 0x00, 0x00, 0x00, 0x00, 0x00, 0x00, 0xFF, 0xFE, 0x01, 0xFF, 0xFC, 0x03, 0xFF, 0xF8,
    0x00, 0x00, 0x00, 0x00, 0x00, 0x00, 0x00, 0x00, 0x00, 0x00, 0x00, 0x07, 0xFF, 0xFF, 0xEF, 0xFF,
    0xFF, 0xDF, 0xFF, 0xFF, 0x80, 0x00, 0x3C, 0x00, 0x00, 0x78, 0x00, 0x00, 0xF0, 0x00, 0x01, 0xE0,
    0x01, 0xFF, 0xFF, 0x03, 0xFF, 0xFE, 0x07, 0xFF, 0xFC, 0x00, 0x00, 0xF8, 0x1E, 0x01, 0xE0, 0x3E,
    0x07, 0xC0, 0x3C, 0x0F, 0x00, 0x7C, 0x3E, 0x00, 0x7E, 0xF8, 0x00, 0x7F, 0xE0, 0x00, 0x7F, 0xC0,
    0x00, 0x7F, 0x00, 0x00, 0xFF, 0x00, 0x07, 0xFF, 0x80, 0x3F, 0xFF, 0xC3, 0xFE, 0x3F, 0xE7, 0xF8,
    0x1F, 0xCF, 0xC0, 0x1F, 0x8E, 0x00, 0x0E, 0x00, 0x00, 0x00, 0x39, 0xFE, 0xFF, 0x7C, 0xE0, 0x39,
    0xFF, 0xFB, 0x7C, 0xE0, 0x73, 0xEF, 0xF7, 0xF9, 0xC0, 0x73, 0xED, 0xFF, 0xF9, 0xC0, 0x79, 0xF7,
    0xDE, 0x30, 0x79, 0xF7, 0xDE, 0x30, 0x03, 0x1E, 0x7D, 0xF7, 0x80, 0xC0, 0x3E, 0x01, 0xF0, 0x3F,
    0x81, 0xDC, 0x3D, 0xE1, 0xC7, 0x1C, 0x71, 0xC3, 0x9C, 0x1D, 0xE0, 0xFE, 0x0F, 0xE0, 0x3E, 0x03,
    0xE0, 0x00, 0x18, 0x00, 0x0F, 0x00, 0x0F, 0x80, 0x07, 0xC0, 0x07, 0xC0, 0x03, 0xC0, 0x03, 0xE0,
    0x01, 0xE0, 0x01, 0xF0, 0x01, 0xF0, 0x00, 0xF8, 0x00, 0xF8, 0x00, 0x7C, 0x00, 0x7C, 0x00, 0x3C,
    0x00, 0x3E, 0x00, 0x1E, 0x00, 0x1F, 0x00, 0x0F, 0x00, 0x0F, 0x80, 0x07, 0x80, 0x03, 0xC0, 0x01,
    0xE0, 0x00, 0xF0, 0x00, 0x78, 0x00, 0x3E, 0x00, 0x1F, 0x00, 0x07, 0xC0, 0x01, 0xE0, 0x00, 0xF8,
    0x00, 0x3E, 0x00, 0x1F, 0x00, 0x07, 0xC0, 0x03, 0xE0, 0x00, 0xF8, 0x00, 0x7C, 0x00, 0x1F, 0x00,
    0x07, 0x80, 0x03, 0xE0, 0x00, 0xF0, 0x00, 0x7C, 0x00, 0x1E, 0x00, 0x0F, 0x80, 0x07, 0xC0, 0x01,
    0xF0, 0x00, 0xF8, 0x00, 0x3E, 0x00, 0x1E, 0x00, 0x00, 0x00, 0x00, 0x18, 0x00, 0x01, 0xE0, 0x00,
    0x3E, 0x00, 0x03, 0xE0, 0x00, 0x7C, 0x00, 0x07, 0x80, 0x00, 0xF8, 0x00, 0x0F, 0x00, 0x01, 0xF0,
    0x00, 0x3E, 0x00, 0x03, 0xE1, 0xC0, 0x7C, 0xDC, 0x07, 0xDF, 0xE0, 0xF8, 0xEE, 0x0F, 0x0F, 0x41,
    0xF0, 0x70, 0x1E, 0x00, 0x03, 0xE0, 0x00, 0x3C, 0x00, 0x07, 0xC0, 0x00, 0x78, 0x00, 0x07, 0x80,
    0x00, 0x78, 0x00, 0x07, 0x80, 0x00, 0x78, 0x00, 0x07, 0xC0, 0x00, 0x7C, 0x00, 0x03, 0xE0, 0x00,
    0x1E, 0x00, 0x01, 0xF0, 0x00, 0x0F, 0x80, 0x00, 0xF8, 0x00, 0x07, 0xC0, 0x00, 0x7C, 0x00, 0x03,
    0xE0, 0x00, 0x3E, 0x00, 0x01, 0xF0, 0x00, 0x0F, 0x00, 0x00, 0xF8, 0x00, 0x07, 0x80, 0x00, 0x7C,
    0x00, 0x03, 0xC0, 0x00, 0x3E, 0x00, 0x03, 0xE0, 0x00, 0x1F, 0x00, 0x01, 0xF0, 0x00, 0x0F, 0x80,
    0x00, 0xF0, 0x00, 0x00, 0x00, 0x00, 0x18, 0x00, 0x1E, 0x00, 0x3E, 0x00, 0x3E, 0x00, 0x7C, 0x00,
    0x78, 0x00, 0xF8, 0x00, 0xF0, 0x01, 0xF0, 0x03, 0xE0, 0x03, 0xE0, 0x07, 0xC0, 0x07, 0x80, 0x0F,
    0x80, 0x0F, 0x00, 0x1F, 0x00, 0x1E, 0x00, 0x3E, 0x00, 0x3C, 0x00, 0x7C, 0x00, 0x78, 0x00, 0x78,
    0x00, 0x78, 0x00, 0x78, 0x00, 0x00, 0x18, 0x00, 0x01, 0xE0, 0x00, 0x3E, 0x00, 0x03, 0xE0, 0x00,
    0x7C, 0x00, 0x07, 0x80, 0x00, 0xF8, 0x00, 0x0F, 0x00, 0x01, 0xF0, 0x00, 0x3E, 0x00, 0x03, 0xE1,
    0xC0, 0x7C, 0xDC, 0x07, 0x9F, 0xE0, 0xF8, 0xEE, 0x0F, 0x0F, 0x41, 0xF0, 0x60, 0x1E, 0x00, 0x03,
    0xE0, 0x00, 0x3C, 0x00, 0x07, 0xC0, 0x00, 0x78, 0x00, 0x07, 0x80, 0x00, 0x78, 0x00, 0x07, 0x80,
    0x00, 0xF0, 0x00, 0xF8, 0x00, 0x78, 0x00, 0x7C, 0x00, 0x3E, 0x00, 0x3E, 0x00, 0x1F, 0x00, 0x0F,
    0x80, 0x0F, 0x80, 0x07, 0xC0, 0x07, 0xC0, 0x03, 0xE0, 0x03, 0xE0, 0x01, 0xF0, 0x00, 0xF0, 0x00,
    0xF8, 0x00, 0x78, 0x00, 0x7C, 0x00, 0x7C, 0x00, 0x3E, 0x00, 0x3E, 0x00, 0x1F, 0x00, 0x1E, 0x00,
    0x00, 0x00, 0x7F, 0x00, 0x01, 0xE3, 0xC0, 0x07, 0x00, 0x70, 0x0C, 0x00, 0x38, 0x18, 0x00, 0x0C,
    0x18, 0x00, 0x0C, 0x30, 0x00, 0x06, 0x27, 0xFF, 0xF2, 0x67, 0xFF, 0xF3, 0x60, 0x00, 0x03, 0x40,
    0x00, 0x01, 0x47, 0xFF, 0xF1, 0x47, 0xFF, 0xF1, 0x40, 0x1C, 0x01, 0x40, 0x1C, 0x01, 0x60, 0x1C,
    0x03, 0x60, 0x1C, 0x03, 0x20, 0x1C, 0x02, 0x30, 0x1C, 0x06, 0x10, 0x1C, 0x04, 0x18, 0x1C, 0x0C,
    0x0C, 0x18, 0x18, 0x07, 0x00, 0x70, 0x01, 0xE3, 0xC0, 0x00, 0x7F, 0x00, 0x30, 0xE3, 0x07, 0x38,
    0x7B, 0x87, 0x9E, 0x3D, 0xE3, 0xCF, 0x1C, 0xF1, 0xE3, 0xDE, 0x3D, 0xE1, 0xEF, 0x1E, 0xF0, 0x7F,
    0x07, 0xF0, 0x3F, 0x83, 0xF8, 0x0F, 0xC0, 0xFC, 0x07, 0xC0, 0x7C, 0x01, 0xE0, 0x1E, 0x00, 0xF0,
    0x0F, 0x00, 0x78, 0x07, 0x80, 0x7C, 0x07, 0xC0, 0x3F, 0x03, 0xF0, 0x3F, 0x83, 0xF8, 0x1F, 0xE1,
    0xFE, 0x1E, 0xF1, 0xEF, 0x0F, 0x38, 0xF3, 0xCF, 0x1E, 0xF1, 0xE7, 0x8F, 0x78, 0x77, 0x83, 0xF8,
    0x3D, 0xC1, 0x9C, 0x18, 0x00, 0x00, 0x00, 0x00, 0x78, 0x00, 0x00, 0xF0, 0x00, 0x01, 0xE0, 0x00,
    0x03, 0xC0, 0x00, 0x07, 0x80, 0x00, 0x0F, 0x00, 0x00, 0x1E, 0x00, 0x7F, 0xFF, 0xFF, 0xFF, 0xFF,
    0xFF, 0xFF, 0xFF, 0xFC, 0x01, 0xE0, 0x00, 0x03, 0xC0, 0x00, 0x07, 0x80, 0x00, 0x0F, 0x00, 0x00,
    0x1E, 0x00, 0x00, 0x3C, 0x00, 0x00, 0x78, 0x00, 0x00, 0xF0, 0x00, 0x01, 0xE0, 0x00, 0x03, 0xC0,
    0x00, 0x07, 0x80, 0x00, 0x0F, 0x00, 0x00, 0x1E, 0x00, 0x00, 0x1C, 0x00, 0x03, 0xC7, 0x80, 0x07,
    0x8F, 0x00, 0x0F, 0x1E, 0x00, 0x1E, 0x3C, 0x00, 0x3C, 0x78, 0x00, 0x78, 0xF0, 0x00, 0xF1, 0xE0,
    0x7F, 0xFF, 0xFF, 0xFF, 0xFF, 0xFF, 0xFF, 0xFF, 0xFC, 0x0F, 0x1E, 0x00, 0x1E, 0x3C, 0x00, 0x3C,
    0x78, 0x00, 0x78, 0xF0, 0x00, 0xF1, 0xE0, 0x01, 0xE3, 0xC0, 0x03, 0xC7, 0x80, 0x07, 0x8F, 0x00,
    0x0F, 0x1E, 0x00, 0x1E, 0x3C, 0x00, 0x3C, 0x78, 0x00, 0x78, 0xF0, 0x00, 0xF1, 0xE0, 0x01, 0xC1,
    0xC0, 0x00, 0x00, 0x00, 0x1E, 0x31, 0xE0, 0x3C, 0xF3, 0xC0, 0x79, 0xE7, 0x80, 0xF3, 0xCF, 0x01,
    0xE7, 0x9E, 0x03, 0xCF, 0x3C, 0x07, 0x9E, 0x78, 0xFF, 0xFF, 0xFF, 0xFF, 0xFF, 0xFF, 0xFF, 0xFF,
    0xF8, 0x79, 0xE7, 0x80, 0xF3, 0xCF, 0x01, 0xC7, 0x9E, 0x07, 0x8F, 0x3C, 0x0F, 0x1E, 0x78, 0x1E,
    0x3C, 0xF0, 0x3C, 0x79, 0xE0, 0xF0, 0xF3, 0xC1, 0xE1, 0xE7, 0x87, 0xC3, 0xCF, 0x1F, 0x07, 0x9E,
    0x3E, 0x0F, 0x3C, 0x18, 0x00, 0x78, 0x20, 0x00, 0x70, 0x18, 0x00, 0xF0, 0x03, 0xE0, 0x07, 0x80,
    0x1F, 0x80, 0x3F, 0x00, 0x7E, 0x00, 0xFE, 0x03, 0xF8, 0xFF, 0xE7, 0xFF, 0x1F, 0x80, 0x7C, 0x00,
    0xF8, 0x01, 0xF0, 0x03, 0xF0, 0x07, 0xF0, 0x0F, 0xF0, 0x3F, 0x83, 0xFE, 0x3F, 0xC0, 0xF8, 0x01,
    0xC0, 0x00, 0xFF, 0xFF, 0xFE, 0x00, 0x03, 0xF0, 0x00, 0x1F, 0x80, 0x01, 0xBC, 0x00, 0x19, 0xE0,
    0x01, 0x8F, 0x00, 0x18, 0x78, 0x01, 0xC3, 0xC0, 0x1C, 0x1E, 0x01, 0xC0, 0xF0, 0x1C, 0x07, 0x81,
    0xC0, 0x3C, 0x1C, 0x01, 0xE1, 0xC0, 0x0F, 0x0C, 0x00, 0x78, 0xC0, 0x03, 0xCC, 0x00, 0x1E, 0xC0,
    0x00, 0xFC, 0x00, 0x07, 0xE0, 0x00, 0x3F, 0xFF, 0xFF, 0x80, 0x1C, 0x70, 0x00, 0xDB, 0x60, 0x06,
    0x38, 0xC0, 0x30, 0x03, 0x00, 0x80, 0x04, 0x00, 0x00, 0x18, 0x00, 0x00, 0x60, 0x00, 0x00, 0xC0,
    0x00, 0x03, 0x00, 0x00, 0x06, 0x00, 0x00, 0x18, 0x00, 0x00, 0x30, 0x00, 0x00, 0x60, 0x00, 0x01,
    0x80, 0x00, 0x03, 0x00, 0x00, 0x0E, 0x00, 0x00, 0x18, 0x00, 0x00, 0x20, 0xEE, 0xEE, 0xEF, 0x80,
    0x00, 0x0E, 0x00, 0x00, 0x08, 0x00, 0x00, 0x0C, 0x00, 0x00, 0x78, 0x1C, 0x20, 0xE0, 0x7E, 0xE0,
    0x81, 0xDF, 0x80, 0xC3, 0x0E, 0x07, 0x80, 0x18, 0x0E, 0x00, 0x70, 0x08, 0x1F, 0xFC, 0x08, 0x3F,
    0xF8, 0x38, 0x07, 0x00, 0xF0, 0xFF, 0xE1, 0x81, 0xFF, 0xC0, 0x80, 0x70, 0x03, 0x80, 0xC0, 0x0F,
    0x00, 0x00, 0x18, 0x00, 0x00, 0x08, 0x00, 0x00, 0x38, 0x00, 0x00, 0xFB, 0xBB, 0xBB, 0x80, 0x7F,
    0xFC, 0xC0, 0x19, 0x40, 0x52, 0xC1, 0xA5, 0x83, 0x49, 0x8C, 0x93, 0x19, 0x23, 0x62, 0x47, 0xC4,
    0x87, 0x09, 0x0E, 0x12, 0x1C, 0x24, 0x7C, 0x48, 0xD8, 0x93, 0x19, 0x26, 0x32, 0x58, 0x34, 0xB0,
    0x69, 0x40, 0x53, 0x00, 0x67, 0xFF, 0xC0, 0x00, 0x00, 0x01, 0xE0, 0x00, 0x7B, 0xF1, 0xFF, 0xFC,
    0x7F, 0xFF, 0x1F, 0xFC, 0x00, 0x71, 0xC0, 0x1F, 0xF0, 0x0F, 0xFF, 0x07, 0xFF, 0xE3, 0xF7, 0xF9,
    0xFD, 0xCF, 0xF7, 0xF3, 0xF9, 0xF8, 0xFE, 0x7E, 0x3F, 0xBF, 0x1E, 0xFF, 0x9F, 0xBF, 0xFF, 0xC7,
    0xB3, 0xE0, 0x00, 0xE0, 0x01, 0xC0, 0x00, 0x07, 0x80, 0x00, 0x1C, 0x1E, 0x1F, 0xFF, 0xF8, 0x7F,
    0xFF, 0xE1, 0xFF, 0xFF, 0x00, 0x3C, 0x70, 0x00, 0xF1, 0xE0, 0x03, 0xFF, 0x80, 0x0F, 0xFF, 0x80,
    0xFF, 0xFF, 0x07, 0xF3, 0xFC, 0x3F, 0xDE, 0x79, 0xFF, 0x79, 0xE7, 0xBF, 0xC3, 0xBC, 0xFF, 0x1E,
    0xF3, 0xF8, 0x7B, 0xCF, 0xC1, 0xEF, 0x7E, 0x0F, 0xBF, 0xF8, 0xFC, 0xFF, 0xFF, 0xE1, 0xFF, 0xFF,
    0x00, 0x00, 0xF8, 0x00, 0x00, 0x00, 0xF0, 0x00, 0x3C, 0x07, 0x8F, 0x01, 0xE3, 0xC0, 0x3C, 0xF0,
    0x0F, 0x3C, 0x01, 0xEF, 0x00, 0x7B, 0xC0, 0x1E, 0xF0, 0x03, 0xFC, 0x60, 0xF7, 0x1C, 0x3D, 0xE7,
    0x0F, 0x7F, 0xC3, 0xDF, 0xF0, 0x43, 0xF8, 0x00, 0x7C, 0x00, 0x0E, 0x00, 0x00, 0x70, 0x00, 0x03,
    0xE0, 0x02, 0x0F, 0x80, 0x3C, 0x3E, 0x00, 0xF8, 0xF8, 0x01, 0xE3, 0xE0, 0x07, 0xC7, 0x80, 0x0F,
    0x1E, 0x00, 0x3C, 0x78, 0x00, 0xF9, 0xE0, 0x01, 0xE7, 0x80, 0x07, 0x9E, 0x18, 0x1E, 0x78, 0x60,
    0x7D, 0xE3, 0xC1, 0xF7, 0xCF, 0x03, 0xCF, 0xFC, 0x0E, 0x3F, 0xE0, 0x20, 0x7F, 0x80, 0x01, 0xFC,
    0x00, 0x03, 0xE0, 0x00, 0x1F, 0x00, 0x3F, 0xF0, 0x7F, 0xE0, 0x7F, 0xC0, 0x00, 0x00, 0xFE, 0x3F,
    0xFE, 0x7F, 0xFE, 0x7F, 0x7E, 0xC0, 0x3C, 0x00, 0x78, 0x00, 0xF0, 0x01, 0xE0, 0x07, 0xC0, 0x3F,
    0x01, 0xFC, 0x1F, 0xF0, 0x3F, 0xC0, 0x3E, 0x00, 0x20, 0x00, 0x0C, 0x00, 0x03, 0xFF, 0x00, 0xFF,
    0xF0, 0x3F, 0xFC, 0x03, 0xFE, 0x00, 0x00, 0x00, 0x00, 0x00, 0x3F, 0xF8, 0xFF, 0xFF, 0x3F, 0xFF,
    0xE7, 0xFD, 0xF9, 0xC0, 0x1F, 0x00, 0x03, 0xC0, 0x00, 0xF0, 0x00, 0x3C, 0x00, 0x1F, 0x00, 0x0F,
    0x80, 0x07, 0xE0, 0x07, 0xF0, 0x3F, 0xF8, 0x0F, 0xFC, 0x03, 0xFC, 0x00, 0x78, 0x00, 0x00, 0x00,
    0x0F, 0x80, 0x03, 0xFF, 0x00, 0xFF, 0xC0, 0x0F, 0xF0, 0x00, 0x00, 0x00, 0x7E, 0x03, 0xFF, 0xC0,
    0xFF, 0xF0, 0x3F, 0xF8, 0x00, 0x7C, 0x00, 0x1E, 0x00, 0x0F, 0x00, 0x07, 0xE0, 0x03, 0xFC, 0x01,
    0xFF, 0x00, 0xF9, 0xE0, 0x7C, 0x7F, 0xFE, 0x1F, 0xF7, 0x03, 0xFC, 0x00, 0x00, 0x02, 0x00, 0x00,
    0x3F, 0xF0, 0x01, 0xFF, 0xC0, 0x0F, 0xFE, 0x00, 0x0F, 0xF0, 0x00, 0x00, 0x00, 0x00, 0x18, 0x07,
    0xFF, 0xE0, 0x3F, 0xFF, 0x81, 0xFF, 0xF8, 0x0F, 0xEF, 0x80, 0x00, 0xF8, 0x00, 0x0F, 0x80, 0x00,
    0xF8, 0x00, 0x0F, 0xE0, 0x00, 0xFF, 0x80, 0x07, 0xFC, 0x00, 0x7D, 0xE0, 0x07, 0xC7, 0x80, 0x7C,
    0x3F, 0xF7, 0xC1, 0xFF, 0xFC, 0x07, 0xFC, 0xE0, 0x3F, 0xE0, 0x00, 0x00, 0x03, 0x00, 0x00, 0x78,
    0x00, 0x07, 0x82, 0x00, 0x7F, 0x78, 0x7F, 0xF7, 0xE7, 0xFF, 0x7F, 0x7F, 0xF1, 0xE0, 0x70, 0x06,
    0x07, 0xFC, 0x00, 0x7F, 0xF0, 0x0F, 0xFF, 0x83, 0xFC, 0x7C, 0x7F, 0x83, 0xC7, 0xF8, 0x3C, 0xF7,
    0x83, 0xCF, 0xF8, 0xFC, 0x7F, 0xFF, 0x83, 0xF7, 0xF0, 0x1F, 0x3C, 0x00, 0x07, 0x80, 0x00, 0x0F,
    0x00, 0x00, 0x1E, 0x00, 0x00, 0x3C, 0x44, 0x00, 0x7F, 0xDE, 0x1F, 0xFF, 0xFF, 0x3F, 0xFF, 0x7F,
    0x7F, 0xF8, 0x3E, 0x07, 0x80, 0x1C, 0x0F, 0x00, 0x10, 0x1F, 0xFC, 0x00, 0x3F, 0xFE, 0x00, 0xFF,
    0xFE, 0x07, 0xFE, 0x7E, 0x1F, 0xE0, 0x3C, 0x7F, 0xC0, 0x78, 0xF7, 0x80, 0xF1, 0xEF, 0x01, 0xE3,
    0xFE, 0x3F, 0xC7, 0xFD, 0xFF, 0x07, 0xFB, 0xFC, 0x07, 0xE3, 0xE0, 0x03, 0x84, 0x00, 0x00, 0x01,
    0xC0, 0x00, 0x03, 0xE0, 0x00, 0x03, 0xE0, 0x00, 0x03, 0xC0, 0x20, 0x03, 0xC0, 0xF0, 0x03, 0xC0,
    0xF8, 0xFF, 0xFE, 0x78, 0xFF, 0xFF, 0x7C, 0xFF, 0xFF, 0x3C, 0xF7, 0x8F, 0x3E, 0x07, 0x87, 0x9E,
    0x07, 0x87, 0x9E, 0x0F, 0x07, 0x1F, 0x0F, 0x07, 0x0E, 0x1F, 0x0F, 0x08, 0x1E, 0x0F, 0x00, 0x1E,
    0x0F, 0x00, 0x3C, 0x0F, 0x00, 0x3D, 0x9F, 0x00, 0x7D, 0xFE, 0x00, 0xF9, 0xFE, 0x00, 0x79, 0xFC,
    0x00, 0x00, 0x00, 0x00, 0x00, 0x00, 0x00, 0x00, 0x00, 0x1C, 0x01, 0x00, 0x6E, 0x03, 0xE0, 0xFE,
    0x03, 0xC0, 0x77, 0x03, 0xC0, 0x3C, 0x03, 0xC0, 0x70, 0x03, 0xC0, 0xF0, 0xFF, 0xFC, 0xF8, 0xFF,
    0xFE, 0x78, 0xFF, 0xFF, 0x7C, 0xF7, 0x8F, 0x3C, 0x07, 0x8F, 0x3E, 0x0F, 0x07, 0x1E, 0x0F, 0x0F,
    0x1E, 0x0F, 0x0F, 0x1F, 0x1F, 0x0F, 0x0C, 0x1E, 0x0F, 0x00, 0x1E, 0x0F, 0x00, 0x3E, 0x0F, 0x00,
    0x3C, 0x0F, 0x00, 0x7D, 0xFE, 0x00, 0x79, 0xFE, 0x00, 0xF9, 0xFC, 0x00, 0x71, 0xFC, 0x00, 0x00,
    0x00, 0x00, 0x00, 0xF0, 0x00, 0x1E, 0x11, 0xC3, 0xFE, 0x3F, 0xFF, 0xC7, 0xFF, 0xF8, 0xFF, 0xFC,
    0x00, 0x0E, 0x00, 0x01, 0xFF, 0xFF, 0xFF, 0xFF, 0xFF, 0xFF, 0xFF, 0xFF, 0x03, 0xEF, 0x80, 0x00,
    0xF0, 0x60, 0x7F, 0x0F, 0x1F, 0xE3, 0xC3, 0xFC, 0x78, 0x3F, 0x0F, 0x00, 0x01, 0xE0, 0x00, 0x3F,
    0xDF, 0x83, 0xFF, 0xF0, 0x3F, 0xFE, 0x03, 0xFF, 0xC0, 0x00, 0x00, 0x38, 0x01, 0xE1, 0xF0, 0x03,
    0xC7, 0x70, 0x07, 0x9F, 0xE7, 0xFF, 0xFE, 0x8F, 0xFF, 0xEC, 0x1F, 0xFF, 0xC0, 0x07, 0xFC, 0x00,
    0x00, 0x3D, 0xE1, 0xFF, 0xFF, 0xC3, 0xFF, 0xFF, 0x87, 0xFF, 0xFE, 0x00, 0x7C, 0xF0, 0x00, 0x01,
    0xE0, 0x0C, 0x0F, 0xE0, 0x1E, 0x1F, 0xC0, 0x78, 0x7F, 0x80, 0xF0, 0x7E, 0x01, 0xE0, 0x00, 0x03,
    0xC0, 0x00, 0x07, 0xF0, 0xF0, 0x07, 0xFF, 0xE0, 0x07, 0xFF, 0xC0, 0x07, 0xFF, 0x80, 0x00, 0x00,
    0x00, 0x00, 0x08, 0x00, 0x1C, 0x00, 0x3E, 0x00, 0x7E, 0x00, 0xFC, 0x01, 0xF8, 0x07, 0xE0, 0x0F,
    0xC0, 0x1F, 0x80, 0x3F, 0x00, 0x7C, 0x00, 0x7C, 0x00, 0x7E, 0x00, 0x3F, 0x00, 0x1F, 0xC0, 0x0F,
    0xE0, 0x03, 0xF0, 0x01, 0xF8, 0x00, 0xFC, 0x00, 0x7E, 0x00, 0x3F, 0x00, 0x1E, 0x00, 0x0C, 0x00,
    0x18, 0x00, 0x03, 0x80, 0x00, 0xF8, 0x00, 0x7F, 0x00, 0x1F, 0xC0, 0x07, 0xE3, 0x01, 0xFB, 0xF0,
    0x7E, 0xEE, 0x1F, 0x0F, 0xE7, 0xC1, 0xD9, 0xF0, 0x1C, 0x3E, 0x00, 0x07, 0xE0, 0x00, 0x7E, 0x00,
    0x07, 0xE0, 0x00, 0x7E, 0x00, 0x07, 0xF0, 0x00, 0x7F, 0x00, 0x07, 0xF0, 0x00, 0x3F, 0x00, 0x03,
    0xE0, 0x00, 0x3C, 0x00, 0x03, 0x00, 0x40, 0x03, 0x81, 0xE0, 0x0F, 0x07, 0x80, 0x3C, 0x1E, 0x00,
    0xF0, 0x78, 0x03, 0xC3, 0xC3, 0x0F, 0xEF, 0x1F, 0xFF, 0xBC, 0x7F, 0xFE, 0xF1, 0xFF, 0xFB, 0xC0,
    0x0F, 0x0F, 0x00, 0x3C, 0x3C, 0x00, 0xF0, 0xFE, 0x03, 0xC3, 0xF0, 0x0F, 0x0F, 0xC0, 0x3C, 0x3F,
    0x01, 0xE0, 0xFC, 0x07, 0x83, 0xE0, 0x3E, 0x07, 0x80, 0xF8, 0x1E, 0x07, 0xC0, 0x78, 0x7E, 0x01,
    0xE1, 0xF8, 0x00, 0x03, 0xC0, 0x00, 0x00, 0x00, 0x00, 0x00, 0x06, 0x00, 0x00, 0x3E, 0x38, 0x03,
    0xFE, 0x7C, 0x03, 0xFF, 0x7C, 0x03, 0xDF, 0x78, 0x03, 0xD8, 0x78, 0x03, 0xDC, 0x78, 0xE3, 0xFC,
    0x78, 0xFF, 0xFC, 0x78, 0xFF, 0xFC, 0x78, 0xFF, 0xC0, 0x70, 0x03, 0xC0, 0x70, 0x03, 0xC0, 0x74,
    0x03, 0xC0, 0x76, 0x03, 0xC0, 0x7E, 0x03, 0xC0, 0x7E, 0x03, 0xC0, 0x7C, 0x03, 0xC0, 0x7C, 0x07,
    0x80, 0x7C, 0x07, 0x80, 0x7C, 0x0F, 0x80, 0x7C, 0x3F, 0x00, 0x38, 0x7E, 0x00, 0x38, 0x3C, 0x00,
    0x00, 0x18, 0x00, 0x3F, 0xFF, 0x87, 0xFF, 0xF0, 0xFF, 0xFE, 0x1F, 0xFF, 0xC0, 0x00, 0x00, 0x00,
    0x00, 0x00, 0x00, 0x00, 0x00, 0x00, 0x00, 0x00, 0x00, 0x00, 0x00, 0x00, 0x00, 0x3C, 0x00, 0x07,
    0x80, 0x00, 0xF0, 0x00, 0x3E, 0x00, 0x07, 0xC0, 0x00, 0x7F, 0x1F, 0xCF, 0xFF, 0xF8, 0xFF, 0xFF,
    0x0F, 0xFF, 0xE0, 0x3F, 0xC0, 0x00, 0x00, 0x00, 0x00, 0x01, 0xC0, 0x00, 0x1B, 0x80, 0x00, 0x7F,
    0x30, 0x07, 0xDC, 0xFF, 0xFF, 0x83, 0xFF, 0xF8, 0x0F, 0xFF, 0xC0, 0x0F, 0xFC, 0x00, 0x00, 0x00,
    0x00, 0x00, 0x00, 0x00, 0x00, 0x00, 0x00, 0x00, 0x00, 0x00, 0x00, 0x00, 0x00, 0x00, 0x3C, 0x00,
    0x00, 0xF0, 0x00, 0x03, 0xC0, 0x00, 0x0F, 0x00, 0x00, 0x3C, 0x00, 0x00, 0xF8, 0x00, 0xC3, 0xFF,
    0xFF, 0x07, 0xFF, 0xFC, 0x0F, 0xFF, 0xF0, 0x1F, 0xFF, 0x80, 0x00, 0x78, 0x00, 0x0F, 0x00, 0x01,
    0xE0, 0x00, 0x3C, 0x7F, 0x03, 0xFF, 0xFF, 0xFF, 0xFF, 0xFF, 0xFF, 0xFF, 0xFC, 0x00, 0x1E, 0x00,
    0x01, 0xE0, 0x00, 0x3C, 0x00, 0x03, 0xC3, 0x03, 0xFC, 0x78, 0xFF, 0x9E, 0x1F, 0xF3, 0xC0, 0xFC,
    0x78, 0x00, 0x0F, 0x00, 0x01, 0xF0, 0x00, 0x3F, 0xFF, 0xC3, 0xFF, 0xF8, 0x3F, 0xFF, 0x01, 0xFF,
    0xC0, 0x00, 0x00, 0x00, 0x00, 0x01, 0xC0, 0x0F, 0x3B, 0x80, 0x3C, 0x7E, 0x00, 0x79, 0xDC, 0x01,
    0xE3, 0xCF, 0x07, 0xFC, 0x3F, 0xFF, 0xF8, 0xFF, 0xFF, 0xE3, 0xFF, 0xFC, 0x00, 0x01, 0xE0, 0x00,
    0x07, 0x80, 0x00, 0x0F, 0x00, 0x00, 0x3C, 0x02, 0x07, 0xF8, 0x1E, 0x1F, 0xF0, 0x78, 0x7F, 0x81,
    0xC0, 0x7E, 0x0F, 0x00, 0x00, 0x3C, 0x00, 0x00, 0xF8, 0x00, 0x01, 0xFF, 0xFC, 0x07, 0xFF, 0xF0,
    0x0F, 0xFF, 0xC0, 0x0F, 0xFF, 0x00, 0x00, 0x00, 0x00, 0xF0, 0x00, 0x3E, 0x00, 0x0F, 0x00, 0x03,
    0xC0, 0x00, 0xF0, 0x00, 0x3C, 0x00, 0x0F, 0x00, 0x03, 0xC0, 0x00, 0xF0, 0x00, 0x3C, 0x00, 0x0F,
    0x00, 0x03, 0xC0, 0x00, 0xF0, 0x00, 0x3C, 0x00, 0x0F, 0x00, 0x13, 0xC0, 0x0E, 0xF0, 0x07, 0xFC,
    0x03, 0xFF, 0x83, 0xFB, 0xFF, 0xFC, 0x7F, 0xFE, 0x0F, 0xFF, 0x01, 0xFF, 0x00, 0x40, 0x00, 0x0F,
    0x00, 0x41, 0xE0, 0x3C, 0x3C, 0x3B, 0x87, 0x87, 0xF8, 0xF0, 0x77, 0x1E, 0x0F, 0xC3, 0xC0, 0xE0,
    0x78, 0x00, 0x0F, 0x00, 0x01, 0xE0, 0x00, 0x3C, 0x00, 0x07, 0x80, 0x00, 0xF0, 0x00, 0x1E, 0x00,
    0x23, 0xC0, 0x0E, 0x78, 0x03, 0xCF, 0x00, 0xFD, 0xE0, 0x7F, 0x3F, 0xFF, 0xC3, 0xFF, 0xF0, 0x7F,
    0xF8, 0x03, 0xFC, 0x00, 0x00, 0x3E, 0x00, 0x00, 0xF8, 0x00, 0x01, 0xE0, 0x00, 0x1F, 0xFF, 0xFF,
    0xFF, 0xFF, 0xFF, 0xFF, 0xFF, 0xFF, 0xC0, 0x00, 0x07, 0x00, 0x01, 0xFC, 0x00, 0x0F, 0xF8, 0x00,
    0x7F, 0xE0, 0x01, 0xE7, 0x80, 0x07, 0x1E, 0x00, 0x1E, 0x78, 0x00, 0x7B, 0xE0, 0x01, 0xFF, 0x80,
    0x03, 0xFE, 0x00, 0x07, 0xF8, 0x00, 0x07, 0xC0, 0x00, 0x7F, 0x00, 0x0F, 0xF8, 0x00, 0x1F, 0xC0,
    0x00, 0x3C, 0x00, 0x00, 0x40, 0x00, 0x00, 0x00, 0x0C, 0x00, 0x01, 0xB8, 0x00, 0x7B, 0xF8, 0x00,
    0xF7, 0xF0, 0x01, 0xE7, 0x1F, 0xFF, 0xFF, 0xBF, 0xFF, 0xFF, 0x7F, 0xFF, 0xFE, 0x40, 0x1E, 0x00,
    0x01, 0xFC, 0x00, 0x07, 0xF8, 0x00, 0x1F, 0xF0, 0x00, 0x7D, 0xE0, 0x00, 0xF3, 0xC0, 0x01, 0xE7,
    0xC0, 0x03, 0xCF, 0x80, 0x07, 0xFF, 0x00, 0x07, 0xFC, 0x00, 0x07, 0xF8, 0x00, 0x01, 0xF0, 0x00,
    0x0F, 0xC0, 0x00, 0xFF, 0x00, 0x01, 0xFC, 0x00, 0x01, 0xF0, 0x00, 0x01, 0x80, 0x00, 0x00, 0x00,
    0x00, 0x03, 0x81, 0xE0, 0x07, 0xC0, 0xE0, 0x03, 0xC0, 0xE0, 0x03, 0xC0, 0xE0, 0x03, 0xC0, 0xE2,
    0x03, 0xFF, 0xFF, 0x3F, 0xFF, 0xFF, 0x7F, 0xFF, 0xFF, 0x7F, 0xFF, 0xE0, 0x73, 0x81, 0xE0, 0x03,
    0x81, 0xE0, 0x03, 0x81, 0xE0, 0x03, 0x8F, 0xE0, 0x03, 0x8F, 0xE0, 0x03, 0x8F, 0xC0, 0x03, 0xC0,
    0x00, 0x03, 0xC0, 0x00, 0x03, 0xE0, 0xF8, 0x03, 0xFF, 0xF8, 0x03, 0xFF, 0xF8, 0x01, 0xFF, 0xF8,
    0x00, 0x1E, 0x00, 0x00, 0x00, 0x02, 0x00, 0x00, 0xFF, 0x81, 0xE0, 0x7E, 0xC0, 0xF0, 0x3F, 0xF0,
    0x78, 0x1F, 0xF0, 0x3C, 0x0F, 0x40, 0x1E, 0x7F, 0xF9, 0xCF, 0xFF, 0xFC, 0xFF, 0xFF, 0xFE, 0x7F,
    0xFF, 0xF0, 0x3F, 0xE0, 0x78, 0x0C, 0xF0, 0x3C, 0x00, 0x78, 0x1E, 0x00, 0x3C, 0x7E, 0x00, 0x1E,
    0x3F, 0x00, 0x0F, 0x1F, 0x80, 0x07, 0x80, 0x00, 0x03, 0xC0, 0x00, 0x01, 0xE0, 0x00, 0x00, 0xFF,
    0xFE, 0x00, 0x3F, 0xFF, 0x00, 0x1F, 0xFF, 0x80, 0x07, 0xFF, 0xC0, 0x00, 0x03, 0x00, 0x7F, 0xFC,
    0x03, 0xFF, 0xF0, 0x1F, 0xFF, 0x00, 0xE3, 0xF0, 0x00, 0x3F, 0x00, 0x03, 0xF0, 0x00, 0x3F, 0x00,
    0x03, 0xF0, 0x00, 0x3F, 0xFF, 0xBF, 0xFF, 0xFD, 0xFF, 0xFF, 0xEF, 0xFF, 0xC0, 0x7C, 0xF0, 0x00,
    0x07, 0x00, 0x00, 0x78, 0x00, 0x03, 0xC0, 0x00, 0x1E, 0x00, 0x00, 0xF8, 0x00, 0x07, 0xFF, 0x00,
    0x1F, 0xF8, 0x00, 0x7F, 0xC0, 0x00, 0xFE, 0x00, 0x00, 0x00, 0x00, 0x01, 0x00, 0x1F, 0xFF, 0x00,
    0x3F, 0xFF, 0x00, 0x7F, 0xFE, 0xC0, 0xFD, 0xF7, 0x80, 0x07, 0xDB, 0x80, 0x1F, 0x3F, 0x00, 0x7C,
    0x74, 0x03, 0xF0, 0x60, 0x0F, 0xFF, 0xF3, 0xFF, 0xFF, 0xE7, 0xFF, 0xFF, 0xCF, 0xFF, 0xC0, 0x1F,
    0x3E, 0x00, 0x00, 0x78, 0x00, 0x01, 0xE0, 0x00, 0x03, 0xC0, 0x00, 0x07, 0x80, 0x00, 0x0F, 0x80,
    0x00, 0x0F, 0xFC, 0x00, 0x1F, 0xFC, 0x00, 0x1F, 0xF0, 0x00, 0x0F, 0xE0, 0x00, 0x00, 0x00, 0x03,
    0xC0, 0x00, 0x1E, 0x00, 0x00, 0xF0, 0x00, 0x07, 0x90, 0x08, 0x7F, 0xC0, 0x7F, 0xFE, 0x03, 0xFF,
    0xF0, 0x1F, 0xFE, 0x00, 0x07, 0x80, 0x00, 0x78, 0xFF, 0xC3, 0xC7, 0xFE, 0x1E, 0x3F, 0xF1, 0xF0,
    0x81, 0x0F, 0x00, 0x00, 0x78, 0x80, 0x07, 0xCF, 0x00, 0x3C, 0x78, 0x01, 0xE3, 0xC0, 0x1F, 0x1F,
    0x0E, 0xF0, 0xFF, 0xFF, 0x83, 0xFF, 0xF8, 0x0F, 0xFC, 0x40, 0x00, 0x00, 0x03, 0x80, 0x08, 0x03,
    0xC0, 0x1C, 0x03, 0xC0, 0xFE, 0x03, 0xCC, 0xEE, 0x43, 0xFC, 0x7E, 0xFF, 0xFC, 0x70, 0xFF, 0xFC,
    0x00, 0xFF, 0xF0, 0x00, 0x07, 0x80, 0x00, 0x07, 0x9F, 0xF8, 0x0F, 0x1F, 0xF8, 0x0F, 0x1F, 0xF8,
    0x0F, 0x08, 0x08, 0x1F, 0x00, 0x00, 0x1E, 0x00, 0x00, 0x1E, 0x38, 0x00, 0x1E, 0x78, 0x00, 0x3C,
    0x78, 0x00, 0x3C, 0x78, 0x00, 0x7C, 0x7E, 0x38, 0x78, 0x7F, 0xFC, 0xF8, 0x3F, 0xF8, 0xF8, 0x0F,
    0xF8, 0x10, 0x00, 0x00, 0x03, 0x80, 0x00, 0x7C, 0x00, 0x07, 0x80, 0x06, 0x79, 0xFC, 0xFF, 0xFF,
    0xCF, 0xFF, 0xFC, 0xFF, 0xFF, 0x80, 0xF0, 0x00, 0x0F, 0x00, 0x00, 0xF0, 0x00, 0x0E, 0x7F, 0x81,
    0xFF, 0xFC, 0x1F, 0xFF, 0xE1, 0xFC, 0x1F, 0x3F, 0x00, 0xF3, 0xE0, 0x0F, 0x3C, 0x00, 0xF0, 0x00,
    0x1F, 0x00, 0x03, 0xF0, 0x7B, 0xFE, 0x07, 0xFF, 0xC0, 0x3F, 0xF8, 0x03, 0xFE, 0x00, 0x00, 0x00,
    0x00, 0x00, 0x00, 0x00, 0x00, 0x1C, 0x03, 0x80, 0xEE, 0x07, 0xC0, 0x7E, 0x07, 0x80, 0x76, 0x67,
    0x8F, 0xF8, 0xFF, 0xFF, 0xC0, 0xFF, 0xFF, 0xC0, 0xFF, 0xFF, 0x80, 0x0F, 0x00, 0x00, 0x0F, 0x00,
    0x00, 0x0F, 0x00, 0x00, 0x0F, 0x7F, 0x00, 0x1F, 0xFF, 0xC0, 0x1F, 0xFF, 0xE0, 0x1F, 0xE3, 0xF0,
    0x3F, 0x01, 0xF0, 0x3E, 0x00, 0xF0, 0x3C, 0x00, 0xF0, 0x00, 0x00, 0xF0, 0x00, 0x01, 0xF0, 0x07,
    0x3F, 0xE0, 0x07, 0xFF, 0xC0, 0x03, 0xFF, 0x80, 0x03, 0xFE, 0x00, 0x00, 0x00, 0x00, 0x01, 0xFF,
    0x03, 0xFF, 0xF3, 0xFF, 0xFF, 0x3F, 0xE3, 0xF7, 0xC0, 0x1E, 0xE0, 0x03, 0xC0, 0x00, 0x78, 0x00,
    0x0F, 0x00, 0x03, 0xE0, 0x01, 0xF8, 0x07, 0xFE, 0x03, 0xFF, 0x80, 0x3F, 0xE0, 0x07, 0xE0, 0x00,
    0x00, 0x00, 0x00, 0x00, 0x00, 0x01, 0xFF, 0x80, 0x1F, 0xFF, 0xC3, 0xFF, 0xFF, 0xCF, 0xFF, 0x9F,
    0x9F, 0xF0, 0x0F, 0x9F, 0x00, 0x0F, 0x30, 0x00, 0x1E, 0x00, 0x00, 0x3C, 0x00, 0x00, 0x78, 0x00,
    0x00, 0xF0, 0x00, 0x03, 0xE0, 0x00, 0x0F, 0x80, 0x00, 0x7F, 0x00, 0x3F, 0xFC, 0x01, 0xFF, 0xF0,
    0x01, 0xFF, 0x80, 0x03, 0xFC, 0x00, 0x03, 0x00, 0x00, 0x00, 0x00, 0x06, 0x00, 0x00, 0x1F, 0x00,
    0x00, 0x1D, 0xC0, 0x00, 0x07, 0xE0, 0x00, 0x03, 0xA0, 0x03, 0xFF, 0xC0, 0x0F, 0xFF, 0xC0, 0x7F,
    0xFF, 0xF0, 0x7F, 0xFD, 0xFC, 0x3F, 0xC0, 0x1F, 0x1F, 0x80, 0x0F, 0x86, 0x00, 0x03, 0xC0, 0x00,
    0x01, 0xE0, 0x00, 0x00, 0xF0, 0x00, 0x00, 0xF8, 0x00, 0x00, 0x7C, 0x00, 0x00, 0x7C, 0x00, 0x00,
    0x7E, 0x00, 0x01, 0xFE, 0x00, 0x3F, 0xFE, 0x00, 0x1F, 0xFE, 0x00, 0x0F, 0xFC, 0x00, 0x03, 0xF0,
    0x00, 0x00, 0x7F, 0xF9, 0xFF, 0xFF, 0xEF, 0xFF, 0xFF, 0x9F, 0xFF, 0xFE, 0x7C, 0x3E, 0x00, 0x01,
    0xF0, 0x00, 0x07, 0x80, 0x00, 0x3C, 0x00, 0x00, 0xF0, 0x00, 0x03, 0xC0, 0x00, 0x1E, 0x00, 0x00,
    0x78, 0x00, 0x01, 0xF0, 0x00, 0x03, 0xC0, 0x00, 0x0F, 0x80, 0x00, 0x3F, 0x00, 0x00, 0x7F, 0xC0,
    0x00, 0xFF, 0x80, 0x01, 0xFE, 0x00, 0x01, 0xF8, 0x00, 0x00, 0xC0, 0x00, 0x7F, 0xF9, 0xFF, 0xFF,
    0xF3, 0xFF, 0xFF, 0xE3, 0xFF, 0xFF, 0xC7, 0xC3, 0xE0, 0x80, 0x0F, 0x87, 0x00, 0x1E, 0x37, 0x00,
    0x78, 0x7E, 0x00, 0xF0, 0xEC, 0x01, 0xE0, 0xE0, 0x07, 0x80, 0x00, 0x0F, 0x00, 0x00, 0x1F, 0x00,
    0x00, 0x1E, 0x00, 0x00, 0x3E, 0x00, 0x00, 0x7E, 0x00, 0x00, 0x7F, 0xC0, 0x00, 0x7F, 0xC0, 0x00,
    0x7F, 0x80, 0x00, 0x3F, 0x00, 0x00, 0x0C, 0x00, 0x00, 0x00, 0x1E, 0x00, 0x07, 0x80, 0x01, 0xF0,
    0x0C, 0x3C, 0x07, 0x0F, 0x87, 0xE1, 0xE7, 0xF8, 0x7F, 0xF8, 0x0F, 0xF8, 0x03, 0xF8, 0x01, 0xFC,
    0x00, 0xFC, 0x00, 0x7E, 0x00, 0x1E, 0x00, 0x0F, 0x80, 0x03, 0xC0, 0x00, 0xF0, 0x00, 0x3E, 0x00,
    0x0F, 0xE1, 0xFD, 0xFF, 0xFF, 0x3F, 0xFF, 0xC7, 0xFF, 0xF0, 0x1F, 0xC0, 0x00, 0x00, 0x10, 0x00,
    0x03, 0xE1, 0x80, 0x3F, 0x9E, 0x00, 0x7F, 0x7C, 0x01, 0xFC, 0xF0, 0x1B, 0x83, 0xE0, 0xF0, 0x07,
    0x8F, 0xC0, 0x1F, 0xFF, 0x00, 0x3F, 0xF8, 0x00, 0xFF, 0x80, 0x03, 0xF8, 0x00, 0x1F, 0x80, 0x00,
    0xFC, 0x00, 0x07, 0xC0, 0x00, 0x1E, 0x00, 0x00, 0x78, 0x00, 0x03, 0xE0, 0x00, 0x0F, 0x80, 0x00,
    0x1F, 0x00, 0x00, 0x7F, 0xFF, 0xC1, 0xFF, 0xFF, 0x03, 0xFF, 0xFC, 0x03, 0xFF, 0xF0, 0x01, 0xE0,
    0x00, 0x03, 0xC0, 0x00, 0x07, 0x80, 0x00, 0x0E, 0x40, 0x04, 0x3F, 0xCC, 0x0F, 0xFF, 0xBE, 0x1F,
    0xFF, 0x7F, 0x3F, 0xF0, 0x7F, 0x07, 0x80, 0x3E, 0x0F, 0x0F, 0x38, 0x3C, 0x1E, 0x00, 0x78, 0x3C,
    0x01, 0xE0, 0x78, 0x07, 0xC0, 0xF0, 0x0F, 0x0F, 0xE0, 0x3E, 0x7F, 0xE0, 0xF9, 0xFF, 0xF0, 0xF7,
    0xCF, 0xF0, 0x4F, 0x1F, 0xF0, 0x1F, 0x3D, 0xE0, 0x1F, 0xF9, 0x80, 0x3F, 0xE0, 0x00, 0x3F, 0x80,
    0x00, 0x38, 0x00, 0x03, 0xE0, 0x00, 0x1E, 0x18, 0x0C, 0xF0, 0xFF, 0xE7, 0x87, 0xFF, 0x3C, 0x3F,
    0xF9, 0xE0, 0x1C, 0x0E, 0x00, 0x00, 0x70, 0x00, 0x07, 0x80, 0x00, 0x3C, 0x00, 0x01, 0xE0, 0x00,
    0x0F, 0xC0, 0x00, 0x7F, 0x70, 0x03, 0xF3, 0x80, 0x1F, 0x9C, 0x00, 0xFC, 0xE0, 0x07, 0xC7, 0xFF,
    0xDE, 0x3F, 0xFE, 0xF0, 0xFF, 0xF7, 0x83, 0xFF, 0xBC, 0x00, 0x00, 0x00, 0x00, 0x00, 0x00, 0x1E,
    0x00, 0x00, 0x1E, 0x00, 0x38, 0x1C, 0x00, 0x78, 0x3F, 0x80, 0x3D, 0xFF, 0xE0, 0x3F, 0xFF, 0xF0,
    0x3F, 0xFD, 0xF0, 0x1F, 0xBC, 0x78, 0x3E, 0x38, 0x78, 0x3E, 0x78, 0x3C, 0x7F, 0x78, 0x3C, 0x7F,
    0x78, 0x3C, 0x7F, 0xF0, 0x3C, 0xF7, 0xF3, 0xBC, 0xF3, 0xEF, 0xFC, 0xF3, 0xFF, 0xFC, 0xF7, 0xDE,
    0xFE, 0xFF, 0x9C, 0xFF, 0x7F, 0x1F, 0xFF, 0x7E, 0x1F, 0xEE, 0x18, 0x0F, 0xC0, 0x07, 0xC0, 0x00,
    0x07, 0xC0, 0x00, 0x07, 0x80, 0x00, 0x07, 0x80, 0x00, 0x07, 0x8F, 0xE0, 0xFF, 0xDF, 0xF0, 0xFF,
    0xFF, 0xF0, 0xFF, 0xFC, 0xF8, 0x67, 0xF0, 0x78, 0x07, 0xE0, 0x38, 0x0F, 0xC0, 0x3C, 0x0F, 0x80,
    0x3C, 0x1F, 0x80, 0x3C, 0x3F, 0x00, 0x3C, 0x3F, 0x0F, 0xFC, 0x7F, 0x1F, 0xF8, 0xFF, 0x3F, 0xFC,
    0xF7, 0x3C, 0x7E, 0x67, 0xBC, 0xFF, 0x67, 0xBF, 0xFE, 0x07, 0x9F, 0xF6, 0x07, 0x8F, 0xC0, 0x07,
    0x80, 0x00, 0x00, 0xFF, 0x00, 0x07, 0xFF, 0x80, 0x1F, 0xFF, 0x80, 0xFF, 0xFF, 0x81, 0xFB, 0xCF,
    0x87, 0xCF, 0x8F, 0x1F, 0x1E, 0x1F, 0x3C, 0x3C, 0x1E, 0x78, 0x78, 0x3D, 0xE0, 0xF0, 0x7B, 0xC3,
    0xC0, 0xFF, 0x87, 0x81, 0xEF, 0x1F, 0x03, 0xDF, 0x3C, 0x07, 0x9E, 0xF8, 0x1F, 0x3F, 0xE0, 0x7C,
    0x3F, 0xC3, 0xF8, 0x7F, 0x3F, 0xE0, 0x7C, 0x7F, 0x80, 0x00, 0x7C, 0x00, 0x00, 0xE0, 0x00, 0x78,
    0x07, 0xC0, 0xF0, 0x0F, 0x01, 0xE0, 0x1E, 0x03, 0xC0, 0x3D, 0xC7, 0x8C, 0x3F, 0x8E, 0x3F, 0xFF,
    0x3C, 0x7F, 0xFE, 0x78, 0xFF, 0xC0, 0xF0, 0x03, 0x81, 0xE0, 0x07, 0x03, 0xC0, 0x0F, 0x07, 0x80,
    0x1E, 0x0F, 0xC0, 0x3C, 0x1F, 0x8F, 0xF8, 0x3F, 0x3F, 0xF8, 0x7E, 0xFF, 0xFC, 0xF9, 0xC3, 0xFD,
    0xF3, 0x87, 0xFB, 0xE7, 0xDF, 0xF7, 0xCF, 0xFC, 0xC7, 0x8F, 0xF8, 0x0F, 0x0F, 0xE0, 0x00, 0x00,
    0x00, 0x00, 0x00, 0x00, 0x06, 0x00, 0x00, 0x3E, 0x38, 0x03, 0xF6, 0x78, 0x03, 0xFF, 0x78, 0x03,
    0xFE, 0x78, 0x03, 0xD0, 0x78, 0xC3, 0xFC, 0x78, 0xFF, 0xFC, 0x78, 0xFF, 0xFC, 0x70, 0xFF, 0xFC,
    0x70, 0x03, 0xC0, 0x70, 0x03, 0xC0, 0xF0, 0x03, 0xC0, 0xF0, 0x03, 0xC0, 0xFC, 0x03, 0xC0, 0xFE,
    0x7F, 0xC0, 0xFC, 0xFF, 0xE0, 0xFD, 0xFF, 0xF8, 0xFD, 0xE3, 0xFC, 0xF9, 0xE3, 0xFE, 0x79, 0xF7,
    0xFC, 0x79, 0xFF, 0xDC, 0x78, 0xFF, 0x80, 0x78, 0x7F, 0x00, 0x00, 0x00, 0x00, 0x00, 0x00, 0x1E,
    0x00, 0x00, 0x3F, 0x3C, 0x03, 0xF3, 0x78, 0x03, 0xFF, 0x78, 0x03, 0xFE, 0x78, 0x03, 0xCC, 0x78,
    0xC3, 0xFC, 0x78, 0xFF, 0xFC, 0x78, 0xFF, 0xFC, 0x70, 0xFF, 0xFC, 0x70, 0x03, 0xC0, 0x70, 0x03,
    0xC0, 0xF0, 0x03, 0xC0, 0xF0, 0x03, 0xC0, 0xFC, 0x03, 0xC0, 0xFE, 0x7F, 0xC0, 0xFC, 0xFF, 0xE0,
    0xFD, 0xFF, 0xF8, 0xFD, 0xE3, 0xFC, 0xF9, 0xE3, 0xFE, 0x79, 0xF7, 0xFC, 0x79, 0xFF, 0xDC, 0x78,
    0xFF, 0x80, 0x78, 0x7F, 0x00, 0x00, 0x00, 0x00, 0x00, 0xC1, 0x81, 0xFF, 0xCF, 0x03, 0xFF, 0x8E,
    0x07, 0xFF, 0x1E, 0x0F, 0xF8, 0x3C, 0x01, 0xE0, 0x78, 0x07, 0xC0, 0xF8, 0x0F, 0x01, 0xF0, 0x3C,
    0x03, 0xF0, 0x78, 0x07, 0xF0, 0xE0, 0x0F, 0xF3, 0xC0, 0x1F, 0xE7, 0x80, 0x3F, 0xCF, 0x00, 0x7B,
    0x1E, 0x00, 0xE4, 0x3C, 0x03, 0xC0, 0x78, 0x07, 0x80, 0xF8, 0x3F, 0x00, 0xFF, 0xFC, 0x01, 0xFF,
    0xF0, 0x01, 0xFF, 0xC0, 0x00, 0xFF, 0x00, 0x00, 0x00, 0x00, 0x04, 0x00, 0x00, 0x3E, 0x00, 0x00,
    0x7E, 0x0F, 0xE3, 0xFF, 0xFF, 0xE3, 0xFE, 0xFF, 0xE3, 0xF0, 0xFF, 0xC3, 0xC0, 0x47, 0x83, 0xE0,
    0x0F, 0x01, 0xE0, 0x1E, 0x01, 0xF0, 0x1E, 0x01, 0xF0, 0x3C, 0x01, 0xF8, 0x3C, 0x01, 0xFC, 0x3C,
    0x01, 0xFE, 0x38, 0x01, 0xFC, 0x78, 0x03, 0xDC, 0x78, 0x03, 0xC8, 0x78, 0x03, 0xC0, 0x7C, 0x07,
    0x80, 0x3C, 0x0F, 0x80, 0x3F, 0x3F, 0x80, 0x1F, 0xFF, 0x00, 0x1F, 0xFE, 0x00, 0x07, 0xFC, 0x00,
    0x01, 0xE0, 0x00, 0x00, 0x00, 0x1C, 0x00, 0x00, 0x3E, 0x00, 0x00, 0x3F, 0x0F, 0xE3, 0xF3, 0xFF,
    0xE3, 0xFF, 0xFF, 0xE3, 0xFE, 0xFF, 0xC3, 0xDC, 0x47, 0x83, 0xE0, 0x0F, 0x01, 0xE0, 0x1E, 0x01,
    0xF0, 0x1E, 0x01, 0xF0, 0x3C, 0x01, 0xF8, 0x3C, 0x01, 0xFC, 0x3C, 0x01, 0xFE, 0x38, 0x01, 0xFC,
    0x78, 0x03, 0xDC, 0x78, 0x03, 0xC8, 0x78, 0x03, 0xC0, 0x7C, 0x07, 0x80, 0x3C, 0x0F, 0x80, 0x3F,
    0x3F, 0x80, 0x1F, 0xFF, 0x00, 0x1F, 0xFE, 0x00, 0x07, 0xFC, 0x00, 0x01, 0xE0, 0x00, 0x00, 0x00,
    0x00, 0x00, 0x3C, 0x00, 0x00, 0x3F, 0x80, 0x00, 0x1F, 0xF0, 0x00, 0x03, 0xF8, 0x00, 0x00, 0x7E,
    0x00, 0x00, 0x3E, 0x00, 0x00, 0x1E, 0x00, 0x00, 0x06, 0x00, 0x00, 0x38, 0x00, 0x00, 0x3E, 0x00,
    0x00, 0x1F, 0x83, 0x00, 0x03, 0xE7, 0x80, 0x00, 0xF1, 0xE0, 0x0C, 0x7C, 0xF8, 0x0F, 0x1F, 0x3C,
    0x0F, 0x87, 0x9E, 0x1F, 0x83, 0xC7, 0x9F, 0x81, 0xE3, 0xCF, 0xBF, 0xF1, 0xF7, 0x9F, 0xF8, 0x61,
    0x0F, 0xF8, 0x00, 0x03, 0xF8, 0x00, 0x00, 0x00, 0x00, 0x00, 0x38, 0x00, 0x00, 0x3F, 0x00, 0x80,
    0x1F, 0xE1, 0xC0, 0x03, 0xFF, 0x70, 0x00, 0x7D, 0xFC, 0x00, 0x3E, 0xEE, 0x00, 0x3E, 0x38, 0x00,
    0x0E, 0x10, 0x00, 0x38, 0x00, 0x00, 0x3C, 0x00, 0x00, 0x1F, 0x06, 0x00, 0x07, 0xC7, 0x80, 0x01,
    0xF3, 0xE0, 0x1C, 0x7C, 0xF0, 0x1E, 0x1E, 0x7C, 0x1F, 0x8F, 0x9E, 0x1F, 0x83, 0xCF, 0xBF, 0x81,
    0xE3, 0xDF, 0xBB, 0xF1, 0xE7, 0x1F, 0xF8, 0xE1, 0x0F, 0xF8, 0x00, 0x07, 0xF8, 0x00, 0x00, 0x00,
    0x00, 0x00, 0x3C, 0x00, 0x00, 0x3F, 0x87, 0xC0, 0x1F, 0xE3, 0xE0, 0x03, 0xFB, 0xB8, 0x00, 0x7D,
    0x9C, 0x00, 0x3E, 0xEE, 0x00, 0x3E, 0x3E, 0x00, 0x0E, 0x0E, 0x00, 0x38, 0x00, 0x00, 0x3E, 0x00,
    0x00, 0x1F, 0x06, 0x00, 0x07, 0xC7, 0x80, 0x01, 0xF3, 0xE0, 0x1C, 0x7C, 0xF0, 0x1E, 0x1E, 0x7C,
    0x1F, 0x8F, 0x9E, 0x1F, 0x83, 0xCF, 0xBF, 0x81, 0xE3, 0xDF, 0xBB, 0xF1, 0xE7, 0x1F, 0xF8, 0xE1,
    0x0F, 0xF8, 0x00, 0x07, 0xF8, 0x00, 0x00, 0x00, 0x00, 0x00, 0x78, 0x00, 0x00, 0x7F, 0x00, 0x00,
    0x3F, 0xC0, 0x00, 0x3F, 0xE0, 0x00, 0x3E, 0xF8, 0x00, 0x3E, 0x3E, 0x00, 0x3F, 0x1F, 0x80, 0x3F,
    0x07, 0xE0, 0x3F, 0x01, 0xF8, 0x1F, 0x00, 0x7E, 0x0F, 0x80, 0x1F, 0x03, 0x80, 0x0F, 0xC0, 0xC0,
    0x03, 0xF0, 0x00, 0x00, 0xFC, 0x00, 0x00, 0x3E, 0x00, 0x00, 0x0E, 0x00, 0x00, 0x02, 0x00, 0x00,
    0x00, 0x0C, 0x00, 0x00, 0x1C, 0x00, 0x01, 0xFE, 0x00, 0xF0, 0xEE, 0x01, 0xF8, 0xFF, 0x03, 0xFC,
    0x74, 0x03, 0xFE, 0x70, 0x07, 0xDF, 0x00, 0x0F, 0x8F, 0x80, 0x1F, 0x0F, 0xC0, 0x3F, 0x07, 0xE0,
    0x7E, 0x03, 0xF0, 0x7C, 0x01, 0xF8, 0x78, 0x00, 0xF8, 0x38, 0x00, 0xFE, 0x10, 0x00, 0x7F, 0x00,
    0x00, 0x3F, 0x00, 0x00, 0x1E, 0x00, 0x00, 0x0E, 0x00, 0x00, 0x04, 0x00, 0x00, 0x38, 0x00, 0x00,
    0x7C, 0x00, 0x00, 0xEE, 0x00, 0xF0, 0xC6, 0x01, 0xF8, 0xEE, 0x03, 0xFC, 0xFE, 0x03, 0xFE, 0x7C,
    0x07, 0xDF, 0x00, 0x0F, 0x8F, 0x80, 0x1F, 0x0F, 0xC0, 0x3F, 0x07, 0xE0, 0x7E, 0x03, 0xF0, 0x7C,
    0x01, 0xF8, 0x78, 0x00, 0xF8, 0x38, 0x00, 0xFE, 0x10, 0x00, 0x7F, 0x00, 0x00, 0x3F, 0x00, 0x00,
    0x1E, 0x00, 0x00, 0x0E, 0x00, 0x00, 0x04, 0x78, 0x00, 0x01, 0xE3, 0xFF, 0xE7, 0x8F, 0xFF, 0x9E,
    0x3F, 0xFE, 0x70, 0x07, 0x81, 0xC0, 0x1E, 0x0F, 0x00, 0x78, 0xBC, 0x3F, 0xFE, 0xF0, 0xFF, 0xFB,
    0xC3, 0xFF, 0xEF, 0x00, 0x78, 0x3E, 0x01, 0xE0, 0xFC, 0x07, 0x83, 0xF1, 0xFE, 0x0F, 0xCF, 0xFE,
    0x3F, 0x7F, 0xFC, 0xF9, 0xC3, 0xFF, 0xE7, 0x1F, 0xFF, 0x9F, 0x7B, 0xFE, 0x7F, 0xE6, 0x78, 0xFF,
    0x09, 0xC1, 0xF8, 0x00, 0x00, 0x00, 0x06, 0x00, 0x00, 0x3E, 0x38, 0x00, 0x3E, 0x7C, 0xFF, 0xFF,
    0x78, 0xFF, 0xFF, 0x78, 0xFF, 0xF0, 0x78, 0xFF, 0x80, 0x78, 0x03, 0x80, 0x78, 0x03, 0x80, 0x70,
    0x03, 0xB8, 0x70, 0xFF, 0xFC, 0x70, 0xFF, 0xFC, 0xF0, 0xFF, 0xF8, 0xF0, 0x03, 0x80, 0xFC, 0x03,
    0x80, 0xFE, 0x1F, 0x80, 0xFC, 0x7F, 0xC0, 0xFC, 0xFF, 0xF0, 0xFD, 0xF7, 0xF8, 0xF9, 0xE3, 0xFC,
    0x79, 0xF7, 0xFC, 0x79, 0xFF, 0x9C, 0x78, 0xFF, 0x88, 0x78, 0x3F, 0x00, 0x00, 0x00, 0x00, 0x00,
    0x00, 0x1E, 0x00, 0x00, 0x3F, 0x38, 0x00, 0x33, 0x7C, 0xFF, 0xFF, 0x78, 0xFF, 0xFF, 0x78, 0xFF,
    0xFC, 0x78, 0xFF, 0x80, 0x78, 0x03, 0x80, 0x78, 0x03, 0x80, 0x70, 0x03, 0xB8, 0x70, 0xFF, 0xFC,
    0x70, 0xFF, 0xFC, 0xF0, 0xFF, 0xF8, 0xF0, 0x03, 0x80, 0xFC, 0x03, 0x80, 0xFE, 0x1F, 0x80, 0xFC,
    0x7F, 0xC0, 0xFC, 0xFF, 0xF0, 0xFD, 0xF7, 0xF8, 0xF9, 0xE3, 0xFC, 0x79, 0xF7, 0xFC, 0x79, 0xFF,
    0x9C, 0x78, 0xFF, 0x88, 0x78, 0x3F, 0x00, 0x00, 0x00, 0x00, 0x01, 0xE0, 0x00, 0x78, 0x04, 0x1E,
    0x3B, 0xFF, 0xFE, 0xFF, 0xFF, 0xBF, 0xFF, 0xE0, 0x1E, 0x00, 0x07, 0x80, 0xF1, 0xEF, 0xFF, 0xFF,
    0xFF, 0xFF, 0xFF, 0xFF, 0xFF, 0x01, 0xE0, 0x00, 0x78, 0x03, 0xFE, 0x01, 0xFF, 0xF0, 0xFF, 0xFF,
    0x3C, 0x3F, 0xEF, 0x1F, 0xFF, 0xE7, 0x9F, 0xFF, 0xE3, 0x9F, 0xF0, 0x61, 0xF8, 0x00, 0x00, 0x3C,
    0x00, 0x1F, 0xFC, 0x00, 0x3F, 0xF8, 0x00, 0x7F, 0xF0, 0x00, 0x03, 0xC0, 0x00, 0x07, 0x80, 0x00,
    0x1E, 0x1C, 0x00, 0x3C, 0x3C, 0x03, 0xF8, 0x78, 0x1F, 0xFE, 0xF0, 0xFF, 0xFF, 0xE3, 0xFF, 0xFF,
    0xC7, 0xDE, 0x7F, 0xDE, 0x78, 0x1F, 0xFC, 0xF0, 0x3F, 0xFB, 0xE0, 0xFF, 0xFF, 0x81, 0xED, 0xFF,
    0x07, 0xC1, 0xFC, 0x1F, 0x01, 0xF0, 0xFC, 0x00, 0x03, 0xF0, 0x00, 0x01, 0xC0, 0x00, 0x00, 0x00,
    0x00, 0x07, 0x80, 0x00, 0x0F, 0x00, 0x00, 0x1E, 0x00, 0x03, 0x3F, 0xE7, 0x07, 0xFF, 0xDF, 0x0F,
    0xFF, 0xBF, 0x1F, 0xFC, 0x3F, 0x03, 0xC0, 0x1F, 0x0F, 0x80, 0x1C, 0x7F, 0x00, 0x30, 0xFE, 0x00,
    0x03, 0xDE, 0x00, 0x07, 0x3C, 0x00, 0x0E, 0x78, 0x08, 0x1C, 0xF0, 0x1C, 0x3F, 0xC0, 0x3C, 0x7F,
    0x80, 0x78, 0x7F, 0x00, 0xF0, 0xFE, 0x03, 0xE0, 0x3E, 0x3F, 0x80, 0x7F, 0xFF, 0x00, 0xFF, 0xFC,
    0x00, 0xFF, 0xE0, 0x00, 0x00, 0x06, 0x00, 0x00, 0x0F, 0x00, 0x70, 0x1C, 0x01, 0xF0, 0x78, 0x01,
    0xE3, 0xF0, 0x03, 0xFF, 0xFC, 0x03, 0xFF, 0xFC, 0x07, 0xFF, 0xFC, 0x1F, 0x9E, 0xF8, 0x7E, 0x3C,
    0xF8, 0xFE, 0xF0, 0xF3, 0xFD, 0xE1, 0xE7, 0xBF, 0xC3, 0xCE, 0x7F, 0x03, 0xFC, 0x7E, 0x0F, 0x78,
    0xF8, 0x1E, 0xF1, 0xF8, 0x7D, 0xFF, 0xF0, 0xF9, 0xFF, 0xC7, 0xE3, 0xFC, 0xFF, 0x83, 0xF1, 0xFE,
    0x00, 0x01, 0xF8, 0x00, 0x01, 0xC0, 0x00, 0x03, 0xC0, 0x00, 0x1E, 0x00, 0x00, 0xF0, 0x00, 0x07,
    0x80, 0x0F, 0xF8, 0xC0, 0x7F, 0xFE, 0x03, 0xFF, 0xF0, 0x07, 0xFF, 0x80, 0x07, 0x80, 0x00, 0x3C,
    0x00, 0x3D, 0xE0, 0xF9, 0xFF, 0xFB, 0xCF, 0xFF, 0xCF, 0x3F, 0xFE, 0x78, 0x3C, 0x03, 0xE1, 0xE0,
    0x1F, 0x0F, 0x00, 0xF8, 0x78, 0x07, 0x81, 0xE0, 0x7C, 0x0F, 0xFF, 0xE0, 0x7F, 0xFE, 0x01, 0xFF,
    0xE0, 0x03, 0xFC, 0x00, 0x00, 0x60, 0x00, 0x0F, 0x00, 0x04, 0xF8, 0x03, 0xC7, 0x80, 0x3E, 0x3F,
    0x81, 0xEF, 0xFE, 0x0F, 0xFF, 0xE3, 0xFF, 0x1F, 0xFF, 0x80, 0xFF, 0xF9, 0x1F, 0x73, 0xDF, 0xE0,
    0x3D, 0xFE, 0x03, 0xDF, 0x80, 0x1E, 0x00, 0x01, 0xE0, 0x00, 0x1E, 0x00, 0x00, 0xF0, 0x00, 0x0F,
    0x00, 0x00, 0xF0, 0x00, 0x0E, 0x00, 0x00, 0x00, 0x00, 0x00, 0x38, 0x00, 0x00, 0x7C, 0x00, 0x0E,
    0x3E, 0x00, 0x1E, 0x1F, 0x00, 0x1F, 0x0F, 0xF8, 0x0F, 0x3F, 0xFC, 0x07, 0xFF, 0xFE, 0x07, 0xFE,
    0x3E, 0x1F, 0xF0, 0x1F, 0x7F, 0xC0, 0x0F, 0x7F, 0xE0, 0x1E, 0x7D, 0xE7, 0x3E, 0x31, 0xE7, 0xFE,
    0x00, 0xF7, 0xFC, 0x00, 0xF7, 0xF8, 0x00, 0xF8, 0x00, 0x00, 0x78, 0x00, 0x00, 0x78, 0x00, 0x00,
    0x7C, 0x00, 0x00, 0x3C, 0x00, 0x00, 0x3C, 0x00, 0x00, 0x3E, 0x00, 0x00, 0x3C, 0x00, 0x00, 0x00,
    0x00, 0x00, 0x60, 0x00, 0x3C, 0x0F, 0x0F, 0x03, 0xC3, 0xF0, 0xF3, 0xFF, 0x3F, 0xFF, 0xEF, 0xFF,
    0xFB, 0xF9, 0xCF, 0xFC, 0x73, 0xFE, 0x1C, 0xFF, 0x67, 0x3F, 0xDF, 0xCF, 0xF7, 0xFF, 0xBD, 0xFF,
    0xEF, 0x3F, 0xF1, 0xC7, 0xF0, 0x03, 0xE0, 0x01, 0xF0, 0x00, 0x78, 0x00, 0x04, 0x00, 0x00, 0x3C,
    0x00, 0x00, 0xF0, 0x07, 0x83, 0xC0, 0x1E, 0x0F, 0x80, 0x78, 0x7F, 0x81, 0xC7, 0xFF, 0x87, 0x3F,
    0xFF, 0x1D, 0xFF, 0x7C, 0xFF, 0x1C, 0x7B, 0xF8, 0x71, 0xEF, 0xC1, 0xC7, 0xBF, 0x07, 0x0E, 0xF9,
    0x1C, 0x7B, 0xEE, 0xF1, 0xEF, 0xBF, 0xCF, 0x9E, 0xFF, 0xFC, 0x79, 0xFF, 0xF1, 0xE3, 0xFF, 0x87,
    0x87, 0xF8, 0x00, 0x3E, 0x00, 0x01, 0xF0, 0x00, 0x0F, 0x80, 0x00, 0x1C, 0x00, 0x00, 0x00, 0x00,
    0x01, 0xC0, 0x00, 0xE0, 0x00, 0x70, 0x00, 0x38, 0x00, 0x1F, 0xF0, 0x0F, 0xF8, 0x07, 0xFC, 0x03,
    0xC0, 0x01, 0xC0, 0x00, 0xE0, 0x00, 0x70, 0x01, 0xFC, 0x03, 0xFF, 0x03, 0xFF, 0xE3, 0xE7, 0xF9,
    0xE3, 0xFE, 0xFF, 0xEF, 0x3F, 0xE3, 0x0F, 0xE0, 0x00, 0x00, 0xF0, 0x00, 0x0F, 0x80, 0x00, 0xF0,
    0x00, 0x0F, 0x00, 0x00, 0xF0, 0x00, 0x0F, 0xFE, 0x00, 0xFF, 0xE0, 0x0F, 0xFE, 0x00, 0xFF, 0x80,
    0x0F, 0x00, 0x00, 0xF0, 0x00, 0x0F, 0x80, 0x00, 0x78, 0x00, 0xFF, 0x80, 0x3F, 0xFE, 0x07, 0xFF,
    0xF8, 0x7C, 0xFF, 0xCF, 0x07, 0xFE, 0xF0, 0x7F, 0xFF, 0xDF, 0x9F, 0x7F, 0xF0, 0xE3, 0xFF, 0x06,
    0x1F, 0xE0, 0x00, 0x06, 0x00, 0x00, 0xFE, 0x00, 0x3F, 0xFC, 0x07, 0xFF, 0x00, 0x1F, 0xE0, 0x78,
    0x1C, 0x0F, 0x00, 0x01, 0xE0, 0x00, 0x78, 0x00, 0x0F, 0x1F, 0xC1, 0xEF, 0xFE, 0x3F, 0xFF, 0xE7,
    0xFC, 0xFE, 0xFC, 0x07, 0xDF, 0x00, 0x7B, 0xC0, 0x0F, 0x70, 0x01, 0xE0, 0x00, 0x7C, 0x00, 0x1F,
    0x87, 0xFF, 0xE0, 0xFF, 0xF8, 0x1F, 0xFE, 0x03, 0xFF, 0x00, 0x00, 0x00, 0x78, 0x00, 0x3C, 0x00,
    0x1E, 0x7E, 0x0F, 0x7F, 0x87, 0xFF, 0xE3, 0xFD, 0xF9, 0xF8, 0x3C, 0xF8, 0x1E, 0xFC, 0x0F, 0x7C,
    0x07, 0xFE, 0x01, 0xFF, 0x00, 0xFF, 0x00, 0xFF, 0x80, 0x7F, 0xC0, 0x3C, 0xE0, 0x1E, 0x00, 0x1F,
    0x00, 0x1F, 0x00, 0x3F, 0x80, 0xFF, 0x81, 0xFF, 0x80, 0x7F, 0x00, 0x1E, 0x00, 0x00, 0x00, 0x00,
    0x0F, 0x01, 0xFF, 0xF8, 0x1F, 0xFF, 0xC1, 0xFF, 0xF8, 0x00, 0x3E, 0x00, 0x07, 0xC0, 0x00, 0xF8,
    0x00, 0x1F, 0x00, 0x07, 0xFF, 0x00, 0xFF, 0xFC, 0x1F, 0xFF, 0xE3, 0xF0, 0x3F, 0x7C, 0x01, 0xFF,
    0x8E, 0x0F, 0x73, 0xF8, 0xF2, 0x7F, 0xCF, 0x07, 0xBC, 0xF0, 0xF1, 0xFF, 0x07, 0x9F, 0xE0, 0x7F,
    0xFC, 0x03, 0xFF, 0x80, 0x1F, 0xE0, 0x07, 0xC0, 0x00, 0x07, 0xC0, 0x00, 0x07, 0x80, 0x00, 0x07,
    0x80, 0x00, 0x0F, 0xC7, 0xC0, 0xFF, 0xDF, 0xE0, 0xFF, 0xFF, 0xF0, 0xFF, 0xFD, 0xF0, 0x47, 0xF0,
    0xF0, 0x07, 0xE0, 0xF0, 0x0F, 0xC0, 0xF0, 0x0F, 0x80, 0xF0, 0x1F, 0x00, 0xF0, 0x3F, 0x00, 0xE0,
    0x3F, 0x00, 0xE0, 0x7F, 0x01, 0xE0, 0xFF, 0x81, 0xE2, 0xF7, 0x81, 0xE6, 0x67, 0x81, 0xFF, 0x67,
    0x81, 0xFF, 0x07, 0x80, 0xFE, 0x07, 0x80, 0xFC, 0x07, 0x80, 0x00, 0x00, 0x07, 0x01, 0xFF, 0xF8,
    0x1F, 0xFF, 0xC1, 0xFF, 0xF8, 0x00, 0x3F, 0x00, 0x07, 0xC0, 0x00, 0xF8, 0x00, 0x1F, 0x00, 0x03,
    0xFF, 0x00, 0xFF, 0xFC, 0x1F, 0xFF, 0xE3, 0xF8, 0x3E, 0x7E, 0x01, 0xFF, 0xC0, 0x0F, 0xF8, 0x00,
    0xF7, 0x00, 0x0F, 0x00, 0x01, 0xF0, 0x00, 0x3F, 0x07, 0xFF, 0xE0, 0x7F, 0xFC, 0x03, 0xFF, 0x80,
    0x3F, 0xE0, 0x00, 0x00, 0x00, 0x07, 0x80, 0x00, 0x70, 0x00, 0x07, 0x00, 0x00, 0x70, 0x00, 0x7F,
    0x9F, 0x0F, 0xFF, 0xF8, 0x7F, 0xFF, 0xC0, 0xFF, 0x7E, 0x0F, 0x81, 0xE1, 0xF0, 0x0E, 0x3F, 0x00,
    0xE3, 0xF0, 0x0E, 0x7F, 0x01, 0xEF, 0xF0, 0x3E, 0xFF, 0x07, 0xC6, 0xF3, 0xFC, 0x0F, 0x3F, 0x80,
    0xF3, 0xE0, 0x0F, 0x18, 0x00, 0x07, 0xC0, 0x00, 0x0F, 0x80, 0x00, 0x1E, 0x00, 0x00, 0x3C, 0x00,
    0x00, 0xFC, 0x00, 0x1F, 0xF9, 0xFC, 0x3F, 0xEF, 0xFE, 0x7F, 0xFF, 0xFC, 0x47, 0xFC, 0xFC, 0x0F,
    0xC0, 0x7C, 0x3F, 0x00, 0x78, 0x7C, 0x00, 0xF1, 0xF0, 0x01, 0xE7, 0xE0, 0x03, 0xDF, 0xC0, 0x0F,
    0xBF, 0x80, 0x1E, 0xF7, 0x00, 0x7D, 0xEE, 0x03, 0xF9, 0x9E, 0x3F, 0xE3, 0x3C, 0x7F, 0x80, 0x78,
    0xFC, 0x00, 0xF0, 0xE0, 0x01, 0xE0, 0x00, 0x00, 0x00, 0x08, 0x00, 0x3F, 0xF0, 0x00, 0xFF, 0xE0,
    0x03, 0xFF, 0x00, 0x00, 0x3C, 0x00, 0x00, 0xF0, 0x00, 0x03, 0xF0, 0x00, 0x7F, 0xF0, 0x03, 0xFF,
    0xF0, 0x3F, 0xCF, 0xE1, 0xFF, 0x0F, 0x87, 0xBC, 0x1F, 0x3C, 0xE0, 0x3D, 0xE7, 0x80, 0xF7, 0x9E,
    0x03, 0xDC, 0xF7, 0xEF, 0xF3, 0xFF, 0xFF, 0xDE, 0xFF, 0xFF, 0xFB, 0x9F, 0x9F, 0xDF, 0x7E, 0x7F,
    0x3F, 0xF0, 0xF8, 0xFF, 0x80, 0x00, 0xF8, 0x00, 0x00, 0x00, 0x00, 0x1F, 0xFF, 0x00, 0x3F, 0xFF,
    0x00, 0x7F, 0xFE, 0x00, 0x07, 0xE0, 0x00, 0x3F, 0xF0, 0x01, 0xFF, 0xF8, 0x0F, 0xFB, 0xF0, 0x3F,
    0x00, 0xF0, 0xFF, 0xF1, 0xE0, 0xEF, 0xF3, 0xC0, 0x9C, 0xEF, 0x80, 0x3F, 0xFF, 0x00, 0x7F, 0xFC,
    0x00, 0xFF, 0xF0, 0x03, 0xFF, 0x00, 0x0F, 0x83, 0xC0, 0x3F, 0xDF, 0xE0, 0xFF, 0xFF, 0xE3, 0xFF,
    0xF7, 0xEF, 0x87, 0xC3, 0xDE, 0x0F, 0x07, 0xDC, 0x1E, 0x07, 0x00, 0x00, 0x00, 0x01, 0xE0, 0x00,
    0x07, 0x80, 0x00, 0x1E, 0x3C, 0x1F, 0xFF, 0xF0, 0x7F, 0xFF, 0xC1, 0xFF, 0xFF, 0x00, 0x3C, 0x00,
    0x01, 0xE0, 0x06, 0x0F, 0xF8, 0x78, 0x3F, 0xFF, 0xF1, 0xFF, 0xFF, 0x8F, 0x87, 0xF8, 0x7C, 0x7F,
    0x01, 0xE3, 0xF8, 0x03, 0x1F, 0xE0, 0x00, 0xFF, 0x80, 0x03, 0xDE, 0x00, 0x1E, 0x78, 0x00, 0x78,
    0x00, 0x01, 0xF8, 0x7C, 0x03, 0xFF, 0xF0, 0x0F, 0xFF, 0xC0, 0x0F, 0xFF, 0x00, 0x00, 0x20, 0x00,
    0x00, 0x78, 0x00, 0x00, 0x7C, 0x00, 0x00, 0xF8, 0x00, 0x00, 0xF0, 0x00, 0x01, 0xF0, 0x00, 0x01,
    0xE0, 0x00, 0x03, 0xE0, 0x00, 0x03, 0xC0, 0x00, 0x07, 0xC0, 0x00, 0x07, 0xF8, 0x00, 0x0F, 0xFC,
    0x00, 0x0F, 0xFE, 0x00, 0x1F, 0xBE, 0x0C, 0x1F, 0x1E, 0x1E, 0x3E, 0x1E, 0x1E, 0x3C, 0x1E, 0x1E,
    0x3C, 0x1E, 0x3C, 0x7C, 0x1F, 0xFC, 0x78, 0x1F, 0xF8, 0xF8, 0x1F, 0xF8, 0xF8, 0x0F, 0xE0, 0x10,
    0x03, 0xC0, 0x0C, 0x00, 0x00, 0x1F, 0xF8, 0x00, 0x3F, 0xFC, 0x60, 0x7F, 0xFF, 0xE0, 0x3F, 0xFD,
    0xC0, 0x00, 0x1F, 0xC0, 0x00, 0x3E, 0x03, 0xFF, 0x30, 0x7F, 0xFF, 0x00, 0xFF, 0xFF, 0x01, 0xFF,
    0x3F, 0x03, 0xC0, 0x3E, 0x00, 0x00, 0x3C, 0x00, 0x00, 0x78, 0x00, 0x00, 0xF0, 0x00, 0x03, 0xE0,
    0x00, 0x07, 0xC0, 0x00, 0x3F, 0x00, 0x01, 0xFC, 0x00, 0x7F, 0xF0, 0x00, 0xFF, 0xC0, 0x00, 0xFE,
    0x00, 0x01, 0xF0, 0x00, 0x00, 0x00, 0x00, 0x00, 0x00, 0x00, 0x3C, 0x00, 0x01, 0xE0, 0x00, 0x0F,
    0x07, 0x00, 0x78, 0x7C, 0x7F, 0xFD, 0xE3, 0xFF, 0xF7, 0x8F, 0xFF, 0xBC, 0x6F, 0x3C, 0xE0, 0x78,
    0xE7, 0x83, 0x87, 0x3C, 0x3C, 0x38, 0xE1, 0xE3, 0xC4, 0x0F, 0x1E, 0x00, 0xF0, 0xF0, 0x07, 0xC7,
    0x80, 0x7B, 0xF8, 0x07, 0xDF, 0xC0, 0x1C, 0xFC, 0x00, 0x00, 0x00, 0x00, 0x60, 0x1E, 0x1E, 0x07,
    0x87, 0x01, 0xE1, 0xC0, 0x38, 0xF3, 0x0F, 0xFC, 0xFF, 0xFF, 0x3F, 0xFF, 0xCF, 0xF8, 0xF0, 0x0E,
    0x3E, 0x03, 0x8F, 0xC1, 0xE3, 0xF0, 0x78, 0xF8, 0x1E, 0x3E, 0x07, 0x8F, 0x83, 0xC1, 0xE1, 0xF0,
    0x70, 0xF8, 0x1C, 0x3C, 0x00, 0x06, 0x00, 0x00, 0x1C, 0x7C, 0xFE, 0x7E, 0x74, 0x20, 0x79, 0xFB,
    0xB6, 0x6F, 0xCF, 0x8E, 0x00, 0x04, 0x0F, 0x3B, 0x9F, 0xE7, 0x73, 0xF0, 0xE0, 0x3C, 0xFF, 0x9F,
    0x37, 0xE7, 0x80, 0x30, 0x03, 0xC0, 0x3F, 0x00, 0xFC, 0x03, 0xF0, 0x0F, 0xC0, 0x3F, 0x00, 0xFC,
    0x03, 0xE0, 0x0F, 0x80, 0x7E, 0x0F, 0xE3, 0xFF, 0x1F, 0xF0, 0xFC, 0x03, 0x80, 0x00, 0x38, 0x03,
    0xF8, 0x07, 0x71, 0x8F, 0xF7, 0x8E, 0xDF, 0x9C, 0x0F, 0x80, 0x0F, 0x80, 0x0F, 0x80, 0x1F, 0x80,
    0x1F, 0x80, 0x1F, 0x80, 0x1F, 0x80, 0x3F, 0x03, 0xFC, 0x1F, 0xF8, 0x3F, 0xC0, 0x3E, 0x00, 0x60,
    0x00, 0x00, 0x08, 0x00, 0x00, 0x7C, 0x00, 0x01, 0xF0, 0x00, 0x07, 0x80, 0x00, 0x3E, 0x00, 0x00,
    0xFF, 0x00, 0x03, 0xFF, 0x80, 0x1F, 0xFE, 0x00, 0x7B, 0xF8, 0x03, 0xC0, 0xC0, 0x0F, 0x00, 0x00,
    0x7F, 0xC0, 0x03, 0xFF, 0x80, 0x0F, 0xFF, 0x00, 0x7F, 0x7C, 0x01, 0xF0, 0xF0, 0x0F, 0x81, 0xE0,
    0x3C, 0x07, 0x01, 0xF0, 0x3C, 0x0F, 0x80, 0xF0, 0x3F, 0x87, 0xC1, 0xF7, 0xFE, 0x0F, 0x9F, 0xF0,
    0x0E, 0x7F, 0xC0, 0x00, 0xFC, 0x00, 0x00, 0x03, 0xFF, 0x80, 0x00, 0x00, 0x00, 0x00, 0x3F, 0xF8,
    0x00, 0x00, 0x80, 0x00, 0x1F, 0xFF, 0xFB, 0xFF, 0xFF, 0x7F, 0xFF, 0xE0, 0x00, 0x78, 0x07, 0x9F,
    0x00, 0xF7, 0xC0, 0x1F, 0xF0, 0x03, 0xFC, 0x00, 0x79, 0x00, 0x0E, 0x00, 0x03, 0xC0, 0x00, 0x78,
    0x00, 0x1F, 0x00, 0x07, 0xC0, 0x03, 0xF0, 0x00, 0x7C, 0x00, 0x03, 0x00, 0x00, 0x40, 0x00, 0x13,
    0xFF, 0xFF, 0xEF, 0xFF, 0xFF, 0xFF, 0xFF, 0xFF, 0x60, 0x00, 0xF8, 0x00, 0x07, 0xC0, 0x0F, 0x1F,
    0x00, 0x3C, 0xF8, 0x00, 0xFF, 0xC0, 0x03, 0xFE, 0x00, 0x0F, 0x30, 0x00, 0x3C, 0x00, 0x01, 0xF0,
    0x00, 0x07, 0x80, 0x00, 0x1E, 0x00, 0x00, 0xF8, 0x00, 0x07, 0xC0, 0x00, 0x3F, 0x00, 0x01, 0xF8,
    0x00, 0x0F, 0xC0, 0x00, 0x1E, 0x00, 0x00, 0x30, 0x00, 0x00, 0x00, 0x01, 0x80, 0x00, 0x78, 0x00,
    0x1F, 0x00, 0x07, 0xE0, 0x03, 0xF8, 0x00, 0xFC, 0x00, 0x7F, 0x00, 0x7F, 0xC0, 0x7F, 0xF8, 0x0F,
    0xFF, 0x01, 0xF9, 0xE0, 0x18, 0x3C, 0x00, 0x07, 0x80, 0x00, 0xF0, 0x00, 0x1E, 0x00, 0x03, 0xC0,
    0x00, 0x78, 0x00, 0x0F, 0x00, 0x01, 0xE0, 0x00, 0x00, 0x00, 0x20, 0x00, 0x01, 0xC0, 0x00, 0x0F,
    0x80, 0x00, 0x7E, 0x00, 0x03, 0xF0, 0x00, 0x1F, 0x80, 0x01, 0xFC, 0x00, 0x1F, 0xE0, 0x01, 0xFE,
    0x00, 0x1F, 0xF8, 0x03, 0xFF, 0xE0, 0x3F, 0xF7, 0x80, 0x7F, 0x1E, 0x01, 0xF0, 0x78, 0x02, 0x01,
    0xE0, 0x00, 0x07, 0x80, 0x00, 0x1E, 0x00, 0x00, 0x78, 0x00, 0x01, 0xE0, 0x00, 0x07, 0x80, 0x00,
    0x1E, 0x00, 0x00, 0xF8, 0x00, 0x01, 0xC0, 0x00, 0xF0, 0x00, 0x3C, 0x00, 0x0F, 0x00, 0xFF, 0xFF,
    0xBF, 0xFF, 0xFF, 0xFF, 0xFB, 0xC0, 0x1E, 0xF0, 0x07, 0xBC, 0x03, 0xEF, 0x00, 0xF3, 0xC0, 0x3C,
    0x00, 0x1F, 0x00, 0x0F, 0x80, 0x07, 0xE0, 0x07, 0xF0, 0x0F, 0xF8, 0x03, 0xFC, 0x00, 0x7C, 0x00,
    0x1C, 0x00, 0x00, 0xF8, 0x00, 0x07, 0xC0, 0x00, 0x3C, 0x00, 0x01, 0xE0, 0x00, 0x0F, 0x02, 0x7F,
    0xFF, 0xFB, 0xFF, 0xFF, 0xFF, 0xFF, 0xFF, 0xF0, 0x00, 0xF7, 0x80, 0x07, 0xBC, 0x00, 0x3D, 0xE0,
    0x03, 0xEF, 0x80, 0x1E, 0x78, 0x01, 0xF0, 0x00, 0x0F, 0x80, 0x00, 0xF8, 0x00, 0x0F, 0x80, 0x00,
    0xFC, 0x00, 0x3F, 0xC0, 0x0F, 0xFC, 0x00, 0x7F, 0xC0, 0x01, 0xF8, 0x00, 0x07, 0x00, 0x00, 0x00,
    0x00, 0x07, 0xFF, 0xF8, 0xFF, 0xFF, 0x1F, 0xFF, 0xE0, 0x1E, 0x00, 0x03, 0xC0, 0x00, 0x78, 0x00,
    0x0F, 0x00, 0x01, 0xE0, 0x00, 0x3C, 0x00, 0x07, 0x80, 0x00, 0xF0, 0x00, 0x1E, 0x01, 0xFF, 0xFF,
    0xFF, 0xFF, 0xFF, 0xFF, 0xFF, 0x00, 0x00, 0x00, 0x3F, 0xFF, 0xF8, 0x7F, 0xFF, 0xF0, 0xFF, 0xFF,
    0xE1, 0xFF, 0xFF, 0xC0, 0x07, 0xC0, 0x00, 0x0F, 0x80, 0x00, 0x1F, 0x00, 0x00, 0x3E, 0x00, 0x00,
    0x7C, 0x00, 0x00, 0xF8, 0x00, 0x01, 0xF0, 0x00, 0x03, 0xE0, 0x00, 0x07, 0xC0, 0x00, 0x0F, 0x80,
    0x1F, 0xFF, 0xFF, 0x7F, 0xFF, 0xFF, 0xFF, 0xFF, 0xFF, 0xFF, 0xFF, 0xFC, 0x00, 0x00, 0x00, 0x00,
    0x3C, 0x00, 0x07, 0x80, 0x00, 0xF0, 0x00, 0x1E, 0x07, 0xFF, 0xFE, 0xFF, 0xFF, 0xDF, 0xFF, 0xF8,
    0x07, 0xE0, 0x00, 0xFC, 0x00, 0x3F, 0x80, 0x0F, 0xF0, 0x07, 0xEE, 0x01, 0xF9, 0xC0, 0xFE, 0x38,
    0x1F, 0x87, 0x03, 0xE0, 0xE0, 0x31, 0xFC, 0x00, 0x3F, 0x80, 0x07, 0xE0, 0x00, 0x00, 0x0F, 0x00,
    0x00, 0x3C, 0x00, 0x00, 0xF0, 0x00, 0x03, 0xC0, 0x00, 0x0F, 0x01, 0xFF, 0xFF, 0xF7, 0xFF, 0xFF,
    0xDF, 0xFF, 0xFF, 0x20, 0x1F, 0x00, 0x00, 0xFC, 0x00, 0x07, 0xF0, 0x00, 0x3F, 0xC0, 0x01, 0xF7,
    0x00, 0x1F, 0x9E, 0x00, 0xFC, 0x78, 0x0F, 0xE1, 0xE0, 0x7F, 0x07, 0x83, 0xF8, 0x1E, 0x07, 0x84,
    0xF8, 0x0C, 0x1F, 0xE0, 0x00, 0x7F, 0x00, 0x01, 0xFC, 0x00, 0x00, 0x00, 0x00, 0x01, 0xF0, 0x00,
    0x1F, 0x00, 0x01, 0xF0, 0x00, 0x1E, 0x00, 0x41, 0xE0, 0x0F, 0xFF, 0xFF, 0xFF, 0xFF, 0xFF, 0xFF,
    0xFF, 0x01, 0xE0, 0xF0, 0x1E, 0x0F, 0x01, 0xE0, 0xF0, 0x3C, 0x0F, 0x03, 0xC0, 0xF0, 0x3C, 0x0F,
    0x07, 0x80, 0xF0, 0x78, 0x1E, 0x0F, 0x81, 0xE1, 0xF0, 0x1E, 0x3E, 0x33, 0xEF, 0xE3, 0xFE, 0xFC,
    0x3F, 0xC7, 0x83, 0xFC, 0x30, 0x07, 0x00, 0x00, 0x00, 0x0C, 0x00, 0x00, 0x1C, 0x00, 0xF0, 0xFE,
    0x00, 0xF0, 0xFE, 0x00, 0xF0, 0x7E, 0x00, 0xF0, 0x70, 0x00, 0xF0, 0x60, 0x7F, 0xFF, 0xF0, 0x7F,
    0xFF, 0xF8, 0x7F, 0xFF, 0xF0, 0x01, 0xE0, 0xF0, 0x01, 0xE0, 0xF0, 0x01, 0xE0, 0xF0, 0x01, 0xE0,
    0xF0, 0x03, 0xE0, 0xF0, 0x03, 0xC0, 0xF0, 0x07, 0xC0, 0xF0, 0x0F, 0x80, 0xF0, 0x0F, 0x80, 0xF0,
    0x3F, 0x11, 0xF0, 0x7E, 0x1F, 0xE0, 0xFC, 0x1F, 0xE0, 0x38, 0x1F, 0xC0, 0x10, 0x07, 0x00, 0x03,
    0xE0, 0x00, 0x1F, 0x00, 0x00, 0x78, 0x00, 0x03, 0xCF, 0xC0, 0x1F, 0xFE, 0x7F, 0xFF, 0xF3, 0xFF,
    0xFF, 0x9F, 0xFE, 0x00, 0xFC, 0xF0, 0x00, 0x07, 0x80, 0x00, 0x3C, 0x7E, 0x01, 0xFF, 0xF3, 0xFF,
    0xFF, 0xFF, 0xFF, 0xFB, 0xFF, 0xF0, 0x1F, 0xEF, 0x00, 0x40, 0x7C, 0x00, 0x01, 0xE0, 0x00, 0x0F,
    0x00, 0x00, 0x78, 0x00, 0x03, 0xC0, 0x00, 0x1E, 0x00, 0x00, 0x00, 0x0C, 0x00, 0x00, 0xB8, 0x07,
    0x83, 0xF8, 0x0F, 0x07, 0xF0, 0x1E, 0x07, 0x40, 0x1E, 0x3C, 0x00, 0x3F, 0xF8, 0x3F, 0xFF, 0xF8,
    0x7F, 0xFF, 0xE0, 0xFF, 0xF8, 0x01, 0xFB, 0xE0, 0x00, 0x03, 0xC0, 0x00, 0x07, 0x8F, 0x80, 0x0F,
    0xFF, 0x07, 0xFF, 0xFF, 0x3F, 0xFF, 0xFC, 0x7F, 0xFE, 0x00, 0xFF, 0x78, 0x01, 0x80, 0xF0, 0x00,
    0x01, 0xE0, 0x00, 0x03, 0xE0, 0x00, 0x03, 0xC0, 0x00, 0x07, 0x80, 0x00, 0x0F, 0x00, 0x00, 0x00,
    0x00, 0x01, 0xC0, 0x00, 0x07, 0x80, 0x00, 0x3E, 0x00, 0x00, 0xF0, 0x20, 0x07, 0xFF, 0xE0, 0x3F,
    0xFF, 0xC1, 0xFF, 0xFE, 0x0F, 0xC0, 0xF8, 0x7E, 0x03, 0xE3, 0xF0, 0x0F, 0x1F, 0x80, 0x7C, 0x7C,
    0x01, 0xE0, 0xE0, 0x0F, 0x80, 0x00, 0x7C, 0x00, 0x03, 0xF0, 0x00, 0x1F, 0x80, 0x00, 0xFC, 0x00,
    0x07, 0xE0, 0x00, 0x7F, 0x00, 0x0F, 0xF8, 0x00, 0x7F, 0xC0, 0x00, 0xFC, 0x00, 0x01, 0xC0, 0x00,
    0x00, 0x00, 0x00, 0x00, 0x00, 0x00, 0x00, 0x00, 0x07, 0x00, 0x18, 0x1D, 0xC0, 0x0F, 0x87, 0xE0,
    0x07, 0x83, 0xB8, 0x07, 0xC0, 0xE0, 0x07, 0xFF, 0xE0, 0x03, 0xFF, 0xF8, 0x03, 0xFF, 0xFC, 0x03,
    0xE0, 0x3C, 0x03, 0xE0, 0x3E, 0x03, 0xE0, 0x1F, 0x07, 0xF0, 0x1F, 0x03, 0xF0, 0x0F, 0x80, 0xE0,
    0x0F, 0x80, 0x20, 0x07, 0xC0, 0x00, 0x07, 0xC0, 0x00, 0x07, 0xC0, 0x00, 0x07, 0xE0, 0x00, 0x07,
    0xE0, 0x00, 0x0F, 0xE0, 0x00, 0x1F, 0xE0, 0x00, 0x3F, 0xE0, 0x00, 0x1F, 0xC0, 0x00, 0x07, 0xC0,
    0x00, 0x01, 0x80, 0x00, 0x00, 0x03, 0xC0, 0x00, 0x07, 0x80, 0x00, 0x0F, 0x00, 0x00, 0x3E, 0x00,
    0x00, 0x78, 0x00, 0x01, 0xFF, 0xFF, 0x83, 0xFF, 0xFF, 0x0F, 0xFF, 0xFE, 0x3F, 0xFF, 0xFC, 0x7C,
    0x1E, 0x01, 0xF0, 0x3C, 0x07, 0xE0, 0x78, 0x07, 0x81, 0xF0, 0x06, 0x03, 0xC0, 0x00, 0x07, 0x80,
    0x00, 0x1F, 0x00, 0x00, 0x7C, 0x00, 0x01, 0xF8, 0x00, 0x07, 0xE0, 0x00, 0x1F, 0x80, 0x00, 0x7F,
    0x00, 0x00, 0x78, 0x00, 0x00, 0x60, 0x00, 0x00, 0x00, 0x00, 0x06, 0x00, 0x00, 0x1F, 0x00, 0x78,
    0x1D, 0xC0, 0x7C, 0x07, 0xE0, 0x3E, 0x03, 0xB0, 0x1E, 0x00, 0xC0, 0x0F, 0xFF, 0xF8, 0x0F, 0xFF,
    0xFC, 0x07, 0xFF, 0xFE, 0x07, 0xFF, 0xFF, 0x07, 0xC1, 0xE0, 0x07, 0xC0, 0xF0, 0x07, 0xE0, 0xF8,
    0x03, 0xE0, 0x7C, 0x00, 0xE0, 0x3C, 0x00, 0x20, 0x1E, 0x00, 0x00, 0x1F, 0x00, 0x00, 0x0F, 0x00,
    0x00, 0x0F, 0x80, 0x00, 0x0F, 0x80, 0x00, 0x0F, 0xC0, 0x00, 0x1F, 0xC0, 0x00, 0x0F, 0xC0, 0x00,
    0x03, 0xC0, 0x00, 0x00, 0x40, 0x00, 0x00, 0x00, 0x00, 0x0F, 0xFF, 0xFD, 0xFF, 0xFF, 0xBF, 0xFF,
    0xF7, 0xFF, 0xFE, 0x00, 0x03, 0xC0, 0x00, 0x78, 0x00, 0x0F, 0x00, 0x01, 0xE0, 0x00, 0x3C, 0x00,
    0x07, 0x80, 0x00, 0xF0, 0x00, 0x1E, 0x00, 0x03, 0xC0, 0x00, 0x7F, 0xFF, 0xFF, 0xFF, 0xFF, 0xFF,
    0xFF, 0xFF, 0xFF, 0xFF, 0x80, 0x00, 0xF0, 0x00, 0x00, 0x00, 0x00, 0x05, 0xC0, 0x00, 0x7F, 0x00,
    0x00, 0xEE, 0x00, 0x03, 0xF8, 0x00, 0x07, 0x0F, 0xFF, 0xFE, 0x3F, 0xFF, 0xF8, 0xFF, 0xFF, 0xC3,
    0xFF, 0xFF, 0x00, 0x00, 0x3C, 0x00, 0x00, 0xF0, 0x00, 0x03, 0xC0, 0x00, 0x0F, 0x00, 0x00, 0x3C,
    0x00, 0x00, 0xF0, 0x00, 0x03, 0xC0, 0x00, 0x0F, 0x00, 0x00, 0x3C, 0x00, 0x00, 0xF0, 0xFF, 0xFF,
    0xC3, 0xFF, 0xFF, 0x0F, 0xFF, 0xFC, 0x3F, 0xFF, 0xF8, 0x00, 0x03, 0xE0, 0x00, 0x03, 0xC0, 0x0F,
    0x07, 0x80, 0x1E, 0x0F, 0x00, 0x3C, 0x1E, 0x00, 0x78, 0x3C, 0x18, 0xF0, 0x78, 0xBF, 0xFF, 0xFF,
    0xFF, 0xFF, 0xFF, 0xFF, 0xFF, 0xFE, 0x0F, 0x07, 0x80, 0x1E, 0x0F, 0x00, 0x3C, 0x1E, 0x00, 0x78,
    0x3C, 0x00, 0xF0, 0x78, 0x01, 0xE0, 0xF0, 0x03, 0xC3, 0xC0, 0x00, 0x07, 0x80, 0x00, 0x1F, 0x00,
    0x00, 0x7C, 0x00, 0x03, 0xF8, 0x00, 0x1F, 0xE0, 0x00, 0x1F, 0x00, 0x00, 0x1C, 0x00, 0x00, 0x00,
    0x00, 0x00, 0x00, 0x0C, 0x0F, 0x83, 0xFE, 0x0F, 0x83, 0xFE, 0x0F, 0x03, 0xFF, 0x0F, 0x03, 0xF8,
    0x8F, 0x03, 0xC0, 0xFF, 0xFF, 0xFC, 0xFF, 0xFF, 0xFC, 0xFF, 0xFF, 0xFC, 0x8F, 0x83, 0xC0, 0x0F,
    0x03, 0xC0, 0x0F, 0x03, 0xC0, 0x0F, 0x03, 0x80, 0x0F, 0x07, 0x80, 0x0F, 0x87, 0x80, 0x0F, 0x07,
    0x80, 0x00, 0x0F, 0x80, 0x00, 0x1F, 0x00, 0x00, 0x3F, 0x00, 0x00, 0x7E, 0x00, 0x01, 0xFC, 0x00,
    0x01, 0xF8, 0x00, 0x00, 0xF0, 0x00, 0x00, 0x40, 0x00, 0x06, 0x00, 0x00, 0x3E, 0x00, 0x00, 0xFC,
    0x00, 0x03, 0xFC, 0x00, 0x03, 0xE0, 0x00, 0x03, 0x80, 0x07, 0x04, 0x03, 0x3F, 0x00, 0x0E, 0xFE,
    0x00, 0x79, 0xFC, 0x03, 0xE1, 0xE0, 0x1F, 0x83, 0x80, 0xFC, 0x00, 0x07, 0xE0, 0x00, 0x7F, 0x00,
    0x03, 0xF8, 0x00, 0x7F, 0x80, 0x07, 0xFC, 0x01, 0xFF, 0xE0, 0x07, 0xFE, 0x00, 0x0F, 0xE0, 0x00,
    0x3C, 0x00, 0x00, 0x00, 0x00, 0x00, 0x00, 0x00, 0x18, 0x03, 0x00, 0xFC, 0x07, 0xC1, 0xDE, 0x0F,
    0xE1, 0xEE, 0x07, 0xF0, 0xEE, 0x01, 0xF0, 0x70, 0x00, 0xE0, 0x00, 0x38, 0x00, 0x18, 0x7C, 0x00,
    0x38, 0x7F, 0x00, 0x7C, 0x3F, 0x00, 0x7C, 0x1F, 0x00, 0xF8, 0x06, 0x03, 0xF0, 0x00, 0x07, 0xE0,
    0x00, 0x0F, 0xC0, 0x00, 0x3F, 0x80, 0x00, 0xFF, 0x00, 0x07, 0xFE, 0x00, 0x3F, 0xF8, 0x00, 0x3F,
    0xF0, 0x00, 0x3F, 0x80, 0x00, 0x1E, 0x00, 0x00, 0x1F, 0xFF, 0xC0, 0x3F, 0xFF, 0xE0, 0x7F, 0xFF,
    0xC0, 0xFF, 0xFF, 0x00, 0x00, 0x3E, 0x00, 0x00, 0x78, 0x00, 0x01, 0xF0, 0x00, 0x03, 0xC0, 0x00,
    0x0F, 0x80, 0x00, 0x3E, 0x00, 0x00, 0xFC, 0x00, 0x03, 0xF8, 0x00, 0x0F, 0xF8, 0x00, 0x3F, 0xF8,
    0x00, 0xFC, 0xF8, 0x07, 0xF1, 0xF8, 0x1F, 0xC1, 0xF8, 0xFF, 0x01, 0xF9, 0xF8, 0x01, 0xF1, 0xE0,
    0x01, 0xC1, 0x00, 0x01, 0x00, 0x00, 0x00, 0x00, 0x00, 0x00, 0x1C, 0x00, 0x00, 0xFE, 0x00, 0x00,
    0xFE, 0x00, 0x00, 0xF6, 0x1F, 0xFF, 0xF0, 0x1F, 0xFF, 0xF0, 0x1F, 0xFF, 0xE0, 0x1F, 0xFF, 0xE0,
    0x00, 0x07, 0xC0, 0x00, 0x07, 0xC0, 0x00, 0x0F, 0x80, 0x00, 0x0F, 0x00, 0x00, 0x1F, 0x00, 0x00,
    0x3E, 0x00, 0x00, 0x7F, 0x00, 0x00, 0xFF, 0x80, 0x01, 0xFF, 0xC0, 0x03, 0xF7, 0xE0, 0x07, 0xE3,
    0xE0, 0x1F, 0xC3, 0xF0, 0x7F, 0x81, 0xF8, 0xFF, 0x00, 0xFC, 0x7C, 0x00, 0x78, 0x38, 0x00, 0x30,
    0x00, 0x00, 0x00, 0x03, 0x80, 0x00, 0x0F, 0x00, 0x00, 0x3C, 0x00, 0x00, 0xF0, 0x00, 0x03, 0xC0,
    0x30, 0x0F, 0x0F, 0xE0, 0x3F, 0xFF, 0xC3, 0xFF, 0xFF, 0xFF, 0xFF, 0xFB, 0xFF, 0xF3, 0xCF, 0xFC,
    0x1F, 0x3C, 0xF0, 0xF8, 0x03, 0xC3, 0xC0, 0x0F, 0x1F, 0x00, 0x3C, 0x38, 0x00, 0xF0, 0x40, 0x03,
    0xC0, 0x00, 0x0F, 0x00, 0x00, 0x3E, 0x1F, 0x80, 0xFF, 0xFE, 0x03, 0xFF, 0xF8, 0x07, 0xFF, 0xE0,
    0x00, 0x00, 0x00, 0x00, 0x00, 0x00, 0x00, 0x00, 0x07, 0x00, 0x00, 0x0F, 0xC0, 0x78, 0x0F, 0xE0,
    0x3C, 0x03, 0xF0, 0x1E, 0x01, 0xD0, 0x0F, 0x00, 0x40, 0x07, 0x80, 0x70, 0x03, 0xC7, 0xFC, 0x01,
    0xFF, 0xFF, 0x07, 0xFF, 0xFF, 0x0F, 0xFF, 0xFF, 0x07, 0xFF, 0x8F, 0x83, 0xFE, 0x07, 0x81, 0xCF,
    0x07, 0xC0, 0x07, 0x87, 0xC0, 0x03, 0xC3, 0xC0, 0x01, 0xE0, 0xC0, 0x00, 0xF0, 0x00, 0x00, 0x78,
    0x00, 0x00, 0x3C, 0x00, 0x00, 0x1F, 0xDF, 0xC0, 0x07, 0xFF, 0xE0, 0x03, 0xFF, 0xF0, 0x00, 0xFF,
    0xF8, 0x00, 0x30, 0x00, 0xFF, 0x80, 0x1F, 0xF8, 0x01, 0xF7, 0xC0, 0x1F, 0x3E, 0x01, 0xE3, 0xE0,
    0x1E, 0x1F, 0x03, 0xE1, 0xF0, 0x3C, 0x0E, 0x07, 0xC0, 0x80, 0x7C, 0x00, 0x0F, 0x80, 0x00, 0xF8,
    0x00, 0x1F, 0x00, 0x03, 0xE0, 0x00, 0xFE, 0x00, 0x1F, 0xC0, 0x07, 0xF8, 0x00, 0xFF, 0x00, 0x07,
    0xC0, 0x00, 0x38, 0x00, 0x00, 0x00, 0x04, 0x00, 0x00, 0x5C, 0x00, 0x00, 0xFE, 0x00, 0x00, 0xFE,
    0x18, 0x00, 0x76, 0x78, 0x00, 0xE0, 0x7C, 0x00, 0xF0, 0x3E, 0x00, 0xF0, 0x3E, 0x01, 0xF0, 0x1F,
    0x01, 0xF0, 0x1F, 0x01, 0xE0, 0x0F, 0x81, 0xE0, 0x0E, 0x03, 0xE0, 0x04, 0x03, 0xC0, 0x00, 0x07,
    0xC0, 0x00, 0x0F, 0x80, 0x00, 0x1F, 0x80, 0x00, 0x3F, 0x00, 0x00, 0x7E, 0x00, 0x00, 0xFC, 0x00,
    0x03, 0xF8, 0x00, 0x07, 0xF0, 0x00, 0x07, 0xE0, 0x00, 0x01, 0x80, 0x00, 0x00, 0x60, 0x00, 0x01,
    0xE0, 0x00, 0x0F, 0x80, 0x00, 0x3C, 0x00, 0x01, 0xFF, 0xF8, 0x0F, 0xFF, 0xF0, 0x3F, 0xFF, 0x81,
    0xF0, 0x3E, 0x0F, 0x80, 0xF8, 0x7C, 0x03, 0xC7, 0xE6, 0x1F, 0x3F, 0x3E, 0x78, 0x79, 0xFF, 0xE0,
    0xC1, 0xFF, 0x00, 0x03, 0xFC, 0x00, 0x07, 0xF0, 0x00, 0x1F, 0xE0, 0x01, 0xFF, 0xC0, 0x0F, 0xDE,
    0x00, 0xFF, 0x30, 0x0F, 0xF0, 0x00, 0x7F, 0x80, 0x00, 0xFC, 0x00, 0x01, 0xC0, 0x00, 0x00, 0x00,
    0x00, 0x00, 0x00, 0x00, 0x00, 0x00, 0x07, 0x00, 0x0C, 0x0F, 0xC0, 0x0F, 0x8F, 0xE0, 0x07, 0x83,
    0xB8, 0x07, 0xC1, 0xF0, 0x03, 0xFF, 0xE0, 0x03, 0xFF, 0xF8, 0x03, 0xFF, 0xFC, 0x03, 0xE0, 0x3C,
    0x03, 0xE0, 0x3E, 0x03, 0xF0, 0x1F, 0x03, 0xF7, 0x1F, 0x03, 0xF7, 0xCF, 0x81, 0xF3, 0xFF, 0x80,
    0x20, 0xFF, 0x80, 0x00, 0x1F, 0xC0, 0x00, 0x07, 0xF0, 0x00, 0x07, 0xFC, 0x00, 0x07, 0xFE, 0x00,
    0x0F, 0xEE, 0x00, 0x1F, 0xE2, 0x00, 0x3F, 0xC0, 0x00, 0x3F, 0xC0, 0x00, 0x0F, 0xC0, 0x00, 0x03,
    0x80, 0x00, 0x00, 0x00, 0x00, 0x40, 0x00, 0x1F, 0xC0, 0x7F, 0xFF, 0xC0, 0xFF, 0xFF, 0x81, 0xFF,
    0xF0, 0x03, 0xF7, 0x80, 0x00, 0x0F, 0x00, 0x00, 0x1E, 0x00, 0x00, 0x3C, 0x00, 0xFF, 0xFF, 0xFD,
    0xFF, 0xFF, 0xFB, 0xFF, 0xFF, 0xF0, 0x03, 0xC0, 0x00, 0x0F, 0x80, 0x00, 0x1E, 0x00, 0x00, 0x3C,
    0x00, 0x00, 0xF8, 0x00, 0x03, 0xE0, 0x00, 0x0F, 0xC0, 0x00, 0x3F, 0x00, 0x00, 0xFC, 0x00, 0x00,
    0xF0, 0x00, 0x00, 0xC0, 0x00, 0x00, 0x00, 0x00, 0xC0, 0x00, 0x1F, 0xC0, 0x3F, 0xFF, 0xE0, 0x3F,
    0xFF, 0xEC, 0x3F, 0xFE, 0x6E, 0x1E, 0x78, 0x7E, 0x00, 0x78, 0x76, 0x00, 0x78, 0x30, 0xFF, 0xFF,
    0xFC, 0xFF, 0xFF, 0xFC, 0xFF, 0xFF, 0xFC, 0x00, 0x78, 0x00, 0x00, 0x78, 0x00, 0x00, 0x78, 0x00,
    0x00, 0xF8, 0x00, 0x00, 0xF0, 0x00, 0x01, 0xF0, 0x00, 0x03, 0xE0, 0x00, 0x07, 0xE0, 0x00, 0x1F,
    0xC0, 0x00, 0x0F, 0x80, 0x00, 0x07, 0x00, 0x00, 0x00, 0x00, 0x00, 0x01, 0xC1, 0x06, 0x7C, 0x3D,
    0xE7, 0x87, 0xBC, 0xF1, 0xF7, 0xCF, 0x3C, 0x79, 0xE7, 0x8F, 0x31, 0xF1, 0xE0, 0x3C, 0x00, 0x0F,
    0x80, 0x03, 0xE0, 0x00, 0xFC, 0x00, 0x3F, 0x00, 0x0F, 0xC0, 0x07, 0xF0, 0x03, 0xFC, 0x00, 0x7E,
    0x00, 0x07, 0x80, 0x00, 0x00, 0x00, 0x00, 0x60, 0x00, 0x03, 0xE0, 0x71, 0xE3, 0xC0, 0xF3, 0xC7,
    0xC1, 0xE7, 0x87, 0x87, 0xCF, 0x8F, 0x0F, 0x8F, 0x1F, 0x1E, 0x1F, 0x1C, 0x3C, 0x1E, 0x00, 0xF8,
    0x38, 0x01, 0xE0, 0x00, 0x07, 0xC0, 0x00, 0x1F, 0x00, 0x00, 0x7E, 0x00, 0x01, 0xF8, 0x00, 0x07,
    0xE0, 0x00, 0x1F, 0x80, 0x00, 0xFE, 0x00, 0x07, 0xF8, 0x00, 0x1F, 0xE0, 0x00, 0x1F, 0x00, 0x00,
    0x1C, 0x00, 0x00, 0x00, 0x00, 0x0C, 0x00, 0x00, 0xFE, 0x00, 0x00, 0xEE, 0x00, 0x60, 0xFF, 0x01,
    0xE0, 0x74, 0x71, 0xF0, 0x20, 0xF8, 0xF0, 0x7C, 0x78, 0xF8, 0x7C, 0x78, 0x78, 0x78, 0x7C, 0x78,
    0x78, 0x3C, 0x78, 0xF8, 0x3E, 0x00, 0xF0, 0x1C, 0x01, 0xF0, 0x00, 0x01, 0xE0, 0x00, 0x03, 0xE0,
    0x00, 0x07, 0xC0, 0x00, 0x0F, 0xC0, 0x00, 0x1F, 0x80, 0x00, 0x7F, 0x00, 0x00, 0xFE, 0x00, 0x07,
    0xFC, 0x00, 0x0F, 0xF0, 0x00, 0x07, 0xE0, 0x00, 0x03, 0x80, 0x00, 0x10, 0x00, 0x40, 0x7F, 0xFF,
    0x81, 0xFF, 0xFE, 0x07, 0xFF, 0xF8, 0x00, 0x00, 0x00, 0x00, 0x00, 0x00, 0x00, 0x00, 0x3F, 0xFF,
    0xFF, 0xFF, 0xFF, 0xFF, 0xFF, 0xFF, 0xF0, 0x07, 0x80, 0x00, 0x1E, 0x00, 0x00, 0x78, 0x00, 0x03,
    0xE0, 0x00, 0x0F, 0x00, 0x00, 0x3C, 0x00, 0x01, 0xF0, 0x00, 0x0F, 0x80, 0x00, 0x7E, 0x00, 0x07,
    0xF0, 0x00, 0x0F, 0x80, 0x00, 0x1C, 0x00, 0x00, 0x00, 0x00, 0x00, 0x00, 0x00, 0x00, 0x00, 0x00,
    0x0E, 0x00, 0x00, 0x6E, 0x08, 0x00, 0xFF, 0x1F, 0xFF, 0xFF, 0x1F, 0xFF, 0xF8, 0x1F, 0xFF, 0xE0,
    0x00, 0x00, 0x00, 0x00, 0x00, 0x00, 0x00, 0x00, 0x00, 0x40, 0x00, 0x00, 0xFF, 0xFF, 0xFC, 0xFF,
    0xFF, 0xFC, 0xFF, 0xFF, 0xFC, 0x00, 0x3C, 0x00, 0x00, 0x7C, 0x00, 0x00, 0x7C, 0x00, 0x00, 0x78,
    0x00, 0x00, 0x78, 0x00, 0x00, 0xF8, 0x00, 0x01, 0xF0, 0x00, 0x03, 0xF0, 0x00, 0x07, 0xE0, 0x00,
    0x0F, 0xC0, 0x00, 0x07, 0x80, 0x00, 0x02, 0x00, 0x00, 0xF8, 0x01, 0xF0, 0x03, 0xE0, 0x07, 0xC0,
    0x0F, 0x80, 0x1F, 0x00, 0x3E, 0x00, 0x7F, 0x00, 0xFF, 0xC1, 0xFF, 0xF3, 0xFF, 0xFF, 0xDF, 0xFF,
    0x87, 0xDF, 0x03, 0xBE, 0x00, 0x7C, 0x00, 0xF8, 0x01, 0xF0, 0x03, 0xE0, 0x07, 0xC0, 0x0F, 0x80,
    0x00, 0x78, 0x0E, 0x3C, 0x1F, 0x9E, 0x1D, 0xCF, 0x0F, 0xF7, 0x83, 0xB3, 0xC1, 0xC1, 0xE0, 0x00,
    0xF8, 0x00, 0x7F, 0x80, 0x3F, 0xF8, 0x1F, 0xFF, 0x0F, 0xFF, 0xC7, 0x8F, 0xE3, 0xC1, 0xE1, 0xE0,
    0x30, 0xF0, 0x00, 0x78, 0x00, 0x3C, 0x00, 0x1E, 0x00, 0x0F, 0x00, 0x07, 0x80, 0x03, 0xC0, 0x00,
    0x00, 0x38, 0x00, 0x01, 0xE0, 0x00, 0x07, 0x80, 0x00, 0x1E, 0x00, 0x00, 0x78, 0x00, 0x01, 0xE0,
    0x0F, 0xFF, 0xFF, 0xBF, 0xFF, 0xFF, 0xFF, 0xFF, 0xFF, 0xFF, 0xFF, 0xF0, 0x07, 0x80, 0x00, 0x1E,
    0x00, 0x00, 0x78, 0x00, 0x03, 0xE0, 0x00, 0x0F, 0x80, 0x00, 0x3C, 0x00, 0x01, 0xF0, 0x00, 0x0F,
    0x80, 0x00, 0x7E, 0x00, 0x03, 0xF0, 0x00, 0x1F, 0x80, 0x00, 0x7C, 0x00, 0x00, 0x60, 0x00, 0x00,
    0x00, 0x00, 0x01, 0xFF, 0xFF, 0x0F, 0xFF, 0xF8, 0x7F, 0xFF, 0xC3, 0xFF, 0xFE, 0x00, 0x00, 0x00,
    0x00, 0x00, 0x00, 0x00, 0x00, 0x00, 0x00, 0x00, 0x00, 0x00, 0x00, 0x00, 0x00, 0x00, 0x00, 0x00,
    0x00, 0x00, 0x7F, 0xFF, 0xFF, 0xFF, 0xFF, 0xFF, 0xFF, 0xFF, 0xFF, 0xFF, 0xFC, 0x00, 0x00, 0x00,
    0x38, 0x01, 0x83, 0xFF, 0xFE, 0x3F, 0xFF, 0xE3, 0xFF, 0xFE, 0x00, 0x03, 0xE0, 0x00, 0x3C, 0x04,
    0x07, 0xC0, 0xF0, 0x78, 0x1F, 0xCF, 0x80, 0xFE, 0xF8, 0x07, 0xFF, 0x00, 0x1F, 0xE0, 0x00, 0xFE,
    0x00, 0x0F, 0xF8, 0x01, 0xFF, 0xC0, 0x3F, 0xFE, 0x0F, 0xE7, 0xE7, 0xFC, 0x1E, 0xFF, 0x80, 0xC7,
    0xE0, 0x00, 0x3C, 0x00, 0x00, 0x00, 0x00, 0x00, 0x3C, 0x00, 0x00, 0x78, 0x00, 0x00, 0xF0, 0x00,
    0x01, 0xE2, 0x03, 0xFF, 0xFF, 0x07, 0xFF, 0xFF, 0x0F, 0xFF, 0xFC, 0x00, 0x01, 0xF0, 0x00, 0x07,
    0xC0, 0x00, 0x1F, 0x00, 0x00, 0xFE, 0x00, 0x03, 0xF0, 0x00, 0x1F, 0xCE, 0x00, 0xFF, 0xBE, 0x0F,
    0xFF, 0x7F, 0x7F, 0xFE, 0x7F, 0x7F, 0x3C, 0x7E, 0xF8, 0x78, 0x38, 0x80, 0xF0, 0x20, 0x01, 0xE0,
    0x00, 0x03, 0xC0, 0x00, 0x07, 0x80, 0x00, 0x1F, 0x00, 0x00, 0x00, 0x00, 0x00, 0x00, 0x7C, 0x00,
    0x0F, 0x80, 0x01, 0xF0, 0x00, 0x3C, 0x00, 0x0F, 0x80, 0x01, 0xE0, 0x00, 0x7C, 0x00, 0x0F, 0x00,
    0x03, 0xE0, 0x00, 0x7C, 0x00, 0x1F, 0x00, 0x07, 0xC0, 0x01, 0xF8, 0x00, 0x7E, 0x00, 0x3F, 0x80,
    0x1F, 0xE0, 0x0F, 0xF8, 0x01, 0xFE, 0x00, 0x1F, 0x00, 0x01, 0x80, 0x00, 0x03, 0x87, 0x80, 0x07,
    0x8F, 0x00, 0x0F, 0x1F, 0x00, 0x1E, 0x1E, 0x00, 0x7C, 0x3E, 0x00, 0xF0, 0x3C, 0x01, 0xE0, 0x7C,
    0x07, 0xC0, 0xF8, 0x0F, 0x80, 0xF0, 0x1E, 0x01, 0xF0, 0x7C, 0x03, 0xE0, 0xF8, 0x03, 0xC3, 0xE0,
    0x07, 0xC7, 0xC0, 0x0F, 0x9F, 0x00, 0x0F, 0x3E, 0x00, 0x1F, 0xF8, 0x00, 0x3E, 0xF0, 0x00, 0x38,
    0x00, 0x00, 0x00, 0x00, 0x00, 0x0E, 0x00, 0x00, 0x1F, 0x80, 0x00, 0x1F, 0xC0, 0x00, 0x17, 0x70,
    0x1E, 0x7D, 0xC0, 0x1F, 0x1E, 0x80, 0x0F, 0x8F, 0x80, 0x07, 0x83, 0xC0, 0x03, 0xC1, 0xF0, 0x01,
    0xE0, 0xF8, 0x01, 0xF0, 0x3C, 0x00, 0xF0, 0x1F, 0x00, 0x78, 0x07, 0x80, 0x7C, 0x03, 0xE0, 0x3C,
    0x01, 0xF0, 0x3E, 0x00, 0x78, 0x1F, 0x00, 0x3E, 0x1F, 0x00, 0x1F, 0x0F, 0x80, 0x07, 0x8F, 0x80,
    0x03, 0xE7, 0xC0, 0x01, 0xF0, 0xC0, 0x00, 0xC0, 0x00, 0x00, 0x0E, 0x00, 0x00, 0x0F, 0x80, 0x00,
    0x0E, 0xE0, 0x00, 0x06, 0x70, 0x1C, 0x3F, 0xB8, 0x0F, 0x3E, 0xF8, 0x0F, 0x8F, 0x38, 0x07, 0xC7,
    0xC0, 0x03, 0xC1, 0xE0, 0x01, 0xE0, 0xF8, 0x00, 0xF0, 0x3C, 0x00, 0xF8, 0x1F, 0x00, 0x78, 0x0F,
    0x80, 0x3C, 0x03, 0xC0, 0x3E, 0x01, 0xF0, 0x1E, 0x00, 0xF8, 0x1F, 0x00, 0x3C, 0x0F, 0x80, 0x1F,
    0x0F, 0x80, 0x0F, 0x87, 0xC0, 0x03, 0xC7, 0xC0, 0x01, 0xE3, 0xE0, 0x00, 0xF8, 0xE0, 0x00, 0x70,
    0x00, 0x00, 0x00, 0x00, 0x00, 0x1E, 0x00, 0x07, 0x80, 0x01, 0xE0, 0x00, 0x78, 0x01, 0x1E, 0x01,
    0xE7, 0x83, 0xF9, 0xE7, 0xFE, 0x7F, 0xFF, 0x1F, 0xFF, 0x07, 0xFE, 0x01, 0xFC, 0x00, 0x78, 0x00,
    0x1E, 0x00, 0x07, 0x80, 0x01, 0xE0, 0x00, 0x78, 0x00, 0x1E, 0x00, 0x07, 0xFF, 0xFD, 0xFF, 0xFF,
    0x3F, 0xFF, 0xC7, 0xFF, 0xF0, 0x00, 0x00, 0x60, 0x00, 0x1F, 0x9E, 0x01, 0xFC, 0xF0, 0x07, 0xF7,
    0x80, 0x3E, 0x3C, 0x00, 0xC1, 0xE0, 0x0E, 0x0F, 0x03, 0xF0, 0x78, 0xFF, 0x83, 0xFF, 0xFC, 0x1F,
    0xFF, 0x80, 0xFF, 0xE0, 0x07, 0xF8, 0x00, 0x3C, 0x00, 0x01, 0xE0, 0x00, 0x0F, 0x00, 0x00, 0x78,
    0x00, 0x03, 0xC0, 0x00, 0x1E, 0x00, 0x00, 0xF8, 0x1F, 0x87, 0xFF, 0xFC, 0x3F, 0xFF, 0xE0, 0xFF,
    0xFF, 0x00, 0xFF, 0x80, 0x00, 0x00, 0xF3, 0xC0, 0x0F, 0xDE, 0x00, 0x66, 0xF0, 0x07, 0x37, 0x80,
    0x1F, 0xBC, 0x01, 0xF9, 0xE0, 0x7E, 0x0F, 0x1F, 0xF0, 0x7F, 0xFF, 0x83, 0xFF, 0xF0, 0x1F, 0xFC,
    0x00, 0xFF, 0x00, 0x07, 0x80, 0x00, 0x3C, 0x00, 0x01, 0xE0, 0x00, 0x0F, 0x00, 0x00, 0x78, 0x00,
    0x03, 0xC0, 0x00, 0x1F, 0x03, 0xF0, 0xFF, 0xFF, 0x87, 0xFF, 0xFC, 0x1F, 0xFF, 0xE0, 0x1F, 0xF0,
    0x00, 0xFF, 0xFF, 0x8F, 0xFF, 0xFE, 0xFF, 0xFF, 0xEF, 0xFF, 0xFE, 0x00, 0x03, 0xE0, 0x00, 0x3E,
    0x00, 0x03, 0xC0, 0x00, 0x3C, 0x00, 0x07, 0xC0, 0x00, 0x78, 0x00, 0x0F, 0x80, 0x01, 0xF0, 0x00,
    0x3F, 0x00, 0x07, 0xE0, 0x00, 0xFC, 0x00, 0x3F, 0xC0, 0x0F, 0xF0, 0x03, 0xFE, 0x00, 0x1F, 0xC0,
    0x01, 0xF0, 0x00, 0x0C, 0x00, 0x00, 0x00, 0x00, 0x00, 0x00, 0x01, 0x70, 0x00, 0x07, 0xF0, 0x00,
    0x0F, 0xE0, 0x00, 0x0E, 0xFF, 0xFF, 0xFC, 0x3F, 0xFF, 0xFC, 0x7F, 0xFF, 0xF8, 0xFF, 0xFF, 0xE0,
    0x00, 0x07, 0xC0, 0x00, 0x0F, 0x80, 0x00, 0x1E, 0x00, 0x00, 0x3C, 0x00, 0x00, 0xF8, 0x00, 0x01,
    0xE0, 0x00, 0x07, 0xC0, 0x00, 0x1F, 0x00, 0x00, 0x7E, 0x00, 0x01, 0xF8, 0x00, 0x0F, 0xE0, 0x00,
    0x7F, 0x80, 0x07, 0xFE, 0x00, 0x07, 0xF8, 0x00, 0x07, 0xC0, 0x00, 0x0E, 0x00, 0x00, 0x00, 0x00,
    0x38, 0x00, 0x00, 0xF8, 0x00, 0x03, 0xB8, 0x00, 0x07, 0x7F, 0xFF, 0xFE, 0xFF, 0xFF, 0xFF, 0xBF,
    0xFF, 0xFE, 0x7F, 0xFF, 0xF0, 0x00, 0x01, 0xE0, 0x00, 0x07, 0xC0, 0x00, 0x0F, 0x80, 0x00, 0x1E,
    0x00, 0x00, 0x7C, 0x00, 0x00, 0xF0, 0x00, 0x03, 0xE0, 0x00, 0x0F, 0x80, 0x00, 0x3F, 0x00, 0x00,
    0xFC, 0x00, 0x07, 0xF0, 0x00, 0x3F, 0xC0, 0x03, 0xFF, 0x00, 0x03, 0xFC, 0x00, 0x03, 0xE0, 0x00,
    0x07, 0x00, 0x00, 0x00, 0x00, 0x00, 0x01, 0xE0, 0x00, 0x03, 0xF8, 0x00, 0x03, 0xFC, 0x00, 0x07,
    0xFE, 0x00, 0x0F, 0xBE, 0x00, 0x1F, 0x1F, 0x00, 0x3F, 0x0F, 0x80, 0x7E, 0x07, 0xC0, 0xFC, 0x07,
    0xE0, 0xFC, 0x03, 0xF0, 0x78, 0x01, 0xF8, 0x30, 0x00, 0xFC, 0x30, 0x00, 0x7E, 0x00, 0x00, 0x7E,
    0x00, 0x00, 0x3E, 0x00, 0x00, 0x1C, 0x00, 0x00, 0x08, 0x00, 0x00, 0x0C, 0x00, 0x00, 0x5C, 0x00,
    0x01, 0xFE, 0x00, 0xF0, 0xEE, 0x01, 0xF8, 0xFF, 0x03, 0xFC, 0x74, 0x03, 0xFE, 0x60, 0x07, 0xDF,
    0x00, 0x0F, 0x8F, 0x80, 0x1F, 0x07, 0xC0, 0x3F, 0x07, 0xE0, 0x7E, 0x03, 0xF0, 0x7C, 0x01, 0xF8,
    0x3C, 0x00, 0xFC, 0x18, 0x00, 0x7E, 0x00, 0x00, 0x3F, 0x00, 0x00, 0x3F, 0x00, 0x00, 0x1E, 0x00,
    0x00, 0x0C, 0x00, 0x00, 0x00, 0x00, 0x00, 0x7C, 0x00, 0x00, 0x7E, 0x00, 0x00, 0xEE, 0x00, 0xF0,
    0xE6, 0x01, 0xF8, 0xEE, 0x03, 0xFC, 0x7E, 0x03, 0xFE, 0x38, 0x07, 0xDF, 0x00, 0x0F, 0x8F, 0x80,
    0x1F, 0x07, 0xC0, 0x3F, 0x07, 0xE0, 0x7E, 0x03, 0xF0, 0x7C, 0x01, 0xF8, 0x38, 0x00, 0xFC, 0x18,
    0x00, 0x7E, 0x00, 0x00, 0x3F, 0x00, 0x00, 0x3F, 0x00, 0x00, 0x1E, 0x00, 0x00, 0x0C, 0x00, 0x00,
    0x00, 0x00, 0x3C, 0x00, 0x00, 0x78, 0x00, 0x00, 0xF0, 0x00, 0x01, 0xE0, 0x00, 0x03, 0xC0, 0x4F,
    0xFF, 0xFF, 0x9F, 0xFF, 0xFF, 0x3F, 0xFF, 0xFE, 0x00, 0x3C, 0x00, 0x00, 0x78, 0x00, 0x10, 0xF0,
    0x80, 0x79, 0xE7, 0x80, 0xF3, 0xCF, 0x03, 0xC7, 0x9F, 0x0F, 0x8F, 0x1F, 0x1E, 0x1E, 0x1E, 0x7C,
    0x3C, 0x3F, 0xF0, 0x78, 0x3D, 0xC0, 0xF0, 0x71, 0x19, 0xE0, 0x00, 0x3F, 0xC0, 0x00, 0x7F, 0x80,
    0x00, 0xFE, 0x00, 0x00, 0x00, 0x00, 0x02, 0x00, 0x0E, 0x1F, 0x00, 0x0F, 0x9D, 0xC0, 0x03, 0xC7,
    0xE0, 0x01, 0xE3, 0xB1, 0x00, 0xF0, 0x80, 0xFF, 0xFF, 0xF8, 0x7F, 0xFF, 0xFC, 0x3F, 0xFF, 0xFE,
    0x00, 0x0F, 0x00, 0x00, 0x07, 0x80, 0x00, 0xC3, 0xC6, 0x00, 0x71, 0xE7, 0x00, 0x7C, 0xF7, 0xC0,
    0x3C, 0x79, 0xF0, 0x3E, 0x3C, 0x78, 0x3E, 0x1E, 0x3E, 0x3E, 0x0F, 0x0F, 0x1F, 0x07, 0x87, 0xC7,
    0x03, 0xC1, 0xC1, 0x1B, 0xE0, 0x00, 0x0F, 0xF0, 0x00, 0x07, 0xF0, 0x00, 0x03, 0xF8, 0x00, 0x00,
    0x00, 0x1E, 0x00, 0x00, 0x3F, 0x00, 0x3E, 0x33, 0x00, 0x3E, 0x33, 0x00, 0x1E, 0x3F, 0x00, 0x1E,
    0x1E, 0x20, 0x1E, 0x04, 0x3F, 0xFF, 0xFE, 0x3F, 0xFF, 0xFE, 0x3F, 0xFF, 0xFE, 0x00, 0x1E, 0x00,
    0x00, 0x1E, 0x00, 0x06, 0x1E, 0x30, 0x07, 0x9E, 0xF8, 0x0F, 0x1E, 0x78, 0x1F, 0x1E, 0x7C, 0x3E,
    0x1E, 0x3E, 0x3C, 0x1E, 0x1E, 0x7C, 0x1E, 0x1F, 0x38, 0x1E, 0x0E, 0x11, 0x3E, 0x08, 0x01, 0xFE,
    0x00, 0x01, 0xFC, 0x00, 0x01, 0xFC, 0x00, 0x80, 0x00, 0x03, 0xFF, 0xFF, 0xEF, 0xFF, 0xFF, 0xFF,
    0xFF, 0xFF, 0xE0, 0x01, 0xF8, 0x00, 0x07, 0xC0, 0x00, 0x3F, 0x00, 0x00, 0xF8, 0x06, 0x07, 0xC0,
    0x7C, 0x3E, 0x01, 0xF9, 0xF8, 0x03, 0xFF, 0xC0, 0x07, 0xFE, 0x00, 0x0F, 0xF0, 0x00, 0x1F, 0x80,
    0x00, 0x3F, 0x00, 0x00, 0x7E, 0x00, 0x00, 0xFC, 0x00, 0x01, 0xF0, 0x00, 0x03, 0xC0, 0x00, 0x06,
    0x00, 0x00, 0x00, 0x00, 0x0F, 0x00, 0x07, 0xFE, 0x01, 0xFF, 0xF8, 0x7F, 0xFF, 0x00, 0xFF, 0xC0,
    0x03, 0xE0, 0x00, 0x08, 0xFC, 0x00, 0x3F, 0xF0, 0x0F, 0xFF, 0xC3, 0xFF, 0xF0, 0x07, 0xFC, 0x00,
    0x1E, 0x00, 0x00, 0x07, 0xC0, 0x01, 0xFF, 0x00, 0xFF, 0xFC, 0x3F, 0xFF, 0xE0, 0x7F, 0xF8, 0x01,
    0xFE, 0x00, 0x07, 0x00, 0x00, 0x00, 0x00, 0x01, 0xF0, 0x00, 0x03, 0xE0, 0x00, 0x07, 0xC0, 0x00,
    0x0F, 0x00, 0x00, 0x1E, 0x00, 0x00, 0x7C, 0x00, 0x00, 0xF0, 0x00, 0x01, 0xE0, 0x00, 0x07, 0xC0,
    0x00, 0x0F, 0x03, 0x00, 0x1E, 0x1E, 0x00, 0x7C, 0x3E, 0x00, 0xF0, 0x3C, 0x01, 0xE0, 0x7C, 0x07,
    0xC0, 0x7C, 0x0F, 0x03, 0xF8, 0x1F, 0xFF, 0xFB, 0xFF, 0xFF, 0xF7, 0xFF, 0xFF, 0xE7, 0xFF, 0xE3,
    0xEF, 0x80, 0x03, 0xC0, 0x00, 0x06, 0x00, 0x00, 0x01, 0xC0, 0x00, 0x0F, 0x00, 0x00, 0xF8, 0x00,
    0x07, 0x80, 0xE0, 0x3C, 0x0F, 0xC3, 0xE0, 0x7F, 0x1E, 0x01, 0xFD, 0xF0, 0x03, 0xFF, 0x00, 0x0F,
    0xF8, 0x00, 0x1F, 0x80, 0x00, 0xFE, 0x00, 0x0F, 0xFC, 0x00, 0xFF, 0xF0, 0x0F, 0xDF, 0xC0, 0xFC,
    0x7F, 0x1F, 0xC1, 0xF9, 0xFC, 0x07, 0xBF, 0xC0, 0x18, 0xF8, 0x00, 0x03, 0x80, 0x00, 0x00, 0x00,
    0x00, 0x01, 0xFF, 0xFF, 0x0F, 0xFF, 0xF8, 0x7F, 0xFF, 0xC0, 0x1E, 0x00, 0x00, 0xF0, 0x00, 0x07,
    0x80, 0x00, 0x3C, 0x00, 0x01, 0xE0, 0x07, 0xFF, 0xFF, 0xFF, 0xFF, 0xFF, 0xFF, 0xFF, 0xF0, 0x1E,
    0x00, 0x00, 0xF0, 0x00, 0x07, 0x80, 0x00, 0x3C, 0x00, 0x01, 0xE0, 0x00, 0x0F, 0x87, 0x80, 0x7F,
    0xFC, 0x01, 0xFF, 0xE0, 0x07, 0xFF, 0x00, 0x0F, 0xE0, 0x0E, 0x00, 0x01, 0xE0, 0x00, 0x3C, 0x07,
    0x07, 0x9F, 0xF0, 0xFF, 0xFF, 0xFF, 0xFF, 0xBF, 0xFE, 0xF7, 0xFC, 0x3C, 0x63, 0xCF, 0x80, 0x7B,
    0xE0, 0x0F, 0x78, 0x01, 0xE6, 0x00, 0x1E, 0x00, 0x03, 0xC0, 0x00, 0x78, 0x00, 0x0F, 0x80, 0x00,
    0xF0, 0x00, 0x1E, 0x00, 0x03, 0x00, 0x00, 0x00, 0x00, 0x00, 0x1E, 0x00, 0x00, 0x3E, 0x00, 0x00,
    0x3C, 0x00, 0x00, 0x78, 0x0F, 0xC0, 0xF3, 0xFF, 0xC1, 0xFF, 0xFF, 0x7F, 0xFF, 0xFE, 0xFF, 0xFE,
    0x79, 0xFF, 0xC1, 0xF1, 0xE7, 0x87, 0xC0, 0x0F, 0x1F, 0x00, 0x1E, 0x7C, 0x00, 0x3E, 0xF8, 0x00,
    0x3C, 0x60, 0x00, 0x78, 0x00, 0x00, 0xF0, 0x00, 0x01, 0xF0, 0x00, 0x01, 0xE0, 0x00, 0x03, 0xC0,
    0x00, 0x07, 0xC0, 0x00, 0x0F, 0x80, 0x00, 0x0F, 0x00, 0x00, 0x00, 0x04, 0x07, 0xFF, 0xE0, 0xFF,
    0xFC, 0x1F, 0xFF, 0x81, 0x00, 0xF0, 0x00, 0x1E, 0x00, 0x07, 0xC0, 0x00, 0xF0, 0x00, 0x1E, 0x00,
    0x03, 0xC0, 0x00, 0x78, 0x20, 0x0F, 0x0F, 0xFF, 0xFF, 0xFF, 0xFF, 0xFF, 0xFF, 0xF8, 0x00, 0x00,
    0x1F, 0xFF, 0x80, 0x3F, 0xFF, 0xC0, 0x7F, 0xFF, 0x80, 0xFF, 0xFF, 0x00, 0x00, 0x1E, 0x00, 0x00,
    0x7C, 0x00, 0x00, 0xF8, 0x00, 0x01, 0xF0, 0x00, 0x03, 0xC0, 0x00, 0x07, 0x80, 0x00, 0x0F, 0x00,
    0x00, 0x1E, 0x00, 0x00, 0x7C, 0x08, 0x00, 0xF8, 0xBF, 0xFF, 0xFF, 0xFF, 0xFF, 0xFF, 0xFF, 0xFF,
    0xFE, 0xFF, 0xFF, 0xF8, 0x00, 0x01, 0xFF, 0xFF, 0xFF, 0xFF, 0xFF, 0xF0, 0x01, 0xE0, 0x03, 0xC0,
    0x07, 0xBF, 0xFF, 0x7F, 0xFE, 0xFF, 0xFC, 0x00, 0x78, 0x00, 0xF0, 0x01, 0xFF, 0xFF, 0xFF, 0xFF,
    0xFF, 0xFF, 0x00, 0x1E, 0x00, 0x1C, 0x40, 0x00, 0x0F, 0xFF, 0xFD, 0xFF, 0xFF, 0xBF, 0xFF, 0xF0,
    0x00, 0x3E, 0x00, 0x07, 0xC0, 0x00, 0xF8, 0x00, 0x1F, 0x7F, 0xFF, 0xEF, 0xFF, 0xFD, 0xFF, 0xFF,
    0x80, 0x01, 0xF0, 0x00, 0x3E, 0x00, 0x07, 0xC0, 0x00, 0xFB, 0xFF, 0xFF, 0xFF, 0xFF, 0xFF, 0xFF,
    0xFF, 0xFF, 0xFF, 0x80, 0x01, 0xF0, 0x00, 0x1C, 0x00, 0x00, 0x03, 0xFF, 0xFC, 0x3F, 0xFF, 0xC3,
    0xFF, 0xFC, 0x00, 0x00, 0x00, 0x00, 0x00, 0x00, 0x00, 0x0F, 0xFF, 0xFE, 0xFF, 0xFF, 0xFF, 0xFF,
    0xFE, 0x00, 0x01, 0xE0, 0x00, 0x3E, 0x00, 0x03, 0xC0, 0x00, 0x7C, 0x00, 0x0F, 0x80, 0x01, 0xF0,
    0x00, 0x7F, 0x00, 0x1F, 0xE0, 0x0F, 0xFC, 0x00, 0xFF, 0x00, 0x07, 0xE0, 0x00, 0x38, 0x00, 0x78,
    0x0F, 0x3C, 0x07, 0x9E, 0x03, 0xCF, 0x01, 0xE7, 0x80, 0xF3, 0xC0, 0x79, 0xE0, 0x3C, 0xF0, 0x1E,
    0x78, 0x0F, 0x3C, 0x07, 0x9E, 0x03, 0xCF, 0x01, 0xE7, 0x81, 0xF0, 0x00, 0xF8, 0x00, 0xF8, 0x00,
    0xFC, 0x00, 0xFC, 0x03, 0xFC, 0x03, 0xFC, 0x00, 0xFC, 0x00, 0x38, 0x00, 0x07, 0xCF, 0x80, 0x01,
    0xE7, 0xC0, 0x00, 0xF3, 0xC0, 0x00, 0x79, 0xE0, 0x00, 0x3C, 0xF0, 0x00, 0x1E, 0x78, 0x00, 0x0F,
    0x3C, 0x00, 0x0F, 0x9E, 0x00, 0x07, 0x8F, 0x00, 0x03, 0xC7, 0x80, 0x01, 0xE3, 0xC1, 0x80, 0xF1,
    0xE1, 0xE0, 0x78, 0xF1, 0xF0, 0x7C, 0x79, 0xF8, 0x3C, 0x3F, 0xF8, 0x3E, 0x1F, 0xF8, 0x3E, 0x0F,
    0xF8, 0x3F, 0x07, 0xF8, 0x1F, 0x03, 0xF0, 0x07, 0x00, 0xF0, 0x00, 0x00, 0x00, 0x00, 0x78, 0x00,
    0x07, 0x80, 0x00, 0x78, 0x00, 0x07, 0x80, 0x00, 0x78, 0x00, 0x07, 0x80, 0x00, 0x78, 0x00, 0x07,
    0x80, 0x04, 0x78, 0x00, 0xC7, 0x80, 0x1E, 0x78, 0x03, 0xE7, 0x80, 0xFE, 0x78, 0x1F, 0xC7, 0x87,
    0xF8, 0x79, 0xFE, 0x07, 0xFF, 0xC0, 0x7F, 0xF0, 0x07, 0xFC, 0x00, 0x7F, 0x00, 0x03, 0x80, 0x00,
    0x00, 0x00, 0x00, 0x00, 0x00, 0x0F, 0xFF, 0xFE, 0xFF, 0xFF, 0xEF, 0xFF, 0xFE, 0xFF, 0xFF, 0xEF,
    0x00, 0x1E, 0xF0, 0x01, 0xEF, 0x00, 0x1E, 0xF0, 0x01, 0xEF, 0x00, 0x1E, 0xF0, 0x01, 0xEF, 0x00,
    0x1E, 0xF0, 0x01, 0xEF, 0x00, 0x1E, 0xF0, 0x01, 0xEF, 0xFF, 0xFE, 0xFF, 0xFF, 0xEF, 0xFF, 0xFE,
    0xFF, 0xFF, 0xEF, 0x00, 0x1E, 0x00, 0x00, 0x3F, 0xFF, 0xEF, 0xFF, 0xFF, 0xFF, 0xFE, 0xF0, 0x07,
    0xBC, 0x01, 0xEF, 0x00, 0xFB, 0xC0, 0x3C, 0xF0, 0x0F, 0x18, 0x07, 0xC0, 0x01, 0xE0, 0x00, 0xF8,
    0x00, 0x7C, 0x00, 0x7E, 0x00, 0x7F, 0x80, 0x3F, 0x80, 0x0F, 0xC0, 0x01, 0xC0, 0x00, 0x00, 0x00,
    0x40, 0x00, 0xC7, 0xFF, 0xFF, 0xBF, 0xFF, 0xFF, 0xFF, 0xFF, 0xFF, 0x80, 0x0F, 0x7C, 0x00, 0x7B,
    0xE0, 0x07, 0xDF, 0x00, 0x3E, 0xF8, 0x01, 0xF7, 0xC0, 0x0F, 0x1E, 0x00, 0xF8, 0x00, 0x07, 0xC0,
    0x00, 0x7C, 0x00, 0x07, 0xC0, 0x00, 0x7E, 0x00, 0x07, 0xE0, 0x00, 0xFE, 0x00, 0x3F, 0xE0, 0x01,
    0xFE, 0x00, 0x07, 0xC0, 0x00, 0x18, 0x00, 0x00, 0x00, 0x00, 0x00, 0x00, 0x3C, 0x00, 0x00, 0xF0,
    0x00, 0x03, 0xC0, 0x40, 0x0F, 0x01, 0xFF, 0xFF, 0xE7, 0xFF, 0xFF, 0x9F, 0xFF, 0xFE, 0x07, 0x0F,
    0x00, 0x1C, 0x3C, 0x00, 0x70, 0xF0, 0x01, 0xC3, 0xC0, 0x07, 0x0F, 0x00, 0x1C, 0x3C, 0x0F, 0xFF,
    0xFF, 0xFF, 0xFF, 0xFF, 0xFF, 0xFF, 0xFE, 0x00, 0x3C, 0x00, 0x00, 0xF0, 0x00, 0x03, 0xC0, 0x00,
    0x0F, 0x00, 0x00, 0x3C, 0x00, 0x00, 0xF0, 0x00, 0x00, 0x00, 0x10, 0x7F, 0xFF, 0xF8, 0xFF, 0xFF,
    0xF1, 0xFF, 0xFF, 0xE3, 0x80, 0x0F, 0x80, 0x00, 0x1F, 0x00, 0x1E, 0x7C, 0x00, 0x3D, 0xF0, 0x00,
    0x7B, 0xE0, 0x00, 0xF3, 0x80, 0x01, 0xE2, 0x00, 0x03, 0xC0, 0x00, 0x07, 0x80, 0x00, 0x0F, 0x00,
    0x00, 0x1E, 0x00, 0x3F, 0xFF, 0xFF, 0xFF, 0xFF, 0xFF, 0xFF, 0xFF, 0xFF, 0xFF, 0xFF, 0xF8, 0x00,
    0x00, 0x00, 0x00, 0x00, 0x8F, 0xFF, 0xFE, 0xFF, 0xFF, 0xFF, 0xFF, 0xFF, 0x40, 0x01, 0xE0, 0x00,
    0x1E, 0x00, 0x01, 0xE0, 0x00, 0x3E, 0x7F, 0xFF, 0xC7, 0xFF, 0xFC, 0x7F, 0xFF, 0xC0, 0x00, 0x78,
    0x00, 0x0F, 0x80, 0x01, 0xF0, 0x00, 0x3F, 0x00, 0x07, 0xE0, 0x00, 0xFC, 0x00, 0x3F, 0x80, 0x1F,
    0xF0, 0x01, 0xFE, 0x00, 0x0F, 0x80, 0x00, 0x60, 0x00, 0x18, 0x00, 0x00, 0xF8, 0x00, 0x03, 0xF0,
    0x00, 0x0F, 0xE0, 0x00, 0x0F, 0xC0, 0x10, 0x1F, 0x80, 0xE0, 0x3C, 0x07, 0xC0, 0x60, 0x1F, 0x00,
    0x00, 0xF8, 0x00, 0x07, 0xC0, 0x00, 0x3F, 0x00, 0x01, 0xF8, 0x00, 0x1F, 0xC0, 0x01, 0xFE, 0x00,
    0x1F, 0xF0, 0x03, 0xFF, 0x00, 0x7F, 0xF8, 0x01, 0xFF, 0x80, 0x03, 0xF8, 0x00, 0x0F, 0x00, 0x00,
    0x00, 0x00, 0x00, 0x00, 0x00, 0x70, 0x03, 0xC7, 0xE0, 0x07, 0x8E, 0xE0, 0x0F, 0x0F, 0xC0, 0x1E,
    0x1D, 0x00, 0x3C, 0x10, 0x7F, 0xFF, 0xF8, 0xFF, 0xFF, 0xF1, 0xFF, 0xFF, 0xE3, 0xC0, 0x07, 0xC7,
    0x80, 0x0F, 0x8F, 0x00, 0x1E, 0x1E, 0x00, 0x3C, 0x3C, 0x00, 0xF8, 0x78, 0x01, 0xE0, 0x00, 0x07,
    0xC0, 0x00, 0x1F, 0x80, 0x00, 0x7E, 0x00, 0x01, 0xF8, 0x00, 0x0F, 0xF0, 0x00, 0xFF, 0xC0, 0x03,
    0xFE, 0x00, 0x03, 0xF8, 0x00, 0x03, 0xC0, 0x00, 0x00, 0x00, 0x00, 0x01, 0xC0, 0x00, 0x70, 0x00,
    0x1C, 0x00, 0x07, 0x00, 0x7F, 0xFF, 0x9F, 0xFF, 0xF7, 0xFF, 0xFC, 0x0F, 0x0F, 0x03, 0xC3, 0x80,
    0xE0, 0xE0, 0x78, 0x38, 0x1E, 0x0E, 0x0F, 0x07, 0x87, 0xC1, 0xE3, 0xE0, 0x79, 0xF9, 0xFE, 0xFC,
    0x7F, 0x0E, 0x1F, 0x80, 0x00, 0x00, 0x03, 0x80, 0x00, 0x7C, 0x00, 0x07, 0x80, 0x00, 0x78, 0x00,
    0x0F, 0xFF, 0xF0, 0xFF, 0xFF, 0x1F, 0xFF, 0xF3, 0xE1, 0xE0, 0x7C, 0x1C, 0x0F, 0xC3, 0xC0, 0x78,
    0x3C, 0x01, 0x03, 0xC0, 0x00, 0x78, 0x00, 0x0F, 0x80, 0x01, 0xF8, 0x00, 0x3F, 0x00, 0x07, 0xE0,
    0x00, 0x7C, 0x00, 0x01, 0x80, 0x00, 0x00, 0x00, 0x00, 0x00, 0x06, 0xE0, 0x00, 0x3F, 0xC0, 0x00,
    0x77, 0x00, 0x01, 0xD3, 0xFF, 0xFF, 0x8F, 0xFF, 0xFF, 0x3F, 0xFF, 0xFC, 0xF0, 0x01, 0xF3, 0xC0,
    0x07, 0xCF, 0x00, 0x1F, 0x3C, 0x00, 0x78, 0xF0, 0x01, 0xE3, 0xC0, 0x0F, 0x8F, 0x00, 0x3E, 0x00,
    0x01, 0xF0, 0x00, 0x07, 0xC0, 0x00, 0x3E, 0x00, 0x01, 0xF8, 0x00, 0x0F, 0xC0, 0x00, 0xFE, 0x00,
    0x0F, 0xF0, 0x00, 0xFF, 0x80, 0x01, 0xFC, 0x00, 0x03, 0xC0, 0x00, 0x04, 0x00, 0x00, 0x00, 0x00,
    0x0C, 0x00, 0x00, 0x3E, 0x00, 0x07, 0xFE, 0x00, 0x07, 0xBE, 0x00, 0x07, 0xBC, 0x00, 0x07, 0x90,
    0x7F, 0xFF, 0xFC, 0x7F, 0xFF, 0xFC, 0x7F, 0xFF, 0xFC, 0x07, 0x87, 0x80, 0x07, 0x87, 0x80, 0x07,
    0x87, 0x80, 0x07, 0x87, 0x80, 0x07, 0x87, 0x80, 0x07, 0x87, 0x80, 0xFF, 0xFF, 0xFC, 0xFF, 0xFF,
    0xFC, 0xFF, 0xFF, 0xFC, 0x40, 0x07, 0x80, 0x00, 0x07, 0x80, 0x00, 0x07, 0x80, 0x00, 0x07, 0x80,
    0x00, 0x07, 0x80, 0x00, 0x07, 0x80, 0x00, 0x00, 0x1C, 0x00, 0x03, 0xB8, 0x00, 0x03, 0xF8, 0x00,
    0x07, 0x73, 0x00, 0x0F, 0x0F, 0xFF, 0xFF, 0x9F, 0xFF, 0xFF, 0x3F, 0xFF, 0xFC, 0x00, 0x00, 0xF8,
    0x00, 0xF1, 0xE0, 0x01, 0xE7, 0xC0, 0x03, 0xFF, 0x00, 0x07, 0xBC, 0x00, 0x0F, 0x30, 0x00, 0x1E,
    0x00, 0x00, 0x3C, 0x00, 0x00, 0x78, 0x00, 0x00, 0xF0, 0x00, 0x01, 0xE0, 0x17, 0xFF, 0xFF, 0xEF,
    0xFF, 0xFF, 0xDF, 0xFF, 0xFF, 0xBF, 0xFF, 0xFF, 0x00, 0x00, 0x00, 0x00, 0x00, 0x06, 0xE0, 0x00,
    0x3B, 0x80, 0x00, 0x77, 0x00, 0x01, 0xDB, 0xFF, 0xFF, 0x8F, 0xFF, 0xFF, 0x3F, 0xFF, 0xFC, 0x60,
    0x01, 0xE0, 0x00, 0x07, 0x80, 0x00, 0x1E, 0x00, 0x00, 0xF8, 0x7F, 0xFF, 0xC1, 0xFF, 0xFF, 0x07,
    0xFF, 0xFC, 0x00, 0x01, 0xE0, 0x00, 0x0F, 0x80, 0x00, 0x7C, 0x00, 0x03, 0xF0, 0x00, 0x1F, 0x80,
    0x00, 0xFC, 0x00, 0x0F, 0xE0, 0x01, 0xFF, 0x00, 0x07, 0xF8, 0x00, 0x0F, 0x80, 0x00, 0x18, 0x00,
    0x00, 0x7D, 0xFF, 0xFF, 0xFF, 0xEF, 0x8E, 0x00, 0xFF, 0xFF, 0xFF, 0xFF, 0xFF, 0xFF, 0xFF, 0xFF,
    0xFF, 0xFF, 0xF0, 0x00, 0x00, 0x00, 0x00, 0x00, 0xE0, 0x07, 0xC0, 0x3F, 0x80, 0x3F, 0x00, 0x7E,
    0x00, 0xFC, 0x01, 0xF0, 0x03, 0xE0, 0x0F, 0xC0, 0x1F, 0x80, 0x3F, 0x00, 0x78, 0x00, 0xC0, 0x00,
    0x0C, 0x00, 0x5C, 0x00, 0xFE, 0x00, 0xFF, 0x38, 0x77, 0x7C, 0x70, 0x7E, 0x00, 0x3F, 0x00, 0x1F,
    0x80, 0x0F, 0xC0, 0x07, 0xE0, 0x03, 0xF0, 0x01, 0xF8, 0x00, 0xF8, 0x00, 0xFC, 0x00, 0x78, 0x00,
    0x30, 0xFF, 0xFF, 0xFF, 0xFF, 0xFF, 0xFF, 0x00, 0x0F, 0x00, 0x0F, 0x00, 0x0F, 0x00, 0x0F, 0x00,
    0x0F, 0x00, 0x0F, 0x00, 0x0F, 0x00, 0x0F, 0x00, 0x0F, 0x00, 0x0F, 0x00, 0x0F, 0x00, 0x0F, 0x00,
    0x0F, 0x00, 0x0F, 0x00, 0x0F, 0x00, 0x0F, 0x00, 0x0F, 0x00, 0x0F, 0x00, 0x0F, 0x7F, 0xFF, 0xFF,
    0x3F, 0xFF, 0xFF, 0x9F, 0xFF, 0xFF, 0xCF, 0xFF, 0xFF, 0xE0, 0x00, 0x70, 0x00, 0x00, 0xF0, 0x00,
    0x01, 0xE0, 0x00, 0x03, 0xC0, 0x00, 0x07, 0x80, 0x00, 0x0F, 0x00, 0x00, 0x1E, 0x00, 0x00, 0x3C,
    0x00, 0x00, 0x7F, 0xFC, 0x00, 0xFF, 0xF8, 0x01, 0xFF, 0xF0, 0x03, 0xC0, 0x00, 0x07, 0x80, 0x00,
    0x0F, 0x00, 0x00, 0x1E, 0x00, 0x00, 0x3C, 0x00, 0x00, 0x78, 0x00, 0x00, 0xF0, 0x00, 0x01, 0xE0,
    0x00, 0x03, 0xC0, 0x0F, 0xFF, 0xFF, 0xFF, 0xFF, 0xFF, 0xFF, 0xFF, 0xFF, 0x80, 0x00, 0x00, 0xFF,
    0xFF, 0xFF, 0xFF, 0xFF, 0xFF, 0xFF, 0xFF, 0xF8, 0x03, 0xC0, 0x00, 0x07, 0x80, 0x00, 0x0F, 0x00,
    0x00, 0x1F, 0x00, 0x00, 0x3F, 0x00, 0x00, 0x7F, 0x80, 0x00, 0xFF, 0xC0, 0x01, 0xFF, 0xC0, 0x03,
    0xDF, 0xE0, 0x07, 0x8F, 0xC0, 0x0F, 0x0F, 0x00, 0x1E, 0x0C, 0x00, 0x3C, 0x00, 0x00, 0x78, 0x00,
    0x00, 0xF0, 0x00, 0x01, 0xE0, 0x00, 0x03, 0xC0, 0x00, 0x07, 0x80, 0x00, 0x0F, 0x00, 0x00, 0x1E,
    0x00, 0x00, 0xFF, 0xFF, 0xFF, 0xFF, 0xFF, 0xFF, 0xFF, 0xFF, 0xF8, 0x01, 0xC0, 0x00, 0x03, 0x80,
    0x0F, 0xFF, 0xFF, 0x9F, 0xFF, 0xFF, 0x3F, 0xFF, 0xFE, 0x78, 0x38, 0x3C, 0xFE, 0x77, 0xF9, 0xFE,
    0xEF, 0xF3, 0xFD, 0xDF, 0xE7, 0xFB, 0xBF, 0xCF, 0xF7, 0x7F, 0x9F, 0xEE, 0xFF, 0x3F, 0xFF, 0xFE,
    0x7F, 0xFF, 0xFC, 0xFF, 0xFF, 0xF9, 0xFE, 0x0F, 0xF3, 0xF8, 0x01, 0xE7, 0x80, 0x1F, 0xCF, 0x00,
    0x1F, 0x9C, 0x00, 0x3C, 0x00, 0x00, 0x70, 0x00, 0x07, 0x80, 0x00, 0x3C, 0x00, 0x01, 0xE0, 0x00,
    0x0F, 0x00, 0x7F, 0xFF, 0xFF, 0xFF, 0xFF, 0xFF, 0xFF, 0xFF, 0xF0, 0xF0, 0x7F, 0x87, 0x83, 0xFC,
    0x3C, 0x1F, 0xE1, 0xE0, 0xFF, 0x0F, 0x07, 0xF8, 0x78, 0x3F, 0xFF, 0xFF, 0xFF, 0xFF, 0xFF, 0xFF,
    0xFF, 0xFF, 0x87, 0x83, 0xF8, 0x3C, 0x0E, 0x01, 0xE0, 0x00, 0x0F, 0x00, 0x00, 0x78, 0x00, 0x03,
    0xC0, 0x00, 0x1E, 0x00, 0x00, 0x70, 0x00, 0x00, 0x00, 0x07, 0xFF, 0xFF, 0xBF, 0xFF, 0xFF, 0xFF,
    0xFF, 0xE0, 0x00, 0x3F, 0x00, 0x03, 0xF0, 0x00, 0x3F, 0x00, 0x03, 0xF0, 0x00, 0x7F, 0x00, 0x03,
    0xF0, 0x00, 0x1E, 0x00, 0x00, 0xF0, 0x00, 0x07, 0x80, 0x00, 0x3C, 0x00, 0x01, 0xE0, 0x00, 0x0F,
    0x00, 0x00, 0x78, 0x00, 0x03, 0xC0, 0x00, 0x1E, 0x00, 0x00, 0xF0, 0x00, 0x07, 0x80, 0x07, 0xFC,
    0x00, 0x3F, 0xC0, 0x00, 0xFC, 0x00, 0x03, 0x01, 0xC0, 0x03, 0xC0, 0xE0, 0x01, 0xE0, 0x70, 0x01,
    0xEF, 0x38, 0x00, 0xF7, 0x9C, 0x60, 0xF3, 0xCF, 0xF8, 0x79, 0xE7, 0xFC, 0x7C, 0xFF, 0xFE, 0x7E,
    0x7F, 0xFF, 0x7F, 0x7F, 0xE7, 0xBF, 0xFF, 0xF3, 0xCF, 0xFF, 0x39, 0xE7, 0xFF, 0x9C, 0xF0, 0xF3,
    0xCE, 0x78, 0x79, 0xE7, 0xF8, 0x3C, 0xF3, 0xFC, 0x1E, 0x79, 0xFC, 0x0F, 0x3C, 0xE2, 0x07, 0x9E,
    0x01, 0xE3, 0xCF, 0x00, 0xF1, 0xE3, 0x80, 0x70, 0xF1, 0xFF, 0xF8, 0x78, 0xFF, 0xFC, 0x3C, 0x3F,
    0xFC, 0x1E, 0x00, 0x00, 0x00, 0x03, 0x00, 0x3C, 0x01, 0xE0, 0x1E, 0x01, 0xF0, 0x0F, 0x00, 0xF0,
    0x07, 0x80, 0xF8, 0x03, 0xC0, 0x78, 0x01, 0xE0, 0x7F, 0xFF, 0xFE, 0x3F, 0xFF, 0xFF, 0x3F, 0xFF,
    0xFF, 0xBF, 0x80, 0x1E, 0x3F, 0xC0, 0x0F, 0x0F, 0xE3, 0x07, 0x87, 0xF3, 0xC3, 0xC1, 0x79, 0xE1,
    0xE0, 0x3C, 0x78, 0xF0, 0x1E, 0x3E, 0x78, 0x0F, 0x0F, 0x3C, 0x07, 0x87, 0x9E, 0x03, 0xC1, 0x0F,
    0x01, 0xE0, 0x07, 0x80, 0xF0, 0x03, 0xC0, 0x78, 0x01, 0xE0, 0x3C, 0x1F, 0xF0, 0x1E, 0x0F, 0xF0,
    0x0F, 0x07, 0xF0, 0x00, 0x03, 0x03, 0xC0, 0x03, 0xD9, 0xE0, 0x01, 0xEF, 0xF0, 0x01, 0xE7, 0x78,
    0x00, 0xF7, 0xBC, 0x00, 0xF3, 0xFF, 0xF0, 0x79, 0xFF, 0xF8, 0x7D, 0xFF, 0xFC, 0x7E, 0xF3, 0xC0,
    0x7F, 0xF1, 0xE0, 0x3F, 0xF8, 0xF0, 0x0F, 0xCC, 0x78, 0x07, 0xE0, 0x3C, 0x00, 0xF7, 0xFF, 0xFC,
    0x7B, 0xFF, 0xFE, 0x3D, 0xFF, 0xFF, 0x1E, 0x03, 0xC0, 0x0F, 0x01, 0xE0, 0x07, 0x80, 0xF0, 0x03,
    0xC0, 0x78, 0x01, 0xE0, 0x3C, 0x00, 0xF0, 0x1E, 0x00, 0x78, 0x0F, 0x00, 0x3C, 0x07, 0x80, 0x1E,
    0x03, 0xC0, 0x00, 0x03, 0x03, 0xC0, 0x03, 0xC1, 0xE0, 0x01, 0xE0, 0xF0, 0x00, 0xF0, 0x78, 0x00,
    0xF0, 0x3C, 0x00, 0xFF, 0xFF, 0xF8, 0x7B, 0xFF, 0xFC, 0x7D, 0xFF, 0xFE, 0x7E, 0x00, 0x00, 0x7F,
    0x1C, 0x1E, 0x3F, 0x8F, 0x0F, 0x0F, 0xC7, 0x87, 0x86, 0xE3, 0xC3, 0xC0, 0x70, 0xE1, 0xE0, 0x38,
    0x79, 0xE0, 0x1C, 0x3C, 0xF0, 0x0E, 0x1E, 0x78, 0x07, 0x0F, 0x3C, 0x03, 0x87, 0x9C, 0x01, 0xC3,
    0xDE, 0x00, 0xE0, 0x0F, 0x00, 0x77, 0xFF, 0xFC, 0x3B, 0xFF, 0xFE, 0x1D, 0xFF, 0xFF, 0x0E, 0x00,
    0x00, 0x00, 0x06, 0x03, 0x80, 0x03, 0xC1, 0xC0, 0x03, 0xC0, 0xE0, 0x01, 0xE0, 0x70, 0x00, 0xE0,
    0x38, 0x00, 0xFF, 0xFF, 0xF8, 0xFF, 0xFF, 0xFC, 0x7F, 0xFF, 0xFE, 0x7E, 0x0F, 0xE0, 0x7F, 0x07,
    0xF8, 0x3F, 0x87, 0xFC, 0x0F, 0xC3, 0xFE, 0x07, 0xE3, 0xFF, 0x80, 0xF1, 0xDD, 0xE0, 0x79, 0xEE,
    0xF0, 0x3D, 0xE7, 0x3C, 0x1E, 0xF3, 0x9F, 0x0F, 0xFF, 0xFF, 0x87, 0xFF, 0xFF, 0xE3, 0xFF, 0xFF,
    0xE1, 0xE8, 0x38, 0x20, 0xF0, 0x1C, 0x00, 0x78, 0x0E, 0x00, 0x3C, 0x07, 0x00, 0x1E, 0x03, 0x80,
    0x00, 0x00, 0x3C, 0x00, 0x00, 0x3F, 0x00, 0x00, 0x3F, 0xC0, 0x00, 0x3F, 0xF0, 0x00, 0x3F, 0x7C,
    0x00, 0x3F, 0x1F, 0x80, 0x3F, 0x07, 0xE0, 0x7F, 0x01, 0xFC, 0xFF, 0xFF, 0xFF, 0xBF, 0xFF, 0xFF,
    0x8C, 0xFF, 0xF9, 0x80, 0x07, 0x80, 0x00, 0x03, 0xC0, 0x01, 0xFF, 0xFF, 0xF0, 0xFF, 0xFF, 0xF8,
    0x7F, 0xFF, 0xFC, 0x00, 0x3C, 0x00, 0x03, 0x9E, 0x30, 0x03, 0xEF, 0x3E, 0x03, 0xE7, 0x9F, 0x83,
    0xE3, 0xC7, 0xE3, 0xF1, 0xE1, 0xF9, 0xF7, 0xF0, 0x7C, 0x61, 0xF8, 0x1C, 0x00, 0xF8, 0x00, 0x00,
    0x02, 0x04, 0x00, 0x03, 0xC7, 0x80, 0x01, 0xE3, 0xC0, 0x00, 0xF1, 0xC0, 0x00, 0xF1, 0xE0, 0x00,
    0x78, 0xFF, 0xFC, 0x78, 0xFF, 0xFE, 0x7C, 0xFF, 0xFF, 0x3E, 0x7B, 0xC0, 0x3F, 0x7D, 0xE0, 0x3F,
    0xFC, 0xFF, 0xCF, 0xDC, 0x7F, 0xE7, 0xE4, 0x3F, 0xF0, 0xF0, 0x1E, 0x00, 0x78, 0x0F, 0x00, 0x3C,
    0x07, 0x80, 0x1E, 0x03, 0xFF, 0x0F, 0x01, 0xFF, 0x87, 0x80, 0xFF, 0xC3, 0xC0, 0x78, 0x01, 0xE0,
    0x3C, 0x00, 0xF0, 0x1E, 0x00, 0x78, 0x0F, 0x00, 0x3C, 0x07, 0x80, 0x1E, 0x03, 0x80, 0x00, 0x03,
    0x03, 0xC0, 0x03, 0xC1, 0xE0, 0x01, 0xE0, 0xF0, 0x00, 0xFF, 0xFF, 0xF0, 0xFF, 0xFF, 0xF8, 0xFF,
    0xFF, 0xFC, 0x78, 0x0F, 0x00, 0x7C, 0xFF, 0xFE, 0x7E, 0xFF, 0xFF, 0x7F, 0x7F, 0xFF, 0xBF, 0xBC,
    0xF3, 0xCF, 0xDE, 0x79, 0xE6, 0xEF, 0xFF, 0xF0, 0x77, 0xFF, 0xF8, 0x3B, 0xFF, 0xFC, 0x1C, 0xE7,
    0x80, 0x0E, 0x73, 0x80, 0x07, 0x3F, 0xC0, 0x03, 0x8F, 0xE0, 0x01, 0xC3, 0xF0, 0x00, 0xE3, 0xFE,
    0x00, 0x77, 0xFF, 0xF8, 0x3F, 0xF7, 0xFE, 0x1D, 0xF0, 0xFE, 0x0E, 0x40, 0x0E, 0x00, 0x03, 0x00,
    0x00, 0x03, 0xFF, 0xFF, 0x01, 0xFF, 0xFF, 0x80, 0xFF, 0xFF, 0xC0, 0xF7, 0x81, 0xE0, 0x7B, 0xC0,
    0xF0, 0x79, 0xE0, 0x78, 0x7C, 0xF0, 0x3C, 0x3E, 0x7F, 0xFE, 0x3F, 0x3F, 0xFF, 0x3F, 0x9F, 0xFF,
    0x8F, 0xC0, 0x78, 0x06, 0xE0, 0x3C, 0x01, 0x77, 0xFF, 0xF8, 0x3B, 0xFF, 0xFC, 0x1D, 0xFF, 0xFE,
    0x0E, 0x0F, 0xF0, 0x07, 0x0F, 0xFC, 0x03, 0x8F, 0xFF, 0x01, 0xCF, 0xFF, 0xC0, 0xEF, 0xBD, 0xF0,
    0x7F, 0x9E, 0x7C, 0x3B, 0x8F, 0x1C, 0x1C, 0x87, 0x84, 0x0E, 0x03, 0xC0, 0x00, 0x02, 0x00, 0x00,
    0x01, 0xDF, 0xFE, 0x01, 0xEF, 0xFF, 0x00, 0xF7, 0xFF, 0x80, 0xF0, 0x00, 0x00, 0xFF, 0xFF, 0xFC,
    0x7B, 0xFF, 0xFE, 0x7D, 0xFF, 0xFE, 0x7E, 0x00, 0x00, 0x7F, 0x1F, 0xFF, 0x3F, 0x8F, 0xFF, 0x8F,
    0xC7, 0xFF, 0xC6, 0xE3, 0xFF, 0xE0, 0x71, 0xFF, 0xF0, 0x38, 0xFF, 0xF8, 0x1C, 0x00, 0x00, 0x0E,
    0x7F, 0xFE, 0x07, 0x3F, 0xFF, 0x03, 0x9F, 0xFF, 0x81, 0xCF, 0x03, 0xC0, 0xE7, 0x81, 0xE0, 0x73,
    0xFF, 0xF0, 0x39, 0xFF, 0xF8, 0x1C, 0xFF, 0xFC, 0x0E, 0x38, 0x0E, 0x00, 0x06, 0x1C, 0x38, 0x07,
    0x8F, 0x1C, 0x03, 0xFF, 0xFF, 0xC1, 0xFF, 0xFF, 0xE1, 0xEF, 0xFF, 0xF0, 0xF0, 0xF1, 0xC0, 0xF0,
    0x78, 0xE0, 0x79, 0xFF, 0xFF, 0x7C, 0xFF, 0xFF, 0xBE, 0x7F, 0xFF, 0xFF, 0x38, 0x00, 0x1F, 0x9D,
    0xFF, 0xC7, 0xCF, 0xFF, 0xF3, 0xE7, 0xFF, 0xF8, 0x73, 0xFB, 0x9C, 0x39, 0xFF, 0xFE, 0x1D, 0xFF,
    0xFF, 0x0E, 0xFF, 0x73, 0x87, 0x7F, 0xB9, 0xC3, 0xBF, 0xFF, 0xE1, 0xDD, 0xFF, 0xF0, 0xFE, 0xF7,
    0x38, 0x7F, 0x7B, 0xFC, 0x3F, 0x3D, 0xFE, 0x1D, 0x8C, 0x7E, 0x00, 0x0C, 0x00, 0x00, 0x07, 0x87,
    0xFF, 0x83, 0x83, 0xFF, 0xE3, 0xF9, 0xFF, 0xF1, 0xFC, 0x0F, 0x01, 0xEE, 0x3F, 0xF0, 0xF7, 0x1F,
    0xFC, 0x7B, 0xFF, 0xFE, 0x7D, 0xFF, 0x0F, 0x7E, 0xFF, 0xFF, 0xBF, 0x7D, 0xFF, 0xDF, 0xBC, 0xE1,
    0xE7, 0xDC, 0x70, 0xF2, 0xEE, 0x3F, 0xF8, 0x77, 0x5F, 0xFC, 0x3B, 0xBE, 0x1E, 0x1D, 0xDF, 0x0F,
    0x0E, 0xEF, 0xFF, 0x87, 0x7F, 0xFF, 0xC3, 0xBF, 0xFF, 0xC1, 0xCF, 0x79, 0xE0, 0xE0, 0x7E, 0xF8,
    0x70, 0xFE, 0x3E, 0x38, 0x3C, 0x0F, 0x1C, 0x0C, 0x02, 0x00, 0x06, 0x1C, 0x00, 0x07, 0x9F, 0xE0,
    0x03, 0xCF, 0xFC, 0x01, 0xEF, 0xFE, 0x01, 0xEF, 0x1E, 0x00, 0xFF, 0x8F, 0x00, 0xFF, 0xFF, 0xFC,
    0x7B, 0xFF, 0xFE, 0x7C, 0xE3, 0x8F, 0x7E, 0x71, 0xC7, 0xBF, 0x3F, 0xFF, 0xDF, 0x9F, 0xFF, 0xE7,
    0xC3, 0xFE, 0x22, 0xE7, 0xF7, 0xB8, 0x77, 0xFD, 0xFC, 0x39, 0xFF, 0xFC, 0x1C, 0x7F, 0xFC, 0x0E,
    0xFD, 0xFE, 0x07, 0x7B, 0xFF, 0x03, 0x93, 0xFB, 0xC1, 0xCF, 0xDD, 0xF0, 0xFF, 0xDE, 0x7C, 0x77,
    0xFF, 0x1C, 0x39, 0x1F, 0x04, 0x1C, 0x0F, 0x00, 0x00, 0x04, 0x1C, 0x00, 0x07, 0x9C, 0x00, 0x07,
    0x9C, 0x00, 0x0F, 0x1C, 0x00, 0x0F, 0xFF, 0xFC, 0x0F, 0xFF, 0xFC, 0x1F, 0xFF, 0xFC, 0x1E, 0x1C,
    0x00, 0x3C, 0x1C, 0x00, 0x3C, 0x1C, 0x00, 0x08, 0x1C, 0x00, 0x7F, 0xFF, 0xFF, 0x7F, 0xFF, 0xFF,
    0x7F, 0xFF, 0xFF, 0x01, 0xE3, 0x80, 0x01, 0xE3, 0x80, 0x03, 0xC3, 0x80, 0x03, 0xC3, 0x80, 0x07,
    0xC3, 0x87, 0x07, 0x83, 0x87, 0x1F, 0x83, 0xC7, 0x7F, 0x03, 0xFF, 0x7E, 0x03, 0xFF, 0x3C, 0x01,
    0xFE, 0x30, 0x00, 0x00, 0x00, 0x1C, 0x00, 0x02, 0x1E, 0x0C, 0x07, 0x8F, 0x0F, 0x83, 0xC7, 0x87,
    0x80, 0xF3, 0xC3, 0xC0, 0x79, 0xE3, 0xC0, 0x3C, 0xF1, 0xE0, 0x0F, 0x79, 0xE0, 0x07, 0x3C, 0x70,
    0x00, 0x1E, 0x00, 0x1F, 0xFF, 0xFF, 0xCF, 0xFF, 0xFF, 0xE7, 0xFF, 0xFF, 0xF0, 0x0F, 0x1E, 0x00,
    0x07, 0x8F, 0x00, 0x03, 0xC7, 0x80, 0x03, 0xC3, 0xC0, 0x01, 0xE1, 0xE0, 0x00, 0xF0, 0xF1, 0xC0,
    0xF0, 0x78, 0xF0, 0xF8, 0x3C, 0x71, 0xF8, 0x1E, 0x3B, 0xF8, 0x0F, 0xFC, 0xF8, 0x07, 0xFE, 0x30,
    0x01, 0xFE, 0x00, 0x00, 0x00, 0x00, 0x03, 0xFF, 0x00, 0x01, 0xFF, 0x80, 0x00, 0xFF, 0xC0, 0x00,
    0x01, 0xE0, 0x00, 0x00, 0xF0, 0x00, 0x00, 0xF8, 0x00, 0x00, 0x7C, 0x00, 0x00, 0x7F, 0x00, 0x00,
    0x3F, 0x80, 0x00, 0x1F, 0xC0, 0x00, 0x1F, 0xF0, 0x00, 0x0F, 0x78, 0x00, 0x0F, 0xBE, 0x00, 0x07,
    0xCF, 0x00, 0x07, 0xC7, 0xC0, 0x03, 0xE1, 0xF0, 0x03, 0xE0, 0xFC, 0x03, 0xE0, 0x3F, 0x07, 0xF0,
    0x0F, 0xC7, 0xF0, 0x03, 0xF3, 0xF0, 0x00, 0xF8, 0xF0, 0x00, 0x38, 0x20, 0x00, 0x08, 0x00, 0x3C,
    0x00, 0x00, 0x3F, 0x00, 0x00, 0x1F, 0xC0, 0x00, 0x1F, 0xF0, 0x00, 0x1F, 0x7C, 0x00, 0x1F, 0x1F,
    0x00, 0x1F, 0x07, 0xC0, 0x1F, 0x01, 0xF0, 0x3F, 0x00, 0x7E, 0x3F, 0x00, 0x1F, 0xFF, 0xFF, 0xFF,
    0xCE, 0xFF, 0xFF, 0xE2, 0x7F, 0xFF, 0x20, 0x01, 0xE0, 0x00, 0x00, 0xF0, 0x00, 0x1F, 0xFF, 0xF0,
    0x0F, 0xFF, 0xF8, 0x07, 0xFF, 0xFC, 0x00, 0x0F, 0x00, 0x00, 0x07, 0x80, 0x00, 0x03, 0xC0, 0x01,
    0xFF, 0xFF, 0xF8, 0xFF, 0xFF, 0xFC, 0x7F, 0xFF, 0xFE, 0x00, 0x70, 0x00, 0x03, 0x80, 0x00, 0x1C,
    0x00, 0x00, 0xE0, 0x00, 0x07, 0x00, 0x7F, 0xFF, 0xFF, 0xFF, 0xFF, 0xFF, 0xFF, 0xFF, 0xF0, 0xF0,
    0x3F, 0x87, 0x81, 0xFC, 0x3C, 0x0F, 0xE1, 0xF0, 0x7F, 0x0F, 0xC3, 0xF8, 0xFF, 0x1F, 0xCF, 0xFC,
    0xFE, 0xF9, 0xF7, 0xFF, 0xC7, 0xFF, 0xFC, 0x3F, 0xFF, 0xC0, 0xEF, 0xFC, 0x02, 0x7F, 0x00, 0x03,
    0xF8, 0x00, 0x3F, 0xC0, 0x1F, 0xFE, 0x00, 0x7F, 0xF0, 0x03, 0xF0, 0x7F, 0xFF, 0xFF, 0x3F, 0xFF,
    0xFF, 0x9F, 0xFF, 0xFF, 0xC0, 0x03, 0x80, 0x01, 0xFF, 0xFF, 0xC0, 0xFF, 0xFF, 0xE0, 0x7F, 0xFF,
    0xF0, 0x3C, 0x38, 0x78, 0x1E, 0x1C, 0x3C, 0x0F, 0xFF, 0xFE, 0x07, 0xFF, 0xFF, 0x03, 0xFF, 0xFF,
    0x81, 0xE1, 0xC3, 0xC0, 0xF0, 0xE1, 0xE3, 0xFF, 0xFF, 0xFF, 0xFF, 0xFF, 0xFF, 0xFF, 0xFF, 0xFF,
    0x8F, 0x00, 0x1E, 0x07, 0x80, 0x0F, 0x03, 0xC0, 0x07, 0x81, 0xE0, 0x3F, 0xC0, 0xF0, 0x0F, 0xC0,
    0x78, 0x07, 0xC0, 0x00, 0x70, 0x00, 0x07, 0x80, 0x1E, 0x3C, 0x3C, 0xF1, 0xE1, 0xE7, 0x8F, 0x0F,
    0x3C, 0x78, 0x79, 0xE3, 0xC3, 0xCF, 0x1E, 0x1E, 0x78, 0xF0, 0xF3, 0xFF, 0xFF, 0x9F, 0xFF, 0xFC,
    0xFF, 0xFF, 0xE0, 0x0F, 0x00, 0x78, 0x78, 0x3F, 0xC3, 0xC1, 0xFE, 0x1E, 0x0F, 0xF0, 0xF0, 0x7F,
    0x87, 0x83, 0xFC, 0x3C, 0x1F, 0xE1, 0xE0, 0xFF, 0xFF, 0xFF, 0xFF, 0xFF, 0xFF, 0xFF, 0xFF, 0xFE,
    0x00, 0x0F, 0xF0, 0x00, 0x78, 0x01, 0x00, 0x80, 0x00, 0xF1, 0xE0, 0x00, 0xF8, 0xF8, 0x00, 0x78,
    0x3C, 0x00, 0x7C, 0x1F, 0x00, 0x3C, 0x07, 0xC0, 0x3E, 0x01, 0xF0, 0x3E, 0x00, 0xFC, 0x3E, 0x00,
    0x3F, 0x3F, 0x00, 0x0F, 0xFF, 0xFF, 0xFF, 0xEF, 0xFF, 0xFF, 0xE3, 0xFF, 0xFF, 0xE0, 0x03, 0xC3,
    0xC0, 0x03, 0xC1, 0xE0, 0x01, 0xE0, 0xF0, 0x00, 0xF0, 0x78, 0x00, 0xF8, 0x3C, 0x00, 0x78, 0x1E,
    0x00, 0x7C, 0x1E, 0x00, 0x7C, 0x0F, 0x00, 0xFE, 0x07, 0x80, 0xFE, 0x3F, 0xC0, 0x7C, 0x1F, 0xE0,
    0x1C, 0x07, 0xE0, 0x00, 0x00, 0x00, 0x00, 0x1E, 0x00, 0x00, 0x1E, 0x3F, 0xFF, 0x1E, 0x3F, 0xFF,
    0x1E, 0x3F, 0xFF, 0x1E, 0x07, 0x8F, 0x1F, 0xF7, 0x8F, 0x3F, 0xF7, 0x8F, 0xFF, 0xF7, 0x8F, 0xFF,
    0xE7, 0x8F, 0xFE, 0x07, 0x8F, 0x5E, 0x07, 0x8F, 0x1E, 0x07, 0x8F, 0x1E, 0x87, 0x0F, 0x1E, 0xE7,
    0x0F, 0x1E, 0xFF, 0x0F, 0x1E, 0xFF, 0x0F, 0x1F, 0xEF, 0x0F, 0x1F, 0xFE, 0x0F, 0x0F, 0xFE, 0x1E,
    0x00, 0x7C, 0x1E, 0x00, 0xFD, 0xFE, 0x00, 0xF8, 0xFE, 0x00, 0x70, 0xFC, 0x00, 0x40, 0x00, 0x03,
    0x80, 0x00, 0x03, 0x80, 0x0F, 0x03, 0x80, 0x0F, 0x7F, 0xFD, 0xCF, 0x7F, 0xFD, 0xCF, 0x7F, 0xFD,
    0xCF, 0x0F, 0x81, 0xCF, 0x0F, 0x21, 0xCF, 0x3E, 0x79, 0xCF, 0x7E, 0xF1, 0xCF, 0x7C, 0xF1, 0xCF,
    0x3F, 0xE1, 0xCF, 0x1F, 0xC1, 0xCF, 0x0F, 0xD9, 0xCF, 0x1F, 0xBD, 0xCF, 0x3F, 0x7D, 0xCF, 0x7E,
    0xF9, 0xCF, 0x79, 0xF1, 0xCF, 0x33, 0xE0, 0x0F, 0x07, 0xF0, 0x0F, 0x0F, 0xF8, 0x0F, 0x3F, 0xFC,
    0x0F, 0xFE, 0x7E, 0xFE, 0x7C, 0x3C, 0x7E, 0x30, 0x18, 0x7C, 0x07, 0x80, 0x0E, 0x37, 0xBC, 0x0F,
    0x77, 0xBC, 0x0F, 0x7F, 0xBF, 0xCF, 0x7F, 0xBB, 0xCF, 0x3F, 0xFB, 0xCF, 0x3F, 0xF3, 0xCF, 0x3F,
    0xFB, 0xCF, 0x7F, 0xFB, 0xCF, 0x7F, 0xFB, 0xCF, 0x78, 0x7B, 0xCF, 0x78, 0x7B, 0xCF, 0x7F, 0xFB,
    0xCF, 0x7F, 0xFB, 0xCF, 0x7F, 0xFB, 0xCF, 0x78, 0x7B, 0xCF, 0x7F, 0xFB, 0xCF, 0x7F, 0xFB, 0xCF,
    0x7F, 0xF9, 0xCF, 0x78, 0x78, 0x0F, 0x78, 0x78, 0x0F, 0x79, 0xF8, 0x0F, 0x79, 0xF8, 0xFE, 0x79,
    0xF0, 0xFE, 0x38, 0x00, 0xFC, 0x06, 0x00, 0xC0, 0x3E, 0x03, 0xE0, 0x3C, 0x07, 0x80, 0x3C, 0x1F,
    0x0F, 0xFF, 0xFF, 0xFF, 0xFF, 0xFF, 0xFF, 0xFF, 0xFF, 0x80, 0x00, 0x00, 0x00, 0x00, 0x3C, 0xFF,
    0xEF, 0x79, 0xFF, 0xDE, 0xF3, 0xFF, 0xBD, 0xE7, 0x8F, 0x7B, 0xCF, 0xFE, 0xF7, 0x9F, 0xFD, 0xEF,
    0x3F, 0xFB, 0xDE, 0x78, 0xF7, 0xBC, 0xFF, 0xEF, 0x79, 0xFF, 0xDE, 0xF3, 0xFF, 0xBD, 0xE7, 0x8F,
    0x03, 0xCF, 0x1E, 0x07, 0x9E, 0xFC, 0x7F, 0x3D, 0xF0, 0xFE, 0x7B, 0xC0, 0xF8, 0x00, 0x00, 0x0D,
    0xFF, 0xF8, 0x3F, 0xFF, 0xF0, 0x7F, 0xFF, 0xEE, 0xF0, 0x00, 0x1D, 0xEF, 0xFF, 0x3B, 0xDF, 0xFE,
    0x77, 0xBF, 0xFC, 0xEF, 0x78, 0x39, 0xDE, 0xFF, 0xF3, 0xBD, 0xFF, 0xE7, 0x7B, 0xFF, 0xCE, 0xF0,
    0x00, 0x1D, 0xFF, 0xFF, 0xBB, 0xFF, 0xFF, 0x77, 0xFF, 0xFE, 0xEF, 0xF7, 0x9D, 0xDF, 0xFF, 0xFB,
    0xBF, 0xFF, 0xF0, 0x7F, 0xFF, 0xE0, 0xFF, 0x79, 0xC1, 0xFF, 0xFF, 0x83, 0xFF, 0xFF, 0x7F, 0xFF,
    0xFE, 0x7E, 0xF0, 0x1C, 0xF8, 0x03, 0x80, 0x06, 0x03, 0x80, 0x0F, 0x7F, 0xFC, 0x0F, 0x7F, 0xFF,
    0xEF, 0x7F, 0xFF, 0xEF, 0x73, 0x9F, 0xEF, 0x73, 0x9F, 0xEF, 0x3F, 0xF9, 0xEF, 0x3F, 0xF9, 0xEF,
    0x03, 0x81, 0xEF, 0x3F, 0xF9, 0xEF, 0x3F, 0xF9, 0xEF, 0x03, 0x81, 0xEF, 0x7F, 0xFD, 0xEF, 0x7F,
    0xFD, 0xEF, 0x7F, 0xFD, 0xEF, 0x3F, 0xF9, 0xEF, 0x3F, 0xF9, 0xEF, 0x3F, 0xF8, 0x0F, 0x38, 0x38,
    0x0F, 0x38, 0x38, 0x0F, 0x3F, 0xF8, 0x0F, 0x3F, 0xF8, 0xFF, 0x3F, 0xF8, 0x7E, 0x38, 0x38, 0x7C,
    0x00, 0xF0, 0x00, 0x03, 0xC0, 0x00, 0x0F, 0x00, 0x00, 0x3C, 0x00, 0x00, 0xF0, 0x00, 0x03, 0xC0,
    0x0F, 0xFF, 0xFF, 0xFF, 0xFF, 0xFF, 0xFF, 0xFF, 0xFC, 0x03, 0xC0, 0xF0, 0x0F, 0x03, 0xC0, 0x3C,
    0x0F, 0x01, 0xE0, 0x3C, 0x07, 0x80, 0xF0, 0x1E, 0x03, 0xC0, 0xF8, 0x0F, 0x03, 0xC0, 0x3C, 0x1F,
    0x00, 0xE0, 0xF8, 0x07, 0x87, 0xE0, 0x1E, 0x3F, 0x00, 0x7B, 0xF8, 0x3F, 0xEF, 0xC0, 0xFF, 0x1E,
    0x01, 0xF8, 0x20, 0x00, 0x00, 0x00, 0x03, 0x80, 0x00, 0x03, 0xC0, 0x00, 0x03, 0xC0, 0x7F, 0xE3,
    0xC0, 0x7F, 0xE3, 0xC0, 0x7F, 0xFF, 0xC0, 0x0F, 0x3F, 0xFF, 0x0F, 0x3F, 0xFF, 0x0F, 0x3F, 0xFF,
    0x0F, 0x03, 0x8F, 0x0F, 0x03, 0x8F, 0x0F, 0x07, 0x8F, 0x0F, 0x07, 0x8F, 0x0F, 0x07, 0x8F, 0x0F,
    0x67, 0x8F, 0x0F, 0xE7, 0x0F, 0x7F, 0xEF, 0x0F, 0xFF, 0xEF, 0x0E, 0x7F, 0x9F, 0x0E, 0x78, 0x3E,
    0x1E, 0x00, 0x7C, 0x1E, 0x00, 0xFD, 0xFE, 0x00, 0xF8, 0xFE, 0x00, 0x70, 0xFC, 0x00, 0x40, 0x00,
    0x0E, 0x00, 0x00, 0x0F, 0x00, 0x00, 0x0F, 0x00, 0x00, 0x0F, 0x03, 0xFE, 0x0F, 0x03, 0xFE, 0x7F,
    0xFB, 0xFE, 0x7F, 0xFB, 0x8E, 0x7F, 0xFB, 0x8E, 0x0E, 0x7B, 0x8E, 0x0E, 0x7B, 0x8E, 0x0E, 0x7B,
    0x8E, 0x0E, 0x7B, 0x8E, 0x0E, 0x7B, 0x8E, 0x1E, 0x7B, 0x8E, 0x1E, 0x7B, 0x8E, 0x1E, 0x7B, 0x8E,
    0x1E, 0x7B, 0x8E, 0x1C, 0x7B, 0x8E, 0x3C, 0x7B, 0x8E, 0x3C, 0x73, 0xFE, 0x78, 0xF3, 0xFE, 0x7F,
    0xF3, 0xFE, 0xF3, 0xF3, 0x8E, 0x73, 0xE3, 0x8E, 0x20, 0x00, 0x00, 0x03, 0x80, 0xE0, 0x07, 0x81,
    0xE0, 0x07, 0x81, 0xE0, 0x7F, 0xFD, 0xE0, 0x7F, 0xFD, 0xE0, 0x7F, 0xFD, 0xE0, 0x7F, 0xFF, 0xFF,
    0x1E, 0xF7, 0xFF, 0x3C, 0xFF, 0xFF, 0x3C, 0x79, 0xEF, 0x78, 0x3D, 0xEF, 0xF8, 0xFD, 0xEF, 0x7D,
    0xF1, 0xCF, 0x3F, 0xE1, 0xCF, 0x1F, 0xE1, 0xCF, 0x0F, 0xC3, 0xCF, 0x07, 0xC3, 0xCF, 0x07, 0xE3,
    0xCF, 0x0F, 0xF7, 0x8F, 0x1F, 0xF7, 0x8F, 0x3E, 0x7F, 0x0E, 0x7E, 0x2F, 0x1E, 0xFC, 0x1F, 0xFE,
    0x70, 0x1E, 0x7E, 0x20, 0x0C, 0x7C, 0x00, 0x30, 0xE0, 0x7F, 0xF9, 0xE0, 0x7F, 0xF9, 0xE0, 0x7F,
    0xF1, 0xE0, 0x7F, 0xF9, 0xE0, 0x7F, 0xFD, 0xE0, 0x7F, 0xFF, 0xFF, 0x07, 0x87, 0xFF, 0x7F, 0xFF,
    0xFF, 0x7F, 0xF9, 0xEF, 0x77, 0xB9, 0xEF, 0x7F, 0xF9, 0xEF, 0x7F, 0xF9, 0xEF, 0x77, 0xB9, 0xCF,
    0x7F, 0xF9, 0xCF, 0x7F, 0xF9, 0xCF, 0x07, 0x83, 0xCF, 0x7F, 0xFB, 0xCF, 0x7F, 0xFF, 0x8F, 0x07,
    0x8F, 0x8F, 0x07, 0xFF, 0x0E, 0xFF, 0xFF, 0x1E, 0x7F, 0xFE, 0xFE, 0x7E, 0x1E, 0x7E, 0x00, 0x0C,
    0x7C, 0x01, 0x00, 0x00, 0x01, 0xE7, 0x00, 0x00, 0xF3, 0x80, 0x00, 0xF9, 0xC0, 0x00, 0x78, 0xE0,
    0x00, 0x7C, 0x70, 0x60, 0x7C, 0x38, 0x78, 0x3E, 0x1C, 0x7E, 0x3F, 0x0E, 0xFE, 0x3F, 0x87, 0xFE,
    0x3F, 0xC3, 0xFC, 0x1F, 0xE1, 0xF8, 0x07, 0xF0, 0xF8, 0x03, 0x78, 0x70, 0x00, 0x3C, 0x38, 0x00,
    0x1E, 0x1C, 0x00, 0x0F, 0x0E, 0x00, 0x07, 0x87, 0x03, 0x83, 0xC3, 0x81, 0xE1, 0xE1, 0xC0, 0xF0,
    0xF0, 0xE0, 0x70, 0x78, 0x7F, 0xF8, 0x3C, 0x3F, 0xFC, 0x1E, 0x0F, 0xFC, 0x0F, 0x00, 0x00, 0x00,
    0x3F, 0xFF, 0xFF, 0x1F, 0xFF, 0xFF, 0x8F, 0xFF, 0xFF, 0xC7, 0x81, 0xE0, 0x03, 0xC0, 0xF0, 0x01,
    0xEF, 0xFF, 0xE0, 0xF7, 0xFF, 0xF0, 0x7B, 0xFF, 0xF8, 0x3D, 0xE0, 0x3C, 0x1E, 0xFF, 0xFE, 0x0F,
    0x7F, 0xFF, 0x07, 0xBC, 0x07, 0x83, 0xDF, 0xFF, 0xC1, 0xEF, 0xFF, 0xE0, 0xF7, 0xFF, 0xF0, 0x78,
    0x0E, 0x00, 0x3C, 0xF7, 0x38, 0x1C, 0xFB, 0xBE, 0x1E, 0x79, 0xCF, 0x8F, 0xF8, 0xE3, 0xE7, 0xFC,
    0x70, 0xF7, 0xBD, 0xF8, 0x39, 0xCC, 0xFC, 0x00, 0x60, 0x7C, 0x00, 0x00, 0x78, 0x00, 0x00, 0xF0,
    0x00, 0x01, 0xE0, 0x00, 0x03, 0xC0, 0x03, 0xFF, 0xFF, 0xC7, 0xFF, 0xFF, 0x8F, 0xFF, 0xFF, 0x00,
    0x3C, 0x00, 0x00, 0x78, 0x00, 0x00, 0xF0, 0x00, 0x01, 0xE0, 0x07, 0xFF, 0xFF, 0xFF, 0xFF, 0xFF,
    0xFF, 0xFF, 0xFF, 0xC0, 0x78, 0x00, 0x01, 0xF0, 0x60, 0x03, 0xC3, 0xE0, 0x07, 0x83, 0xC0, 0x1E,
    0x07, 0xC0, 0x3C, 0x07, 0xC7, 0xFF, 0xFF, 0xCF, 0xFF, 0xFF, 0x9F, 0xFF, 0xFF, 0xBF, 0xFF, 0x8F,
    0x00, 0x00, 0x1C, 0x00, 0x00, 0x00, 0x1F, 0xFF, 0xFE, 0x1F, 0xFF, 0xFE, 0x1F, 0xFF, 0xFE, 0x1E,
    0x00, 0x00, 0x1E, 0x00, 0x00, 0x1E, 0x00, 0x00, 0x1F, 0xFF, 0xFC, 0x1F, 0xFF, 0xFC, 0x1F, 0xFF,
    0xFC, 0x1E, 0xF0, 0x78, 0x1E, 0xF0, 0x78, 0x1E, 0xF8, 0xF8, 0x1E, 0x79, 0xF0, 0x1E, 0x7D, 0xF0,
    0x1E, 0x3F, 0xE0, 0x1C, 0x1F, 0xC0, 0x3C, 0x1F, 0xC0, 0x3C, 0x3F, 0xE0, 0x3C, 0xFF, 0xF8, 0x7F,
    0xFF, 0xFF, 0x7B, 0xF8, 0xFF, 0x73, 0xE0, 0x3E, 0x11, 0x80, 0x0C, 0x01, 0xC0, 0x00, 0x00, 0xE0,
    0x00, 0x00, 0x7F, 0xFF, 0xC7, 0x3F, 0xFF, 0xE3, 0x9F, 0xFF, 0xF1, 0xCE, 0x70, 0x78, 0xE7, 0x78,
    0x78, 0x73, 0x9C, 0x3C, 0x39, 0xCF, 0x1E, 0x1C, 0xE7, 0x8F, 0x0E, 0x73, 0xCF, 0x07, 0x38, 0xF7,
    0x83, 0x9C, 0x7B, 0xC1, 0xCE, 0x3F, 0xC0, 0xE7, 0x0F, 0xE0, 0x7F, 0x87, 0xE0, 0xFF, 0xC1, 0xF0,
    0x7F, 0xE0, 0xF8, 0x1F, 0xF0, 0xFE, 0x0C, 0x38, 0xFF, 0x80, 0x1D, 0xFF, 0xE0, 0x0F, 0xF9, 0xF8,
    0x07, 0xF8, 0x7E, 0x03, 0xB8, 0x1E, 0x01, 0xD8, 0x02, 0x00, 0x7F, 0xFC, 0x00, 0x3F, 0xFF, 0xFF,
    0x9F, 0xFF, 0xFF, 0xC7, 0x8E, 0xFF, 0xE3, 0xC7, 0x00, 0xF1, 0xFF, 0xB8, 0x78, 0xFF, 0xDE, 0x38,
    0x7F, 0xEF, 0x3C, 0x3C, 0x77, 0x9E, 0x1E, 0x39, 0xEF, 0x0F, 0xFC, 0xFF, 0x07, 0xFE, 0x7F, 0x83,
    0xFF, 0x1F, 0xC1, 0xE3, 0x8F, 0xC0, 0xF1, 0xC3, 0xE0, 0x7F, 0xE1, 0xF0, 0xFF, 0xF1, 0xF8, 0x7F,
    0xF9, 0xFE, 0x3F, 0xFD, 0xFF, 0x8F, 0x0F, 0xFB, 0xF0, 0x07, 0xF8, 0xF8, 0x03, 0xF8, 0x38, 0x01,
    0xD0, 0x08, 0x00, 0x00, 0xF8, 0x0F, 0xFF, 0xFC, 0x3F, 0xFF, 0xFE, 0x3F, 0xFF, 0xF0, 0x3F, 0xFC,
    0x3C, 0x0F, 0x1C, 0x3C, 0x0F, 0x1E, 0x78, 0x07, 0x1E, 0x78, 0x7F, 0xFF, 0xFF, 0x7F, 0xFF, 0xFF,
    0x7F, 0xFF, 0xFF, 0x78, 0x00, 0x0F, 0x7F, 0xFF, 0xFF, 0x07, 0xFF, 0xF8, 0x07, 0xFF, 0xF0, 0x07,
    0xC1, 0xF0, 0x03, 0xE3, 0xE0, 0x01, 0xF7, 0xC0, 0x00, 0xFF, 0x80, 0x00, 0x7F, 0x80, 0x07, 0xFF,
    0xF8, 0x7F, 0xFF, 0xFF, 0x7F, 0xE3, 0xFF, 0x3F, 0x00, 0xFE, 0x30, 0x00, 0x04, 0x00, 0x70, 0x00,
    0x00, 0x78, 0x00, 0x00, 0x78, 0x00, 0x00, 0xF0, 0x00, 0x00, 0xF0, 0x00, 0x7F, 0xFF, 0xFF, 0x7F,
    0xFF, 0xFF, 0x7F, 0xFF, 0xFF, 0x01, 0xE0, 0x00, 0x03, 0xC0, 0x00, 0x03, 0xC0, 0x00, 0x07, 0x80,
    0x00, 0x07, 0xFF, 0xFC, 0x0F, 0xFF, 0xFC, 0x1F, 0xFF, 0xFC, 0x3F, 0xC0, 0x3C, 0x7F, 0xC0, 0x3C,
    0xFB, 0xC0, 0x3C, 0x73, 0xC0, 0x3C, 0x23, 0xC0, 0x3C, 0x03, 0xFF, 0xFC, 0x03, 0xFF, 0xFC, 0x03,
    0xFF, 0xFC, 0x03, 0xC0, 0x3C, 0x03, 0xC0, 0x3C, 0x1F, 0xFF, 0xF0, 0x3F, 0xFF, 0xE0, 0x7F, 0xFF,
    0xC0, 0xF0, 0x07, 0x81, 0xE0, 0x0F, 0x03, 0xC0, 0x1E, 0x07, 0xFF, 0xFC, 0x0F, 0xFF, 0xF8, 0x1F,
    0xFF, 0xF0, 0x00, 0x00, 0x03, 0xFF, 0xFF, 0xFF, 0xFF, 0xFF, 0xFF, 0xFF, 0xFF, 0xE1, 0xE0, 0x00,
    0x03, 0xFF, 0xFC, 0x07, 0xFF, 0xF8, 0x1F, 0xFF, 0xF0, 0x3C, 0x01, 0xE0, 0x18, 0x03, 0xC0, 0x00,
    0x0F, 0x00, 0x02, 0x3E, 0x00, 0x07, 0xFC, 0x00, 0x0F, 0xF0, 0x00, 0x1F, 0xC0, 0x00, 0xE0, 0x00,
    0x00, 0x78, 0x00, 0x00, 0x7C, 0x00, 0x00, 0x7F, 0xFF, 0x00, 0x7F, 0xFF, 0xC0, 0x7F, 0xFF, 0xC0,
    0x7F, 0x07, 0xC0, 0xFF, 0xE7, 0xC0, 0x7D, 0xFF, 0xC0, 0x1C, 0x3F, 0xC0, 0x00, 0x3F, 0xE0, 0x00,
    0xFF, 0xFE, 0x03, 0xFF, 0xFF, 0xF7, 0xFE, 0x0F, 0xFD, 0xFC, 0x01, 0xFC, 0xFF, 0xFF, 0xFC, 0x07,
    0xFF, 0xF8, 0x03, 0xFF, 0xFC, 0x01, 0xC0, 0x1E, 0x00, 0xE0, 0x0F, 0x00, 0x70, 0x07, 0x80, 0x3F,
    0xFF, 0xC0, 0x1F, 0xFF, 0xE0, 0x0F, 0xFF, 0xF0, 0x07, 0x00, 0x78, 0x00, 0x00, 0x3C, 0x00, 0x00,
    0x1F, 0x00, 0x00, 0x1F, 0xC0, 0x00, 0x1F, 0xF0, 0x00, 0x1F, 0x7C, 0x00, 0x1F, 0x1F, 0x00, 0x1F,
    0x8F, 0xC0, 0x1F, 0x03, 0xF0, 0x3F, 0x00, 0x7E, 0x3F, 0xFF, 0xFF, 0xDF, 0xFF, 0xFF, 0xCE, 0x7F,
    0xFC, 0xE0, 0x00, 0x00, 0x00, 0x00, 0x00, 0x00, 0x3F, 0xFF, 0xE0, 0x1F, 0xFF, 0xF0, 0x0F, 0xFF,
    0xF8, 0x07, 0x80, 0x3C, 0x03, 0xC0, 0x1E, 0x01, 0xE0, 0x0F, 0x00, 0xF0, 0x07, 0x80, 0x7F, 0xFF,
    0xC0, 0x3F, 0xFF, 0xE0, 0x1F, 0xFF, 0xF0, 0x0F, 0x00, 0x78, 0x00, 0x7F, 0xFF, 0xFF, 0xFF, 0xFF,
    0xFF, 0xFF, 0xFF, 0xFF, 0x80, 0x00, 0xFF, 0x00, 0x01, 0xFE, 0xFF, 0xFB, 0xFD, 0xFF, 0xF7, 0xFB,
    0xFF, 0xEF, 0xF0, 0x00, 0x1F, 0xE0, 0x00, 0x3F, 0xCF, 0xFE, 0x7F, 0x9F, 0xFC, 0xFF, 0x3F, 0xF9,
    0xFE, 0x78, 0xF3, 0xFC, 0xF1, 0xE7, 0xF9, 0xE3, 0xCF, 0xF3, 0xFF, 0x9F, 0xE7, 0xFF, 0x3F, 0xCF,
    0xFE, 0x7F, 0x9E, 0x00, 0xFF, 0x38, 0x01, 0xFE, 0x00, 0x3F, 0xBC, 0x00, 0x3F, 0x78, 0x00, 0x7C,
    0x00, 0xF0, 0x00, 0x01, 0xE0, 0x00, 0x07, 0xC0, 0x00, 0x1F, 0xFF, 0x00, 0x7F, 0xFE, 0x01, 0xFF,
    0xFC, 0x07, 0xE0, 0xF8, 0x1F, 0xC1, 0xE0, 0xFF, 0xC7, 0x80, 0xFF, 0xDF, 0x00, 0xC7, 0xFC, 0x00,
    0x07, 0xF0, 0x00, 0x07, 0xC0, 0x00, 0x3F, 0xFF, 0xC0, 0xFF, 0xFF, 0x8F, 0xFF, 0xFF, 0x7F, 0xE0,
    0x1F, 0xFF, 0xC0, 0x3D, 0xF7, 0x80, 0x79, 0x8F, 0x00, 0xF0, 0x1E, 0x01, 0xE0, 0x3F, 0xFF, 0xC0,
    0x7F, 0xFF, 0x80, 0xFF, 0xFF, 0x01, 0xE0, 0x1E, 0x00, 0xF0, 0x00, 0x07, 0x80, 0x00, 0x7C, 0x00,
    0x03, 0xE0, 0x00, 0x1E, 0x00, 0x7F, 0xFF, 0xFF, 0xFF, 0xFF, 0xFF, 0xFF, 0xFF, 0xF0, 0x00, 0x3F,
    0x80, 0x01, 0xFD, 0xFF, 0xCF, 0xEF, 0xFE, 0x7F, 0x7F, 0xF3, 0xFB, 0xC7, 0x9F, 0xDE, 0x3C, 0xFE,
    0xF1, 0xE7, 0xF7, 0xFF, 0x3F, 0xBF, 0xF9, 0xFD, 0xFF, 0xCF, 0xEF, 0x00, 0x7F, 0x78, 0x03, 0xF9,
    0x80, 0x3F, 0xC0, 0x1F, 0xFE, 0x00, 0x7F, 0xF0, 0x03, 0xF0, 0x0C, 0x3C, 0x00, 0x1E, 0x78, 0x00,
    0x78, 0xF0, 0x00, 0xF1, 0xE0, 0x03, 0xFF, 0xFF, 0x87, 0xFF, 0xFF, 0x1F, 0xFF, 0xFE, 0x7C, 0x1E,
    0x00, 0x70, 0x3C, 0x01, 0xFF, 0xFF, 0xFF, 0xFF, 0xFF, 0xFF, 0xFF, 0xFF, 0xF0, 0x00, 0x00, 0x00,
    0x00, 0x00, 0x07, 0xFF, 0xFC, 0x0F, 0xFF, 0xFC, 0x1F, 0xFF, 0xF8, 0x3C, 0x00, 0xF0, 0x78, 0x01,
    0xE0, 0xF0, 0x03, 0xC1, 0xE0, 0x07, 0x83, 0xFF, 0xFF, 0x07, 0xFF, 0xFE, 0x0F, 0xFF, 0xFC, 0x1E,
    0x00, 0x70, 0xFF, 0xFF, 0xFF, 0xFF, 0xFF, 0xFF, 0xFF, 0xFF, 0xFF, 0x80, 0x00, 0xFF, 0x00, 0x01,
    0xFE, 0x00, 0x03, 0xFC, 0xFF, 0xE7, 0xF9, 0xFF, 0xCF, 0xF3, 0xFF, 0x9F, 0xE7, 0x0F, 0x3F, 0xCE,
    0x1E, 0x7F, 0x9C, 0x3C, 0xFF, 0x38, 0x79, 0xFE, 0x70, 0xF3, 0xFC, 0xFF, 0xE7, 0xF9, 0xFF, 0xCF,
    0xF3, 0xFF, 0x9F, 0xE0, 0x00, 0x3F, 0xC0, 0x00, 0x7F, 0xFF, 0xFF, 0xFF, 0xFF, 0xFF, 0xFF, 0xFF,
    0xFF, 0xFC, 0x00, 0x07, 0xF8, 0x00, 0x0F, 0xFF, 0xFF, 0xFF, 0xFF, 0xFF, 0xFF, 0xFF, 0xFF, 0xFF,
    0x81, 0xC0, 0xFF, 0x03, 0x81, 0xFE, 0x07, 0x03, 0xFC, 0x0E, 0x07, 0xFF, 0xFF, 0xFF, 0xFF, 0xFF,
    0xFF, 0xFF, 0xFF, 0xFF, 0xC1, 0xF0, 0x7F, 0x83, 0xE0, 0xFF, 0x0F, 0xC1, 0xFE, 0x1F, 0xC3, 0xFC,
    0x7B, 0xC7, 0xF9, 0xF7, 0xCF, 0xFF, 0xC7, 0xFF, 0xFF, 0x07, 0xBF, 0xDC, 0x07, 0x7F, 0x80, 0x00,
    0xFF, 0xFF, 0xFF, 0xFF, 0xFF, 0xFF, 0xFF, 0xFF, 0xFF, 0xF8, 0x00, 0x0F, 0xFF, 0xFF, 0xFF, 0xFF,
    0xFF, 0xFF, 0xFF, 0xFF, 0xFF, 0x80, 0x00, 0xFF, 0x1E, 0x71, 0xFE, 0x3C, 0xE3, 0xFC, 0x79, 0xC7,
    0xFB, 0xFF, 0xEF, 0xF7, 0xFF, 0xDF, 0xEF, 0xFF, 0xBF, 0xC7, 0x9C, 0x7F, 0xBF, 0xFE, 0xFF, 0xFF,
    0xFF, 0xFF, 0xFF, 0xFF, 0xFC, 0x71, 0xC7, 0xF9, 0xE3, 0x8F, 0xF7, 0xC7, 0x1F, 0xEF, 0x0E, 0x3F,
    0xDC, 0x1C, 0x7F, 0x90, 0x00, 0xFF, 0xFF, 0xFF, 0xFF, 0xFF, 0xFF, 0xFF, 0xFF, 0xFF, 0xF8, 0x00,
    0x0F, 0x00, 0x60, 0x00, 0x00, 0x78, 0x00, 0x00, 0xF0, 0x00, 0x00, 0xF0, 0x00, 0x7F, 0xFF, 0xFF,
    0x7F, 0xFF, 0xFF, 0x7F, 0xFF, 0xFF, 0x03, 0xC0, 0x00, 0x07, 0xC3, 0xC0, 0x07, 0x83, 0xC0, 0x0F,
    0x83, 0xC0, 0x1F, 0x03, 0xC0, 0x3F, 0x7F, 0xFE, 0x7F, 0x7F, 0xFE, 0xFF, 0x7F, 0xFE, 0x7F, 0x03,
    0xC0, 0x7F, 0x03, 0xC0, 0x0F, 0x03, 0xC0, 0x0F, 0x03, 0xC0, 0x0F, 0x03, 0xC0, 0x0F, 0x03, 0xC0,
    0x0F, 0xFF, 0xFF, 0x0F, 0xFF, 0xFF, 0x0F, 0xFF, 0xFF, 0x0E, 0x00, 0x00, 0x0E, 0x00, 0x00, 0x0F,
    0x1F, 0xFF, 0x07, 0x9F, 0xFF, 0x83, 0xCF, 0xFF, 0xC1, 0xE7, 0x9C, 0xE0, 0xF3, 0xCE, 0x71, 0xFF,
    0xFF, 0xF8, 0xFF, 0xFF, 0xFC, 0x7F, 0xFF, 0xFE, 0x0F, 0x3C, 0xE7, 0x07, 0x9E, 0x73, 0x83, 0xCF,
    0xFF, 0xC1, 0xE7, 0xFF, 0xE0, 0xF1, 0xFF, 0xF0, 0x7E, 0x0F, 0x00, 0x3F, 0x07, 0x80, 0x1F, 0xFF,
    0xFF, 0x7F, 0xFF, 0xFF, 0x9F, 0x9F, 0xFF, 0xCF, 0x00, 0x78, 0x06, 0x00, 0x3C, 0x00, 0x07, 0xFF,
    0xFC, 0x03, 0xFF, 0xFE, 0x01, 0xFF, 0xFF, 0x07, 0x00, 0x00, 0x03, 0x87, 0xFF, 0x1F, 0xFF, 0xFF,
    0x8F, 0xFF, 0xFF, 0xC7, 0xFF, 0xF0, 0xE0, 0x38, 0x78, 0x70, 0x1C, 0x3D, 0xF9, 0xFF, 0xFE, 0xFC,
    0xFF, 0xFF, 0x7C, 0x7F, 0xFF, 0x80, 0x0E, 0x3B, 0xFF, 0x83, 0xBD, 0xFF, 0xE7, 0xFF, 0xFF, 0xF3,
    0xFF, 0xFE, 0x79, 0xFF, 0xFF, 0xB8, 0x0E, 0x1F, 0xFC, 0x07, 0x0F, 0xFE, 0x3F, 0xFF, 0xFE, 0x1F,
    0xFF, 0xDF, 0x0F, 0xFF, 0xEF, 0x80, 0x70, 0xF7, 0xE0, 0x38, 0x7F, 0xF8, 0x1C, 0x3F, 0xFE, 0x0E,
    0x1F, 0xDE, 0x07, 0x0F, 0xC2, 0x00, 0x0E, 0x00, 0x00, 0x0F, 0x1F, 0xFF, 0x07, 0x8F, 0xFF, 0x83,
    0xC7, 0x83, 0xC1, 0xE3, 0xFF, 0xE0, 0xF1, 0xFF, 0xF1, 0xFE, 0xF0, 0x78, 0xFF, 0x78, 0x3C, 0x7F,
    0xBF, 0xFE, 0x0F, 0x1F, 0xFF, 0x07, 0x80, 0x00, 0x03, 0xDF, 0xFF, 0xF1, 0xEF, 0xFF, 0xF8, 0xF7,
    0xFF, 0xF8, 0x7E, 0xFF, 0xFC, 0x3F, 0xFF, 0xFE, 0x7F, 0xFF, 0xFF, 0x7F, 0xFF, 0xBF, 0x9F, 0x7F,
    0xBF, 0xCE, 0x17, 0xFD, 0xE0, 0x07, 0xDE, 0xF0, 0x07, 0xDE, 0xF0, 0x01, 0xDF, 0xF8, 0x00, 0x0E,
    0x7C, 0x00, 0x02, 0x38, 0x00, 0x00, 0x1C, 0x00, 0x00, 0x0E, 0x00, 0x1F, 0xFF, 0xFF, 0xCF, 0xFF,
    0xFF, 0xE7, 0xFF, 0xFF, 0xF0, 0x03, 0x9E, 0x00, 0x39, 0xCF, 0xE0, 0x3D, 0xE7, 0xF8, 0x1E, 0xF3,
    0xFE, 0x3E, 0x79, 0xEF, 0x9E, 0x7B, 0xE3, 0xC7, 0x7D, 0xF0, 0xE0, 0x3F, 0xF8, 0x60, 0x0F, 0x80,
    0x00, 0x07, 0xFF, 0xC0, 0x0F, 0xFF, 0xF0, 0x1F, 0xFF, 0xF0, 0x3F, 0xF1, 0xF0, 0x0F, 0xFF, 0xF8,
    0x07, 0x1F, 0xF0, 0x00, 0x0F, 0xF8, 0x00, 0xFF, 0xFF, 0xF1, 0xFF, 0xFF, 0xFC, 0xFF, 0x87, 0xFE,
    0x3E, 0x00, 0x3E, 0x00, 0x03, 0x80, 0xF0, 0x01, 0xC0, 0x78, 0x01, 0xE0, 0x3C, 0x00, 0xF0, 0x1E,
    0x00, 0x7F, 0xCF, 0x00, 0x7F, 0xF7, 0x80, 0x3F, 0xFB, 0xC0, 0x3C, 0x7F, 0xE0, 0x1E, 0x3F, 0xF0,
    0x1E, 0x1F, 0xF8, 0x1F, 0x8E, 0xFC, 0x1F, 0xEF, 0x7E, 0x07, 0xFF, 0x9F, 0x01, 0xBF, 0x87, 0xC0,
    0x0F, 0xC3, 0xF8, 0x03, 0xE1, 0xFF, 0x01, 0xE0, 0xFF, 0x81, 0xE0, 0x7F, 0x81, 0xF0, 0x3C, 0x81,
    0xF0, 0x1E, 0x01, 0xF0, 0x0F, 0x03, 0xF8, 0x07, 0x81, 0xF8, 0x03, 0xC0, 0x70, 0x01, 0xE0, 0x10,
    0x00, 0xF0, 0x00, 0x00, 0x3C, 0x00, 0x00, 0x1E, 0x00, 0x00, 0x0F, 0x00, 0x00, 0x07, 0x80, 0x00,
    0x03, 0xC0, 0x00, 0x01, 0xE0, 0x00, 0x00, 0xF0, 0x00, 0xFF, 0xFF, 0xFE, 0x7F, 0xFF, 0xFF, 0x3F,
    0xFF, 0xFF, 0x80, 0x1F, 0xC0, 0x00, 0x0F, 0xE0, 0x00, 0x07, 0xF0, 0x00, 0x03, 0xFC, 0x00, 0x03,
    0xDE, 0x00, 0x01, 0xEF, 0x80, 0x01, 0xF3, 0xC0, 0x01, 0xF1, 0xF0, 0x01, 0xF0, 0x7C, 0x01, 0xF8,
    0x1F, 0x01, 0xF8, 0x0F, 0xE3, 0xF8, 0x03, 0xF9, 0xF8, 0x00, 0xFC, 0x70, 0x00, 0x1C, 0x10, 0x00,
    0x04, 0x00, 0x00, 0x3C, 0x00, 0x00, 0x1E, 0x00, 0x00, 0x0F, 0x00, 0x00, 0x07, 0x80, 0x00, 0x03,
    0xC0, 0x00, 0x01, 0xE0, 0x00, 0x00, 0xF0, 0x00, 0xFF, 0xFF, 0xFE, 0x7F, 0xFF, 0xFF, 0x3F, 0xFF,
    0xFF, 0x80, 0x1F, 0xC0, 0x00, 0x0F, 0xE0, 0x00, 0x07, 0xF0, 0x00, 0x07, 0xFC, 0x00, 0x03, 0xDE,
    0x00, 0x03, 0xE7, 0x80, 0x01, 0xE3, 0xE0, 0x01, 0xFC, 0xF0, 0x01, 0xFF, 0x7C, 0x01, 0xFF, 0xDF,
    0x01, 0xFB, 0xF7, 0xE3, 0xF8, 0xF9, 0xFD, 0xF8, 0x3E, 0x7C, 0xF8, 0x0C, 0x1C, 0x30, 0x00, 0x06,
    0x00, 0x00, 0x1C, 0x00, 0x00, 0x1E, 0x00, 0x00, 0x0F, 0x00, 0x00, 0x07, 0x80, 0x01, 0xFF, 0xFF,
    0xC0, 0xFF, 0xFF, 0xE0, 0x7F, 0xFF, 0xF0, 0x3C, 0x78, 0x78, 0x1E, 0x3C, 0x3C, 0x0F, 0x1E, 0x1E,
    0x07, 0x8F, 0x0F, 0x03, 0xC7, 0x87, 0x87, 0xFF, 0xFF, 0xF3, 0xFF, 0xFF, 0xF9, 0xFF, 0xFF, 0xFC,
    0x00, 0xFE, 0x00, 0x00, 0xFF, 0x80, 0x00, 0xFB, 0xC0, 0x00, 0xFC, 0xF8, 0x00, 0xFC, 0x7E, 0x01,
    0xFC, 0x1F, 0xC3, 0xFC, 0x07, 0xFD, 0xFC, 0x01, 0xFC, 0xF8, 0x00, 0x3E, 0x30, 0x00, 0x06, 0x00,
    0x06, 0x3C, 0x00, 0x07, 0x9E, 0x00, 0x03, 0xCF, 0x00, 0x01, 0xE7, 0x80, 0x01, 0xFF, 0xFF, 0xC0,
    0xFF, 0xFF, 0xE0, 0xFF, 0xFF, 0xF0, 0x78, 0x78, 0x00, 0x7C, 0x3C, 0x00, 0x3C, 0x1E, 0x00, 0x06,
    0x0F, 0x00, 0x00, 0x07, 0x80, 0x07, 0xFF, 0xFF, 0xF3, 0xFF, 0xFF, 0xF9, 0xFF, 0xFF, 0xFC, 0x00,
    0xFE, 0x00, 0x00, 0xFF, 0x00, 0x00, 0x7F, 0xC0, 0x00, 0x7D, 0xF0, 0x00, 0xFC, 0x7E, 0x01, 0xFC,
    0x1F, 0xC3, 0xFC, 0x07, 0xFD, 0xFC, 0x01, 0xFC, 0xF8, 0x00, 0x3E, 0x30, 0x00, 0x06, 0x00, 0x00,
    0x38, 0x00, 0x00, 0xF0, 0x00, 0x01, 0xE0, 0x07, 0xFF, 0xFF, 0xFF, 0xFF, 0xFF, 0xFF, 0xFF, 0xFF,
    0xFC, 0x00, 0x07, 0xF8, 0x00, 0x0F, 0xFF, 0xFF, 0xDF, 0xFF, 0xFF, 0xFC, 0x1F, 0xFF, 0x00, 0x00,
    0x7C, 0x00, 0x03, 0xF0, 0x00, 0x0F, 0x80, 0x3F, 0xFF, 0xFF, 0xFF, 0xFF, 0xFF, 0xFF, 0xFF, 0xFE,
    0x00, 0xF0, 0x00, 0x01, 0xE0, 0x00, 0x03, 0xC0, 0x00, 0x07, 0x80, 0x00, 0x0F, 0x00, 0x01, 0xFE,
    0x00, 0x01, 0xFC, 0x00, 0x03, 0xF0, 0x00, 0x00, 0x60, 0x00, 0x00, 0x7C, 0x00, 0x00, 0x3C, 0x00,
    0x00, 0x1E, 0x00, 0x07, 0xFF, 0xFF, 0xF3, 0xFF, 0xFF, 0xF9, 0xFF, 0xFF, 0xFC, 0x07, 0x80, 0x00,
    0x07, 0xC0, 0x00, 0x03, 0xDF, 0xFE, 0x03, 0xEF, 0xFF, 0x83, 0xE7, 0xFF, 0x83, 0xF0, 0x0F, 0x83,
    0xF8, 0x0F, 0x83, 0xFC, 0x07, 0x80, 0xFF, 0xFF, 0xFE, 0x7F, 0xFF, 0xFF, 0x07, 0xFF, 0xFF, 0x83,
    0xC0, 0x70, 0x01, 0xE0, 0x38, 0x00, 0xF0, 0x1C, 0x00, 0x78, 0x0E, 0x00, 0x3C, 0x7F, 0x00, 0x1E,
    0x1F, 0x80, 0x0F, 0x0F, 0x80, 0x00, 0x00, 0x1C, 0x00, 0x00, 0x1E, 0x00, 0x00, 0x0F, 0x00, 0x0F,
    0xFF, 0xFF, 0xE7, 0xFF, 0xFF, 0xF3, 0xFF, 0xFF, 0xF9, 0xE0, 0x00, 0x3C, 0xF0, 0x00, 0x1E, 0x7B,
    0xFF, 0xEF, 0x01, 0xFF, 0xF0, 0x00, 0xFF, 0xF8, 0x00, 0x00, 0x00, 0x07, 0xFF, 0xFF, 0xF3, 0xFF,
    0xFF, 0xF9, 0xFF, 0xFF, 0xFC, 0x03, 0xCF, 0x00, 0x01, 0xE7, 0x80, 0x01, 0xE3, 0xC0, 0x00, 0xF1,
    0xE1, 0x80, 0xF8, 0xF0, 0xE1, 0xF8, 0x78, 0x73, 0xF8, 0x1F, 0xF9, 0xF8, 0x0F, 0xFC, 0xF8, 0x07,
    0xFC, 0x30, 0x00, 0x00, 0x00, 0x00, 0x1C, 0x00, 0x00, 0x1E, 0x00, 0x00, 0x0F, 0x00, 0x0F, 0xFF,
    0xFF, 0xE7, 0xFF, 0xFF, 0xF3, 0xFF, 0xFF, 0xF9, 0xE0, 0x00, 0x3C, 0xF0, 0x00, 0x1E, 0x7F, 0xFF,
    0xFF, 0x1F, 0xFF, 0xFF, 0x01, 0xFF, 0xFC, 0x00, 0x03, 0x80, 0x00, 0x71, 0xC0, 0x00, 0x78, 0xE0,
    0x00, 0x3C, 0x7F, 0xE0, 0x1E, 0x3F, 0xF0, 0x0F, 0x1F, 0xF8, 0x0F, 0xCE, 0x00, 0x07, 0xF7, 0x00,
    0x03, 0xFF, 0x80, 0x03, 0xDF, 0xE0, 0x03, 0xEF, 0xFF, 0xFB, 0xE1, 0xFF, 0xFC, 0xE0, 0x3F, 0xFE,
    0x30, 0x00, 0x00, 0x00, 0x00, 0x1C, 0x00, 0x00, 0x0E, 0x00, 0x00, 0x07, 0x00, 0x0F, 0xFF, 0xFF,
    0xE7, 0xFF, 0xFF, 0xF3, 0xFF, 0xFF, 0xF9, 0xE8, 0x00, 0x3C, 0xFF, 0x00, 0x1E, 0x07, 0x87, 0xFE,
    0x07, 0xFF, 0xFF, 0x03, 0xFF, 0xFF, 0x83, 0xFF, 0xF3, 0xC3, 0xE7, 0xF9, 0xE3, 0xF3, 0xFC, 0xF3,
    0xFF, 0xDE, 0x78, 0xFF, 0xEF, 0xF8, 0x37, 0xF7, 0xFC, 0x01, 0xF3, 0xFE, 0x00, 0xF9, 0xE1, 0x00,
    0xF8, 0xF0, 0xE0, 0xF8, 0x78, 0x71, 0xF8, 0x3C, 0x39, 0xF8, 0x1F, 0xFC, 0xF8, 0x07, 0xFE, 0x30,
    0x03, 0xFE, 0x00, 0x00, 0x00, 0x00, 0x00, 0x38, 0x00, 0x00, 0xF0, 0x01, 0xFF, 0xFF, 0xF3, 0xFF,
    0xFF, 0xF7, 0xFF, 0xFF, 0xEE, 0x07, 0x03, 0xDF, 0xFF, 0xFF, 0xBF, 0xFF, 0xFF, 0x1F, 0xFF, 0xF0,
    0x00, 0x70, 0x00, 0xFF, 0xFF, 0xE1, 0xFF, 0xFF, 0xC1, 0xFF, 0xFF, 0x1F, 0xFF, 0xFF, 0xFF, 0xFF,
    0xFF, 0xFF, 0xFF, 0xFF, 0x00, 0x00, 0x00, 0x3F, 0xFF, 0xE0, 0x7F, 0xFF, 0xC0, 0xFF, 0xFF, 0x81,
    0xE0, 0x0F, 0x03, 0xFF, 0xFE, 0x07, 0xFF, 0xFC, 0x0F, 0xFF, 0xF8, 0x1E, 0x00, 0xF0, 0x00, 0x38,
    0x38, 0x1C, 0x0E, 0x3C, 0x0F, 0x7F, 0xFF, 0xC7, 0xFF, 0xFF, 0xE1, 0xE0, 0x38, 0x00, 0x63, 0xFF,
    0xE1, 0xF9, 0xFF, 0xF0, 0xFC, 0xFF, 0xF8, 0x7E, 0x7F, 0xFC, 0x07, 0x3F, 0xFE, 0x03, 0x9F, 0xFF,
    0x01, 0xCF, 0xFF, 0x81, 0xF7, 0xFF, 0xC3, 0xFF, 0xFF, 0xF9, 0xEF, 0xFF, 0xFC, 0xE1, 0xFF, 0xFE,
    0x00, 0x01, 0xE0, 0x3F, 0xFF, 0xFF, 0x9F, 0xFF, 0xFF, 0xCF, 0xFF, 0xFF, 0xE0, 0x7C, 0x1E, 0x00,
    0x1F, 0x0F, 0x00, 0x07, 0xBF, 0x80, 0x01, 0x1F, 0x80, 0x00, 0x07, 0x80, 0x00, 0x00, 0x1C, 0x00,
    0x00, 0x0F, 0x00, 0x00, 0x07, 0x80, 0x00, 0x03, 0xC0, 0x00, 0x01, 0xE0, 0x00, 0x00, 0xF0, 0x00,
    0x00, 0x78, 0x40, 0x1E, 0x3C, 0xF0, 0x0F, 0x1E, 0x78, 0x0F, 0x8F, 0x3E, 0x07, 0x87, 0x8F, 0x03,
    0xC3, 0xC7, 0xC1, 0xE1, 0xE1, 0xE1, 0xF0, 0xF0, 0xF0, 0xF0, 0x78, 0x7C, 0xF8, 0x3C, 0x1E, 0x78,
    0x1E, 0x0F, 0x7C, 0x0F, 0x07, 0xCC, 0x07, 0x81, 0xE0, 0x03, 0xC0, 0xC0, 0x01, 0xE0, 0x00, 0x01,
    0xF0, 0x00, 0x0F, 0xF0, 0x00, 0x07, 0xF8, 0x00, 0x01, 0xF8, 0x00, 0x00, 0x00, 0x00, 0x00, 0x1F,
    0xFF, 0xFE, 0x3F, 0xFF, 0xFE, 0x3F, 0xFF, 0xFE, 0x3C, 0x00, 0x1E, 0x3C, 0x00, 0x1E, 0x3F, 0xFF,
    0xFE, 0x3F, 0xFF, 0xFE, 0x3F, 0xFF, 0xFE, 0x3C, 0x3F, 0xF0, 0x3F, 0xFF, 0xF0, 0x3D, 0xFF, 0x00,
    0x3D, 0xEF, 0xFC, 0x3C, 0xFF, 0xFC, 0x3F, 0xFF, 0xFC, 0x3F, 0xFF, 0x86, 0x3D, 0xCF, 0xFF, 0x3C,
    0xFF, 0xFF, 0x3B, 0xFF, 0xFE, 0x7B, 0xFF, 0x86, 0x7B, 0xCE, 0x07, 0x78, 0x0F, 0xFF, 0xF0, 0x0F,
    0xFF, 0x70, 0x07, 0xFE, 0x10, 0x00, 0x00, 0x00, 0xF0, 0x00, 0x00, 0xF0, 0x00, 0x00, 0xF0, 0x00,
    0x00, 0xF0, 0x00, 0x00, 0xF0, 0x00, 0x7F, 0xFF, 0xFF, 0x7F, 0xFF, 0xFF, 0x7F, 0xFF, 0xFF, 0x01,
    0xE0, 0x00, 0x01, 0xC0, 0x00, 0x03, 0xC0, 0x00, 0x03, 0xC0, 0x00, 0x03, 0xFF, 0xFE, 0x07, 0xFF,
    0xFE, 0x07, 0xFF, 0xFE, 0x0F, 0x07, 0x80, 0x0F, 0x07, 0x80, 0x1E, 0x07, 0x80, 0x3E, 0x07, 0x80,
    0x7C, 0x07, 0x80, 0xF8, 0x07, 0x80, 0x7B, 0xFF, 0xFF, 0x73, 0xFF, 0xFF, 0x03, 0xFF, 0xFF, 0x04,
    0x38, 0x40, 0x3C, 0x71, 0xF0, 0x78, 0xE3, 0xC0, 0xF1, 0xCF, 0x0F, 0xFF, 0xFF, 0xFF, 0xFF, 0xFF,
    0xFF, 0xFF, 0xFF, 0xF8, 0x00, 0x0F, 0xFF, 0xFF, 0xFF, 0xFF, 0xFF, 0xFC, 0x3C, 0x07, 0x80, 0x78,
    0x0F, 0x00, 0xFF, 0xFE, 0x01, 0xFF, 0xFC, 0x00, 0x0F, 0x00, 0x1F, 0xFF, 0xFC, 0x3F, 0xFF, 0xF8,
    0x7F, 0xFF, 0xF0, 0xF0, 0xF1, 0xE1, 0xE1, 0xE3, 0xC3, 0xC3, 0xC7, 0x87, 0x87, 0xFF, 0x0F, 0x0F,
    0x7E, 0x1E, 0x1E, 0xF8, 0x00, 0x3C, 0x00, 0x00, 0x1E, 0x00, 0x00, 0x0F, 0x00, 0x00, 0x07, 0x80,
    0x00, 0x03, 0xC0, 0x03, 0xFF, 0xFF, 0xF1, 0xFF, 0xFF, 0xF8, 0xFF, 0xFF, 0xFC, 0x78, 0x00, 0x00,
    0x3C, 0x1E, 0x00, 0x1E, 0x0F, 0x00, 0x0F, 0x07, 0x80, 0x07, 0x87, 0xC0, 0x03, 0xC3, 0xC0, 0x01,
    0xE1, 0xE1, 0x00, 0xF0, 0xF3, 0xC0, 0x78, 0xF1, 0xF0, 0x3C, 0x78, 0x78, 0x1E, 0x3C, 0x1E, 0x0E,
    0x3C, 0x0F, 0x8F, 0x1F, 0xFF, 0xC7, 0xFF, 0xFF, 0xF3, 0xFF, 0xFF, 0xFB, 0xDF, 0xFF, 0xFE, 0xE0,
    0x00, 0x0E, 0x00, 0x00, 0x04, 0x00, 0x00, 0x1E, 0x00, 0x00, 0x0F, 0x00, 0x00, 0x07, 0x80, 0x07,
    0xFF, 0xFF, 0xE3, 0xFF, 0xFF, 0xF1, 0xFF, 0xFF, 0xF8, 0xF1, 0xE1, 0xC0, 0x7F, 0xFF, 0xFE, 0x3F,
    0xFF, 0xFF, 0x1F, 0xFF, 0xFF, 0x8F, 0x1E, 0x1C, 0x07, 0x8F, 0xFE, 0x03, 0xC7, 0xFF, 0x01, 0xE3,
    0xFF, 0x80, 0xF0, 0x00, 0x00, 0x7F, 0xFF, 0xF8, 0x3F, 0xFF, 0xFC, 0x1D, 0xFF, 0xFE, 0x0E, 0x1F,
    0x3E, 0x0F, 0x07, 0xFE, 0x07, 0x81, 0xFE, 0x03, 0xCF, 0xFF, 0xF3, 0xDF, 0xFF, 0xFC, 0xE7, 0xF1,
    0xFE, 0x23, 0xC0, 0x1E, 0x00, 0x00, 0x70, 0x01, 0x87, 0xC3, 0xBE, 0x3E, 0x3E, 0xF1, 0xF1, 0xE7,
    0xCF, 0x8F, 0x1E, 0x7C, 0xF0, 0xFB, 0xEF, 0x83, 0x9F, 0x78, 0x00, 0xF8, 0x03, 0xFF, 0xFF, 0xDF,
    0xFF, 0xFE, 0xFF, 0xFF, 0xF0, 0x00, 0x07, 0x80, 0x00, 0x3C, 0x00, 0x01, 0xE7, 0xFF, 0xFF, 0x3F,
    0xFF, 0xF9, 0xFF, 0xFF, 0xC0, 0x00, 0x1E, 0x00, 0x00, 0xF0, 0x00, 0x07, 0xFF, 0xFF, 0xFF, 0xFF,
    0xFF, 0xFF, 0xFF, 0xFF, 0x00, 0x00, 0x78, 0x06, 0x00, 0x00, 0x03, 0xCF, 0xFC, 0x03, 0xE7, 0xFE,
    0x03, 0xE3, 0xFF, 0x03, 0xE1, 0xC7, 0x83, 0xE0, 0xE3, 0xD1, 0xEE, 0xF1, 0xEE, 0xEF, 0xF8, 0xFE,
    0x0F, 0xFC, 0x7F, 0x0F, 0xBC, 0x3F, 0x8F, 0xDC, 0x0F, 0x8F, 0xCF, 0xFF, 0x8F, 0xE7, 0xFF, 0xE3,
    0xF3, 0xFF, 0xE1, 0xB8, 0x70, 0xF0, 0x1C, 0x3C, 0xF8, 0x0E, 0x1E, 0x78, 0x07, 0x07, 0xF8, 0x03,
    0x81, 0xFC, 0x01, 0xC0, 0xFC, 0x00, 0xE1, 0xFF, 0x80, 0x73, 0xFF, 0xF8, 0x3B, 0xF9, 0xFE, 0x1C,
    0xF8, 0x7E, 0x0E, 0x60, 0x06, 0x00, 0x06, 0x00, 0x00, 0x0F, 0xBF, 0xFE, 0x0F, 0x3F, 0xFE, 0x1F,
    0x38, 0x1E, 0x3E, 0x38, 0x1E, 0xFC, 0x3F, 0xFE, 0x7B, 0x3F, 0xFE, 0x77, 0xB8, 0x1E, 0x0F, 0xBF,
    0xFE, 0x0F, 0x3F, 0xFE, 0x1E, 0x00, 0x00, 0x3E, 0x7F, 0xFF, 0xFE, 0xFF, 0xFF, 0xFE, 0xFF, 0xFF,
    0x7E, 0x00, 0x78, 0x6E, 0xFF, 0xFF, 0x0E, 0xFF, 0xFF, 0x0E, 0xFF, 0xFF, 0x0E, 0x38, 0x78, 0x0E,
    0x3C, 0x78, 0x0E, 0x3E, 0x78, 0x0E, 0x1E, 0x78, 0x0E, 0x0F, 0xF8, 0x0E, 0x01, 0xF0, 0x0E, 0x01,
    0xE0, 0x00, 0x40, 0x00, 0x00, 0x78, 0x00, 0x00, 0x7E, 0x0F, 0x00, 0x1F, 0xC7, 0x80, 0x03, 0xF7,
    0xC0, 0x00, 0xF3, 0xC0, 0x07, 0xB3, 0xE0, 0x3B, 0xC3, 0xE0, 0x1D, 0xE1, 0xE0, 0x1E, 0xF1, 0xFC,
    0x0F, 0x79, 0xFF, 0x07, 0xBD, 0xF7, 0x83, 0x9F, 0xF1, 0xE3, 0xCF, 0xF0, 0xF9, 0xE7, 0xF8, 0x3D,
    0xE3, 0xF8, 0x1E, 0x71, 0xF0, 0x07, 0x83, 0xF0, 0x3B, 0x83, 0xF8, 0x1E, 0x07, 0xFC, 0x0F, 0x07,
    0xFE, 0x0F, 0x03, 0xEF, 0xFF, 0x80, 0xC7, 0xFF, 0xC0, 0x01, 0xFF, 0xC0, 0x1E, 0x03, 0xC0, 0x0F,
    0x01, 0xE0, 0x07, 0xBF, 0xFF, 0xC3, 0xFF, 0xFF, 0xE1, 0xF8, 0x3C, 0x03, 0xFF, 0xFF, 0xF1, 0xFF,
    0xFF, 0xF8, 0xFF, 0x07, 0x80, 0x7F, 0xFF, 0xFF, 0x3F, 0xFF, 0xFF, 0xFF, 0xFF, 0xFF, 0xFF, 0xC7,
    0xFF, 0x8F, 0xE7, 0xFF, 0xE0, 0xF3, 0xFF, 0xF0, 0x79, 0xE0, 0x78, 0x3C, 0xFF, 0xFC, 0x1E, 0x7F,
    0xFE, 0x0F, 0x3C, 0x0F, 0x07, 0x9E, 0x07, 0x83, 0xCF, 0xFF, 0xC1, 0xE7, 0xFF, 0xE0, 0xF3, 0xC0,
    0xF0, 0x79, 0xE3, 0xF8, 0x3C, 0xF0, 0xF8, 0x1E, 0x70, 0x78, 0x00, 0x0E, 0x07, 0x00, 0x07, 0xB3,
    0xDE, 0x07, 0xBD, 0xFF, 0x8F, 0xDE, 0xFF, 0x87, 0xFF, 0xFF, 0x03, 0xFF, 0xFC, 0x38, 0x78, 0xFF,
    0xFC, 0x7F, 0xEF, 0xFE, 0x3F, 0xF3, 0xFE, 0x1C, 0x3B, 0x80, 0x0F, 0xFD, 0xEF, 0x07, 0xFE, 0xFF,
    0xC3, 0xFF, 0x7F, 0x81, 0xFF, 0xBE, 0x30, 0xE1, 0xDE, 0x1C, 0x73, 0xEF, 0xFE, 0x39, 0xFF, 0xFE,
    0x1C, 0x1F, 0xFE, 0x03, 0x7F, 0xCE, 0x03, 0xFD, 0xC7, 0x83, 0xDE, 0x4F, 0xE1, 0xEF, 0x07, 0xF9,
    0xE7, 0xFF, 0xBC, 0xF1, 0xFF, 0x8E, 0x00, 0x7F, 0x80, 0x00, 0x00, 0x07, 0x30, 0x00, 0x07, 0xBE,
    0x00, 0x01, 0xDF, 0x80, 0x00, 0xE3, 0x83, 0xFF, 0xFF, 0xF1, 0xFF, 0xFF, 0xF8, 0xFF, 0xFF, 0xFC,
    0x78, 0x0F, 0x00, 0x3C, 0x07, 0x98, 0x1E, 0x03, 0xCF, 0x0F, 0xFD, 0xE7, 0x87, 0xFE, 0xF7, 0x83,
    0xFF, 0x7B, 0xC1, 0xE3, 0x9F, 0xC0, 0xF1, 0xCF, 0xE0, 0x78, 0xE7, 0xE0, 0x3C, 0x73, 0xF0, 0x1E,
    0x79, 0xF3, 0x0F, 0xFC, 0xF9, 0xC7, 0xFE, 0xFC, 0xE7, 0xBE, 0xFF, 0x73, 0xC0, 0xFF, 0xFB, 0xE0,
    0xFF, 0xFC, 0xE0, 0x7C, 0xFE, 0x30, 0x18, 0x3E, 0x00, 0x00, 0x00, 0x00, 0x3F, 0xFF, 0xFF, 0x1F,
    0xFF, 0xFF, 0x8F, 0xFF, 0xFF, 0xC3, 0xFF, 0xFF, 0x81, 0xFF, 0xFF, 0xC0, 0xFF, 0xFF, 0xE0, 0x78,
    0x00, 0x70, 0x3C, 0x00, 0x38, 0x1F, 0xFF, 0xFC, 0x0F, 0xFF, 0xFE, 0x07, 0xFF, 0xFF, 0x03, 0xC1,
    0xE0, 0x01, 0xE0, 0xF0, 0x00, 0xFF, 0xFF, 0xF8, 0x7F, 0xFF, 0xFC, 0x7F, 0xFF, 0xFE, 0x3C, 0x1F,
    0x80, 0x1E, 0x1F, 0xE0, 0x1E, 0x1F, 0xFC, 0x0F, 0x7F, 0x3F, 0xEF, 0xFF, 0x0F, 0xF3, 0xBF, 0x01,
    0xF8, 0x0C, 0x00, 0x38, 0x0E, 0x0F, 0x00, 0x07, 0x07, 0x80, 0x03, 0x83, 0xC0, 0x01, 0xC1, 0xE0,
    0x00, 0xE7, 0xFF, 0xF3, 0xFF, 0xFF, 0xF9, 0xFF, 0xFF, 0xFC, 0xFF, 0x9C, 0x00, 0x0E, 0x0E, 0x00,
    0x07, 0x07, 0x00, 0x03, 0x83, 0xFF, 0x81, 0xF9, 0xFF, 0xC1, 0xFD, 0xFF, 0xC7, 0xFE, 0xF8, 0xE3,
    0xFF, 0x7C, 0xF0, 0xFC, 0x3F, 0x78, 0x7E, 0x3F, 0xF8, 0x07, 0x1F, 0xFC, 0x03, 0x8F, 0xFC, 0x01,
    0xCF, 0x3E, 0x00, 0xEF, 0xBF, 0x80, 0xFF, 0xBF, 0xF9, 0xFF, 0xBF, 0xFE, 0xFF, 0xDE, 0x3E, 0x3C,
    0xC6, 0x06, 0x00, 0x0E, 0x00, 0x00, 0x07, 0x80, 0x00, 0x03, 0xC7, 0xFF, 0xC1, 0xE3, 0xFF, 0xE0,
    0xF1, 0xFF, 0xF0, 0x78, 0xF0, 0x79, 0xFF, 0xF8, 0x3C, 0xFF, 0xFC, 0x1E, 0x7F, 0xFE, 0x0F, 0x07,
    0x8F, 0x07, 0x83, 0xC7, 0xFF, 0xC1, 0xEB, 0xFF, 0xE0, 0xFF, 0xFF, 0xF7, 0xFF, 0xE7, 0x83, 0xFF,
    0xF3, 0xC0, 0xFE, 0x79, 0xE0, 0x6F, 0x3C, 0x78, 0x07, 0x9E, 0x3C, 0x03, 0xCF, 0x1E, 0x01, 0xEF,
    0x07, 0x80, 0xF7, 0x83, 0xE0, 0x7F, 0xC0, 0xF9, 0xFB, 0xC0, 0x7E, 0xFD, 0xE0, 0x1E, 0x3C, 0x60,
    0x02, 0x00, 0x1E, 0x00, 0x00, 0x1E, 0x00, 0x00, 0x1E, 0x7F, 0xFF, 0x1E, 0x7F, 0xFF, 0x1E, 0x7F,
    0xFF, 0x7F, 0xF9, 0xCF, 0x7F, 0xF9, 0xCF, 0x7F, 0xFF, 0xFF, 0x1E, 0x7F, 0xFF, 0x1E, 0x7F, 0xFF,
    0x1E, 0x79, 0xCF, 0x1F, 0xF9, 0xCF, 0x1F, 0xF9, 0xCF, 0xFF, 0xFF, 0xFF, 0x7F, 0xFF, 0xFF, 0x7E,
    0x7F, 0xFF, 0x7E, 0x79, 0xCF, 0x1E, 0x01, 0xC0, 0x1E, 0x01, 0xC0, 0x1E, 0x01, 0xC0, 0x1E, 0x01,
    0xC0, 0x1E, 0x01, 0xC0, 0x7E, 0x01, 0xC0, 0x7E, 0x01, 0xC0, 0x38, 0x01, 0xC0, 0x1E, 0x01, 0xC0,
    0x0F, 0x00, 0xE0, 0x07, 0x8E, 0x70, 0x03, 0xC7, 0x3F, 0xC1, 0xE3, 0x9F, 0xE3, 0xFD, 0xCF, 0xF1,
    0xFE, 0xE7, 0x00, 0xFF, 0x73, 0x80, 0x1E, 0xFF, 0xFF, 0x0F, 0x7F, 0xFF, 0x87, 0xBF, 0xFF, 0xC3,
    0xF2, 0x38, 0x01, 0xFB, 0xDC, 0xE7, 0xFD, 0xCE, 0x73, 0xFF, 0xE7, 0x78, 0xFD, 0xF3, 0xBC, 0x5E,
    0xFF, 0xFC, 0x0F, 0x77, 0xFE, 0x07, 0x81, 0xFE, 0x03, 0xC0, 0x3E, 0x01, 0xE0, 0x7F, 0x00, 0xF1,
    0xFF, 0x01, 0xFB, 0xFE, 0x00, 0xF8, 0xFC, 0x00, 0x78, 0x38, 0x00, 0x00, 0x0E, 0x01, 0xC0, 0x07,
    0x01, 0xE0, 0x03, 0x80, 0xF0, 0x01, 0xCF, 0xFF, 0xE0, 0xE7, 0xFF, 0xF3, 0xFF, 0xFF, 0xF9, 0xFE,
    0x78, 0xE0, 0xFF, 0x1C, 0x70, 0x0E, 0x0E, 0x78, 0x07, 0x7F, 0xFF, 0x83, 0xBF, 0xFF, 0xC1, 0xDF,
    0xFF, 0xE1, 0xF8, 0x78, 0x07, 0xFF, 0xFF, 0xFB, 0xFF, 0xFF, 0xFC, 0xFD, 0xFF, 0xFE, 0x6E, 0x1E,
    0x3C, 0x07, 0x0E, 0x3C, 0x03, 0x8F, 0xDE, 0x01, 0xC7, 0xFE, 0x00, 0xE3, 0xFF, 0x80, 0x70, 0x7F,
    0xF1, 0xFB, 0xFF, 0xFC, 0xFD, 0xFE, 0x3E, 0x3C, 0xF8, 0x06, 0x00, 0x1C, 0x08, 0x18, 0x1E, 0x3C,
    0x3C, 0x1E, 0x3C, 0x3C, 0x1E, 0x1E, 0x38, 0x1E, 0x1E, 0x78, 0x7F, 0xFF, 0xFF, 0x7F, 0xFF, 0xFF,
    0x7F, 0xFF, 0xFF, 0x1E, 0x00, 0x07, 0x1E, 0xFF, 0x7F, 0x1E, 0xFF, 0x7F, 0x1F, 0xFF, 0x7F, 0x3F,
    0xFF, 0x7F, 0xFF, 0xFF, 0x7F, 0xFF, 0xFF, 0x7F, 0x7E, 0xEF, 0x7F, 0x1E, 0xFF, 0x7F, 0x1E, 0xFF,
    0x7F, 0x1E, 0xFF, 0x7F, 0x1E, 0xEF, 0x6F, 0x1E, 0xE7, 0x0F, 0x1E, 0xE7, 0x0F, 0x7C, 0xFF, 0x3F,
    0x7C, 0xFF, 0x3E, 0x78, 0x6C, 0x1C, 0x1C, 0x00, 0x00, 0x0F, 0x0F, 0xFE, 0x07, 0x87, 0xFF, 0x03,
    0xC3, 0x87, 0x81, 0xE1, 0xC3, 0xC3, 0xFC, 0xFF, 0xE1, 0xFE, 0x7F, 0xF0, 0xFF, 0x00, 0x00, 0x1E,
    0x7F, 0xFF, 0x0F, 0x3F, 0xFF, 0x87, 0x9D, 0xF9, 0xC3, 0xEE, 0xFC, 0xE1, 0xFF, 0xFF, 0xF7, 0xFF,
    0xFF, 0xFB, 0xFC, 0x0F, 0x00, 0xFC, 0x07, 0x80, 0x7E, 0xFF, 0xFF, 0x0F, 0x7F, 0xFF, 0x87, 0x9F,
    0xFF, 0xC3, 0xC3, 0xFF, 0x01, 0xE3, 0xFF, 0xC0, 0xF7, 0xFF, 0xF9, 0xF7, 0xEF, 0x7E, 0x79, 0xE7,
    0x9E, 0x38, 0xC3, 0xC2, 0x00, 0x00, 0x03, 0x80, 0x1F, 0xF9, 0xE0, 0x0F, 0xFC, 0xF0, 0x07, 0xFE,
    0xF0, 0x03, 0x8F, 0x78, 0x01, 0xC7, 0xBF, 0xFC, 0xFF, 0xFF, 0xFE, 0x7F, 0xFF, 0xFF, 0x3F, 0xFF,
    0x1E, 0x1C, 0x7F, 0xCE, 0x0F, 0xFF, 0xEF, 0x07, 0xFF, 0xF7, 0x83, 0xFF, 0xFB, 0xC1, 0xC7, 0x9F,
    0xE0, 0xE3, 0xCF, 0xE0, 0x7F, 0xE3, 0xF0, 0x3F, 0xF1, 0xF0, 0x1F, 0xF8, 0xF8, 0x07, 0x30, 0x7E,
    0x03, 0xFC, 0x7F, 0x83, 0xDF, 0xFF, 0xE3, 0xE7, 0xFD, 0xFF, 0xE1, 0xFC, 0x7E, 0xE0, 0xFC, 0x1E,
    0x30, 0x08, 0x02, 0x00, 0x07, 0xA1, 0xC0, 0x1F, 0xDC, 0xF0, 0x0F, 0xFE, 0x70, 0x07, 0xFE, 0x78,
    0x07, 0xFF, 0xBC, 0x03, 0xFF, 0xFF, 0xFD, 0xFF, 0xFF, 0xFE, 0x1F, 0xCF, 0xFF, 0x1F, 0xF7, 0x9E,
    0x3F, 0xFF, 0xEF, 0x3F, 0xEF, 0xF7, 0x8E, 0xF3, 0xFB, 0xC6, 0x79, 0xFF, 0xC0, 0x78, 0x7F, 0xE3,
    0xFF, 0xF7, 0xF1, 0xFF, 0xFB, 0xF0, 0x7F, 0xFC, 0xF8, 0x1E, 0x78, 0x7C, 0x0F, 0xF8, 0x7E, 0x0F,
    0xFC, 0x7F, 0x81, 0xFE, 0x7F, 0xE1, 0xFF, 0xFE, 0xF9, 0xFF, 0xFE, 0x7E, 0xFC, 0xFE, 0x1E, 0x30,
    0x0C, 0x02, 0x00, 0x00, 0x1C, 0x00, 0x00, 0x0E, 0x00, 0x00, 0x07, 0x00, 0x00, 0x03, 0x80, 0x07,
    0xFF, 0xFF, 0xF3, 0xFF, 0xFF, 0xF9, 0xFF, 0xFF, 0xFC, 0x0F, 0x01, 0xF0, 0x07, 0x80, 0xF0, 0x03,
    0xE0, 0xF8, 0x00, 0xF0, 0x78, 0x00, 0x7C, 0x7C, 0x00, 0x1E, 0x3C, 0x00, 0x0F, 0xBE, 0x00, 0x03,
    0xFE, 0x00, 0x00, 0xFE, 0x00, 0x00, 0x7F, 0x00, 0x00, 0x3F, 0x80, 0x00, 0x7F, 0xF0, 0x00, 0xFF,
    0xFE, 0x01, 0xFE, 0x7F, 0xE3, 0xFE, 0x1F, 0xFD, 0xFC, 0x03, 0xFC, 0xF8, 0x00, 0x7C, 0x30, 0x00,
    0x06, 0x00, 0x07, 0x80, 0x04, 0x03, 0xC0, 0x0F, 0x01, 0xE1, 0xBF, 0xCF, 0xFF, 0xFF, 0xE7, 0xFF,
    0xFF, 0x83, 0xFF, 0xFC, 0x00, 0xF3, 0xDE, 0x00, 0x39, 0xCF, 0x00, 0x7F, 0xFF, 0x80, 0x3F, 0xFF,
    0xFF, 0xDF, 0xFF, 0xFF, 0xE0, 0xF0, 0xFF, 0xF0, 0x78, 0x79, 0xC3, 0xFF, 0xFC, 0xE1, 0xFF, 0xFE,
    0x70, 0xFF, 0xFF, 0x38, 0x0F, 0x87, 0x1C, 0x0F, 0xF3, 0x8E, 0x07, 0xFF, 0xC7, 0x07, 0xFF, 0xE3,
    0x8F, 0xFF, 0xE1, 0xC7, 0xBC, 0xF0, 0xE1, 0x9E, 0xF0, 0x70, 0x0F, 0x38, 0x38, 0x07, 0x88, 0x1C,
    0x00, 0x3F, 0xFF, 0xFF, 0x1F, 0xFF, 0xFF, 0x8F, 0xFF, 0xFF, 0xC7, 0x9E, 0xF3, 0x83, 0xCF, 0x7B,
    0xC1, 0xFF, 0xBD, 0xE0, 0xFF, 0xDE, 0xF0, 0x7F, 0xEF, 0x78, 0x3C, 0xF7, 0xB8, 0x1F, 0xFF, 0xFF,
    0xCF, 0xFF, 0xFF, 0xE7, 0xFF, 0xFF, 0xF3, 0xC0, 0x0F, 0x81, 0xEE, 0x07, 0xC0, 0xFF, 0x83, 0xE0,
    0x7B, 0xC3, 0xF0, 0x3F, 0xF3, 0xF8, 0x1F, 0xF9, 0xFD, 0x3F, 0xFF, 0xFE, 0xEF, 0xFF, 0xFF, 0x77,
    0xC7, 0xF7, 0xFB, 0x03, 0xF3, 0xFC, 0x01, 0xF1, 0xFC, 0x00, 0x60, 0x7C, 0x00, 0x00, 0x1F, 0xFF,
    0xFF, 0xFF, 0xFF, 0xFF, 0xFF, 0xFF, 0x00, 0x1F, 0xE0, 0x03, 0xFC, 0x00, 0x7F, 0x80, 0x0F, 0xF0,
    0x01, 0xFE, 0x00, 0x3F, 0xFF, 0xFF, 0xFF, 0xFF, 0xFF, 0xFF, 0xFF, 0xE0, 0x03, 0xFC, 0x00, 0x7F,
    0x80, 0x0F, 0xF0, 0x01, 0xFE, 0x00, 0x3F, 0xC0, 0x07, 0xFF, 0xFF, 0xFF, 0xFF, 0xFF, 0xFF, 0xFF,
    0xFC, 0x00, 0x7B, 0x80, 0x0F, 0x00, 0x03, 0xC0, 0x00, 0x03, 0xC0, 0xFF, 0x83, 0xC0, 0xFF, 0xFF,
    0xFE, 0xFF, 0xFF, 0xFE, 0xF7, 0xFF, 0xFE, 0xF7, 0x83, 0xC0, 0xF7, 0x83, 0xC0, 0xF7, 0xFF, 0xFF,
    0xFF, 0xFF, 0xFF, 0xFF, 0xFF, 0xFF, 0xFF, 0x80, 0x78, 0xF7, 0x80, 0x78, 0xF7, 0xFF, 0xFE, 0xF7,
    0xFF, 0xFE, 0xF7, 0xFF, 0xFE, 0xF7, 0x98, 0x78, 0xFF, 0xBC, 0x78, 0xFF, 0xBE, 0x78, 0xFF, 0x9E,
    0x78, 0xF0, 0x0F, 0x78, 0xF0, 0x0C, 0x78, 0x60, 0x03, 0xF8, 0x00, 0x03, 0xF8, 0x00, 0x01, 0xF0,
    0x00, 0x03, 0xC0, 0x00, 0x03, 0xC0, 0xFF, 0xFF, 0xFE, 0xFF, 0xFF, 0xFE, 0xFF, 0xFF, 0xFE, 0xF7,
    0x1C, 0x38, 0xF7, 0x1C, 0x78, 0xF7, 0x1E, 0x78, 0xF7, 0xFF, 0xFF, 0xFF, 0xFF, 0xFF, 0xFF, 0xFF,
    0xFF, 0xFF, 0x00, 0x00, 0xF7, 0x3F, 0xFC, 0xF7, 0x3F, 0xFC, 0xF7, 0x3F, 0xFC, 0xF7, 0x38, 0x1C,
    0xF7, 0x38, 0x1C, 0xFF, 0x3F, 0xFC, 0xFF, 0x3F, 0xFC, 0xFF, 0x3F, 0xFC, 0xF0, 0x38, 0x1C, 0xF0,
    0x3F, 0xFC, 0x00, 0x3F, 0xFC, 0x00, 0x3F, 0xFC, 0x00, 0x38, 0x1C, 0x7F, 0xFF, 0xFF, 0x3F, 0xFF,
    0xFF, 0x9F, 0xFF, 0xFF, 0xC0, 0x03, 0xC0, 0x00, 0x01, 0xE0, 0x00, 0xFF, 0xFF, 0xE0, 0x7F, 0xFF,
    0xF0, 0x3F, 0xFF, 0xF8, 0x1E, 0x1E, 0x1C, 0x0F, 0xFF, 0xFE, 0x07, 0xFF, 0xFF, 0x03, 0xFF, 0xFF,
    0x81, 0xE1, 0xE1, 0xC0, 0xFF, 0xFF, 0xE0, 0x7F, 0xFF, 0xF0, 0x3F, 0xFF, 0xF8, 0x0F, 0x3C, 0x00,
    0x07, 0xFC, 0x00, 0x01, 0xFE, 0x00, 0x01, 0xFF, 0xF0, 0x07, 0xFF, 0xFF, 0xFB, 0xFD, 0xFF, 0xF8,
    0xF8, 0x0F, 0xFC, 0x20, 0x00, 0x00, 0x00, 0x38, 0x00, 0x00, 0xF0, 0x00, 0xFF, 0xFF, 0xC1, 0xFF,
    0xFF, 0x80, 0x07, 0x8F, 0x1F, 0xFF, 0xFF, 0xFF, 0xFF, 0xFF, 0x8F, 0xFF, 0xF8, 0x3F, 0xFF, 0xF0,
    0x7F, 0xFF, 0xE0, 0xFF, 0xFF, 0xE1, 0xFF, 0xFF, 0xC0, 0x07, 0x80, 0x1F, 0xFF, 0xFF, 0xFF, 0xFF,
    0xFF, 0x80, 0x00, 0x00, 0x1F, 0xFF, 0xF0, 0x3F, 0xFF, 0xE0, 0x78, 0x01, 0xC0, 0xFF, 0xFF, 0x81,
    0xFF, 0xFF, 0x03, 0xC0, 0x0E, 0x07, 0xFF, 0xFC, 0x0F, 0xFF, 0xF8, 0x1E, 0x00, 0x70, 0x07, 0x80,
    0xF0, 0x03, 0xC0, 0x78, 0x0F, 0xFD, 0xFF, 0x87, 0xFE, 0xFF, 0xC3, 0xFF, 0x7F, 0xE0, 0x3C, 0x07,
    0x81, 0xFF, 0xFF, 0xFC, 0xFF, 0xFF, 0xFE, 0x7F, 0xFF, 0xFF, 0x0F, 0xE1, 0xFE, 0x07, 0xF9, 0xFF,
    0x8F, 0xFF, 0xF3, 0xE7, 0xCE, 0xF0, 0xF9, 0xFF, 0xFF, 0xF8, 0xBF, 0xFF, 0xE8, 0x1F, 0xFF, 0xF0,
    0x0E, 0x00, 0x78, 0x07, 0xFF, 0xFC, 0x03, 0xFF, 0xFE, 0x01, 0xFF, 0xFF, 0x00, 0xE0, 0x07, 0x80,
    0x7F, 0xFF, 0xC0, 0x3F, 0xFF, 0xE0, 0x1F, 0xFF, 0xF0, 0x0E, 0x00, 0x38, 0x00, 0x1F, 0xFF, 0xF0,
    0x1F, 0xFF, 0xF0, 0x1C, 0x00, 0xF0, 0x1F, 0xFF, 0xF0, 0x1F, 0xFF, 0xF0, 0x1C, 0x00, 0xF0, 0x1F,
    0xFF, 0xF0, 0x1F, 0xFF, 0xF0, 0x00, 0x00, 0x00, 0xFF, 0xFF, 0xFE, 0xFF, 0xFF, 0xFE, 0xFF, 0xFF,
    0xFE, 0x38, 0xFF, 0xF8, 0x3F, 0xFF, 0xFC, 0x3F, 0xFF, 0xFC, 0x38, 0xFF, 0x38, 0x3F, 0xF7, 0x78,
    0x3F, 0xF7, 0xF0, 0x38, 0xF3, 0xF0, 0xFF, 0xF3, 0xF0, 0xFF, 0xFF, 0xFE, 0xFF, 0xFF, 0xFE, 0x00,
    0xFE, 0x3C, 0x00, 0xE8, 0x04, 0x1C, 0x70, 0x00, 0x1C, 0xF3, 0xFF, 0x1C, 0xF3, 0xFF, 0x7F, 0xFF,
    0xFF, 0x7F, 0xFF, 0x8F, 0x7F, 0xFF, 0x8F, 0x1C, 0xF3, 0x8F, 0x1F, 0xF3, 0xFF, 0x1F, 0xF3, 0xFF,
    0x1F, 0xF3, 0xFF, 0x1C, 0xF3, 0x8F, 0x1F, 0xF3, 0x8F, 0x1F, 0xF3, 0x8F, 0x1F, 0xF3, 0xFF, 0x1C,
    0xF3, 0xFF, 0x1C, 0xF3, 0xFF, 0xFF, 0xFF, 0x8F, 0xFF, 0xFF, 0x8F, 0xFF, 0xFF, 0x8F, 0x1E, 0xE7,
    0x8F, 0x3F, 0xF7, 0x0F, 0x3C, 0xFF, 0x0F, 0x78, 0x7F, 0x7F, 0x78, 0x3F, 0x3E, 0x30, 0x06, 0x3C,
    0x00, 0x1C, 0x00, 0x00, 0x1E, 0x00, 0x00, 0x0F, 0x00, 0x00, 0x07, 0x80, 0x01, 0xFF, 0xFF, 0xC0,
    0xFF, 0xFF, 0xE0, 0x7F, 0xFF, 0xF0, 0x00, 0x78, 0x00, 0x00, 0x3C, 0x00, 0x00, 0x1E, 0x00, 0x00,
    0x0F, 0x00, 0x0F, 0xFF, 0xFF, 0xE7, 0xFF, 0xFF, 0xF3, 0xFF, 0xFF, 0xF8, 0x01, 0xFC, 0x00, 0x01,
    0xFF, 0x00, 0x01, 0xFF, 0xC0, 0x03, 0xFF, 0xF0, 0x03, 0xFF, 0x7E, 0x03, 0xF7, 0x9F, 0x87, 0xF3,
    0xC7, 0xF7, 0xF1, 0xE1, 0xF9, 0xE0, 0xF0, 0x38, 0x60, 0x78, 0x0C, 0x00, 0x1C, 0x00, 0x00, 0x00,
    0x1C, 0x00, 0x00, 0x1E, 0x00, 0x00, 0x0F, 0x00, 0x00, 0x07, 0x80, 0x07, 0xFF, 0xFF, 0xF3, 0xFF,
    0xFF, 0xF9, 0xFF, 0xFF, 0xFC, 0x00, 0x78, 0x00, 0x00, 0x3C, 0x00, 0x00, 0x1E, 0x00, 0x00, 0x0F,
    0x00, 0x07, 0xFF, 0xFF, 0xC3, 0xFF, 0xFF, 0xE1, 0xFF, 0xFF, 0xF0, 0x03, 0xFE, 0x00, 0x01, 0xFF,
    0x80, 0x03, 0xFF, 0xE0, 0x03, 0xFE, 0xF8, 0x03, 0xEF, 0x3E, 0x07, 0xF7, 0x8F, 0xC7, 0xF3, 0xC3,
    0xF3, 0xE1, 0xE0, 0xF8, 0xE0, 0xF0, 0x38, 0x60, 0x78, 0x04, 0x00, 0x1C, 0x00, 0x00, 0x00, 0x1C,
    0x00, 0x00, 0x0E, 0x00, 0x00, 0x07, 0x00, 0x00, 0x03, 0x80, 0x00, 0x01, 0xC0, 0x03, 0xFF, 0xFF,
    0xF9, 0xFF, 0xFF, 0xFC, 0xFF, 0xFF, 0xFE, 0x00, 0xFF, 0x80, 0x00, 0x7F, 0xC0, 0x00, 0x7F, 0xF0,
    0x00, 0x3F, 0xF8, 0x00, 0x3F, 0xFE, 0x00, 0x3E, 0xEF, 0x80, 0x3E, 0x73, 0xE0, 0x3F, 0x39, 0xF8,
    0x3F, 0x1C, 0x7E, 0x3F, 0xFF, 0xFF, 0xFF, 0xFF, 0xFF, 0xEF, 0x7F, 0xFD, 0xE3, 0x03, 0xC0, 0x60,
    0x00, 0xE0, 0x00, 0x00, 0x70, 0x00, 0x00, 0x38, 0x00, 0x00, 0x1C, 0x00, 0x00, 0x0F, 0x00, 0x08,
    0x07, 0x80, 0x1E, 0x03, 0xC3, 0xFF, 0x81, 0xE1, 0xFF, 0xC0, 0xF0, 0xFF, 0x03, 0xFF, 0x7C, 0x01,
    0xFF, 0xB8, 0x00, 0xFF, 0xDC, 0x00, 0x0F, 0x0E, 0x00, 0x0F, 0x87, 0xFF, 0xC7, 0xC3, 0xFF, 0xE3,
    0xF3, 0xFF, 0xF1, 0xFD, 0xE3, 0x81, 0xFE, 0xF1, 0xC0, 0xFF, 0xF8, 0xE0, 0xFF, 0xFC, 0x70, 0x7F,
    0xDE, 0x38, 0x7F, 0x8E, 0x1C, 0x1B, 0xCF, 0x0E, 0x0D, 0xE7, 0x87, 0x00, 0xF3, 0xC3, 0x80, 0x7B,
    0xC1, 0xC0, 0x3D, 0xE0, 0xE0, 0x1E, 0xE0, 0x70, 0x0F, 0x30, 0x38, 0x00, 0x0E, 0x01, 0xC0, 0x07,
    0x01, 0xF0, 0x03, 0x81, 0xFC, 0x01, 0xC1, 0xFF, 0x00, 0xE1, 0xF7, 0xC0, 0x71, 0xF1, 0xF9, 0xFF,
    0xFF, 0xFE, 0xFF, 0xFF, 0xFE, 0x7F, 0xEF, 0xFF, 0x0F, 0x00, 0xE0, 0x07, 0xCF, 0xFF, 0x83, 0xE7,
    0xFF, 0xE1, 0xFB, 0xFF, 0xF1, 0xFF, 0xCE, 0x78, 0xFF, 0xE7, 0x3C, 0xFF, 0xFF, 0xFE, 0x7E, 0xBF,
    0xFF, 0x7F, 0x1F, 0xFF, 0x9B, 0x80, 0xFC, 0x0D, 0xC0, 0xFE, 0x00, 0xE0, 0xFF, 0x80, 0x71, 0xFB,
    0xF0, 0x3B, 0xF8, 0xFE, 0x1C, 0xF8, 0x1E, 0x0E, 0x70, 0x06, 0x00, 0x0E, 0x0F, 0x38, 0x07, 0x07,
    0x9C, 0x03, 0x8F, 0xFF, 0xC1, 0xC7, 0xFF, 0xE0, 0xE0, 0xF3, 0x80, 0x71, 0xFF, 0xF9, 0xFF, 0xFF,
    0xFC, 0xFF, 0x9E, 0x70, 0x7F, 0xFF, 0xFF, 0x0F, 0x3F, 0xFF, 0xC7, 0xDF, 0xFF, 0xE3, 0xE0, 0x38,
    0x03, 0xFB, 0xFF, 0xE1, 0xFF, 0xFF, 0xF0, 0xFF, 0xF7, 0x38, 0xFF, 0xFF, 0xFC, 0x7E, 0xBF, 0xFE,
    0x77, 0x1E, 0xE7, 0x1B, 0x9F, 0xFF, 0xE9, 0xCF, 0xFF, 0xF0, 0xE7, 0xFF, 0xF0, 0x71, 0xE0, 0x70,
    0x38, 0xF1, 0xF8, 0x1C, 0x78, 0x7C, 0x0E, 0x38, 0x38, 0x00, 0x0E, 0x00, 0x00, 0x07, 0x3F, 0xFF,
    0x83, 0x9F, 0xFF, 0xE1, 0xCF, 0xFF, 0xF0, 0xE0, 0x77, 0x00, 0x71, 0xFF, 0xF9, 0xFF, 0xFF, 0xFC,
    0xFF, 0xFF, 0xFE, 0x7F, 0xFB, 0x77, 0x0F, 0x1F, 0xFF, 0x87, 0xCF, 0xFF, 0xC3, 0xE7, 0xFF, 0xE3,
    0xF9, 0xFF, 0xE1, 0xFC, 0xFF, 0xF0, 0xFF, 0x7F, 0xF8, 0xFF, 0x80, 0x00, 0x7E, 0xFF, 0xFF, 0xFF,
    0x3F, 0xFF, 0xDB, 0x9F, 0xFF, 0xCD, 0xC3, 0xBF, 0x80, 0xE3, 0xDF, 0xE0, 0x73, 0xCF, 0x78, 0x3B,
    0xFF, 0x1E, 0x1C, 0xEF, 0x8E, 0x0E, 0x03, 0x80, 0x00, 0x0E, 0x0F, 0x38, 0x07, 0x07, 0x9C, 0x03,
    0x8F, 0xFF, 0xC1, 0xC7, 0xFF, 0xE0, 0xE3, 0xFF, 0xF0, 0x70, 0x79, 0xC1, 0xFF, 0xFF, 0xFE, 0xFF,
    0xFF, 0xFF, 0x7F, 0xFF, 0xFF, 0x8F, 0x00, 0xE0, 0x07, 0xC0, 0x70, 0x03, 0xE7, 0xFF, 0xE3, 0xFB,
    0xFF, 0xF1, 0xFF, 0xCE, 0x78, 0xFF, 0xFF, 0xFC, 0xFF, 0x7F, 0xFE, 0x7E, 0xB9, 0xCF, 0x7F, 0x1C,
    0xE7, 0x9B, 0x8F, 0xFF, 0xCD, 0xC7, 0xFF, 0xE0, 0xE0, 0xE1, 0x80, 0x70, 0xF9, 0xF0, 0x39, 0xF8,
    0xFC, 0x1C, 0xF8, 0x1F, 0x0E, 0x30, 0x06, 0x00, 0x00, 0x38, 0x00, 0x00, 0x1E, 0x00, 0x06, 0x0F,
    0x00, 0x07, 0x87, 0x80, 0x07, 0xE7, 0x80, 0x01, 0xFB, 0xFF, 0xF8, 0x7F, 0xFF, 0xFC, 0x0D, 0xFF,
    0xFE, 0x00, 0xF7, 0x8F, 0x00, 0xF3, 0xCF, 0x00, 0xF9, 0xE7, 0x80, 0x78, 0xF3, 0x80, 0x2C, 0x79,
    0xC0, 0x38, 0x3E, 0x00, 0x3C, 0x3F, 0x00, 0x3E, 0x1F, 0x80, 0x3E, 0x1F, 0xE0, 0x3E, 0x0F, 0xF8,
    0x1E, 0x0F, 0x3C, 0x0F, 0x0F, 0x9F, 0x03, 0x0F, 0x87, 0xE0, 0x1F, 0x81, 0xF8, 0x1F, 0x80, 0x7C,
    0x07, 0x80, 0x1E, 0x03, 0x00, 0x02, 0x00, 0x00, 0x1C, 0x00, 0x00, 0x38, 0x00, 0x00, 0x70, 0x00,
    0x00, 0xE0, 0x00, 0x01, 0xC0, 0x00, 0x03, 0x80, 0x07, 0x87, 0x00, 0x0F, 0x0E, 0x00, 0x1E, 0x1C,
    0x00, 0x3C, 0x3F, 0xF8, 0x78, 0x7F, 0xF0, 0xF0, 0xFF, 0xE1, 0xE1, 0xC0, 0x03, 0xC3, 0x80, 0x07,
    0x87, 0x00, 0x0F, 0x0E, 0x00, 0x1E, 0x1C, 0x00, 0x3C, 0x38, 0x00, 0x78, 0x70, 0x00, 0xF0, 0xE0,
    0x0F, 0xFF, 0xFF, 0xFF, 0xFF, 0xFF, 0xFF, 0xFF, 0xFF, 0x80, 0x7F, 0xFF, 0xFE, 0xFF, 0xFF, 0xFD,
    0xFF, 0xFF, 0xF8, 0x01, 0xE0, 0x00, 0x03, 0xC0, 0x00, 0x07, 0x80, 0x00, 0x0F, 0x00, 0x0F, 0x1E,
    0x00, 0x1E, 0x3C, 0x00, 0x3C, 0x7F, 0xF0, 0x78, 0xFF, 0xE0, 0xF1, 0xFF, 0xC1, 0xE3, 0xC0, 0x03,
    0xC7, 0x80, 0x07, 0x8F, 0x00, 0x0F, 0x1E, 0x00, 0x1E, 0x3C, 0x00, 0x3C, 0x78, 0x00, 0x78, 0xF0,
    0x07, 0xFF, 0xFF, 0xFF, 0xFF, 0xFF, 0xFF, 0xFF, 0xFF, 0xC0, 0x00, 0x00, 0x00, 0x00, 0x01, 0xFC,
    0x1F, 0xF8, 0xFF, 0x8F, 0xFC, 0x7B, 0xC7, 0xFE, 0x3F, 0xE0, 0xF0, 0xFF, 0xF0, 0x78, 0xFF, 0xF8,
    0x3C, 0x7F, 0xF8, 0x1F, 0xE3, 0xFE, 0x1F, 0xFF, 0xFF, 0x0F, 0xFF, 0xFF, 0x87, 0xBF, 0xF8, 0x67,
    0x9C, 0x7F, 0xF3, 0xEF, 0xFF, 0xFB, 0xFF, 0xFF, 0xFD, 0xFF, 0xBF, 0xFE, 0x6F, 0x81, 0xFF, 0x03,
    0xC0, 0xFF, 0x01, 0xE0, 0x3F, 0x00, 0xE0, 0x1F, 0x00, 0xF0, 0x3F, 0x30, 0xF8, 0x3F, 0x9C, 0x78,
    0xFF, 0xEE, 0xF8, 0xFE, 0xFE, 0x3C, 0x3E, 0x3F, 0x0C, 0x18, 0x0F, 0x00, 0x00, 0xC0, 0x00, 0x01,
    0xF3, 0xFC, 0x0F, 0xFF, 0xFE, 0x07, 0xF9, 0xFF, 0x03, 0xE0, 0xF3, 0x81, 0xE0, 0x79, 0xC0, 0xF0,
    0x3C, 0xEC, 0x7F, 0xDE, 0x77, 0x3F, 0xEF, 0x3F, 0x9F, 0xFF, 0x1F, 0xCF, 0x0F, 0x87, 0xC7, 0x83,
    0x80, 0x03, 0xFF, 0xFF, 0xE1, 0xFF, 0xFF, 0xF0, 0xFF, 0xFF, 0xF8, 0x78, 0x1E, 0x3C, 0x3C, 0x27,
    0xBC, 0x1F, 0xFB, 0xFE, 0x3F, 0xFC, 0xFE, 0x1F, 0xFE, 0x7E, 0x07, 0xE0, 0x7F, 0xC1, 0xE1, 0xFF,
    0xF8, 0xF1, 0xFF, 0xFE, 0x78, 0x7C, 0x3E, 0x3C, 0x18, 0x06, 0x00, 0x03, 0x80, 0x00, 0x01, 0xE0,
    0x00, 0x01, 0xE0, 0x00, 0x00, 0xFF, 0xFF, 0xC0, 0xFF, 0xFF, 0xE0, 0xFF, 0xFF, 0xF0, 0xF8, 0x00,
    0x00, 0xFF, 0xFF, 0xF0, 0x7F, 0xFF, 0xF8, 0x1F, 0xFF, 0xFC, 0x01, 0xE7, 0x8E, 0x00, 0xF3, 0xC7,
    0x00, 0x71, 0xE7, 0x87, 0xFF, 0xFF, 0xFF, 0xFF, 0xFF, 0xFE, 0xFF, 0xFF, 0xFE, 0x0F, 0x1C, 0x78,
    0x07, 0x8E, 0x3C, 0x03, 0xFF, 0xFF, 0xC1, 0xFF, 0xFF, 0xE1, 0xFF, 0xFF, 0xF0, 0xF0, 0x07, 0x80,
    0x78, 0x1F, 0xC0, 0x00, 0x0F, 0xE0, 0x00, 0x07, 0xE0, 0x00, 0x00, 0x00, 0x00, 0x18, 0x07, 0x80,
    0x0F, 0x03, 0xC0, 0x0F, 0xC1, 0xE0, 0x03, 0xE0, 0xF0, 0x00, 0x77, 0xFF, 0xE0, 0x13, 0xFF, 0xF0,
    0x01, 0xFF, 0xF8, 0x60, 0x0F, 0x3C, 0x7C, 0x07, 0x9E, 0x3F, 0x03, 0xCF, 0x1F, 0x81, 0xE7, 0x83,
    0x80, 0xF3, 0xC0, 0x4F, 0xFF, 0xF8, 0x07, 0xFF, 0xFC, 0x1B, 0xFF, 0xFE, 0x0E, 0x1F, 0xC0, 0x0F,
    0x0F, 0xE0, 0x07, 0x8F, 0xF8, 0x07, 0x87, 0xBE, 0x03, 0xC7, 0xCF, 0x03, 0xC7, 0xC7, 0xE1, 0xE7,
    0xC1, 0xF9, 0xEF, 0xC0, 0x7E, 0x73, 0xC0, 0x1E, 0x00, 0xC0, 0x06, 0x00, 0x18, 0x06, 0x00, 0x0F,
    0x07, 0x80, 0x0F, 0xE7, 0xF0, 0x03, 0xF1, 0xFC, 0x00, 0x70, 0x3F, 0x00, 0x18, 0x0F, 0x00, 0x01,
    0xFF, 0xFC, 0x40, 0xFF, 0xFE, 0x7C, 0x7F, 0xFF, 0x3F, 0x01, 0xE0, 0x1F, 0x80, 0xF0, 0x03, 0x80,
    0x78, 0x00, 0x40, 0x3C, 0x00, 0x03, 0xFF, 0xF0, 0x0D, 0xFF, 0xF8, 0x0F, 0xFF, 0xFC, 0x07, 0x83,
    0xC0, 0x07, 0x81, 0xE0, 0x03, 0xC0, 0xF0, 0x03, 0xC0, 0x78, 0x01, 0xE0, 0x3C, 0x01, 0xE7, 0xFF,
    0xFC, 0xF3, 0xFF, 0xFE, 0x31, 0xFF, 0xFF, 0x08, 0x00, 0x00, 0x00, 0x10, 0x03, 0xC0, 0x3C, 0x33,
    0xCE, 0x3E, 0xF3, 0xCF, 0x3F, 0x7B, 0xCF, 0x0F, 0x7B, 0xDE, 0x06, 0x3F, 0xDE, 0x00, 0x3F, 0xDC,
    0x00, 0x13, 0xC0, 0x70, 0x7F, 0xFE, 0x7C, 0x7F, 0xFE, 0x7E, 0x7F, 0xFE, 0x1E, 0x78, 0x0E, 0x0C,
    0x7F, 0xFE, 0x00, 0x7F, 0xFE, 0x06, 0x7F, 0xFE, 0x07, 0x78, 0x0E, 0x0F, 0x78, 0x0E, 0x0F, 0x7F,
    0xFE, 0x1E, 0x7F, 0xFE, 0x1E, 0x7F, 0xFE, 0x3C, 0x78, 0x0E, 0x3C, 0x78, 0x1E, 0x78, 0x78, 0xFE,
    0x38, 0x78, 0x7E, 0x18, 0x78, 0x7C, 0x10, 0x00, 0x18, 0x1E, 0x1F, 0xFE, 0x0F, 0xFF, 0xFF, 0x83,
    0xFF, 0xFF, 0x80, 0xEF, 0xF8, 0x00, 0x00, 0x38, 0x00, 0x07, 0xFF, 0xFC, 0x63, 0xFF, 0xFE, 0x7D,
    0xFF, 0xFF, 0x3F, 0x1F, 0x7C, 0x0F, 0x1F, 0x1F, 0x03, 0x9F, 0x07, 0xC0, 0x3F, 0xF1, 0xF8, 0x1F,
    0xF8, 0x78, 0x37, 0x3C, 0x3C, 0x1D, 0xFF, 0xB8, 0x1E, 0x7F, 0xFE, 0x0F, 0x7F, 0xFF, 0x07, 0xBF,
    0xFB, 0xC7, 0xBD, 0xFE, 0xE3, 0xDE, 0xF7, 0x7B, 0xCE, 0x7B, 0x39, 0xE0, 0xFC, 0x08, 0x70, 0x7E,
    0x00, 0x10, 0x1E, 0x00, 0x00, 0x18, 0x03, 0xC0, 0x1F, 0x01, 0xE0, 0x0F, 0xFF, 0xFF, 0xC3, 0xFF,
    0xFF, 0xE0, 0x7F, 0xFF, 0xF0, 0x01, 0xF3, 0xE0, 0x00, 0x7F, 0xE0, 0x60, 0x1F, 0xE0, 0x7C, 0x0F,
    0xF8, 0x3F, 0x7F, 0xFF, 0xDF, 0xFF, 0xFF, 0xC3, 0xBF, 0x87, 0xE0, 0xCF, 0x81, 0xE0, 0x01, 0xFF,
    0xE0, 0x18, 0xFF, 0xF0, 0x0E, 0x7F, 0xF8, 0x0F, 0x38, 0x1C, 0x07, 0xBF, 0xFE, 0x07, 0x9F, 0xFF,
    0x03, 0xCF, 0xFF, 0x83, 0xC7, 0x01, 0xC3, 0xE7, 0x80, 0xE1, 0xE7, 0xC0, 0x70, 0x73, 0xC0, 0x38,
    0x00, 0xC0, 0x1C, 0x00, 0x10, 0x00, 0x00, 0x1E, 0x00, 0x00, 0x0F, 0xFF, 0xFF, 0xC7, 0xFF, 0xFF,
    0xE0, 0xEF, 0xFF, 0xF0, 0x37, 0x87, 0x00, 0x03, 0xFF, 0xF8, 0x41, 0xFF, 0xFE, 0x78, 0xFF, 0xFF,
    0x3E, 0x7F, 0x07, 0x9F, 0xBB, 0xFF, 0xC3, 0x9D, 0xFF, 0xE0, 0x8E, 0xE0, 0xF0, 0x07, 0x7F, 0xF8,
    0x23, 0xBF, 0xFC, 0x1F, 0xDF, 0xFE, 0x1F, 0xE0, 0xE0, 0x0F, 0xF7, 0x77, 0x0F, 0x7F, 0xBB, 0xC7,
    0xBB, 0xDD, 0xE3, 0xFF, 0xCE, 0x73, 0xDF, 0xE7, 0x3D, 0xFE, 0xFF, 0x9C, 0x6F, 0x07, 0xC0, 0x01,
    0x03, 0xC0, 0x00, 0x18, 0x38, 0xE0, 0x1E, 0x3D, 0xF0, 0x3F, 0x79, 0xE0, 0x0F, 0xFF, 0xFE, 0x22,
    0xFF, 0xFE, 0x79, 0xFF, 0xFE, 0x7F, 0xF1, 0xC0, 0x7F, 0xFF, 0xFC, 0x19, 0xFF, 0xFC, 0x06, 0x71,
    0xC0, 0x07, 0x7F, 0xFC, 0x0F, 0x7F, 0xFC, 0x1E, 0x73, 0xC0, 0x3C, 0x7F, 0xFF, 0x7C, 0x7F, 0xFF,
    0x38, 0x7F, 0xFF, 0x10, 0x3C, 0x00, 0x7F, 0xFF, 0xFF, 0x7F, 0xFF, 0xFF, 0x7F, 0xFF, 0xFF, 0x00,
    0x3C, 0x00, 0x00, 0x3C, 0x00, 0x00, 0x3C, 0x00, 0x00, 0x3C, 0x00, 0x00, 0x1C, 0x00, 0x07, 0x00,
    0x00, 0x03, 0xC0, 0x00, 0x03, 0xC0, 0x00, 0x03, 0xFF, 0xFF, 0xC3, 0xFF, 0xFF, 0xE3, 0xFF, 0xFF,
    0xF1, 0xFD, 0xDD, 0xE0, 0xFE, 0xEE, 0xF0, 0x1F, 0x77, 0x78, 0x3F, 0xFF, 0xFF, 0x9F, 0xFF, 0xFF,
    0xCF, 0xFF, 0xFF, 0xE0, 0xF7, 0x77, 0x80, 0x7B, 0xBB, 0xC0, 0x3D, 0xDD, 0xE0, 0xFF, 0xFF, 0xFE,
    0x7F, 0xFF, 0xFF, 0x3F, 0xFF, 0xFF, 0x86, 0x00, 0x03, 0x03, 0xDC, 0xF7, 0x81, 0xEF, 0x7B, 0xE1,
    0xE7, 0xBC, 0xF1, 0xF3, 0xCF, 0x3C, 0xF1, 0xE7, 0x9E, 0x30, 0x63, 0x06, 0x00, 0x3F, 0xFF, 0xFF,
    0x1F, 0xFF, 0xFF, 0x8F, 0xFF, 0xFF, 0xC7, 0x38, 0x71, 0xE3, 0x9C, 0x78, 0xF1, 0xCE, 0x7F, 0xF8,
    0xFF, 0xFD, 0xF8, 0x7F, 0xFC, 0xFC, 0x3F, 0xDC, 0x00, 0x1C, 0xEF, 0xFF, 0x0E, 0x77, 0xFF, 0x87,
    0x3B, 0xFF, 0xC3, 0x9D, 0xE1, 0xE1, 0xFE, 0xF0, 0xF0, 0xFF, 0x7F, 0xF8, 0x7F, 0xBF, 0xFC, 0x38,
    0x1F, 0xFE, 0x0E, 0x10, 0x8E, 0x07, 0xB9, 0xEF, 0x87, 0x9C, 0xF3, 0xC3, 0xCF, 0x39, 0xF3, 0xE7,
    0x9E, 0x79, 0xE3, 0xCF, 0x3C, 0x61, 0xC6, 0x0C, 0x07, 0x01, 0xE0, 0x03, 0x80, 0xF0, 0x1F, 0xC0,
    0x78, 0x0F, 0xE3, 0xFF, 0xC7, 0x71, 0xFF, 0xE3, 0xFE, 0xFF, 0xF1, 0xFF, 0x07, 0x80, 0xFF, 0xFF,
    0xC0, 0xF7, 0x7F, 0xFF, 0xFB, 0xBF, 0xFF, 0xD9, 0xDF, 0xFF, 0xE4, 0xE0, 0x07, 0x80, 0x7E, 0x03,
    0xC1, 0xFF, 0xFF, 0xFB, 0xFF, 0xFF, 0xFC, 0xFE, 0x7F, 0xFE, 0x7F, 0x1C, 0x3C, 0x23, 0x8F, 0x1E,
    0x01, 0xC7, 0xCF, 0x00, 0xE1, 0xE7, 0x80, 0x70, 0x73, 0xC0, 0x38, 0x31, 0xE0, 0x1C, 0x07, 0xF0,
    0x0E, 0x03, 0xF0, 0x07, 0x01, 0xF8, 0x00, 0x07, 0x83, 0xC0, 0x03, 0xC1, 0xEC, 0x01, 0xE0, 0xFF,
    0x00, 0xF0, 0x7B, 0xC7, 0x78, 0x3D, 0xE3, 0xFC, 0x1E, 0x79, 0xFE, 0x0F, 0x38, 0x7F, 0x07, 0x80,
    0x3F, 0xFF, 0xFF, 0x0F, 0xFF, 0xFF, 0x85, 0xFF, 0xFF, 0xC0, 0xF0, 0x78, 0x00, 0x78, 0x7E, 0x00,
    0x7C, 0x3F, 0x00, 0x7E, 0x1F, 0x80, 0x7F, 0x0F, 0xE0, 0x7F, 0x8F, 0xF0, 0x3F, 0xC7, 0xBC, 0x1D,
    0xE7, 0xDE, 0x04, 0xF3, 0xC7, 0x80, 0x7B, 0xE3, 0xE0, 0x3F, 0xE0, 0xF8, 0x1F, 0xE0, 0x3E, 0x0F,
    0xE0, 0x0E, 0x07, 0xA0, 0x02, 0x00, 0x31, 0x01, 0xC0, 0x3D, 0xC0, 0xE0, 0x1F, 0xF0, 0x70, 0x07,
    0xF0, 0x38, 0x01, 0xF7, 0xFF, 0xF0, 0xFB, 0xFF, 0xF8, 0xFD, 0xFF, 0xFC, 0xFE, 0x73, 0x9C, 0xFF,
    0x3D, 0xCE, 0x3B, 0xDE, 0xEF, 0x01, 0xE7, 0x77, 0x01, 0xF3, 0xFB, 0x81, 0xFF, 0xFF, 0xF0, 0xFF,
    0xFF, 0xF8, 0xFF, 0xFF, 0xFD, 0xFF, 0x07, 0xC0, 0x7F, 0x87, 0xE0, 0x3B, 0xC3, 0xF8, 0x09, 0xE3,
    0xFE, 0x00, 0xF3, 0xEF, 0x00, 0x7B, 0xE3, 0xC0, 0x7B, 0xF1, 0xF9, 0xFF, 0xF0, 0x7E, 0x7F, 0xF0,
    0x1E, 0x3E, 0x60, 0x06, 0x00, 0x00, 0x1C, 0x00, 0x00, 0x3C, 0x00, 0x00, 0x3C, 0x00, 0x3F, 0xFF,
    0xFE, 0x3F, 0xFF, 0xFE, 0x3F, 0xFF, 0xFE, 0x18, 0x78, 0x0C, 0x3C, 0xF7, 0x9E, 0x3F, 0xF7, 0xFC,
    0x1F, 0xFF, 0x78, 0x04, 0xFF, 0x10, 0x07, 0x3F, 0xB0, 0x1F, 0x7B, 0xFC, 0x7F, 0xFF, 0xFE, 0x7D,
    0xFF, 0xFF, 0x31, 0xFC, 0xEE, 0x00, 0x3C, 0x80, 0x7F, 0xFF, 0xFF, 0x7F, 0xFF, 0xFF, 0x7F, 0xFF,
    0xFF, 0x00, 0x3C, 0x00, 0x00, 0x3C, 0x00, 0x00, 0x3C, 0x00, 0x00, 0x3C, 0x00, 0x00, 0x1C, 0x00,
    0x00, 0x1F, 0xFE, 0x3F, 0xFF, 0xFF, 0x1F, 0xFF, 0xFF, 0x8F, 0xFF, 0x81, 0xC0, 0xE3, 0xFF, 0xE0,
    0x71, 0xFF, 0xF0, 0x38, 0xFF, 0xF8, 0x1C, 0x78, 0x1C, 0x7F, 0xFF, 0xFE, 0x3F, 0xFF, 0xFF, 0x1F,
    0xFF, 0xFF, 0x81, 0xC7, 0x81, 0xC0, 0xE3, 0xFF, 0xE0, 0x71, 0xFF, 0xF0, 0x39, 0xFF, 0xF8, 0x1F,
    0x9E, 0xE0, 0x3F, 0xEF, 0x70, 0x7F, 0xE7, 0xB8, 0x3F, 0xC7, 0x9C, 0xCF, 0x07, 0xCE, 0x70, 0x0F,
    0xC7, 0x38, 0x0F, 0xE3, 0xFC, 0x07, 0xC1, 0xFC, 0x01, 0xC0, 0x7C, 0x1F, 0xFF, 0xFE, 0x3F, 0xFF,
    0xFC, 0x7F, 0xFF, 0xF8, 0xF0, 0xF0, 0xF1, 0xE1, 0xE1, 0xE3, 0xC3, 0xC3, 0xC7, 0xFF, 0xFF, 0x8F,
    0xFF, 0xFF, 0x1F, 0xFF, 0xFE, 0x3C, 0x3C, 0x3C, 0x78, 0x78, 0x78, 0xF0, 0xF0, 0xF1, 0xFF, 0xFF,
    0xE3, 0xFF, 0xFF, 0xC7, 0xFF, 0xFF, 0x8E, 0x0F, 0x0F, 0x3C, 0x1E, 0x1E, 0x78, 0x3C, 0x3C, 0xF0,
    0x78, 0x7B, 0xC0, 0xF0, 0xF7, 0x81, 0xFF, 0xFE, 0x03, 0xDF, 0x8C, 0x07, 0xBE, 0x00, 0x00, 0x00,
    0xFF, 0xFF, 0xFF, 0xFF, 0xFF, 0xFF, 0xFF, 0xFF, 0xF8, 0x01, 0xC0, 0x07, 0x03, 0x81, 0xCE, 0xFF,
    0xFB, 0x9D, 0xFF, 0xF7, 0x3B, 0xFF, 0xEE, 0x77, 0x3B, 0xDC, 0xEF, 0xFF, 0xB9, 0xDF, 0xFF, 0x73,
    0xBF, 0xFE, 0xE7, 0x73, 0xBD, 0xCE, 0xE7, 0x7B, 0x9D, 0xFF, 0xF7, 0x3B, 0xFF, 0xEE, 0x77, 0xFF,
    0xDC, 0xE0, 0x00, 0x39, 0xFF, 0xFF, 0xF3, 0xFF, 0xFF, 0xE7, 0xFF, 0xFF, 0xCE, 0x00, 0x03, 0x9C,
    0x00, 0x07, 0x00, 0x00, 0x00, 0x70, 0x03, 0xFF, 0xFC, 0x07, 0xFF, 0xFF, 0x03, 0xFF, 0xFE, 0x01,
    0xF1, 0xC7, 0x80, 0x3C, 0xE7, 0x80, 0x1E, 0x73, 0xC0, 0xFF, 0xFF, 0xFE, 0x7F, 0xFF, 0xFF, 0x3F,
    0xFF, 0xFF, 0x80, 0x7F, 0xF0, 0x00, 0xFF, 0xFE, 0x03, 0xFD, 0xDF, 0xE3, 0xF8, 0xE7, 0xFD, 0xFF,
    0xFF, 0xFC, 0x7F, 0xFF, 0xFC, 0x0F, 0xFF, 0xF8, 0x07, 0x8E, 0x3C, 0x03, 0xFF, 0xFE, 0x01, 0xFF,
    0xFF, 0x00, 0xF1, 0xC7, 0x80, 0x7F, 0xFF, 0xC0, 0x3F, 0xFF, 0xE0, 0x1F, 0xFF, 0xF0, 0x0F, 0x00,
    0x78, 0x00, 0x01, 0xE0, 0x00, 0x3C, 0x00, 0x0F, 0x80, 0x01, 0xE0, 0x0F, 0xFF, 0xFF, 0xFF, 0xFF,
    0xFF, 0xFF, 0xFF, 0x80, 0x0F, 0xE0, 0x01, 0xFC, 0x00, 0x3F, 0x80, 0x07, 0xF0, 0x00, 0xFF, 0xFF,
    0xFF, 0xFF, 0xFF, 0xFF, 0xFF, 0xFF, 0x00, 0x0F, 0xE0, 0x01, 0xFC, 0x00, 0x3F, 0x80, 0x07, 0xF0,
    0x00, 0xFF, 0xFF, 0xFF, 0xFF, 0xFF, 0xFF, 0xFF, 0xFF, 0x00, 0x0F, 0xE0, 0x01, 0xE0, 0x0F, 0x07,
    0x00, 0x1E, 0x0F, 0x00, 0x38, 0x1C, 0x00, 0xF0, 0x78, 0x07, 0xFE, 0xFF, 0xFF, 0xFF, 0xFF, 0xFF,
    0xFF, 0xFF, 0xF8, 0xFF, 0x0F, 0xF1, 0xFC, 0x1F, 0xE3, 0xF8, 0x3F, 0xC7, 0xE8, 0x7F, 0xFF, 0x78,
    0xFF, 0xFE, 0xF9, 0xFF, 0xFC, 0xF3, 0xFC, 0x78, 0xF7, 0xF8, 0xF1, 0xEF, 0xF1, 0xE1, 0xFF, 0xE3,
    0xC3, 0x3B, 0xC7, 0x80, 0x77, 0xFF, 0x00, 0xEF, 0xFE, 0x03, 0xDF, 0xFC, 0x07, 0xBC, 0x01, 0xFF,
    0x78, 0x01, 0xFC, 0x00, 0x03, 0xF0, 0xFF, 0xFF, 0xFF, 0xFF, 0xFF, 0xFF, 0xFF, 0xF8, 0x00, 0xFF,
    0x00, 0x1F, 0xE0, 0x03, 0xFF, 0xFF, 0xFF, 0xFF, 0xFF, 0xFF, 0xFF, 0xFE, 0x00, 0x3F, 0xC0, 0x07,
    0xF8, 0x00, 0xFF, 0xFF, 0xFF, 0xFF, 0xFF, 0xFF, 0xFF, 0xFF, 0x80, 0x0F, 0xF0, 0x01, 0xFE, 0x00,
    0x3F, 0xFF, 0xFF, 0xFF, 0xFF, 0xFF, 0xFF, 0xFF, 0xE0, 0x03, 0xFC, 0x00, 0x78, 0x1C, 0x00, 0x00,
    0x1E, 0x0F, 0xFF, 0x8F, 0x07, 0xFF, 0xC7, 0xFF, 0xFF, 0xE3, 0xFE, 0x00, 0x03, 0xFF, 0x00, 0x01,
    0xFC, 0x3F, 0xF8, 0xEE, 0x1F, 0xFC, 0xF7, 0x0F, 0xFE, 0x13, 0x87, 0x07, 0x1F, 0xFF, 0x83, 0x8F,
    0xFF, 0xC1, 0xC7, 0xFF, 0xFF, 0xE0, 0x38, 0x7F, 0xF0, 0x3E, 0x3F, 0xF8, 0x1F, 0x8E, 0x3C, 0x0F,
    0xCF, 0x1E, 0x07, 0xF3, 0x8E, 0x07, 0xBD, 0xCF, 0x03, 0xDC, 0xF7, 0x83, 0xC6, 0x73, 0x83, 0xE3,
    0xFF, 0xFD, 0xE1, 0xFF, 0xFE, 0xE0, 0xFF, 0xFF, 0x30, 0x00, 0x00, 0x00, 0x00, 0x00, 0xC0, 0x00,
    0x00, 0xF0, 0x1F, 0xF8, 0x78, 0x0F, 0xFF, 0xFF, 0xE7, 0xFF, 0xFF, 0xF0, 0xF1, 0xFF, 0xF8, 0x70,
    0xFE, 0xFC, 0x38, 0x7F, 0x7E, 0x3C, 0x0F, 0xFF, 0x1F, 0xEF, 0xFF, 0x8F, 0xFF, 0xFF, 0xC7, 0xFF,
    0xCE, 0x07, 0xDF, 0xE7, 0x03, 0xEE, 0xFF, 0xF3, 0xF7, 0x7F, 0xF9, 0xFB, 0xBF, 0xFC, 0x7D, 0xDE,
    0x70, 0x3E, 0xEF, 0xFF, 0x0F, 0x77, 0xFF, 0x87, 0xFB, 0xFF, 0xC3, 0xFD, 0xE7, 0x01, 0xFE, 0xFF,
    0xFC, 0xF0, 0x7F, 0xFE, 0x38, 0x3F, 0xFE, 0x00, 0x0E, 0x00, 0x00, 0x1F, 0xFF, 0xFC, 0x1F, 0xFF,
    0xFC, 0x1F, 0xFF, 0xFC, 0x00, 0x00, 0x00, 0x00, 0x00, 0x00, 0x00, 0x00, 0x00, 0x7F, 0xFF, 0xFF,
    0x7F, 0xFF, 0xFF, 0x7F, 0xFF, 0xFF, 0x00, 0x1E, 0x00, 0x00, 0x1E, 0x00, 0x0F, 0x1E, 0x30, 0x0F,
    0x1E, 0x78, 0x1F, 0x1E, 0x78, 0x1E, 0x1E, 0x3C, 0x1E, 0x1E, 0x3E, 0x3C, 0x1E, 0x1E, 0x7C, 0x1E,
    0x1E, 0xF8, 0x1E, 0x1F, 0x79, 0xBE, 0x0F, 0x31, 0xFE, 0x0C, 0x01, 0xFC, 0x00, 0x01, 0xF8, 0x00,
    0x00, 0x81, 0xE0, 0x03, 0xE0, 0xF0, 0x1F, 0xF0, 0x78, 0x0F, 0xF8, 0x3C, 0x07, 0xF0, 0x1E, 0x03,
    0x78, 0x7F, 0xF0, 0x3C, 0x7F, 0xF8, 0x1E, 0x3F, 0xDC, 0x7F, 0xFD, 0xEF, 0x3F, 0xFE, 0xF7, 0x9F,
    0xFF, 0x79, 0xC3, 0xE7, 0xBC, 0xF1, 0xFF, 0x9E, 0x70, 0xFE, 0xCF, 0x70, 0xFF, 0x9F, 0xF8, 0xFF,
    0xCF, 0xFC, 0x7F, 0xC3, 0xFE, 0x7F, 0x80, 0x3E, 0x1B, 0xC0, 0x1F, 0x0D, 0xE0, 0x3F, 0x00, 0xF0,
    0x7F, 0x00, 0x79, 0xFF, 0x00, 0x3C, 0xFE, 0x00, 0x1E, 0x7E, 0x00, 0x0F, 0x18, 0x00, 0x00, 0x00,
    0x81, 0xC0, 0x03, 0xE1, 0xE0, 0x1F, 0xF9, 0xFF, 0x0F, 0xF9, 0xFF, 0xC7, 0xF1, 0xFF, 0xE0, 0x7B,
    0xF1, 0xF0, 0x3D, 0xFC, 0xF0, 0x1E, 0x7F, 0xF0, 0x7F, 0xE3, 0xF0, 0x3F, 0xF3, 0xF0, 0x1F, 0xFF,
    0xFC, 0x03, 0xE7, 0xFE, 0x01, 0xF9, 0xFF, 0xE1, 0xFE, 0x9F, 0xF8, 0xFF, 0x9F, 0xFC, 0xFF, 0xBF,
    0x1E, 0x7F, 0xFF, 0x9E, 0x7F, 0x8F, 0xFF, 0x1B, 0xC6, 0xFF, 0x0D, 0xE0, 0x3F, 0x00, 0xF0, 0x7F,
    0x00, 0x79, 0xFF, 0x00, 0x3D, 0xFE, 0x00, 0x1E, 0x7E, 0x00, 0x0F, 0x38, 0x00, 0x00, 0x00, 0x38,
    0x00, 0x00, 0xF0, 0x00, 0x01, 0xE0, 0x07, 0xFF, 0xFF, 0xFF, 0xFF, 0xFF, 0xFF, 0xFF, 0xFF, 0xFC,
    0x7B, 0xC7, 0xF9, 0xE7, 0x8F, 0xF3, 0xCF, 0x1C, 0x0F, 0x9E, 0x38, 0x7E, 0x3F, 0xF7, 0xF8, 0x3F,
    0xE7, 0xE0, 0x7F, 0xCF, 0x00, 0x00, 0x07, 0xFF, 0xFE, 0x0F, 0xFF, 0xFC, 0x1F, 0xFF, 0xF8, 0x00,
    0xF0, 0x00, 0x01, 0xE0, 0x00, 0x03, 0xC0, 0x00, 0x07, 0x80, 0x1F, 0xFF, 0xFF, 0xFF, 0xFF, 0xFF,
    0xFF, 0xFF, 0xFF, 0x00, 0x38, 0x00, 0x00, 0xF0, 0x01, 0xFF, 0xFF, 0xF3, 0xFF, 0xFF, 0xE3, 0xFF,
    0xFF, 0x80, 0xF0, 0x78, 0x3F, 0xFF, 0xFF, 0xFF, 0xFF, 0xFF, 0xFF, 0xFF, 0xFE, 0x00, 0x00, 0x00,
    0xFF, 0xFF, 0xE1, 0xFF, 0xFF, 0xC3, 0xC0, 0x07, 0x87, 0xFF, 0xFF, 0x0F, 0xFF, 0xFE, 0x1E, 0x00,
    0x3C, 0x3F, 0xFF, 0xF8, 0x7F, 0xFF, 0xF0, 0x01, 0xE0, 0x07, 0xFF, 0xFF, 0xFF, 0xFF, 0xFF, 0xFF,
    0xFF, 0xFF, 0xC0, 0x1E, 0x00, 0x00, 0x3C, 0x00, 0x00, 0x78, 0x00, 0x0E, 0x01, 0xC0, 0x0F, 0x1C,
    0xE7, 0x87, 0x8E, 0x73, 0xC3, 0xC7, 0x39, 0xE1, 0xE3, 0x9C, 0xF3, 0xFD, 0xFF, 0xF9, 0xFE, 0xFF,
    0xFC, 0xFF, 0x7F, 0xFE, 0x13, 0x80, 0x00, 0x39, 0xFF, 0xFF, 0x9C, 0xFF, 0xFF, 0xEE, 0xFF, 0xFF,
    0xF7, 0xF8, 0x3C, 0x01, 0xF8, 0x1E, 0x00, 0xFD, 0xFF, 0xFC, 0x7E, 0xFF, 0xFE, 0x3F, 0x7F, 0xFF,
    0x07, 0xFF, 0xBB, 0xBF, 0xFF, 0xDD, 0xDF, 0xFF, 0xEE, 0xE7, 0xF7, 0xF7, 0x73, 0x83, 0xFB, 0xB8,
    0x01, 0xFD, 0xFC, 0x00, 0xFE, 0xFE, 0x00, 0x38, 0x0E, 0x00, 0x0E, 0x03, 0x80, 0x1E, 0x03, 0xC0,
    0x1F, 0xF7, 0xFF, 0x3F, 0xFF, 0xFF, 0x3F, 0xFF, 0xFF, 0x7F, 0x9E, 0xF0, 0xFB, 0x9E, 0x78, 0x3F,
    0xFF, 0xFC, 0x1F, 0xFF, 0xFC, 0x1F, 0xFF, 0xFC, 0x00, 0x1C, 0x3C, 0x0F, 0xFF, 0xFC, 0x0F, 0xFF,
    0xFC, 0x1F, 0xFF, 0xFC, 0x1E, 0x1C, 0x00, 0x1F, 0xFF, 0xFE, 0x1F, 0xFF, 0xFF, 0x3F, 0xFF, 0xFE,
    0x3D, 0xFC, 0x0E, 0x03, 0xFC, 0x1E, 0x0F, 0xDC, 0x1E, 0x3F, 0x9C, 0xFE, 0x7F, 0x1C, 0xFC, 0x3C,
    0x1C, 0xF8, 0x10, 0x1C, 0x00, 0x0E, 0x03, 0x80, 0x1E, 0x07, 0x80, 0x1F, 0xFF, 0xFF, 0x3F, 0xFF,
    0xFF, 0x7F, 0xFF, 0xFF, 0xFB, 0xDE, 0x78, 0x3F, 0xFF, 0xFC, 0x0F, 0xFF, 0xFC, 0x0E, 0x00, 0x3C,
    0x0F, 0xFF, 0xFC, 0x0F, 0xFF, 0xFC, 0x0E, 0x00, 0x3C, 0x0F, 0xFF, 0xFC, 0x0F, 0xFF, 0xFC, 0x0E,
    0x00, 0x3C, 0x0F, 0xFF, 0xFC, 0x0F, 0xFF, 0xFC, 0x01, 0xE1, 0xE0, 0x7F, 0xFF, 0xFF, 0x7F, 0xFF,
    0xFF, 0x7F, 0xFF, 0xFF, 0x1F, 0xC1, 0xE0, 0x7F, 0x81, 0xE0, 0x3E, 0x01, 0xE0, 0x18, 0x01, 0xE0,
    0x0E, 0x03, 0x80, 0x0F, 0x03, 0xC0, 0x07, 0xFF, 0xFF, 0xC7, 0xFF, 0xFF, 0xE7, 0xFF, 0xFF, 0xF7,
    0xDC, 0xF3, 0xC0, 0xDC, 0x31, 0xE0, 0x7F, 0xEF, 0xFC, 0x7F, 0xFF, 0xFE, 0x3F, 0xFF, 0xFF, 0x01,
    0xC1, 0xE3, 0x8F, 0xFE, 0xF1, 0xC7, 0xFF, 0x78, 0xE3, 0xBB, 0xBC, 0x71, 0xFF, 0xDE, 0x38, 0xFF,
    0xEF, 0xFC, 0x77, 0x77, 0xBE, 0x3F, 0xFB, 0xDE, 0x1F, 0xFD, 0xE0, 0x0F, 0xFF, 0xF0, 0xE7, 0xFF,
    0xF8, 0x7B, 0xFF, 0xFC, 0x3C, 0x1C, 0x1F, 0xFC, 0x0E, 0x07, 0xFE, 0x07, 0x01, 0xFE, 0x00, 0x0E,
    0x03, 0x80, 0x0F, 0x03, 0xC0, 0x1F, 0xFB, 0xFF, 0x1F, 0xFF, 0xFF, 0x3F, 0xFF, 0xFF, 0x7D, 0xCF,
    0x78, 0x7F, 0xCF, 0xBC, 0x1F, 0x07, 0xBC, 0x7F, 0xFF, 0xFF, 0x7F, 0xFF, 0xFF, 0x0F, 0x07, 0xBC,
    0x3F, 0xE7, 0xBC, 0x3F, 0xFF, 0xFF, 0x0F, 0x1F, 0xFF, 0x0F, 0x1F, 0xFF, 0x7F, 0xE0, 0x00, 0x7F,
    0xEF, 0xFE, 0x0F, 0x8F, 0xFE, 0x1F, 0xCF, 0x1E, 0x3F, 0xEF, 0xFE, 0x7F, 0xFF, 0xFE, 0xFF, 0x6F,
    0x1E, 0x7F, 0x0F, 0xFE, 0x6F, 0x0F, 0xFE, 0x07, 0x0F, 0x1E, 0x0C, 0x00, 0x0C, 0x07, 0x00, 0x3F,
    0x07, 0x87, 0xFF, 0xC3, 0xB3, 0xFF, 0x87, 0xFD, 0xFF, 0x03, 0xDE, 0xF3, 0x83, 0xFE, 0x79, 0xC0,
    0xFE, 0x3C, 0xE0, 0x3F, 0xDE, 0x70, 0x0F, 0xEF, 0x3C, 0x07, 0x7F, 0xFF, 0xFF, 0xFF, 0xFF, 0xFF,
    0xFF, 0xFF, 0xFF, 0xFF, 0xF3, 0xC1, 0xFD, 0xF9, 0xE0, 0xFF, 0xBC, 0xF0, 0x7F, 0xDE, 0x78, 0x3F,
    0xFF, 0x1C, 0x1F, 0xFF, 0x8E, 0xCF, 0xFF, 0xCF, 0x7F, 0xFF, 0xFF, 0xFF, 0xF9, 0xFF, 0xFC, 0xBC,
    0xFF, 0xFE, 0x1E, 0x7E, 0x3E, 0x0F, 0x30, 0x0E, 0x00, 0x00, 0x00, 0x00, 0x00, 0x1C, 0x00, 0x00,
    0x1C, 0x00, 0x3F, 0xFF, 0xFE, 0x7F, 0xFF, 0xFE, 0x7F, 0xFF, 0xFE, 0x00, 0x1C, 0x00, 0x7F, 0xFF,
    0xFF, 0x7F, 0xFF, 0xFF, 0x7F, 0xFF, 0xFF, 0x78, 0xF8, 0x0F, 0x79, 0xF3, 0xCF, 0x7F, 0xE7, 0xCF,
    0x0F, 0xCF, 0x80, 0x07, 0xFF, 0x60, 0x01, 0xFE, 0xF0, 0x01, 0xF8, 0xFC, 0x7F, 0xFF, 0xFE, 0x7F,
    0xFF, 0xFF, 0x7F, 0xFF, 0xFE, 0x07, 0x9C, 0xF4, 0x0F, 0x9D, 0xF8, 0x3F, 0x1C, 0x7E, 0x7E, 0x1C,
    0x3F, 0x38, 0x1C, 0x0E, 0x10, 0x1C, 0x04, 0x0C, 0x00, 0x00, 0x0E, 0x00, 0x00, 0x1E, 0x1F, 0xFF,
    0x1D, 0x9F, 0xFF, 0x7F, 0xDF, 0xFF, 0x7B, 0xDC, 0xEF, 0x7F, 0x9C, 0xEF, 0x7F, 0x1C, 0xEF, 0x3F,
    0xDC, 0xEF, 0x1F, 0xDC, 0xEF, 0x1D, 0xFC, 0xEF, 0xFF, 0xFF, 0xFF, 0xFF, 0xFF, 0xFF, 0x7F, 0xFF,
    0xFF, 0x0F, 0x7C, 0xEF, 0x2F, 0xDC, 0xEF, 0x7F, 0xDC, 0xEF, 0x7F, 0xFC, 0xEF, 0x7F, 0xFC, 0xEF,
    0x7F, 0xFC, 0xEF, 0xFF, 0xFF, 0xFF, 0xFF, 0x5F, 0xFF, 0x6F, 0x1F, 0xFF, 0x0F, 0x1C, 0x0F, 0x0F,
    0x1C, 0x06, 0x0C, 0x03, 0x80, 0x07, 0x03, 0xC0, 0x07, 0x81, 0xE0, 0x03, 0xA1, 0xFF, 0xC3, 0xFC,
    0xFF, 0xE3, 0xDE, 0xFF, 0xF3, 0xFE, 0xFC, 0xF0, 0xFE, 0xFF, 0xF8, 0x3F, 0x7F, 0xF8, 0x0F, 0xD9,
    0xF8, 0x07, 0x70, 0xFC, 0x07, 0xF8, 0xFF, 0x0F, 0xFF, 0xFF, 0xE7, 0xFF, 0xF9, 0xFD, 0xFF, 0xFE,
    0x7C, 0x1F, 0xB7, 0xCC, 0x7F, 0xC3, 0xF0, 0x3F, 0xE0, 0x7C, 0x1F, 0xF8, 0x1C, 0x0F, 0xFD, 0xE0,
    0x0F, 0xFF, 0xFE, 0x07, 0xF8, 0x7F, 0xC1, 0xBC, 0x07, 0xF8, 0x1E, 0x00, 0xF8, 0x0E, 0x00, 0x18,
    0x00, 0x0C, 0x01, 0xE0, 0x07, 0x00, 0xF0, 0x07, 0x8F, 0xFF, 0xC3, 0xA7, 0xFF, 0xE3, 0xFF, 0xFF,
    0xF3, 0xDE, 0x0F, 0x03, 0xFE, 0x7F, 0xF8, 0xFE, 0x3F, 0xFC, 0x3F, 0x1F, 0xFE, 0x0F, 0xC0, 0x00,
    0x07, 0xFF, 0xFF, 0xDF, 0xFF, 0xFF, 0xEF, 0xFF, 0xFF, 0xF7, 0xFF, 0xC0, 0x38, 0x3B, 0xFD, 0xFC,
    0x5D, 0xFE, 0xF0, 0x7F, 0xC7, 0x78, 0x3F, 0xE3, 0xBC, 0x1F, 0xFB, 0xDE, 0x0F, 0xDD, 0xEF, 0x7F,
    0xED, 0xE7, 0xBF, 0x71, 0xF3, 0xDD, 0xB9, 0xF0, 0xFE, 0x1C, 0xF0, 0x7E, 0x0E, 0x30, 0x1E, 0x00,
    0x0C, 0x00, 0x00, 0x0E, 0x00, 0x00, 0x1E, 0x7F, 0xFF, 0x1D, 0x7F, 0xFF, 0x3F, 0xFF, 0xFF, 0x7B,
    0xBF, 0xFE, 0xFF, 0xBF, 0xFF, 0x7F, 0x3F, 0xFF, 0x3F, 0x3C, 0x0F, 0x1F, 0xBF, 0xFF, 0x1F, 0xBF,
    0xFF, 0xFF, 0xFF, 0xFF, 0xFF, 0xFC, 0x00, 0xFF, 0xFF, 0xFF, 0x0E, 0xFF, 0xFF, 0x7F, 0xBF, 0xFF,
    0x7F, 0xBF, 0xFF, 0x7F, 0xFF, 0xFF, 0x7F, 0xFF, 0xFF, 0x7F, 0xFF, 0xFF, 0xFE, 0xFF, 0xFF, 0xEE,
    0xFF, 0xFF, 0x6E, 0xFF, 0xFF, 0x0E, 0xEF, 0xFF, 0x0E, 0x2E, 0x94, 0x08, 0x18, 0x86, 0x0F, 0x1E,
    0xE7, 0x87, 0x0F, 0x73, 0xC3, 0x8F, 0x3D, 0xC7, 0xFF, 0x9E, 0xE3, 0xFF, 0x87, 0xF3, 0xFD, 0xFB,
    0xF0, 0xFE, 0x3F, 0xFE, 0x3E, 0x3F, 0xFF, 0x0F, 0x9F, 0xFF, 0x87, 0xFE, 0x0E, 0x07, 0xFF, 0x07,
    0x0F, 0xFF, 0xBB, 0x87, 0xFF, 0xDD, 0xF9, 0xFF, 0xEE, 0xFC, 0x9F, 0x77, 0x7E, 0x7F, 0xBB, 0xB8,
    0x3F, 0xDD, 0xFC, 0x1F, 0xFE, 0xFE, 0x0F, 0xFF, 0x7F, 0x0F, 0xFF, 0xFF, 0x87, 0x7D, 0xFF, 0xC1,
    0xB8, 0xFD, 0xFE, 0x1C, 0x7E, 0x7E, 0x0E, 0x3A, 0x1F, 0x00, 0x7F, 0xFF, 0xFC, 0x7F, 0xFF, 0xFC,
    0x79, 0xCF, 0x3C, 0x79, 0xCF, 0x3C, 0x7F, 0xFF, 0xFC, 0x7F, 0xFF, 0xFC, 0x00, 0x38, 0x00, 0xFF,
    0xFF, 0xFE, 0xFF, 0xFF, 0xFE, 0x7F, 0xFF, 0xFC, 0x3B, 0xFF, 0xF8, 0x7B, 0xFF, 0xF8, 0x7B, 0xC0,
    0x78, 0x7B, 0xFF, 0xF8, 0x7B, 0xFF, 0xF8, 0x7B, 0xFF, 0xF8, 0x7B, 0xFF, 0xF8, 0x7B, 0xC0, 0x78,
    0x7B, 0xFF, 0xF8, 0x7B, 0xFF, 0xF8, 0x7F, 0xFF, 0xFE, 0x7F, 0xFF, 0xFE, 0x7F, 0xFF, 0xFE, 0x78,
    0x00, 0x00, 0x00, 0x1C, 0x00, 0x3F, 0x9C, 0xFF, 0x3F, 0x9C, 0xFF, 0x3F, 0x9C, 0xFF, 0x3F, 0xFF,
    0xFF, 0x3F, 0xFF, 0xFF, 0x3F, 0xFF, 0xFF, 0x3F, 0x9C, 0xFF, 0x3F, 0x9C, 0xFF, 0x3F, 0x9C, 0xFF,
    0x3F, 0xFF, 0xFF, 0x3F, 0xFF, 0xFF, 0x7F, 0xFF, 0xFF, 0x7F, 0xB8, 0xFF, 0x7F, 0xBA, 0xFF, 0x7F,
    0xFF, 0xFF, 0x77, 0xFF, 0xFF, 0x77, 0xF7, 0xFF, 0x77, 0xFF, 0xFF, 0x77, 0xFF, 0xFF, 0x77, 0xFF,
    0xFE, 0x77, 0xFB, 0xF0, 0xFF, 0x83, 0xF0, 0xEF, 0x00, 0xF0, 0x2E, 0x00, 0xE0, 0x01, 0xE0, 0x00,
    0x3C, 0x00, 0x07, 0x80, 0x00, 0xF0, 0x0F, 0xFF, 0xFF, 0xFF, 0xFF, 0xFF, 0xFF, 0xFF, 0x80, 0x0F,
    0xF0, 0x01, 0xFF, 0xFF, 0xFF, 0xFF, 0xFF, 0xFF, 0xFF, 0xFF, 0x00, 0x1F, 0xE0, 0x03, 0xFC, 0x00,
    0x7F, 0xFF, 0xFF, 0xFF, 0xFF, 0xFF, 0xFF, 0xFF, 0xC0, 0x07, 0xF8, 0x00, 0xFF, 0xFF, 0xFF, 0xFF,
    0xFF, 0xFF, 0xFF, 0xFF, 0x80, 0x0F, 0xF0, 0x01, 0xE0, 0x07, 0x00, 0x00, 0x03, 0xC3, 0xFC, 0x01,
    0xC1, 0xFF, 0x01, 0xE0, 0xFF, 0x83, 0xFE, 0x73, 0xC1, 0xFF, 0x39, 0xF8, 0xFF, 0x9C, 0xFE, 0x7D,
    0xDE, 0x7F, 0x3F, 0xEF, 0x3F, 0x9F, 0xFF, 0x0F, 0x8E, 0xFB, 0x83, 0x87, 0xFF, 0xFF, 0xCF, 0xFF,
    0xFF, 0xE7, 0xFF, 0x7F, 0xF1, 0xFF, 0x9C, 0x78, 0x7F, 0xCE, 0x38, 0x3F, 0xE7, 0xBC, 0x1F, 0xF1,
    0xFC, 0x0F, 0xF8, 0xFE, 0x07, 0xFC, 0x3E, 0x07, 0x8E, 0x3F, 0x83, 0x87, 0xFF, 0xF9, 0xCF, 0xFE,
    0xFF, 0xE7, 0xFE, 0x3E, 0x63, 0xCC, 0x06, 0x00, 0x01, 0xE0, 0x00, 0x01, 0xF0, 0x00, 0x00, 0xFF,
    0xE0, 0x00, 0xFF, 0xF8, 0x00, 0xFF, 0xF8, 0x00, 0xF8, 0x7C, 0x00, 0xF8, 0x3C, 0x00, 0xFF, 0xFF,
    0xF8, 0xFF, 0xFF, 0xFC, 0x3F, 0xFF, 0xFE, 0x0F, 0x87, 0x87, 0x03, 0xC3, 0xC3, 0x81, 0xE1, 0xE1,
    0xC0, 0xFF, 0xFF, 0xE0, 0x7F, 0xFF, 0xF0, 0x3F, 0xFF, 0xF8, 0x1E, 0x00, 0x1C, 0x0F, 0x00, 0x00,
    0x07, 0x80, 0x01, 0x03, 0xC0, 0x00, 0xE1, 0xE0, 0x00, 0xF0, 0xF8, 0x00, 0xF8, 0x3F, 0xFF, 0xFC,
    0x1F, 0xFF, 0xFC, 0x03, 0xFF, 0xFC, 0x00, 0x03, 0xC1, 0xE0, 0x01, 0xE0, 0xF0, 0x1F, 0xFF, 0xFF,
    0xCF, 0xFF, 0xFF, 0xE7, 0xFF, 0xFF, 0xF0, 0x1E, 0x7F, 0x00, 0x7F, 0x7F, 0x00, 0x7E, 0x7F, 0xFC,
    0x1F, 0x7F, 0xFE, 0x03, 0xFF, 0xFE, 0x08, 0x7F, 0xFE, 0x0F, 0x3F, 0xFE, 0x07, 0xCC, 0xFF, 0x03,
    0xF0, 0xFF, 0xE0, 0x77, 0xFF, 0xFE, 0x1B, 0xFC, 0xFE, 0x03, 0xFF, 0xFF, 0x03, 0x7F, 0xFF, 0x03,
    0xDF, 0xFF, 0x03, 0xEF, 0x07, 0x83, 0xE7, 0x83, 0xC3, 0xE3, 0xFF, 0xE1, 0xE1, 0xFF, 0xF0, 0x70,
    0xFF, 0xF8, 0x10, 0x70, 0x1C, 0x00, 0x02, 0x00, 0x00, 0x03, 0xC0, 0x00, 0x03, 0xE7, 0xFF, 0xC3,
    0xE3, 0xFF, 0xE3, 0xE1, 0xFF, 0xF3, 0xE0, 0x00, 0x01, 0xE6, 0x00, 0x00, 0xE7, 0x80, 0x00, 0x27,
    0xC0, 0x00, 0x07, 0xDF, 0xFF, 0x87, 0xCF, 0xFF, 0xC7, 0xE7, 0xFF, 0xE7, 0xF0, 0x07, 0x87, 0xF8,
    0x03, 0xC3, 0xFC, 0x01, 0xE0, 0xFE, 0x00, 0xF0, 0x2F, 0x00, 0x78, 0x07, 0x80, 0x3C, 0x03, 0xC0,
    0x1E, 0x01, 0xE0, 0x0F, 0x00, 0xF0, 0x07, 0x80, 0x78, 0x03, 0xC0, 0x3C, 0x1F, 0xE0, 0x1E, 0x07,
    0xF0, 0x0F, 0x03, 0xF0, 0x00, 0x00, 0x00, 0x00, 0x00, 0x1C, 0x00, 0x00, 0x0E, 0x00, 0x0F, 0xFF,
    0xFF, 0x87, 0xFF, 0xFF, 0xC3, 0xFF, 0xFF, 0xE0, 0x00, 0xE0, 0x00, 0x7F, 0xFF, 0xF0, 0x3F, 0xFF,
    0xF8, 0x1F, 0xFF, 0xFC, 0x00, 0x0E, 0x00, 0x1F, 0xFF, 0xFF, 0xCF, 0xFF, 0xFF, 0xE7, 0xFF, 0xFF,
    0xF0, 0x0F, 0xF8, 0x60, 0x1F, 0x9E, 0x7C, 0x7F, 0x8F, 0xFC, 0xFF, 0xC3, 0xFC, 0x3F, 0xE1, 0xF8,
    0x0E, 0xF0, 0x7C, 0x00, 0x79, 0xFF, 0x00, 0x3F, 0xEF, 0xC0, 0xFF, 0xFB, 0xF8, 0x7F, 0xF8, 0xFC,
    0x3F, 0xC0, 0x1E, 0x0C, 0x00, 0x06, 0x00, 0x0E, 0x01, 0xE8, 0x07, 0x00, 0xFF, 0x03, 0x80, 0x7F,
    0xC1, 0xC0, 0x3D, 0xE0, 0xE7, 0xFF, 0xFB, 0xFF, 0xFF, 0xFD, 0xFF, 0xFF, 0xFC, 0xFF, 0x03, 0xC0,
    0x07, 0xBF, 0xFF, 0x03, 0xDF, 0xFF, 0x83, 0xFF, 0xFF, 0xC1, 0xFF, 0xBD, 0xE1, 0xFF, 0xFF, 0xF1,
    0xFF, 0xFF, 0xF9, 0xFF, 0xFF, 0xFD, 0xFF, 0xFB, 0xDE, 0x7F, 0xFD, 0xEF, 0x37, 0x5F, 0xFF, 0x83,
    0x8F, 0xFF, 0xC1, 0xC7, 0xFF, 0xE0, 0xE3, 0xDE, 0xF0, 0x71, 0xEF, 0x78, 0x38, 0xF7, 0xFC, 0x1C,
    0x7B, 0xFE, 0x0E, 0x3D, 0xFC, 0x00, 0xFF, 0xFF, 0xFF, 0xFF, 0xFF, 0xFF, 0xFF, 0xFF, 0xF8, 0x0E,
    0x78, 0x07, 0xFF, 0xFF, 0xCF, 0xFF, 0xFF, 0x9F, 0xFF, 0xFF, 0x3C, 0xE7, 0x9E, 0x79, 0xCF, 0x3C,
    0xFF, 0xFF, 0xF9, 0xFF, 0xFF, 0xF3, 0xFF, 0xFF, 0xE0, 0x1E, 0x00, 0x1F, 0xFF, 0xFF, 0xFF, 0xFF,
    0xFF, 0xFF, 0xFF, 0xFF, 0x0F, 0x83, 0xC0, 0x1F, 0xCF, 0x80, 0x7F, 0xFE, 0x00, 0x7F, 0xFE, 0x03,
    0xFF, 0xFF, 0x9F, 0xFF, 0xFF, 0x9F, 0xF8, 0x3F, 0x3E, 0x00, 0x0C, 0x0F, 0xFF, 0xF8, 0x07, 0xFF,
    0xFC, 0x03, 0xFF, 0xFE, 0x01, 0xE0, 0x0F, 0x00, 0xFF, 0xFF, 0x80, 0x7F, 0xFF, 0xC0, 0x3F, 0xFF,
    0xE0, 0x1E, 0x00, 0xF0, 0x0F, 0xFF, 0xF8, 0x07, 0xFF, 0xFC, 0x03, 0xFF, 0xFE, 0x01, 0xE0, 0x0F,
    0x00, 0xF0, 0x07, 0x80, 0x7F, 0xFF, 0xC0, 0x3F, 0xFF, 0xE0, 0x1F, 0xFF, 0xF0, 0x01, 0xE7, 0x80,
    0x00, 0xF3, 0xC3, 0x00, 0xF1, 0xE1, 0xC0, 0xF8, 0xF0, 0xF1, 0xF8, 0x78, 0x73, 0xFC, 0x3F, 0xF9,
    0xF8, 0x0F, 0xFC, 0x70, 0x07, 0xFC, 0x00, 0x00, 0x00, 0x00, 0x0F, 0x00, 0x00, 0x07, 0x8F, 0xFF,
    0x03, 0xC7, 0xFF, 0x81, 0xE3, 0xFF, 0xC0, 0xF1, 0xE1, 0xE3, 0xFE, 0xFF, 0xF1, 0xFF, 0xFF, 0xF8,
    0xFF, 0xBF, 0xFC, 0x03, 0xDE, 0x1E, 0x01, 0xCF, 0xFF, 0x01, 0xE7, 0xFF, 0x81, 0xF3, 0xFF, 0xC1,
    0xFD, 0xE1, 0xE1, 0xFF, 0xF0, 0xF1, 0xFF, 0xFF, 0xF9, 0xFF, 0xFF, 0xFC, 0x7F, 0xFF, 0xFE, 0x37,
    0xA3, 0xB8, 0x03, 0xC3, 0xDC, 0x01, 0xE1, 0xEE, 0x60, 0xF1, 0xE7, 0x38, 0x79, 0xF3, 0xFC, 0x3D,
    0xF1, 0xFC, 0x1E, 0xF0, 0xFE, 0x0F, 0x30, 0x3E, 0x00, 0x0E, 0x00, 0x00, 0x0F, 0x07, 0xFF, 0x87,
    0xE3, 0xFF, 0xC3, 0xFD, 0xFF, 0xE3, 0xFE, 0x1C, 0xF1, 0xEE, 0x1E, 0x79, 0xE7, 0x0F, 0x3C, 0xFF,
    0xFF, 0x7E, 0xFF, 0xFF, 0xBE, 0x3F, 0xFF, 0x9F, 0x0E, 0xFF, 0xDC, 0x07, 0xFF, 0xFE, 0x03, 0xFF,
    0xFF, 0xF1, 0xDF, 0xFF, 0xF8, 0xEF, 0xFF, 0xFC, 0x7F, 0xFC, 0xE0, 0x3F, 0xFE, 0x70, 0x1F, 0xFF,
    0xFF, 0xCE, 0x1F, 0xFF, 0xE7, 0x0F, 0xFF, 0xF7, 0x87, 0x87, 0x03, 0x83, 0xC3, 0x81, 0xC7, 0xC1,
    0xC1, 0xE3, 0xE0, 0xE0, 0x20, 0xE0, 0x70, 0x00, 0x0F, 0xFF, 0xE0, 0x1F, 0xFF, 0xC0, 0x3F, 0xFF,
    0x80, 0x00, 0x00, 0x0F, 0xFF, 0xFF, 0xFF, 0xFF, 0xFF, 0xFF, 0xFF, 0xFF, 0x80, 0x00, 0x00, 0x0F,
    0xFF, 0xE0, 0x1F, 0xFF, 0xC0, 0x3F, 0xFF, 0x80, 0x7F, 0xFF, 0x00, 0xFF, 0xFE, 0x01, 0xFF, 0xFC,
    0x00, 0x00, 0x00, 0x0F, 0xFF, 0xF8, 0x1F, 0xFF, 0xF0, 0x3F, 0xFF, 0xE0, 0x78, 0x03, 0xC0, 0xF0,
    0x07, 0x81, 0xFF, 0xFF, 0x03, 0xFF, 0xFE, 0x07, 0xFF, 0xFC, 0x0F, 0x00, 0x78, 0x00, 0x00, 0xF0,
    0x1F, 0xE0, 0x78, 0x0F, 0xF0, 0x3C, 0x07, 0xF8, 0x1E, 0x07, 0xFE, 0x0F, 0x07, 0xFF, 0x07, 0x83,
    0xFF, 0x83, 0xC0, 0x00, 0x01, 0xE0, 0x3F, 0xC0, 0xF0, 0x1F, 0xEF, 0xFF, 0xCF, 0xF7, 0xFF, 0xE7,
    0xFB, 0xFF, 0xF3, 0xFC, 0x0F, 0x01, 0xFE, 0x07, 0x80, 0x00, 0x03, 0xC0, 0x7F, 0x81, 0xE0, 0x3F,
    0xC0, 0xF0, 0x1F, 0xE0, 0x78, 0x0E, 0x70, 0x3C, 0x07, 0x38, 0x1E, 0x03, 0x9C, 0x0F, 0x01, 0xFE,
    0x07, 0x80, 0xFF, 0x03, 0xC0, 0x7F, 0x81, 0xE0, 0x38, 0x00, 0xF0, 0x00, 0x3F, 0xC0, 0x00, 0x1F,
    0xE7, 0xFF, 0x0F, 0xF3, 0xFF, 0x8F, 0xFD, 0xFF, 0xCF, 0xFE, 0x00, 0xE7, 0xFF, 0x00, 0x70, 0x00,
    0x00, 0x38, 0x7F, 0x80, 0x1C, 0x3F, 0xC0, 0x0E, 0x1F, 0xE7, 0xFF, 0x0F, 0xF3, 0xFF, 0x87, 0xF9,
    0xFF, 0xC3, 0xFC, 0xE0, 0xE0, 0x00, 0x70, 0x70, 0xFF, 0x38, 0x00, 0x7F, 0x9C, 0x00, 0x3F, 0xCE,
    0x00, 0x1C, 0xE7, 0x03, 0x0E, 0x73, 0x81, 0xE7, 0x39, 0xC0, 0xF3, 0xFC, 0xF0, 0xF1, 0xFE, 0x7F,
    0xF8, 0xFF, 0x3F, 0xFC, 0x70, 0x0F, 0xFC, 0x3F, 0xCF, 0xF8, 0x1F, 0xE7, 0xFC, 0x0F, 0xF3, 0xFE,
    0x0F, 0xFD, 0xCF, 0x0F, 0xFE, 0xE7, 0xB7, 0xFF, 0xF3, 0xDC, 0x00, 0x79, 0xFE, 0x7F, 0xFC, 0xFE,
    0x3F, 0xFC, 0x3F, 0x1F, 0xEC, 0x0F, 0x00, 0x07, 0xFF, 0x87, 0xFB, 0xFF, 0xC3, 0xFD, 0xFF, 0xE0,
    0x00, 0xFF, 0xF0, 0xFF, 0x3C, 0xF0, 0xFF, 0x9E, 0x78, 0x7F, 0xC7, 0xF8, 0x3C, 0xE3, 0xFC, 0x1E,
    0x70, 0xFC, 0x0F, 0x38, 0xFF, 0x07, 0xFF, 0xFF, 0xF3, 0xFF, 0xFF, 0xFD, 0xFF, 0xF8, 0x7C, 0x70,
    0x30, 0x0C, 0x3F, 0xC0, 0x00, 0x1F, 0xFF, 0xFF, 0x8F, 0xEF, 0xFF, 0xCF, 0xFF, 0xFF, 0xEF, 0xFC,
    0x0F, 0x07, 0xFE, 0x07, 0x80, 0x00, 0x03, 0xC0, 0x7F, 0x19, 0xE0, 0x3F, 0xDE, 0xF0, 0x1F, 0xEF,
    0x78, 0x00, 0x07, 0xBF, 0xC7, 0xFB, 0xDF, 0xE3, 0xFD, 0xEF, 0xF1, 0xFC, 0xF7, 0x80, 0x00, 0x7B,
    0xC0, 0xFF, 0xBD, 0xE0, 0x7F, 0xDE, 0xF0, 0x3F, 0xEF, 0x78, 0x1E, 0xF7, 0xBC, 0x0F, 0x7B, 0xDE,
    0x07, 0xFF, 0xFF, 0xFB, 0xFF, 0xFF, 0xFD, 0xFF, 0xFF, 0xFE, 0x70, 0x00, 0x00, 0x00, 0x00, 0x70,
    0x1F, 0xE0, 0x3F, 0x0F, 0xF0, 0x1F, 0xC7, 0xF0, 0x0F, 0xF7, 0xFC, 0x07, 0xB7, 0xFF, 0xFF, 0xFB,
    0xFF, 0xFF, 0xFC, 0x00, 0x7F, 0xFE, 0x7F, 0xC0, 0x78, 0x3F, 0xE0, 0x3C, 0x0F, 0xE0, 0x1E, 0x07,
    0xF7, 0xFF, 0x07, 0xFF, 0xFF, 0x83, 0xFF, 0xFF, 0xC0, 0x00, 0x39, 0xE0, 0x7F, 0x1C, 0x70, 0x7F,
    0xCE, 0x38, 0x3F, 0xE7, 0x1C, 0x1E, 0xF3, 0x8E, 0xCF, 0x79, 0xFF, 0xF7, 0xBF, 0xFF, 0xFB, 0xFF,
    0xFE, 0xFD, 0xFF, 0xF8, 0x7C, 0xFF, 0x00, 0x3E, 0x30, 0x00, 0x0E, 0x00, 0x00, 0x06, 0x0E, 0x1F,
    0xE7, 0x0F, 0x0F, 0xF3, 0xC7, 0x87, 0xF9, 0xE3, 0x87, 0xFE, 0x73, 0xC7, 0xFF, 0xFF, 0xFB, 0xFF,
    0xFF, 0xFC, 0x00, 0x3F, 0xFE, 0x3F, 0xC1, 0xE0, 0x1F, 0xE0, 0xF0, 0x0F, 0xF7, 0xFF, 0xC7, 0xFB,
    0xFF, 0xE3, 0xFD, 0xFF, 0xF1, 0xFE, 0x0F, 0x00, 0x00, 0x07, 0x80, 0x7F, 0x83, 0xC0, 0x7F, 0xFF,
    0xFF, 0xBF, 0xFF, 0xFF, 0xDE, 0x7F, 0xFF, 0xEF, 0x38, 0x3C, 0x07, 0x9C, 0x1E, 0x03, 0xFE, 0x0F,
    0x01, 0xFF, 0x07, 0x80, 0xFF, 0x83, 0xC0, 0x38, 0x00, 0xE0, 0x00, 0x3F, 0xDF, 0xFF, 0x1F, 0xEF,
    0xFF, 0x8F, 0xE7, 0xFF, 0xCF, 0xF8, 0x79, 0xEF, 0xFD, 0xF8, 0xF7, 0xFF, 0xFC, 0x78, 0x00, 0x7F,
    0xBC, 0xFF, 0x9F, 0xDC, 0x7F, 0xCF, 0xFE, 0x1F, 0xDF, 0x3F, 0x0F, 0xEF, 0x1F, 0x8F, 0xFB, 0x3F,
    0x87, 0xFD, 0x3E, 0x00, 0x00, 0x0F, 0x80, 0xFE, 0x1F, 0xD0, 0xFF, 0xAE, 0xFC, 0x7F, 0xFF, 0x1E,
    0x3D, 0xFF, 0x87, 0x9E, 0xFF, 0xCF, 0xCF, 0x7F, 0xE7, 0xE7, 0xFF, 0xFB, 0xFB, 0xFF, 0xBF, 0xFD,
    0xFE, 0x1F, 0xE8, 0x60, 0x07, 0xE0, 0x3F, 0xFF, 0xFF, 0x1F, 0xFF, 0xFF, 0x8F, 0xE7, 0xFF, 0xCF,
    0xF8, 0x70, 0x0F, 0xFD, 0xFF, 0xC7, 0xFE, 0xFF, 0xF0, 0x00, 0x7F, 0xF8, 0x7F, 0x0F, 0x3C, 0x3F,
    0xC7, 0x9E, 0x1F, 0xE3, 0x8F, 0x00, 0x0F, 0xFF, 0xE7, 0xFF, 0xFF, 0xF3, 0xFF, 0xFF, 0xF9, 0xFC,
    0x00, 0x00, 0x00, 0x7F, 0xF8, 0xFF, 0xBF, 0xFC, 0x7F, 0xDF, 0xFE, 0x3F, 0xEF, 0x0F, 0x1E, 0xF7,
    0x87, 0x8F, 0x7B, 0xC3, 0xC7, 0xFD, 0xFF, 0xE3, 0xFE, 0xFF, 0xF1, 0xFF, 0x7F, 0xF8, 0x70, 0x3C,
    0x1C, 0x00, 0x01, 0xC0, 0x1F, 0xC0, 0xF0, 0x0F, 0xEF, 0xFF, 0xC7, 0xF7, 0xFF, 0xE7, 0xFF, 0xFF,
    0xF7, 0xFE, 0x0F, 0x03, 0xFF, 0x7F, 0xF8, 0x00, 0x7F, 0xFC, 0x7F, 0xBF, 0xFE, 0x3F, 0xC0, 0x00,
    0x0F, 0xFF, 0xFF, 0xC7, 0xFF, 0xFF, 0xE7, 0xFF, 0xFF, 0xF3, 0xFF, 0xF9, 0xB8, 0x01, 0xFD, 0xFC,
    0x7F, 0x0E, 0xF0, 0x7F, 0x87, 0x78, 0x3F, 0xC7, 0xBC, 0x1E, 0xE3, 0xDE, 0x8F, 0x71, 0xCF, 0x77,
    0xB9, 0xE7, 0xBB, 0xFD, 0xF3, 0xDD, 0xFF, 0xF1, 0xFE, 0xFF, 0xF0, 0x7E, 0x30, 0x30, 0x3E, 0x00,
    0x07, 0x80, 0x00, 0x03, 0xC3, 0xFF, 0x01, 0xE1, 0xFF, 0x8F, 0xFE, 0xFF, 0xC7, 0xFF, 0x00, 0xE3,
    0xFF, 0x80, 0x70, 0x1E, 0x00, 0x38, 0x0F, 0x00, 0x1C, 0x7F, 0xFF, 0xFE, 0x3F, 0xFF, 0xFF, 0x1F,
    0xFF, 0xFF, 0x80, 0x70, 0xF1, 0xC3, 0xB8, 0x78, 0x03, 0xDF, 0xFC, 0x01, 0xEF, 0xFE, 0x1C, 0xF7,
    0xFF, 0x0F, 0x7B, 0x87, 0x87, 0x3F, 0xC3, 0xFF, 0x9F, 0xE0, 0xFF, 0xCF, 0xF0, 0x3F, 0xC7, 0xFC,
    0x00, 0x03, 0xBF, 0xFF, 0xFF, 0xCF, 0xFF, 0xFD, 0xE3, 0xFF, 0xFE, 0x60, 0x00, 0x00, 0x00, 0x00,
    0x00, 0x00, 0x07, 0x00, 0x00, 0x03, 0x80, 0x00, 0x01, 0xC1, 0xFF, 0xCF, 0xFE, 0xFF, 0xE7, 0xFF,
    0x7F, 0xF3, 0xFF, 0x80, 0x00, 0x1E, 0x00, 0x00, 0xFF, 0xE0, 0x00, 0x7F, 0xF0, 0x00, 0x3B, 0xBF,
    0xFF, 0x9D, 0xDF, 0xFF, 0xCF, 0xFF, 0xFF, 0xE7, 0xFF, 0x1E, 0x03, 0xBB, 0x8F, 0x01, 0xFF, 0xCF,
    0x00, 0xFF, 0xE7, 0xB8, 0x07, 0x03, 0xDE, 0x03, 0x81, 0xEF, 0x3F, 0xFE, 0xF3, 0x9F, 0xFF, 0x71,
    0xEF, 0xFF, 0xFF, 0xF0, 0x38, 0xFF, 0xF8, 0x1C, 0x7F, 0xFE, 0x0E, 0x1F, 0xFF, 0x07, 0x00, 0x06,
    0x00, 0x00, 0x00, 0x00, 0x1C, 0x1F, 0xC0, 0x1F, 0x0F, 0xF0, 0x07, 0xC7, 0xF8, 0x01, 0xF0, 0x3C,
    0x00, 0x70, 0x1E, 0x00, 0x10, 0x0F, 0x00, 0x00, 0x0F, 0x80, 0x00, 0x07, 0xC0, 0x00, 0x03, 0xF0,
    0x1F, 0x83, 0xF8, 0x0F, 0xC1, 0xFC, 0x07, 0xE0, 0xFF, 0x00, 0x70, 0xF7, 0x80, 0x38, 0xF9, 0xE0,
    0x1C, 0x78, 0xF8, 0x0E, 0xFC, 0x3E, 0x07, 0xFC, 0x1F, 0x83, 0xBC, 0x07, 0xC7, 0xEC, 0x01, 0xC7,
    0xFC, 0x00, 0x07, 0xFF, 0xFF, 0xFD, 0xEF, 0xFF, 0xFC, 0xE1, 0xFF, 0xFE, 0x00, 0x0F, 0xFC, 0x00,
    0x00, 0x00, 0x18, 0x18, 0x00, 0x7E, 0x1F, 0x0F, 0xFF, 0x8F, 0xC7, 0xFF, 0x83, 0xF3, 0xFE, 0x00,
    0xF9, 0xE0, 0x00, 0x38, 0xE0, 0x00, 0x00, 0x70, 0x00, 0x00, 0x3F, 0xFF, 0x00, 0x1F, 0xFF, 0x9F,
    0x8F, 0xFF, 0xCF, 0xCF, 0x1E, 0x07, 0xE7, 0x8F, 0x00, 0x73, 0xC7, 0x80, 0x39, 0xE3, 0xC0, 0x1D,
    0xE1, 0xE0, 0x0E, 0xF0, 0xF0, 0x07, 0xF0, 0x78, 0x03, 0xF8, 0x3C, 0x07, 0xE8, 0x1E, 0x07, 0xFC,
    0x07, 0x07, 0xFF, 0xFF, 0xFD, 0xEF, 0xFF, 0xFC, 0xE1, 0xFF, 0xFE, 0x00, 0x0F, 0xFC, 0x00, 0x00,
    0x03, 0x80, 0x1C, 0x03, 0xE0, 0x1F, 0x01, 0xE0, 0x0F, 0xCF, 0xFF, 0x83, 0xF7, 0xFF, 0xC0, 0x73,
    0xFF, 0xE0, 0x31, 0xC0, 0xF0, 0x00, 0xFF, 0xF8, 0x00, 0x7F, 0xFC, 0x00, 0x3F, 0xFE, 0x00, 0x1C,
    0x00, 0x0F, 0xCE, 0x00, 0x07, 0xE7, 0xFF, 0xE3, 0xF3, 0xFF, 0xF0, 0x39, 0xFF, 0xF8, 0x1C, 0xE0,
    0x3C, 0x0E, 0x70, 0x1E, 0x07, 0x3F, 0xFF, 0x03, 0x9F, 0xFF, 0x87, 0xEF, 0xFF, 0xC7, 0xFC, 0x00,
    0x07, 0xFF, 0xFF, 0xFD, 0xEF, 0xFF, 0xFC, 0xE1, 0xFF, 0xFE, 0x00, 0x0F, 0xFC, 0x00, 0x00, 0x00,
    0x00, 0x1C, 0x3F, 0xFE, 0x1F, 0x1F, 0xFF, 0x07, 0xCF, 0xFF, 0x81, 0xF7, 0x81, 0xC0, 0x73, 0xFF,
    0xE0, 0x11, 0xFF, 0xF0, 0x00, 0xFF, 0xF8, 0x00, 0x78, 0x1C, 0x00, 0x3F, 0xFE, 0x1F, 0x9F, 0xFF,
    0x0F, 0xCF, 0xFF, 0xC7, 0xE7, 0x9D, 0xF0, 0x73, 0xCF, 0xF8, 0x39, 0xE7, 0xF0, 0x1C, 0xF1, 0xF0,
    0x0E, 0x7F, 0xFC, 0x07, 0x7F, 0xFF, 0x83, 0xBF, 0xEF, 0xC7, 0xFF, 0x81, 0xC7, 0xFC, 0x00, 0x67,
    0xFF, 0xFF, 0xFD, 0xEF, 0xFF, 0xFC, 0xE1, 0xFF, 0xFE, 0x00, 0x0F, 0xFC, 0x00, 0x00, 0x10, 0x18,
    0x1C, 0x3C, 0x1E, 0x1F, 0x0F, 0x0F, 0x0F, 0xC7, 0x8F, 0x03, 0xF1, 0xC7, 0x80, 0xF7, 0xFF, 0xF0,
    0x33, 0xFF, 0xF8, 0x01, 0xFF, 0xFC, 0x00, 0x03, 0x80, 0x00, 0x01, 0xC0, 0x1F, 0xBF, 0xFF, 0xCF,
    0xDF, 0xFF, 0xE7, 0xEF, 0xFF, 0xF0, 0x70, 0x3F, 0x00, 0x38, 0x1F, 0x80, 0x1C, 0x1F, 0xE0, 0x0E,
    0x1F, 0xF8, 0x07, 0x3F, 0x3F, 0x83, 0xBF, 0x0F, 0xC7, 0xEE, 0x03, 0xC7, 0xFE, 0x00, 0x67, 0xFF,
    0xFF, 0xFD, 0xEF, 0xFF, 0xFC, 0xE1, 0xFF, 0xFE, 0x00, 0x0F, 0xFC, 0x00, 0x00, 0x18, 0x38, 0x18,
    0x3C, 0x1E, 0x1F, 0x0F, 0x1E, 0x0F, 0xC7, 0x8F, 0x03, 0xFF, 0xFF, 0xF0, 0xFF, 0xFF, 0xF8, 0x37,
    0xFF, 0xFC, 0x00, 0x07, 0x00, 0x00, 0x73, 0x9E, 0x00, 0x39, 0xCF, 0x1F, 0x9C, 0xE7, 0x8F, 0xCE,
    0x73, 0xC7, 0xE7, 0x39, 0xE0, 0xF3, 0xFF, 0xF0, 0x79, 0xFF, 0xF8, 0x3C, 0xFF, 0xFC, 0x1E, 0x07,
    0x80, 0x0F, 0x03, 0xC0, 0x07, 0x87, 0xC0, 0x07, 0xE7, 0xE0, 0x07, 0xFF, 0xE0, 0x07, 0xFF, 0xFF,
    0xFD, 0xEF, 0xFF, 0xFC, 0xE1, 0xFF, 0xFE, 0x00, 0x0F, 0xFC, 0x00, 0x00, 0x18, 0x40, 0x18, 0x1E,
    0x78, 0x1F, 0x0F, 0x3C, 0x0F, 0xCF, 0x9C, 0x03, 0xE7, 0xFF, 0xF0, 0xF7, 0xFF, 0xF8, 0x37, 0xFF,
    0xF8, 0x07, 0xF3, 0xC0, 0x03, 0xFF, 0xFE, 0x01, 0xFF, 0xFF, 0x1F, 0xDF, 0xFF, 0x8F, 0xCF, 0x3C,
    0x07, 0xE7, 0xFF, 0xE0, 0xF3, 0xFF, 0xF0, 0x79, 0xFF, 0xF8, 0x3C, 0xF3, 0xC0, 0x1E, 0x79, 0xE0,
    0x0F, 0x3F, 0xFF, 0x87, 0x9F, 0xFF, 0xC3, 0xEF, 0xFF, 0xE7, 0xF8, 0x00, 0x07, 0xFF, 0xFF, 0xFD,
    0xEF, 0xFF, 0xFC, 0xE1, 0xFF, 0xFE, 0x00, 0x07, 0xF0, 0x00, 0x00, 0x03, 0x80, 0x18, 0x01, 0xC0,
    0x1F, 0x7F, 0xFF, 0xCF, 0xFF, 0xFF, 0xE3, 0xFF, 0xFF, 0xF0, 0xF1, 0xE3, 0xC0, 0x33, 0xFF, 0xF8,
    0x01, 0xFF, 0xFE, 0x00, 0xFF, 0xFF, 0x00, 0x71, 0xC7, 0x9F, 0xBF, 0xFF, 0xCF, 0xDF, 0xFF, 0xE7,
    0xEE, 0x38, 0xF0, 0xF7, 0x7F, 0x78, 0x7B, 0xBF, 0xBC, 0x3D, 0xDC, 0xDE, 0x1E, 0xEF, 0xEF, 0x0F,
    0x77, 0xF7, 0x87, 0xBB, 0x8F, 0x87, 0xFC, 0x07, 0xC7, 0xFE, 0x01, 0x87, 0xFF, 0xFF, 0xFD, 0xEF,
    0xFF, 0xFC, 0xE1, 0xFF, 0xFE, 0x00, 0x07, 0xF0, 0x00, 0x00, 0x00, 0x00, 0x18, 0xFF, 0xFF, 0x1E,
    0x7F, 0xFF, 0x8F, 0x81, 0xC1, 0xC3, 0xFF, 0xEF, 0xE0, 0xFF, 0xF7, 0xF0, 0x27, 0x9F, 0x9C, 0x01,
    0xFF, 0xFE, 0x00, 0xFE, 0xFF, 0x00, 0x0E, 0x38, 0x1F, 0x87, 0x3C, 0x0F, 0xFF, 0xFF, 0xE7, 0xFF,
    0xFF, 0xF0, 0xF7, 0xFF, 0xF0, 0x78, 0x73, 0xC0, 0x3F, 0xFF, 0xFE, 0x1F, 0xFF, 0xFF, 0x0F, 0xFF,
    0xFF, 0x87, 0xBF, 0xBF, 0x07, 0xFF, 0x07, 0xE7, 0xFF, 0x01, 0xF7, 0xFF, 0xFF, 0xFD, 0xCF, 0xFF,
    0xFC, 0xC3, 0xFF, 0xFE, 0x00, 0x03, 0xF0, 0x00, 0xFF, 0xFF, 0xFE, 0xFF, 0xFF, 0xFE, 0xFF, 0xFF,
    0xFE, 0x1F, 0x80, 0x1E, 0x1F, 0x80, 0x1E, 0xFF, 0xE0, 0x1E, 0xFF, 0xE0, 0x1E, 0xFF, 0xE0, 0x1E,
    0xEF, 0xEF, 0xFE, 0xEF, 0xEF, 0xFE, 0xFF, 0xEF, 0xFE, 0xFB, 0xEF, 0x1E, 0xFB, 0xEF, 0x1E, 0xFB,
    0xEF, 0x00, 0xF0, 0xEF, 0x00, 0xE0, 0xEF, 0x00, 0xFF, 0xEF, 0x0C, 0xFF, 0xEF, 0x0F, 0xE0, 0xEF,
    0x0F, 0xFF, 0xEF, 0x0E, 0xFF, 0xEF, 0xFE, 0xFF, 0xE7, 0xFE, 0xE0, 0xE7, 0xFC, 0xE0, 0x60, 0x00,
    0x1F, 0xFF, 0xF0, 0x3F, 0xFF, 0xE0, 0x7F, 0xFF, 0xC0, 0xFF, 0xFF, 0x81, 0xE0, 0x0F, 0x03, 0xFF,
    0xFE, 0x07, 0xFF, 0xFC, 0x7F, 0xFF, 0xFF, 0xFF, 0xFF, 0xFF, 0xFF, 0xFF, 0xFC, 0x7F, 0xFF, 0xE1,
    0xFF, 0xFF, 0xC3, 0xC3, 0x87, 0x87, 0xFF, 0xFF, 0x0F, 0xFF, 0xFE, 0x1F, 0xFF, 0xFC, 0x3F, 0xFF,
    0xF8, 0x00, 0x70, 0x00, 0xFF, 0xFF, 0xE1, 0xFF, 0xFF, 0xCF, 0xFF, 0xFF, 0xFF, 0xFF, 0xFF, 0xFF,
    0xFF, 0xFF, 0x80, 0x0F, 0x00, 0x00, 0x07, 0xCF, 0xFF, 0x07, 0xF7, 0xFF, 0x87, 0xFD, 0xFF, 0xC3,
    0xDE, 0x01, 0xE3, 0xC7, 0x7F, 0xF3, 0xE3, 0x3F, 0xF9, 0xFF, 0x9F, 0xFC, 0x7F, 0xC0, 0x1E, 0x1F,
    0xFF, 0xFF, 0x83, 0xCF, 0xFF, 0xCF, 0xFF, 0xFF, 0xE7, 0xFE, 0xDE, 0x63, 0xFF, 0xEF, 0x38, 0x7F,
    0x7F, 0xFC, 0xFF, 0xDF, 0xFC, 0x7F, 0xE5, 0xFC, 0x1F, 0xE1, 0xFE, 0x0F, 0xF3, 0xFF, 0x07, 0xFF,
    0xFF, 0xE0, 0xFF, 0xFE, 0xFB, 0xFF, 0xEF, 0x79, 0xFF, 0xCF, 0x9C, 0xF8, 0x07, 0xC0, 0x00, 0x03,
    0xC0, 0x00, 0x0F, 0xFF, 0xF8, 0x0F, 0xFF, 0xF8, 0x0F, 0xFF, 0xF0, 0x0F, 0x00, 0x00, 0x0F, 0xFF,
    0xF0, 0x0F, 0xFF, 0xF0, 0x0F, 0xFF, 0xF0, 0x0F, 0x00, 0x00, 0x0F, 0xFF, 0xF0, 0x0F, 0xFF, 0xF0,
    0x0F, 0xFF, 0xF0, 0xFF, 0xFF, 0xFE, 0xFF, 0xFF, 0xFE, 0xFF, 0xFF, 0xFE, 0x0F, 0x3C, 0x38, 0x0F,
    0x1E, 0x7C, 0x0F, 0x1F, 0xF8, 0x0F, 0x0F, 0xF0, 0x0F, 0x0F, 0xC0, 0x0F, 0xFF, 0xF0, 0x7F, 0xFB,
    0xFE, 0x7F, 0xF8, 0xFE, 0x7F, 0xC0, 0x7E, 0x38, 0x00, 0x0C, 0x7F, 0xEF, 0xFE, 0xFF, 0xDF, 0xFD,
    0xC7, 0xBC, 0x7B, 0x8F, 0x70, 0xF7, 0xFE, 0xFF, 0xEF, 0xFD, 0xFF, 0xDC, 0x7B, 0x87, 0xBF, 0xF7,
    0xFF, 0x7F, 0xEF, 0xFE, 0xFF, 0x8F, 0xFD, 0xC0, 0x00, 0x7B, 0xBF, 0xFE, 0xF7, 0x7F, 0xFD, 0xEE,
    0xFF, 0xFB, 0xDC, 0x7B, 0xC7, 0xBB, 0xFF, 0xEF, 0x77, 0xFF, 0xDE, 0xEF, 0xFF, 0xBD, 0xC7, 0x3C,
    0x7B, 0x8E, 0x78, 0xF7, 0x3C, 0xF1, 0xEE, 0xF1, 0xFF, 0x9D, 0xE3, 0xFF, 0x39, 0x80, 0x7C, 0x7F,
    0xEF, 0xFE, 0xFF, 0xDF, 0xFD, 0xFF, 0xBF, 0xFB, 0x8F, 0x78, 0xF7, 0xFE, 0xFF, 0xEF, 0xFD, 0xFF,
    0xDC, 0x7B, 0xC7, 0xBF, 0xF7, 0xFF, 0x7F, 0xEF, 0xFE, 0xFF, 0xDF, 0xFD, 0xC0, 0x00, 0x7B, 0x9F,
    0xFC, 0xF7, 0x3F, 0xF9, 0xEE, 0x7F, 0xF3, 0xDC, 0xF1, 0xE7, 0xB9, 0xFF, 0xCF, 0x73, 0xFF, 0x9E,
    0xE7, 0x8F, 0x3D, 0xCF, 0x1E, 0x7B, 0x9F, 0xFC, 0xF7, 0x3F, 0xF9, 0xCE, 0x78, 0x3F, 0x9C, 0xF0,
    0x3F, 0x38, 0x00, 0x78, 0x00, 0x07, 0x80, 0xFF, 0x07, 0xC0, 0xFF, 0x8F, 0xE0, 0xFF, 0x9F, 0xF0,
    0xF7, 0x3E, 0xF8, 0xF7, 0x7C, 0x7C, 0xFF, 0xF8, 0x3E, 0xFF, 0xF0, 0x1F, 0xFE, 0xFF, 0xFE, 0xFE,
    0xFF, 0xFE, 0xFE, 0x3F, 0xF8, 0xF7, 0x03, 0x80, 0xF7, 0x7F, 0xFC, 0xF7, 0xFF, 0xFC, 0xF7, 0xFF,
    0xFC, 0xF7, 0x83, 0x80, 0xFF, 0x7B, 0xB8, 0xFF, 0x7B, 0xF8, 0xFE, 0x73, 0xBC, 0xF0, 0xF3, 0x9C,
    0xF1, 0xE3, 0x9E, 0xF1, 0xE3, 0x8E, 0xF1, 0xDF, 0x8E, 0xF0, 0x0F, 0x80, 0xF0, 0x0F, 0x00, 0x00,
    0x71, 0x80, 0xFE, 0x73, 0x80, 0xFF, 0x7F, 0xFE, 0xFF, 0xFF, 0xFE, 0xFF, 0xEF, 0xDE, 0xFF, 0xFF,
    0xFC, 0xFF, 0xFF, 0xFC, 0xFF, 0xFC, 0xF8, 0xFF, 0xFC, 0xF8, 0xFC, 0x78, 0x78, 0xFE, 0xF8, 0x7C,
    0xFF, 0xFF, 0xFF, 0xFF, 0xFF, 0xFE, 0xFF, 0xDF, 0xEE, 0xFF, 0x00, 0x00, 0xFF, 0xFF, 0xFC, 0xFF,
    0xFF, 0xFC, 0xFE, 0xFF, 0xFC, 0xFE, 0x77, 0xB8, 0xFC, 0xF7, 0xF8, 0xF0, 0xE7, 0xBC, 0xF1, 0xE7,
    0x9E, 0xF3, 0xDF, 0x9E, 0xF0, 0x9F, 0x0C, 0xF0, 0x0E, 0x00, 0x00, 0x03, 0x80, 0xFF, 0x03, 0x80,
    0xFF, 0xFF, 0xFE, 0xFF, 0xFF, 0xFE, 0xF7, 0x7F, 0xFE, 0xF7, 0x1C, 0x70, 0xFF, 0xFF, 0xFE, 0xFF,
    0xFF, 0xFE, 0xFE, 0xFF, 0xFE, 0xFE, 0x7F, 0xFC, 0xFF, 0x7F, 0xFC, 0xF7, 0x70, 0x1C, 0xF7, 0x7F,
    0xFC, 0xF7, 0x7F, 0xFC, 0xF7, 0xF0, 0x1C, 0xF7, 0xFF, 0xFC, 0xFF, 0x7F, 0xFC, 0xFF, 0x03, 0x80,
    0xFE, 0xFF, 0xFE, 0xF1, 0xFF, 0xFF, 0xF1, 0xFF, 0xFF, 0xF0, 0x03, 0x80, 0xF0, 0x03, 0x80, 0xF0,
    0x03, 0x80, 0xF0, 0x03, 0x80, 0x00, 0x00, 0x38, 0xFF, 0x3F, 0xFC, 0xFF, 0xFF, 0xFC, 0xFF, 0xFF,
    0xFC, 0xF7, 0x77, 0x9E, 0xF7, 0x73, 0x9C, 0xFF, 0x7B, 0xBC, 0xFE, 0x3B, 0x38, 0xFE, 0x7F, 0xFC,
    0xFE, 0x7F, 0xFC, 0xFF, 0x00, 0x1C, 0xF7, 0x00, 0x1C, 0xF7, 0x7F, 0xFC, 0xF7, 0xFF, 0xFC, 0xF7,
    0x80, 0x1C, 0xF7, 0xFF, 0xFC, 0xFF, 0xFF, 0xFC, 0xFF, 0x0F, 0xC8, 0xFE, 0xFF, 0xFC, 0xF0, 0xFD,
    0xBC, 0xF1, 0xFC, 0x7E, 0xF1, 0xDC, 0x7E, 0xF3, 0xDF, 0xFE, 0xF1, 0xDF, 0xEE, 0xF0, 0x0F, 0xC0,
    0x03, 0x8F, 0x00, 0x03, 0xE7, 0x80, 0x01, 0xE3, 0xC0, 0x01, 0xFF, 0xFF, 0xC1, 0xFF, 0xFF, 0xE1,
    0xFF, 0xFF, 0xF1, 0xF8, 0x78, 0x01, 0xFF, 0xFF, 0xF8, 0x7F, 0xFF, 0xFC, 0x17, 0x0F, 0x00, 0x03,
    0xFF, 0xFF, 0x01, 0xFF, 0xFF, 0x80, 0xE1, 0xE0, 0x00, 0x7F, 0xFF, 0xF0, 0x3F, 0xFF, 0xF8, 0x1F,
    0xFF, 0xFC, 0x7F, 0xFF, 0xFF, 0x3F, 0xFF, 0xFF, 0x9F, 0xFF, 0xFF, 0xC0, 0x3F, 0xF8, 0x00, 0x7F,
    0xFF, 0x03, 0xFE, 0xEF, 0xFB, 0xFC, 0x71, 0xFC, 0xF8, 0x38, 0x3E, 0x30, 0x1C, 0x02, 0x00, 0x3F,
    0xFF, 0xF8, 0x3F, 0xFF, 0xF8, 0x3F, 0xFF, 0xF8, 0x00, 0x38, 0x00, 0xFF, 0xFF, 0xFE, 0xFF, 0xFF,
    0xFE, 0xFF, 0xBB, 0xFE, 0xFF, 0xBF, 0xFE, 0xF0, 0x38, 0x1E, 0x1F, 0xBF, 0xF0, 0x1F, 0xBB, 0xF0,
    0x00, 0x00, 0x00, 0x3F, 0xFF, 0xF8, 0x3F, 0xFF, 0xF8, 0x3C, 0x78, 0x78, 0x3F, 0xFF, 0xF8, 0x3F,
    0xFF, 0xF8, 0x3C, 0x78, 0x78, 0x3F, 0xFF, 0xF8, 0x3F, 0xFF, 0xFF, 0x3C, 0x78, 0x0F, 0x00, 0x3F,
    0xFE, 0x00, 0x3F, 0xFE, 0x00, 0x0F, 0xF8, 0x00, 0xE3, 0x80, 0x00, 0xF1, 0xC0, 0x00, 0x78, 0xE0,
    0x00, 0x3C, 0x70, 0x07, 0xFE, 0x3F, 0xF3, 0xFF, 0x1F, 0xF9, 0xFF, 0x8F, 0xFC, 0x03, 0xC7, 0x00,
    0x01, 0xE3, 0x80, 0x00, 0xF1, 0xC0, 0x0F, 0xF8, 0xFF, 0xC7, 0xFC, 0x7F, 0xE3, 0xFE, 0x3F, 0xE0,
    0x0F, 0x1C, 0x00, 0x07, 0xEE, 0x00, 0x1F, 0xF7, 0x00, 0xFF, 0xFB, 0xFF, 0xBF, 0xFD, 0xFF, 0xDF,
    0xF0, 0xFF, 0xE0, 0xF8, 0x70, 0x00, 0xF8, 0x38, 0x00, 0xF8, 0x1C, 0x01, 0xF8, 0x0E, 0x00, 0x78,
    0x07, 0x00, 0x18, 0x03, 0x80, 0x00, 0x00, 0x00, 0x00, 0xFF, 0xFF, 0xFF, 0xFF, 0xFF, 0xFF, 0xFF,
    0xFF, 0xF8, 0x03, 0xC0, 0x00, 0x07, 0x80, 0x0F, 0xFF, 0xFF, 0x9F, 0xFF, 0xFF, 0x3F, 0xFF, 0xFE,
    0x7B, 0xC7, 0x3C, 0xF7, 0xFE, 0x79, 0xEF, 0xFC, 0xF3, 0xDF, 0xF9, 0xE7, 0xBC, 0x73, 0xCF, 0x78,
    0xE7, 0x9E, 0xFF, 0xCF, 0x3D, 0xFF, 0x9E, 0x7B, 0xFF, 0x3C, 0xF7, 0x8E, 0x79, 0xFF, 0xFF, 0xF3,
    0xFF, 0xFF, 0xE7, 0xFF, 0xFF, 0xCF, 0x00, 0x07, 0x9C, 0x00, 0x0F, 0x00, 0x00, 0x3F, 0xFF, 0x80,
    0x1F, 0xFF, 0xDF, 0xFF, 0xFF, 0xEF, 0xF8, 0x3C, 0x07, 0xFD, 0xFF, 0xE0, 0x70, 0xFF, 0xF8, 0x38,
    0x7F, 0xFC, 0x1C, 0x38, 0x1E, 0x0E, 0x1C, 0x0F, 0x07, 0x0F, 0xFF, 0x83, 0x87, 0xFF, 0xC1, 0xC3,
    0x81, 0xE0, 0xE1, 0xC0, 0xF0, 0x72, 0xFF, 0xF8, 0x3F, 0xFF, 0xFC, 0xFF, 0xF8, 0x1E, 0xFF, 0x9F,
    0xFF, 0x3E, 0x0F, 0xFF, 0x98, 0x07, 0xFF, 0x80, 0x03, 0xE7, 0x80, 0x07, 0xF3, 0xF0, 0x07, 0xF0,
    0xFC, 0x03, 0xE0, 0x3C, 0x00, 0xC0, 0x04, 0x03, 0x80, 0x00, 0x01, 0xC7, 0xFF, 0x8E, 0xE3, 0xFF,
    0xC7, 0x7F, 0xFF, 0xE3, 0xBF, 0x0F, 0x01, 0xDF, 0xBF, 0xF0, 0xEE, 0x1F, 0xFC, 0x77, 0x0F, 0xFE,
    0xFF, 0xFF, 0x0F, 0x7F, 0xFF, 0x87, 0xBF, 0xFF, 0xFF, 0xC7, 0xFE, 0xFF, 0xE3, 0xBF, 0x70, 0xF1,
    0xDF, 0xF8, 0x79, 0xEE, 0xFF, 0xFC, 0xEF, 0xFF, 0xFE, 0x7F, 0xF7, 0x0F, 0x07, 0xFB, 0xFF, 0x83,
    0xF9, 0xFF, 0xC0, 0x7C, 0xFF, 0xC0, 0x7C, 0x7D, 0xE1, 0xFC, 0x7E, 0xF9, 0xFC, 0x7C, 0x3E, 0xF8,
    0x3C, 0x0F, 0x30, 0x0C, 0x02, 0x00, 0x1F, 0xC7, 0xF1, 0xFE, 0x7F, 0x9F, 0xF3, 0xFC, 0xF9, 0x3F,
    0x6F, 0x81, 0xE0, 0x7C, 0x0F, 0x03, 0xFE, 0x7F, 0xDF, 0xF3, 0xFE, 0xFF, 0x9F, 0xF7, 0xC0, 0xF0,
    0x3E, 0x07, 0x81, 0xF0, 0x3C, 0x0F, 0x81, 0xE0, 0x7C, 0x0F, 0x03, 0xE0, 0x78, 0x1F, 0x03, 0xC0,
    0xF8, 0x1E, 0x07, 0xC0, 0xF0, 0x3E, 0x07, 0x80, 0x1F, 0xDE, 0x3F, 0xDF, 0x7F, 0x9F, 0x7C, 0x9E,
    0xF8, 0x00, 0xF8, 0x00, 0xFF, 0x9E, 0xFF, 0x9E, 0xFF, 0x9E, 0xF8, 0x1E, 0xF8, 0x1E, 0xF8, 0x1E,
    0xF8, 0x1E, 0xF8, 0x1E, 0xF8, 0x1E, 0xF8, 0x1E, 0xF8, 0x1E, 0xF8, 0x1E, 0xF8, 0x1E, 0x1F, 0xDE,
    0x0F, 0xF7, 0x87, 0xF9, 0xE1, 0xF2, 0x78, 0xF8, 0x1E, 0x3E, 0x07, 0x8F, 0xF9, 0xE3, 0xFE, 0x78,
    0xFF, 0x9E, 0x3E, 0x07, 0x8F, 0x81, 0xE3, 0xE0, 0x78, 0xF8, 0x1E, 0x3E, 0x07, 0x8F, 0x81, 0xE3,
    0xE0, 0x7C, 0xF8, 0x1F, 0xBE, 0x03, 0xEF, 0x80, 0x78, 0x1F, 0xC7, 0xF3, 0xCF, 0xF3, 0xFD, 0xF7,
    0xFC, 0xFF, 0x7D, 0xF2, 0x7E, 0x8F, 0xF8, 0x1E, 0x00, 0x3E, 0x07, 0x80, 0x0F, 0xF9, 0xFF, 0x7F,
    0xFE, 0x7F, 0xDF, 0xFF, 0x9F, 0xF7, 0xFE, 0x07, 0x81, 0xFF, 0x81, 0xE0, 0x7F, 0xE0, 0x78, 0x1F,
    0xF8, 0x1E, 0x07, 0xFE, 0x07, 0x81, 0xFF, 0x81, 0xE0, 0x7F, 0xE0, 0x78, 0x1F, 0xF8, 0x1E, 0x07,
    0xFE, 0x07, 0x81, 0xFF, 0x81, 0xE0, 0x7C, 0x1F, 0xC7, 0xF3, 0xC3, 0xFC, 0xFF, 0x7C, 0x7F, 0xCF,
    0xF7, 0xC7, 0xC9, 0xFA, 0x7C, 0xF8, 0x1E, 0x07, 0xCF, 0x81, 0xE0, 0x7C, 0xFF, 0x9F, 0xF7, 0xCF,
    0xF9, 0xFF, 0x7C, 0xFF, 0x9F, 0xF7, 0xCF, 0x81, 0xE0, 0x7C, 0xF8, 0x1E, 0x07, 0xCF, 0x81, 0xE0,
    0x7C, 0xF8, 0x1E, 0x07, 0xCF, 0x81, 0xE0, 0x7C, 0xF8, 0x1E, 0x07, 0xCF, 0x81, 0xE0, 0x7E, 0xF8,
    0x1E, 0x03, 0xFF, 0x81, 0xE0, 0x3F, 0xF8, 0x1E, 0x01, 0xE0,
};

static const EpdGlyph ubuntu_12_boldGlyphs[] = {
    { 0, 0, 0, 0, 0, 0, 0 }, // U+0000
    { 0, 0, 0, 0, 0, 0, 0 }, // U+0008
    { 0, 0, 96, 0, 0, 0, 0 }, // U+0009
    { 0, 0, 96, 0, 0, 0, 0 }, // U+000D
    { 0, 0, 0, 0, 0, 0, 0 }, // U+001D
    { 0, 0, 96, 0, 0, 0, 0 }, // U+0020
    { 5, 17, 114, 1, 17, 11, 0 }, // !
    { 10, 7, 186, 1, 19, 9, 11 }, // "
    { 16, 17, 280, 1, 17, 34, 20 }, // #
    { 14, 23, 227, 0, 20, 41, 54 }, // $
    { 23, 17, 367, 0, 17, 49, 95 }, // %
    { 18, 17, 282, 0, 17, 39, 144 }, // &
    { 4, 7, 99, 1, 19, 4, 183 }, // '
    { 8, 25, 142, 1, 20, 25, 187 }, // (
    { 8, 25, 142, 0, 20, 25, 212 }, // )
    { 11, 10, 201, 1, 17, 14, 237 }, // *
    { 12, 11, 227, 1, 13, 17, 251 }, // +
    { 6, 8, 98, 0, 4, 6, 268 }, // ,
    { 8, 3, 136, 0, 9, 3, 274 }, // -
    { 6, 5, 98, 0, 5, 4, 277 }, // .
    { 13, 25, 175, -1, 20, 41, 281 }, // /
    { 14, 17, 227, 0, 17, 30, 322 }, // 0
    { 10, 17, 227, 1, 17, 22, 352 }, // 1
    { 13, 17, 227, 0, 17, 28, 374 }, // 2
    { 13, 17, 227, 0, 17, 28, 402 }, // 3
    { 14, 17, 227, 0, 17, 30, 430 }, // 4
    { 13, 17, 227, 0, 17, 28, 460 }, // 5
    { 14, 17, 227, 0, 17, 30, 488 }, // 6
    { 13, 17, 227, 1, 17, 28, 518 }, // 7
    { 14, 17, 227, 0, 17, 30, 546 }, // 8
    { 14, 17, 227, 0, 17, 30, 576 }, // 9
    { 6, 14, 98, 0, 14, 11, 606 }, // :
    { 6, 18, 98, 0, 14, 14, 617 }, // ;
    { 12, 13, 227, 1, 14, 20, 631 }, // <
    { 12, 8, 227, 1, 12, 12, 651 }, // =
    { 12, 13, 227, 1, 14, 20, 663 }, // >
    { 11, 19, 182, 0, 19, 27, 683 }, // ?
    { 23, 22, 390, 1, 18, 64, 710 }, // @
    { 18, 17, 288, 0, 17, 39, 774 }, // A
    { 14, 17, 269, 2, 17, 30, 813 }, // B
    { 15, 17, 259, 1, 17, 32, 843 }, // C
    { 16, 17, 295, 2, 17, 34, 875 }, // D
    { 13, 17, 242, 2, 17, 28, 909 }, // E
    { 12, 17, 230, 2, 17, 26, 937 }, // F
    { 15, 17, 281, 1, 17, 32, 963 }, // G
    { 15, 17, 294, 2, 17, 32, 995 }, // H
    { 4, 17, 126, 2, 17, 9, 1027 }, // I
    { 12, 17, 212, 0, 17, 26, 1036 }, // J
    { 15, 17, 274, 2, 17, 32, 1062 }, // K
    { 12, 17, 225, 2, 17, 26, 1094 }, // L
    { 20, 17, 359, 1, 17, 43, 1120 }, // M
    { 15, 17, 302, 2, 17, 32, 1163 }, // N
    { 18, 17, 316, 1, 17, 39, 1195 }, // O
    { 14, 17, 258, 2, 17, 30, 1234 }, // P
    { 18, 22, 316, 1, 17, 50, 1264 }, // Q
    { 15, 17, 267, 2, 17, 32, 1314 }, // R
    { 14, 17, 233, 0, 17, 30, 1346 }, // S
    { 15, 17, 246, 0, 17, 32, 1376 }, // T
    { 15, 17, 283, 1, 17, 32, 1408 }, // U
    { 18, 17, 289, 0, 17, 39, 1440 }, // V
    { 24, 17, 379, 0, 17, 51, 1479 }, // W
    { 17, 17, 270, 0, 17, 37, 1530 }, // X
    { 17, 17, 264, 0, 17, 37, 1567 }, // Y
    { 15, 17, 244, 0, 17, 32, 1604 }, // Z
    { 8, 25, 148, 2, 20, 25, 1636 }, // [
    { 13, 25, 175, -1, 20, 41, 1661 }, // <backslash>
    { 8, 25, 148, 0, 20, 25, 1702 }, // ]
    { 14, 10, 227, 0, 17, 18, 1727 }, // ^
    { 13, 3, 200, 0, -2, 5, 1745 }, // _
    { 7, 6, 114, 0, 20, 6, 1750 }, // `
    { 13, 13, 221, 0, 13, 22, 1756 }, // a
    { 13, 19, 242, 1, 19, 31, 1778 }, // b
    { 11, 13, 200, 1, 13, 18, 1809 }, // c
    { 13, 19, 242, 1, 19, 31, 1827 }, // d
    { 13, 13, 234, 1, 13, 22, 1858 }, // e
    { 10, 19, 169, 1, 19, 24, 1880 }, // f
    { 13, 18, 238, 1, 13, 30, 1904 }, // g
    { 13, 19, 236, 1, 19, 31, 1934 }, // h
    { 5, 19, 116, 1, 19, 12, 1965 }, // i
    { 8, 24, 116, -2, 19, 24, 1977 }, // j
    { 14, 19, 232, 1, 19, 34, 2001 }, // k
    { 7, 19, 126, 1, 19, 17, 2035 }, // l
    { 19, 13, 345, 1, 13, 31, 2052 }, // m
    { 13, 13, 236, 1, 13, 22, 2083 }, // n
    { 14, 13, 243, 1, 13, 23, 2105 }, // o
    { 13, 18, 242, 1, 13, 30, 2128 }, // p
    { 13, 18, 242, 1, 13, 30, 2158 }, // q
    { 10, 13, 169, 1, 13, 17, 2188 }, // r
    { 12, 13, 194, 0, 13, 20, 2205 }, // s
    { 10, 17, 178, 1, 17, 22, 2225 }, // t
    { 12, 13, 236, 1, 13, 20, 2247 }, // u
    { 14, 13, 220, 0, 13, 23, 2267 }, // v
    { 20, 13, 314, 0, 13, 33, 2290 }, // w
    { 14, 13, 222, 0, 13, 23, 2323 }, // x
    { 14, 18, 219, 0, 13, 32, 2346 }, // y
    { 12, 13, 200, 0, 13, 20, 2378 }, // z
    { 10, 25, 148, 0, 20, 32, 2398 }, // {
    { 4, 25, 129, 2, 20, 13, 2430 }, // |
    { 9, 25, 148, 0, 20, 29, 2443 }, // }
    { 14, 5, 227, 0, 10, 9, 2472 }, // ~
    { 0, 0, 96, 0, 0, 0, 2481 }, // U+00A0
    { 5, 18, 114, 1, 13, 12, 2481 }, // U+00A1
    { 11, 18, 227, 1, 16, 25, 2493 }, // U+00A2
    { 13, 17, 227, 0, 17, 28, 2518 }, // U+00A3
    { 14, 13, 227, 0, 16, 23, 2546 }, // U+00A4
    { 16, 17, 227, -1, 17, 34, 2569 }, // U+00A5
    { 4, 25, 121, 2, 20, 13, 2603 }, // U+00A6
    { 13, 22, 206, 0, 17, 36, 2616 }, // U+00A7
    { 11, 4, 214, 1, 19, 6, 2652 }, // U+00A8
    { 18, 18, 318, 1, 18, 41, 2658 }, // U+00A9
    { 10, 10, 160, 0, 18, 13, 2699 }, // U+00AA
    { 15, 13, 239, 0, 14, 25, 2712 }, // U+00AB
    { 12, 9, 227, 1, 10, 14, 2737 }, // U+00AC
    { 8, 3, 136, 0, 9, 3, 2751 }, // U+00AD
    { 18, 18, 318, 1, 18, 41, 2754 }, // U+00AE
    { 9, 3, 150, 0, 19, 4, 2795 }, // U+00AF
    { 9, 7, 145, 0, 19, 8, 2799 }, // U+00B0
    { 12, 15, 227, 1, 15, 23, 2807 }, // U+00B1
    { 9, 10, 145, 0, 18, 12, 2830 }, // U+00B2
    { 8, 10, 145, 0, 18, 10, 2842 }, // U+00B3
    { 7, 6, 114, 0, 20, 6, 2852 }, // U+00B4
    { 13, 18, 238, 1, 13, 30, 2858 }, // U+00B5
    { 15, 23, 284, 1, 18, 44, 2888 }, // U+00B6
    { 6, 5, 98, 0, 10, 4, 2932 }, // U+00B7
    { 6, 7, 130, 1, 1, 6, 2936 }, // U+00B8
    { 7, 10, 145, 0, 18, 9, 2942 }, // U+00B9
    { 11, 10, 183, 0, 18, 14, 2951 }, // U+00BA
    { 15, 13, 239, 0, 14, 25, 2965 }, // U+00BB
    { 22, 18, 351, 0, 18, 50, 2990 }, // U+00BC
    { 21, 18, 351, 0, 18, 48, 3040 }, // U+00BD
    { 22, 18, 351, 0, 18, 50, 3088 }, // U+00BE
    { 11, 18, 182, 0, 13, 25, 3138 }, // U+00BF
    { 18, 24, 288, 0, 24, 54, 3163 }, // U+00C0
    { 18, 24, 288, 0, 24, 54, 3217 }, // U+00C1
    { 18, 23, 288, 0, 23, 52, 3271 }, // U+00C2
    { 18, 23, 288, 0, 23, 52, 3323 }, // U+00C3
    { 18, 23, 288, 0, 23, 52, 3375 }, // U+00C4
    { 18, 22, 288, 0, 22, 50, 3427 }, // U+00C5
    { 24, 17, 398, 0, 17, 51, 3477 }, // U+00C6
    { 15, 22, 259, 1, 17, 42, 3528 }, // U+00C7
    { 13, 24, 242, 2, 24, 39, 3570 }, // U+00C8
    { 13, 24, 242, 2, 24, 39, 3609 }, // U+00C9
    { 13, 23, 242, 2, 23, 38, 3648 }, // U+00CA
    { 13, 23, 242, 2, 23, 38, 3686 }, // U+00CB
    { 7, 24, 126, 0, 24, 21, 3724 }, // U+00CC
    { 7, 24, 126, 1, 24, 21, 3745 }, // U+00CD
    { 8, 23, 126, 0, 23, 23, 3766 }, // U+00CE
    { 10, 23, 126, -1, 23, 29, 3789 }, // U+00CF
    { 18, 17, 299, 0, 17, 39, 3818 }, // U+00D0
    { 15, 23, 302, 2, 23, 44, 3857 }, // U+00D1
    { 18, 24, 316, 1, 24, 54, 3901 }, // U+00D2
    { 18, 24, 316, 1, 24, 54, 3955 }, // U+00D3
    { 18, 23, 316, 1, 23, 52, 4009 }, // U+00D4
    { 18, 23, 316, 1, 23, 52, 4061 }, // U+00D5
    { 18, 23, 316, 1, 23, 52, 4113 }, // U+00D6
    { 12, 11, 227, 1, 13, 17, 4165 }, // U+00D7
    { 18, 19, 316, 1, 18, 43, 4182 }, // U+00D8
    { 15, 24, 283, 1, 24, 45, 4225 }, // U+00D9
    { 15, 24, 283, 1, 24, 45, 4270 }, // U+00DA
    { 15, 23, 283, 1, 23, 44, 4315 }, // U+00DB
    { 15, 23, 283, 1, 23, 44, 4359 }, // U+00DC
    { 17, 24, 264, 0, 24, 51, 4403 }, // U+00DD
    { 14, 17, 258, 2, 17, 30, 4454 }, // U+00DE
    { 15, 19, 264, 1, 19, 36, 4484 }, // U+00DF
    { 13, 20, 221, 0, 20, 33, 4520 }, // U+00E0
    { 13, 20, 221, 0, 20, 33, 4553 }, // U+00E1
    { 13, 19, 221, 0, 19, 31, 4586 }, // U+00E2
    { 13, 19, 221, 0, 19, 31, 4617 }, // U+00E3
    { 13, 19, 221, 0, 19, 31, 4648 }, // U+00E4
    { 13, 20, 221, 0, 20, 33, 4679 }, // U+00E5
    { 21, 13, 350, 0, 13, 35, 4712 }, // U+00E6
    { 11, 18, 200, 1, 13, 25, 4747 }, // U+00E7
    { 13, 20, 234, 1, 20, 33, 4772 }, // U+00E8
    { 13, 20, 234, 1, 20, 33, 4805 }, // U+00E9
    { 13, 19, 234, 1, 19, 31, 4838 }, // U+00EA
    { 13, 19, 234, 1, 19, 31, 4869 }, // U+00EB
    { 7, 20, 116, 0, 20, 18, 4900 }, // U+00EC
    { 6, 20, 116, 1, 20, 15, 4918 }, // U+00ED
    { 9, 19, 116, -1, 19, 22, 4933 }, // U+00EE
    { 11, 19, 116, -2, 19, 27, 4955 }, // U+00EF
    { 14, 19, 240, 1, 19, 34, 4982 }, // U+00F0
    { 13, 19, 236, 1, 19, 31, 5016 }, // U+00F1
    { 14, 20, 243, 1, 20, 35, 5047 }, // U+00F2
    { 14, 20, 243, 1, 20, 35, 5082 }, // U+00F3
    { 14, 19, 243, 1, 19, 34, 5117 }, // U+00F4
    { 14, 19, 243, 1, 19, 34, 5151 }, // U+00F5
    { 14, 19, 243, 1, 19, 34, 5185 }, // U+00F6
    { 12, 13, 227, 1, 13, 20, 5219 }, // U+00F7
    { 14, 15, 243, 1, 14, 27, 5239 }, // U+00F8
    { 12, 20, 236, 1, 20, 30, 5266 }, // U+00F9
    { 12, 20, 236, 1, 20, 30, 5296 }, // U+00FA
    { 12, 19, 236, 1, 19, 29, 5326 }, // U+00FB
    { 12, 19, 236, 1, 19, 29, 5355 }, // U+00FC
    { 14, 25, 219, 0, 20, 44, 5384 }, // U+00FD
    { 13, 24, 242, 1, 19, 39, 5428 }, // U+00FE
    { 14, 24, 219, 0, 19, 42, 5467 }, // U+00FF
    { 18, 23, 288, 0, 23, 52, 5509 }, // U+0100
    { 13, 19, 221, 0, 19, 31, 5561 }, // U+0101
    { 18, 23, 288, 0, 23, 52, 5592 }, // U+0102
    { 13, 19, 221, 0, 19, 31, 5644 }, // U+0103
    { 19, 23, 288, 0, 17, 55, 5675 }, // U+0104
    { 13, 19, 221, 0, 13, 31, 5730 }, // U+0105
    { 15, 24, 259, 1, 24, 45, 5761 }, // U+0106
    { 11, 20, 200, 1, 20, 28, 5806 }, // U+0107
    { 15, 23, 259, 1, 23, 44, 5834 }, // U+0108
    { 11, 19, 200, 1, 19, 27, 5878 }, // U+0109
    { 15, 23, 259, 1, 23, 44, 5905 }, // U+010A
    { 11, 19, 200, 1, 19, 27, 5949 }, // U+010B
    { 15, 24, 259, 1, 24, 45, 5976 }, // U+010C
    { 11, 20, 200, 1, 20, 28, 6021 }, // U+010D
    { 16, 24, 295, 2, 24, 48, 6049 }, // U+010E
    { 18, 19, 274, 1, 19, 43, 6097 }, // U+010F
    { 18, 17, 299, 0, 17, 39, 6140 }, // U+0110
    { 14, 19, 242, 1, 19, 34, 6179 }, // U+0111
    { 13, 23, 242, 2, 23, 38, 6213 }, // U+0112
    { 13, 19, 234, 1, 19, 31, 6251 }, // U+0113
    { 13, 23, 242, 2, 23, 38, 6282 }, // U+0114
    { 13, 19, 234, 1, 19, 31, 6320 }, // U+0115
    { 13, 23, 242, 2, 23, 38, 6351 }, // U+0116
    { 13, 19, 234, 1, 19, 31, 6389 }, // U+0117
    { 13, 23, 242, 2, 17, 38, 6420 }, // U+0118
    { 13, 18, 234, 1, 13, 30, 6458 }, // U+0119
    { 13, 24, 242, 2, 24, 39, 6488 }, // U+011A
    { 13, 20, 234, 1, 20, 33, 6527 }, // U+011B
    { 15, 23, 281, 1, 23, 44, 6560 }, // U+011C
    { 13, 24, 238, 1, 19, 39, 6604 }, // U+011D
    { 15, 23, 281, 1, 23, 44, 6643 }, // U+011E
    { 13, 24, 238, 1, 19, 39, 6687 }, // U+011F
    { 15, 23, 281, 1, 23, 44, 6726 }, // U+0120
    { 13, 24, 238, 1, 19, 39, 6770 }, // U+0121
    { 15, 22, 281, 1, 17, 42, 6809 }, // U+0122
    { 13, 25, 238, 1, 20, 41, 6851 }, // U+0123
    { 15, 23, 294, 2, 23, 44, 6892 }, // U+0124
    { 13, 25, 236, 1, 25, 41, 6936 }, // U+0125
    { 19, 17, 302, 0, 17, 41, 6977 }, // U+0126
    { 14, 19, 240, 0, 19, 34, 7018 }, // U+0127
    { 10, 23, 126, -1, 23, 29, 7052 }, // U+0128
    { 10, 19, 116, -1, 19, 24, 7081 }, // U+0129
    { 10, 23, 126, -1, 23, 29, 7105 }, // U+012A
    { 9, 19, 116, -1, 19, 22, 7134 }, // U+012B
    { 9, 23, 126, 0, 23, 26, 7156 }, // U+012C
    { 9, 19, 116, -1, 19, 22, 7182 }, // U+012D
    { 7, 23, 126, 0, 17, 21, 7204 }, // U+012E
    { 6, 25, 116, 0, 19, 19, 7225 }, // U+012F
    { 5, 23, 126, 1, 23, 15, 7244 }, // U+0130
    { 5, 13, 116, 1, 13, 9, 7259 }, // U+0131
    { 18, 17, 336, 2, 17, 39, 7268 }, // U+0132
    { 12, 24, 230, 1, 19, 36, 7307 }, // U+0133
    { 14, 23, 212, 0, 23, 41, 7343 }, // U+0134
    { 10, 24, 116, -2, 19, 30, 7384 }, // U+0135
    { 15, 22, 274, 2, 17, 42, 7414 }, // U+0136
    { 14, 24, 232, 1, 19, 42, 7456 }, // U+0137
    { 14, 13, 233, 1, 13, 23, 7498 }, // U+0138
    { 13, 24, 225, 1, 24, 39, 7521 }, // U+0139
    { 7, 24, 126, 1, 24, 21, 7560 }, // U+013A
    { 12, 22, 225, 2, 17, 33, 7581 }, // U+013B
    { 7, 24, 126, 1, 19, 21, 7614 }, // U+013C
    { 12, 17, 225, 2, 17, 26, 7635 }, // U+013D
    { 10, 19, 148, 1, 19, 24, 7661 }, // U+013E
    { 12, 17, 225, 2, 17, 26, 7685 }, // U+013F
    { 12, 19, 207, 1, 19, 29, 7711 }, // U+0140
    { 15, 17, 238, 0, 17, 32, 7740 }, // U+0141
    { 11, 19, 146, -1, 19, 27, 7772 }, // U+0142
    { 15, 24, 302, 2, 24, 45, 7799 }, // U+0143
    { 13, 20, 236, 1, 20, 33, 7844 }, // U+0144
    { 15, 22, 302, 2, 17, 42, 7877 }, // U+0145
    { 13, 18, 236, 1, 13, 30, 7919 }, // U+0146
    { 15, 24, 302, 2, 24, 45, 7949 }, // U+0147
    { 13, 20, 236, 1, 20, 33, 7994 }, // U+0148
    { 15, 19, 248, -1, 19, 36, 8027 }, // U+0149
    { 15, 22, 302, 2, 17, 42, 8063 }, // U+014A
    { 13, 18, 236, 1, 13, 30, 8105 }, // U+014B
    { 18, 23, 316, 1, 23, 52, 8135 }, // U+014C
    { 14, 19, 243, 1, 19, 34, 8187 }, // U+014D
    { 18, 23, 316, 1, 23, 52, 8221 }, // U+014E
    { 14, 19, 243, 1, 19, 34, 8273 }, // U+014F
    { 18, 24, 316, 1, 24, 54, 8307 }, // U+0150
    { 14, 20, 243, 1, 20, 35, 8361 }, // U+0151
    { 24, 17, 399, 1, 17, 51, 8396 }, // U+0152
    { 22, 13, 375, 1, 13, 36, 8447 }, // U+0153
    { 15, 24, 267, 2, 24, 45, 8483 }, // U+0154
    { 10, 20, 169, 1, 20, 25, 8528 }, // U+0155
    { 15, 22, 267, 2, 17, 42, 8553 }, // U+0156
    { 11, 18, 169, 0, 13, 25, 8595 }, // U+0157
    { 15, 24, 267, 2, 24, 45, 8620 }, // U+0158
    { 10, 20, 169, 1, 20, 25, 8665 }, // U+0159
    { 14, 24, 233, 0, 24, 42, 8690 }, // U+015A
    { 12, 20, 194, 0, 20, 30, 8732 }, // U+015B
    { 14, 23, 233, 0, 23, 41, 8762 }, // U+015C
    { 12, 19, 194, 0, 19, 29, 8803 }, // U+015D
    { 14, 22, 233, 0, 17, 39, 8832 }, // U+015E
    { 12, 18, 194, 0, 13, 27, 8871 }, // U+015F
    { 14, 24, 233, 0, 24, 42, 8898 }, // U+0160
    { 12, 20, 194, 0, 20, 30, 8940 }, // U+0161
    { 15, 23, 246, 0, 17, 44, 8970 }, // U+0162
    { 10, 22, 178, 1, 17, 28, 9014 }, // U+0163
    { 15, 24, 246, 0, 24, 45, 9042 }, // U+0164
    { 10, 19, 178, 1, 19, 24, 9087 }, // U+0165
    { 15, 17, 246, 0, 17, 32, 9111 }, // U+0166
    { 10, 17, 178, 1, 17, 22, 9143 }, // U+0167
    { 15, 23, 283, 1, 23, 44, 9165 }, // U+0168
    { 12, 19, 236, 1, 19, 29, 9209 }, // U+0169
    { 15, 23, 283, 1, 23, 44, 9238 }, // U+016A
    { 12, 19, 236, 1, 19, 29, 9282 }, // U+016B
    { 15, 23, 283, 1, 23, 44, 9311 }, // U+016C
    { 12, 19, 236, 1, 19, 29, 9355 }, // U+016D
    { 15, 23, 283, 1, 23, 44, 9384 }, // U+016E
    { 12, 20, 236, 1, 20, 30, 9428 }, // U+016F
    { 15, 24, 283, 1, 24, 45, 9458 }, // U+0170
    { 13, 20, 236, 1, 20, 33, 9503 }, // U+0171
    { 15, 22, 283, 1, 17, 42, 9536 }, // U+0172
    { 13, 18, 236, 1, 13, 30, 9578 }, // U+0173
    { 24, 23, 379, 0, 23, 69, 9608 }, // U+0174
    { 20, 19, 314, 0, 19, 48, 9677 }, // U+0175
    { 17, 23, 264, 0, 23, 49, 9725 }, // U+0176
    { 14, 24, 219, 0, 19, 42, 9774 }, // U+0177
    { 17, 23, 264, 0, 23, 49, 9816 }, // U+0178
    { 15, 24, 244, 0, 24, 45, 9865 }, // U+0179
    { 12, 20, 200, 0, 20, 30, 9910 }, // U+017A
    { 15, 23, 244, 0, 23, 44, 9940 }, // U+017B
    { 12, 19, 200, 0, 19, 29, 9984 }, // U+017C
    { 15, 24, 244, 0, 24, 45, 10013 }, // U+017D
    { 12, 20, 200, 0, 20, 30, 10058 }, // U+017E
    { 10, 19, 132, 1, 19, 24, 10088 }, // U+017F
    { 18, 19, 316, 1, 19, 43, 10112 }, // U+01A0
    { 15, 15, 243, 1, 15, 29, 10155 }, // U+01A1
    { 18, 20, 299, 1, 20, 45, 10184 }, // U+01AF
    { 15, 16, 250, 1, 16, 30, 10229 }, // U+01B0
    { 30, 24, 520, 2, 24, 90, 10259 }, // U+01C4
    { 28, 20, 486, 2, 20, 70, 10349 }, // U+01C5
    { 26, 20, 438, 1, 20, 65, 10419 }, // U+01C6
    { 24, 17, 436, 2, 17, 51, 10484 }, // U+01C7
    { 18, 24, 339, 2, 19, 54, 10535 }, // U+01C8
    { 13, 24, 241, 1, 19, 39, 10589 }, // U+01C9
    { 29, 17, 512, 2, 17, 62, 10628 }, // U+01CA
    { 23, 24, 417, 2, 19, 69, 10690 }, // U+01CB
    { 20, 24, 351, 1, 19, 60, 10759 }, // U+01CC
    { 18, 24, 288, 0, 24, 54, 10819 }, // U+01CD
    { 13, 20, 221, 0, 20, 33, 10873 }, // U+01CE
    { 8, 24, 126, 0, 24, 24, 10906 }, // U+01CF
    { 9, 20, 116, -1, 20, 23, 10930 }, // U+01D0
    { 18, 24, 316, 1, 24, 54, 10953 }, // U+01D1
    { 14, 20, 243, 1, 20, 35, 11007 }, // U+01D2
    { 15, 24, 283, 1, 24, 45, 11042 }, // U+01D3
    { 12, 20, 236, 1, 20, 30, 11087 }, // U+01D4
    { 15, 25, 283, 1, 25, 47, 11117 }, // U+01D5
    { 12, 21, 236, 1, 21, 32, 11164 }, // U+01D6
    { 15, 24, 283, 1, 24, 45, 11196 }, // U+01D7
    { 12, 22, 236, 1, 22, 33, 11241 }, // U+01D8
    { 15, 24, 283, 1, 24, 45, 11274 }, // U+01D9
    { 12, 22, 236, 1, 22, 33, 11319 }, // U+01DA
    { 15, 24, 283, 1, 24, 45, 11352 }, // U+01DB
    { 12, 22, 236, 1, 22, 33, 11397 }, // U+01DC
    { 13, 13, 234, 1, 13, 22, 11430 }, // U+01DD
    { 18, 25, 288, 0, 25, 57, 11452 }, // U+01DE
    { 13, 21, 221, 0, 21, 35, 11509 }, // U+01DF
    { 18, 25, 288, 0, 25, 57, 11544 }, // U+01E0
    { 13, 21, 221, 0, 21, 35, 11601 }, // U+01E1
    { 24, 23, 398, 0, 23, 69, 11636 }, // U+01E2
    { 21, 19, 350, 0, 19, 50, 11705 }, // U+01E3
    { 17, 17, 291, 1, 17, 37, 11755 }, // U+01E4
    { 14, 18, 241, 1, 13, 32, 11792 }, // U+01E5
    { 15, 24, 281, 1, 24, 45, 11824 }, // U+01E6
    { 13, 25, 238, 1, 20, 41, 11869 }, // U+01E7
    { 15, 24, 274, 2, 24, 45, 11910 }, // U+01E8
    { 14, 25, 232, 1, 25, 44, 11955 }, // U+01E9
    { 18, 22, 316, 1, 17, 50, 11999 }, // U+01EA
    { 14, 18, 243, 1, 13, 32, 12049 }, // U+01EB
    { 18, 28, 316, 1, 23, 63, 12081 }, // U+01EC
    { 14, 24, 243, 1, 19, 42, 12144 }, // U+01ED
    { 14, 24, 246, 0, 24, 42, 12186 }, // U+01EE
    { 12, 26, 206, 0, 21, 39, 12228 }, // U+01EF
    { 10, 25, 116, -2, 20, 32, 12267 }, // U+01F0
    { 30, 17, 520, 2, 17, 64, 12299 }, // U+01F1
    { 28, 17, 486, 2, 17, 60, 12363 }, // U+01F2
    { 26, 19, 438, 1, 19, 62, 12423 }, // U+01F3
    { 15, 24, 281, 1, 24, 45, 12485 }, // U+01F4
    { 13, 25, 238, 1, 20, 41, 12530 }, // U+01F5
    { 24, 17, 424, 2, 17, 51, 12571 }, // U+01F6
    { 14, 22, 268, 2, 17, 39, 12622 }, // U+01F7
    { 15, 24, 302, 2, 24, 45, 12661 }, // U+01F8
    { 13, 20, 236, 1, 20, 33, 12706 }, // U+01F9
    { 18, 26, 288, 0, 26, 59, 12739 }, // U+01FA
    { 13, 24, 221, 0, 24, 39, 12798 }, // U+01FB
    { 24, 24, 398, 0, 24, 72, 12837 }, // U+01FC
    { 21, 20, 350, 0, 20, 53, 12909 }, // U+01FD
    { 18, 25, 316, 1, 24, 57, 12962 }, // U+01FE
    { 14, 21, 243, 1, 20, 37, 13019 }, // U+01FF
    { 18, 24, 288, 0, 24, 54, 13056 }, // U+0200
    { 13, 20, 221, 0, 20, 33, 13110 }, // U+0201
    { 18, 23, 288, 0, 23, 52, 13143 }, // U+0202
    { 13, 19, 221, 0, 19, 31, 13195 }, // U+0203
    { 13, 24, 242, 2, 24, 39, 13226 }, // U+0204
    { 13, 20, 234, 1, 20, 33, 13265 }, // U+0205
    { 13, 23, 242, 2, 23, 38, 13298 }, // U+0206
    { 13, 19, 234, 1, 19, 31, 13336 }, // U+0207
    { 11, 24, 126, -2, 24, 33, 13367 }, // U+0208
    { 12, 20, 116, -3, 20, 30, 13400 }, // U+0209
    { 10, 23, 126, -1, 23, 29, 13430 }, // U+020A
    { 9, 19, 116, -1, 19, 22, 13459 }, // U+020B
    { 18, 24, 316, 1, 24, 54, 13481 }, // U+020C
    { 14, 20, 243, 1, 20, 35, 13535 }, // U+020D
    { 18, 23, 316, 1, 23, 52, 13570 }, // U+020E
    { 14, 19, 243, 1, 19, 34, 13622 }, // U+020F
    { 15, 24, 267, 2, 24, 45, 13656 }, // U+0210
    { 11, 20, 169, 0, 20, 28, 13701 }, // U+0211
    { 15, 23, 267, 2, 23, 44, 13729 }, // U+0212
    { 10, 19, 169, 1, 19, 24, 13773 }, // U+0213
    { 15, 24, 283, 1, 24, 45, 13797 }, // U+0214
    { 12, 20, 236, 1, 20, 30, 13842 }, // U+0215
    { 15, 23, 283, 1, 23, 44, 13872 }, // U+0216
    { 12, 19, 236, 1, 19, 29, 13916 }, // U+0217
    { 14, 22, 233, 0, 17, 39, 13945 }, // U+0218
    { 12, 18, 194, 0, 13, 27, 13984 }, // U+0219
    { 15, 22, 246, 0, 17, 42, 14011 }, // U+021A
    { 10, 22, 178, 1, 17, 28, 14053 }, // U+021B
    { 13, 22, 227, 0, 17, 36, 14081 }, // U+021C
    { 11, 18, 191, 0, 13, 25, 14117 }, // U+021D
    { 15, 24, 294, 2, 24, 45, 14142 }, // U+021E
    { 13, 25, 236, 1, 25, 41, 14187 }, // U+021F
    { 9, 4, 156, 0, 19, 5, 14228 }, // U+0311
    { 13, 24, 242, 2, 24, 39, 14233 }, // U+0400
    { 13, 23, 242, 2, 23, 38, 14272 }, // U+0401
    { 20, 17, 326, 0, 17, 43, 14310 }, // U+0402
    { 12, 24, 237, 2, 24, 36, 14353 }, // U+0403
    { 16, 17, 274, 1, 17, 34, 14389 }, // U+0404
    { 14, 17, 233, 0, 17, 30, 14423 }, // U+0405
    { 4, 17, 126, 2, 17, 9, 14453 }, // U+0406
    { 10, 23, 126, -1, 23, 29, 14462 }, // U+0407
    { 12, 17, 212, 0, 17, 26, 14491 }, // U+0408
    { 28, 17, 452, 0, 17, 60, 14517 }, // U+0409
    { 24, 17, 430, 2, 17, 51, 14577 }, // U+040A
    { 19, 17, 308, 0, 17, 41, 14628 }, // U+040B
    { 15, 24, 274, 2, 24, 45, 14669 }, // U+040C
    { 15, 24, 302, 2, 24, 45, 14714 }, // U+040D
    { 17, 24, 261, 0, 24, 51, 14759 }, // U+040E
    { 15, 22, 292, 2, 17, 42, 14810 }, // U+040F
    { 18, 17, 288, 0, 17, 39, 14852 }, // U+0410
    { 14, 17, 260, 2, 17, 30, 14891 }, // U+0411
    { 14, 17, 269, 2, 17, 30, 14921 }, // U+0412
    { 12, 17, 237, 2, 17, 26, 14951 }, // U+0413
    { 21, 22, 329, 0, 17, 58, 14977 }, // U+0414
    { 13, 17, 242, 2, 17, 28, 15035 }, // U+0415
    { 25, 17, 393, 0, 17, 54, 15063 }, // U+0416
    { 15, 17, 244, 0, 17, 32, 15117 }, // U+0417
    { 15, 17, 302, 2, 17, 32, 15149 }, // U+0418
    { 15, 24, 302, 2, 24, 45, 15181 }, // U+0419
    { 15, 17, 274, 2, 17, 32, 15226 }, // U+041A
    { 18, 17, 316, 0, 17, 39, 15258 }, // U+041B
    { 20, 17, 359, 1, 17, 43, 15297 }, // U+041C
    { 15, 17, 294, 2, 17, 32, 15340 }, // U+041D
    { 18, 17, 316, 1, 17, 39, 15372 }, // U+041E
    { 15, 17, 292, 2, 17, 32, 15411 }, // U+041F
    { 14, 17, 258, 2, 17, 30, 15443 }, // U+0420
    { 15, 17, 259, 1, 17, 32, 15473 }, // U+0421
    { 15, 17, 246, 0, 17, 32, 15505 }, // U+0422
    { 17, 17, 261, 0, 17, 37, 15537 }, // U+0423
    { 20, 18, 348, 1, 18, 45, 15574 }, // U+0424
    { 17, 17, 270, 0, 17, 37, 15619 }, // U+0425
    { 18, 22, 316, 2, 17, 50, 15656 }, // U+0426
    { 14, 17, 272, 1, 17, 30, 15706 }, // U+0427
    { 22, 17, 408, 2, 17, 47, 15736 }, // U+0428
    { 25, 22, 432, 2, 17, 69, 15783 }, // U+0429
    { 19, 17, 309, 0, 17, 41, 15852 }, // U+042A
    { 20, 17, 371, 2, 17, 43, 15893 }, // U+042B
    { 14, 17, 264, 2, 17, 30, 15936 }, // U+042C
    { 15, 17, 272, 1, 17, 32, 15966 }, // U+042D
    { 24, 17, 432, 2, 17, 51, 15998 }, // U+042E
    { 15, 17, 276, 1, 17, 32, 16049 }, // U+042F
    { 13, 13, 221, 0, 13, 22, 16081 }, // U+0430
    { 13, 19, 240, 1, 19, 31, 16103 }, // U+0431
    { 13, 13, 239, 1, 13, 22, 16134 }, // U+0432
    { 11, 13, 181, 1, 13, 18, 16156 }, // U+0433
    { 17, 17, 271, 0, 13, 37, 16174 }, // U+0434
    { 13, 13, 234, 1, 13, 22, 16211 }, // U+0435
    { 21, 13, 340, 0, 13, 35, 16233 }, // U+0436
    { 12, 13, 198, 0, 13, 20, 16268 }, // U+0437
    { 13, 13, 248, 1, 13, 22, 16288 }, // U+0438
    { 13, 20, 248, 1, 20, 33, 16310 }, // U+0439
    { 14, 13, 234, 1, 13, 23, 16343 }, // U+043A
    { 14, 13, 251, 0, 13, 23, 16366 }, // U+043B
    { 17, 13, 304, 1, 13, 28, 16389 }, // U+043C
    { 13, 13, 237, 1, 13, 22, 16417 }, // U+043D
    { 14, 13, 243, 1, 13, 23, 16439 }, // U+043E
    { 13, 13, 237, 1, 13, 22, 16462 }, // U+043F
    { 13, 18, 242, 1, 13, 30, 16484 }, // U+0440
    { 11, 13, 200, 1, 13, 18, 16514 }, // U+0441
    { 13, 13, 210, 0, 13, 22, 16532 }, // U+0442
    { 14, 18, 219, 0, 13, 32, 16554 }, // U+0443
    { 18, 24, 318, 1, 19, 54, 16586 }, // U+0444
    { 14, 13, 222, 0, 13, 23, 16640 }, // U+0445
    { 15, 17, 253, 1, 13, 32, 16663 }, // U+0446
    { 12, 13, 227, 1, 13, 20, 16695 }, // U+0447
    { 19, 13, 344, 1, 13, 31, 16715 }, // U+0448
    { 21, 17, 360, 1, 13, 45, 16746 }, // U+0449
    { 16, 13, 256, 0, 13, 26, 16791 }, // U+044A
    { 18, 13, 330, 1, 13, 30, 16817 }, // U+044B
    { 13, 13, 226, 1, 13, 22, 16847 }, // U+044C
    { 13, 13, 208, 0, 13, 22, 16869 }, // U+044D
    { 20, 13, 349, 1, 13, 33, 16891 }, // U+044E
    { 13, 13, 234, 0, 13, 22, 16924 }, // U+044F
    { 13, 20, 234, 1, 20, 33, 16946 }, // U+0450
    { 13, 19, 234, 1, 19, 31, 16979 }, // U+0451
    { 14, 24, 240, 0, 19, 42, 17010 }, // U+0452
    { 11, 20, 181, 1, 20, 28, 17052 }, // U+0453
    { 13, 13, 208, 0, 13, 22, 17080 }, // U+0454
    { 12, 13, 194, 0, 13, 20, 17102 }, // U+0455
    { 5, 19, 116, 1, 19, 12, 17122 }, // U+0456
    { 11, 19, 116, -2, 19, 27, 17134 }, // U+0457
    { 8, 24, 116, -2, 19, 24, 17161 }, // U+0458
    { 22, 13, 361, 0, 13, 36, 17185 }, // U+0459
    { 20, 13, 347, 1, 13, 33, 17221 }, // U+045A
    { 14, 19, 240, 0, 19, 34, 17254 }, // U+045B
    { 14, 20, 234, 1, 20, 35, 17288 }, // U+045C
    { 13, 20, 248, 1, 20, 33, 17323 }, // U+045D
    { 14, 25, 219, 0, 20, 44, 17356 }, // U+045E
    { 13, 17, 237, 1, 13, 28, 17400 }, // U+045F
    { 18, 19, 299, 0, 19, 43, 17428 }, // U+0462
    { 15, 19, 254, 0, 19, 36, 17471 }, // U+0463
    { 18, 17, 316, 1, 17, 39, 17507 }, // U+0472
    { 14, 13, 243, 1, 13, 23, 17546 }, // U+0473
    { 21, 17, 316, 0, 17, 45, 17569 }, // U+0474
    { 16, 13, 239, 0, 13, 26, 17614 }, // U+0475
    { 18, 29, 331, 2, 24, 66, 17640 }, // U+048A
    { 15, 24, 252, 1, 20, 45, 17706 }, // U+048B
    { 16, 17, 264, 0, 17, 34, 17751 }, // U+048C
    { 14, 14, 226, 0, 14, 25, 17785 }, // U+048D
    { 14, 17, 262, 2, 17, 30, 17810 }, // U+048E
    { 14, 18, 246, 1, 13, 32, 17840 }, // U+048F
    { 12, 20, 229, 2, 20, 30, 17872 }, // U+0490
    { 11, 16, 185, 1, 16, 22, 17902 }, // U+0491
    { 15, 17, 254, 1, 17, 32, 17924 }, // U+0492
    { 12, 13, 210, 1, 13, 20, 17956 }, // U+0493
    { 14, 22, 270, 2, 17, 39, 17976 }, // U+0494
    { 13, 18, 228, 1, 13, 30, 18015 }, // U+0495
    { 26, 21, 409, 0, 17, 69, 18045 }, // U+0496
    { 22, 17, 349, 0, 13, 47, 18114 }, // U+0497
    { 15, 22, 244, 0, 17, 42, 18161 }, // U+0498
    { 12, 18, 198, 0, 13, 27, 18203 }, // U+0499
    { 16, 22, 295, 2, 17, 44, 18230 }, // U+049A
    { 14, 17, 242, 1, 13, 30, 18274 }, // U+049B
    { 18, 17, 314, 2, 17, 39, 18304 }, // U+049C
    { 16, 13, 273, 1, 13, 26, 18343 }, // U+049D
    { 18, 18, 283, 0, 18, 41, 18369 }, // U+049E
    { 15, 14, 242, 0, 14, 27, 18410 }, // U+049F
    { 20, 17, 319, 0, 17, 43, 18437 }, // U+04A0
    { 17, 13, 263, 0, 13, 28, 18480 }, // U+04A1
    { 18, 22, 323, 2, 17, 50, 18508 }, // U+04A2
    { 15, 17, 254, 1, 13, 32, 18558 }, // U+04A3
    { 19, 17, 335, 2, 17, 41, 18590 }, // U+04A4
    { 16, 13, 261, 1, 13, 26, 18631 }, // U+04A5
    { 25, 22, 444, 2, 17, 69, 18657 }, // U+04A6
    { 20, 18, 349, 1, 13, 45, 18726 }, // U+04A7
    { 19, 21, 320, 1, 17, 50, 18771 }, // U+04A8
    { 15, 17, 253, 1, 13, 32, 18821 }, // U+04A9
    { 15, 22, 259, 1, 17, 42, 18853 }, // U+04AA
    { 11, 18, 200, 1, 13, 25, 18895 }, // U+04AB
    { 15, 22, 246, 0, 17, 42, 18920 }, // U+04AC
    { 13, 17, 202, 0, 13, 28, 18962 }, // U+04AD
    { 17, 17, 264, 0, 17, 37, 18990 }, // U+04AE
    { 14, 18, 220, 0, 13, 32, 19027 }, // U+04AF
    { 17, 17, 264, 0, 17, 37, 19059 }, // U+04B0
    { 14, 18, 220, 0, 13, 32, 19096 }, // U+04B1
    { 18, 22, 286, 0, 17, 50, 19128 }, // U+04B2
    { 15, 17, 235, 0, 13, 32, 19178 }, // U+04B3
    { 23, 22, 376, 0, 17, 64, 19210 }, // U+04B4
    { 17, 17, 279, 0, 13, 37, 19274 }, // U+04B5
    { 17, 22, 290, 1, 17, 47, 19311 }, // U+04B6
    { 15, 17, 236, 0, 13, 32, 19358 }, // U+04B7
    { 14, 17, 272, 1, 17, 30, 19390 }, // U+04B8
    { 13, 13, 225, 0, 13, 22, 19420 }, // U+04B9
    { 14, 17, 280, 2, 17, 30, 19442 }, // U+04BA
    { 13, 19, 236, 1, 19, 31, 19472 }, // U+04BB
    { 21, 17, 352, 0, 17, 45, 19503 }, // U+04BC
    { 17, 13, 283, 0, 13, 28, 19548 }, // U+04BD
    { 21, 21, 352, 0, 17, 56, 19576 }, // U+04BE
    { 17, 16, 283, 0, 13, 34, 19632 }, // U+04BF
    { 4, 17, 126, 2, 17, 9, 19666 }, // U+04C0
    { 25, 24, 393, 0, 24, 75, 19675 }, // U+04C1
    { 21, 20, 340, 0, 20, 53, 19750 }, // U+04C2
    { 15, 22, 281, 2, 17, 42, 19803 }, // U+04C3
    { 13, 18, 230, 1, 13, 30, 19845 }, // U+04C4
    { 21, 22, 332, 0, 17, 58, 19875 }, // U+04C5
    { 17, 17, 270, 0, 13, 37, 19933 }, // U+04C6
    { 15, 22, 294, 2, 17, 42, 19970 }, // U+04C7
    { 13, 18, 240, 1, 13, 30, 20012 }, // U+04C8
    { 18, 22, 314, 2, 17, 50, 20042 }, // U+04C9
    { 15, 17, 251, 1, 13, 32, 20092 }, // U+04CA
    { 14, 22, 272, 1, 17, 39, 20124 }, // U+04CB
    { 12, 17, 227, 1, 13, 26, 20163 }, // U+04CC
    { 23, 22, 381, 1, 17, 64, 20189 }, // U+04CD
    { 19, 17, 318, 1, 13, 41, 20253 }, // U+04CE
    { 5, 17, 116, 1, 17, 11, 20294 }, // U+04CF
    { 18, 24, 288, 0, 24, 54, 20305 }, // U+04D0
    { 13, 20, 221, 0, 20, 33, 20359 }, // U+04D1
    { 18, 23, 288, 0, 23, 52, 20392 }, // U+04D2
    { 13, 19, 221, 0, 19, 31, 20444 }, // U+04D3
    { 24, 17, 398, 0, 17, 51, 20475 }, // U+04D4
    { 21, 13, 350, 0, 13, 35, 20526 }, // U+04D5
    { 13, 24, 242, 2, 24, 39, 20561 }, // U+04D6
    { 13, 20, 234, 1, 20, 33, 20600 }, // U+04D7
    { 16, 17, 292, 1, 17, 34, 20633 }, // U+04D8
    { 13, 13, 234, 1, 13, 22, 20667 }, // U+04D9
    { 16, 23, 292, 1, 23, 46, 20689 }, // U+04DA
    { 13, 19, 234, 1, 19, 31, 20735 }, // U+04DB
    { 25, 23, 393, 0, 23, 72, 20766 }, // U+04DC
    { 21, 19, 340, 0, 19, 50, 20838 }, // U+04DD
    { 15, 23, 244, 0, 23, 44, 20888 }, // U+04DE
    { 12, 19, 198, 0, 19, 29, 20932 }, // U+04DF
    { 14, 17, 246, 0, 17, 30, 20961 }, // U+04E0
    { 12, 18, 206, 0, 13, 27, 20991 }, // U+04E1
    { 15, 23, 302, 2, 23, 44, 21018 }, // U+04E2
    { 13, 19, 248, 1, 19, 31, 21062 }, // U+04E3
    { 15, 23, 302, 2, 23, 44, 21093 }, // U+04E4
    { 13, 19, 248, 1, 19, 31, 21137 }, // U+04E5
    { 18, 23, 316, 1, 23, 52, 21168 }, // U+04E6
    { 14, 19, 243, 1, 19, 34, 21220 }, // U+04E7
    { 18, 17, 316, 1, 17, 39, 21254 }, // U+04E8
    { 14, 13, 243, 1, 13, 23, 21293 }, // U+04E9
    { 18, 23, 316, 1, 23, 52, 21316 }, // U+04EA
    { 14, 19, 243, 1, 19, 34, 21368 }, // U+04EB
    { 15, 23, 272, 1, 23, 44, 21402 }, // U+04EC
    { 13, 19, 208, 0, 19, 31, 21446 }, // U+04ED
    { 17, 23, 261, 0, 23, 49, 21477 }, // U+04EE
    { 14, 24, 219, 0, 19, 42, 21526 }, // U+04EF
    { 17, 23, 261, 0, 23, 49, 21568 }, // U+04F0
    { 14, 24, 219, 0, 19, 42, 21617 }, // U+04F1
    { 17, 24, 261, 0, 24, 51, 21659 }, // U+04F2
    { 14, 25, 219, 0, 20, 44, 21710 }, // U+04F3
    { 14, 23, 272, 1, 23, 41, 21754 }, // U+04F4
    { 12, 19, 227, 1, 19, 29, 21795 }, // U+04F5
    { 12, 22, 237, 2, 17, 33, 21824 }, // U+04F6
    { 11, 17, 181, 1, 13, 24, 21857 }, // U+04F7
    { 20, 23, 371, 2, 23, 58, 21881 }, // U+04F8
    { 18, 19, 330, 1, 19, 43, 21939 }, // U+04F9
    { 17, 24, 264, 0, 24, 51, 21982 }, // U+1EF2
    { 14, 25, 219, 0, 20, 44, 22033 }, // U+1EF3
    { 13, 3, 200, 0, 9, 5, 22077 }, // U+2013
    { 25, 3, 400, 0, 9, 10, 22082 }, // U+2014
    { 25, 3, 400, 0, 9, 10, 22092 }, // U+2015
    { 5, 7, 97, 1, 19, 5, 22102 }, // U+2018
    { 6, 7, 97, 0, 19, 6, 22107 }, // U+2019
    { 6, 7, 97, 0, 4, 6, 22113 }, // U+201A
    { 10, 7, 182, 1, 19, 9, 22119 }, // U+201C
    { 11, 7, 182, 0, 19, 10, 22128 }, // U+201D
    { 11, 7, 182, 0, 4, 10, 22138 }, // U+201E
    { 12, 21, 198, 0, 17, 32, 22148 }, // U+2020
    { 12, 21, 198, 0, 17, 32, 22180 }, // U+2021
    { 9, 7, 146, 0, 12, 8, 22212 }, // U+2022
    { 23, 5, 400, 1, 5, 15, 22220 }, // U+2026
    { 33, 17, 528, 0, 17, 71, 22235 }, // U+2030
    { 8, 13, 131, 0, 14, 13, 22306 }, // U+2039
    { 8, 13, 131, 0, 14, 13, 22319 }, // U+203A
    { 14, 18, 61, -5, 18, 32, 22332 }, // U+2044
    { 9, 10, 145, 0, 18, 12, 22364 }, // U+2070
    { 9, 10, 145, 0, 18, 12, 22376 }, // U+2074
    { 9, 10, 145, 0, 18, 12, 22388 }, // U+2075
    { 9, 10, 145, 0, 18, 12, 22400 }, // U+2076
    { 9, 10, 145, 0, 18, 12, 22412 }, // U+2077
    { 9, 10, 145, 0, 18, 12, 22424 }, // U+2078
    { 9, 10, 145, 0, 18, 12, 22436 }, // U+2079
    { 9, 10, 145, 0, 11, 12, 22448 }, // U+2080
    { 7, 10, 145, 0, 11, 9, 22460 }, // U+2081
    { 9, 10, 145, 0, 11, 12, 22469 }, // U+2082
    { 8, 10, 145, 0, 11, 10, 22481 }, // U+2083
    { 9, 10, 145, 0, 11, 12, 22491 }, // U+2084
    { 9, 10, 145, 0, 11, 12, 22503 }, // U+2085
    { 9, 10, 145, 0, 11, 12, 22515 }, // U+2086
    { 9, 10, 145, 0, 11, 12, 22527 }, // U+2087
    { 9, 10, 145, 0, 11, 12, 22539 }, // U+2088
    { 9, 10, 145, 0, 11, 12, 22551 }, // U+2089
    { 14, 17, 227, 1, 17, 30, 22563 }, // U+20AC
    { 14, 17, 227, 0, 17, 30, 22593 }, // U+20AE
    { 14, 17, 227, 0, 17, 30, 22623 }, // U+20B4
    { 14, 17, 227, 1, 17, 30, 22653 }, // U+20B9
    { 15, 18, 245, 0, 18, 34, 22683 }, // U+2202
    { 18, 17, 277, 0, 17, 39, 22717 }, // U+2206
    { 15, 21, 292, 2, 18, 40, 22756 }, // U+220F
    { 14, 20, 217, 0, 17, 35, 22796 }, // U+2211
    { 12, 3, 227, 1, 9, 5, 22831 }, // U+2212
    { 14, 18, 61, -5, 18, 32, 22836 }, // U+2215
    { 6, 5, 98, 0, 10, 4, 22868 }, // U+2219
    { 16, 18, 241, 0, 18, 36, 22872 }, // U+221A
    { 16, 8, 254, 0, 11, 16, 22908 }, // U+221E
    { 10, 25, 160, 0, 19, 32, 22924 }, // U+222B
    { 14, 11, 227, 0, 13, 20, 22956 }, // U+2248
    { 12, 14, 227, 1, 14, 21, 22976 }, // U+2260
    { 12, 15, 227, 1, 15, 23, 22997 }, // U+2264
    { 12, 15, 227, 1, 15, 23, 23020 }, // U+2265
    { 0, 0, 400, 0, 0, 0, 23043 }, // U+3000
    { 10, 8, 400, 0, 6, 10, 23043 }, // U+3001
    { 9, 8, 400, 0, 6, 9, 23053 }, // U+3002
    { 17, 13, 400, 4, 16, 28, 23062 }, // U+3003
    { 24, 25, 400, 0, 22, 75, 23090 }, // U+3004
    { 20, 23, 400, 2, 21, 58, 23165 }, // U+3005
    { 20, 23, 400, 3, 20, 58, 23223 }, // U+3006
    { 23, 25, 400, 1, 22, 72, 23281 }, // U+3007
    { 11, 24, 400, 13, 22, 33, 23353 }, // U+3008
    { 10, 24, 400, 1, 22, 30, 23386 }, // U+3009
    { 13, 24, 400, 12, 22, 39, 23416 }, // U+300A
    { 13, 24, 400, 0, 22, 39, 23455 }, // U+300B
    { 10, 17, 400, 15, 22, 22, 23494 }, // U+300C
    { 9, 17, 400, 0, 14, 20, 23516 }, // U+300D
    { 11, 18, 400, 14, 22, 25, 23536 }, // U+300E
    { 10, 18, 400, 0, 15, 23, 23561 }, // U+300F
    { 9, 24, 400, 16, 22, 27, 23584 }, // U+3010
    { 9, 24, 400, 0, 22, 27, 23611 }, // U+3011
    { 17, 20, 400, 4, 19, 43, 23638 }, // U+3012
    { 21, 21, 400, 2, 20, 56, 23681 }, // U+3013
    { 8, 25, 400, 17, 22, 25, 23737 }, // U+3014
    { 8, 25, 400, 0, 22, 25, 23762 }, // U+3015
    { 10, 25, 400, 15, 22, 32, 23787 }, // U+3016
    { 10, 25, 400, 0, 22, 32, 23819 }, // U+3017
    { 9, 25, 400, 16, 22, 29, 23851 }, // U+3018
    { 9, 25, 400, 0, 22, 29, 23880 }, // U+3019
    { 9, 25, 400, 16, 22, 29, 23909 }, // U+301A
    { 8, 25, 400, 0, 22, 25, 23938 }, // U+301B
    { 25, 9, 400, 0, 14, 29, 23963 }, // U+301C
    { 8, 11, 400, 16, 22, 11, 23992 }, // U+301D
    { 8, 11, 400, 1, 22, 11, 24003 }, // U+301E
    { 8, 11, 400, 1, 8, 11, 24014 }, // U+301F
    { 24, 19, 400, 0, 19, 57, 24025 }, // U+3020
    { 5, 22, 400, 10, 20, 14, 24082 }, // U+3021
    { 11, 22, 400, 7, 21, 31, 24096 }, // U+3022
    { 18, 23, 400, 4, 21, 52, 24127 }, // U+3023
    { 22, 21, 400, 1, 19, 58, 24179 }, // U+3024
    { 14, 22, 400, 5, 21, 39, 24237 }, // U+3025
    { 23, 10, 400, 1, 20, 29, 24276 }, // U+3026
    { 23, 18, 400, 1, 21, 52, 24305 }, // U+3027
    { 23, 22, 400, 1, 21, 64, 24357 }, // U+3028
    { 23, 24, 400, 1, 21, 69, 24421 }, // U+3029
    { 6, 6, 0, -26, -3, 5, 24490 }, // U+302A
    { 6, 6, 0, -26, 28, 5, 24495 }, // U+302B
    { 6, 6, 0, -5, 28, 5, 24500 }, // U+302C
    { 6, 6, 0, -5, -3, 5, 24505 }, // U+302D
    { 6, 5, 100, 0, 12, 4, 24510 }, // U+302E
    { 6, 11, 100, 0, 15, 9, 24514 }, // U+302F
    { 25, 7, 400, 0, 13, 22, 24523 }, // U+3030
    { 17, 49, 400, 3, 34, 105, 24545 }, // U+3031
    { 20, 49, 400, 3, 34, 123, 24650 }, // U+3032
    { 16, 24, 400, 3, 21, 48, 24773 }, // U+3033
    { 20, 24, 400, 3, 21, 60, 24821 }, // U+3034
    { 16, 24, 400, 4, 22, 48, 24881 }, // U+3035
    { 24, 25, 400, 0, 22, 75, 24929 }, // U+3036
    { 25, 24, 400, 0, 21, 75, 25004 }, // U+3037
    { 23, 24, 400, 1, 21, 69, 25079 }, // U+3038
    { 23, 24, 400, 1, 21, 69, 25148 }, // U+3039
    { 23, 25, 400, 1, 22, 72, 25217 }, // U+303A
    { 14, 23, 400, 5, 21, 41, 25289 }, // U+303B
    { 21, 21, 400, 2, 20, 56, 25330 }, // U+303C
    { 22, 18, 400, 2, 18, 50, 25386 }, // U+303D
    { 23, 23, 400, 1, 21, 67, 25436 }, // U+303E
    { 15, 21, 400, 5, 20, 40, 25503 }, // U+303F
    { 18, 20, 400, 4, 18, 45, 25543 }, // U+3041
    { 22, 24, 400, 2, 21, 66, 25588 }, // U+3042
    { 18, 17, 400, 4, 15, 39, 25654 }, // U+3043
    { 22, 20, 400, 2, 19, 55, 25693 }, // U+3044
    { 15, 20, 400, 5, 17, 38, 25748 }, // U+3045
    { 18, 24, 400, 3, 21, 54, 25786 }, // U+3046
    { 18, 20, 400, 4, 17, 45, 25840 }, // U+3047
    { 21, 24, 400, 2, 21, 63, 25885 }, // U+3048
    { 20, 19, 400, 3, 17, 48, 25948 }, // U+3049
    { 23, 23, 400, 2, 21, 67, 25996 }, // U+304A
    { 24, 23, 400, 1, 21, 69, 26063 }, // U+304B
    { 24, 26, 400, 1, 23, 78, 26132 }, // U+304C
    { 19, 23, 400, 3, 21, 55, 26210 }, // U+304D
    { 23, 25, 400, 2, 22, 72, 26265 }, // U+304E
    { 16, 23, 400, 3, 21, 46, 26337 }, // U+304F
    { 19, 23, 400, 3, 21, 55, 26383 }, // U+3050
    { 22, 24, 400, 2, 21, 66, 26438 }, // U+3051
    { 24, 25, 400, 1, 22, 75, 26504 }, // U+3052
    { 19, 21, 400, 3, 19, 50, 26579 }, // U+3053
    { 22, 25, 400, 3, 23, 69, 26629 }, // U+3054
    { 19, 23, 400, 3, 21, 55, 26698 }, // U+3055
    { 22, 26, 400, 3, 23, 72, 26753 }, // U+3056
    { 18, 23, 400, 5, 21, 52, 26825 }, // U+3057
    { 19, 23, 400, 4, 21, 55, 26877 }, // U+3058
    { 22, 24, 400, 2, 21, 66, 26932 }, // U+3059
    { 23, 25, 400, 1, 22, 72, 26998 }, // U+305A
    { 24, 23, 400, 0, 21, 69, 27070 }, // U+305B
    { 25, 23, 400, 0, 21, 72, 27139 }, // U+305C
    { 21, 24, 400, 2, 21, 63, 27211 }, // U+305D
    { 23, 24, 400, 1, 21, 69, 27274 }, // U+305E
    { 21, 23, 400, 2, 21, 61, 27343 }, // U+305F
    { 24, 24, 400, 1, 21, 72, 27404 }, // U+3060
    { 20, 24, 400, 2, 21, 60, 27476 }, // U+3061
    { 24, 26, 400, 1, 23, 78, 27536 }, // U+3062
    { 19, 15, 400, 3, 13, 36, 27614 }, // U+3063
    { 23, 19, 400, 1, 18, 55, 27650 }, // U+3064
    { 25, 23, 400, 0, 22, 72, 27705 }, // U+3065
    { 22, 21, 400, 1, 19, 58, 27777 }, // U+3066
    { 23, 21, 400, 1, 19, 61, 27835 }, // U+3067
    { 18, 23, 400, 4, 21, 52, 27896 }, // U+3068
    { 22, 24, 400, 3, 22, 66, 27948 }, // U+3069
    { 23, 23, 400, 1, 21, 67, 28014 }, // U+306A
    { 21, 22, 400, 2, 20, 58, 28081 }, // U+306B
    { 24, 22, 400, 1, 21, 66, 28139 }, // U+306C
    { 24, 23, 400, 1, 21, 69, 28205 }, // U+306D
    { 23, 21, 400, 1, 19, 61, 28274 }, // U+306E
    { 23, 23, 400, 2, 20, 67, 28335 }, // U+306F
    { 24, 25, 400, 1, 22, 75, 28402 }, // U+3070
    { 24, 25, 400, 1, 22, 75, 28477 }, // U+3071
    { 23, 22, 400, 2, 20, 64, 28552 }, // U+3072
    { 24, 25, 400, 1, 22, 75, 28616 }, // U+3073
    { 24, 25, 400, 1, 22, 75, 28691 }, // U+3074
    { 25, 23, 400, 0, 21, 72, 28766 }, // U+3075
    { 25, 23, 400, 0, 21, 72, 28838 }, // U+3076
    { 25, 23, 400, 0, 21, 72, 28910 }, // U+3077
    { 25, 18, 400, 0, 18, 57, 28982 }, // U+3078
    { 24, 20, 400, 0, 19, 60, 29039 }, // U+3079
    { 24, 20, 400, 0, 19, 60, 29099 }, // U+307A
    { 22, 22, 400, 2, 20, 61, 29159 }, // U+307B
    { 24, 25, 400, 1, 22, 75, 29220 }, // U+307C
    { 24, 25, 400, 1, 22, 75, 29295 }, // U+307D
    { 18, 23, 400, 4, 21, 52, 29370 }, // U+307E
    { 23, 23, 400, 1, 20, 67, 29422 }, // U+307F
    { 23, 23, 400, 1, 21, 67, 29489 }, // U+3080
    { 23, 23, 400, 1, 21, 67, 29556 }, // U+3081
    { 21, 23, 400, 2, 21, 61, 29623 }, // U+3082
    { 20, 20, 400, 2, 17, 50, 29684 }, // U+3083
    { 24, 25, 400, 0, 22, 75, 29734 }, // U+3084
    { 18, 20, 400, 4, 17, 45, 29809 }, // U+3085
    { 22, 24, 400, 2, 21, 66, 29854 }, // U+3086
    { 17, 19, 400, 4, 17, 41, 29920 }, // U+3087
    { 20, 23, 400, 2, 21, 58, 29961 }, // U+3088
    { 19, 24, 400, 3, 21, 57, 30019 }, // U+3089
    { 17, 24, 400, 4, 21, 51, 30076 }, // U+308A
    { 20, 22, 400, 2, 20, 55, 30127 }, // U+308B
    { 24, 23, 400, 1, 21, 69, 30182 }, // U+308C
    { 20, 23, 400, 2, 20, 58, 30251 }, // U+308D
    { 20, 19, 400, 3, 17, 48, 30309 }, // U+308E
    { 23, 23, 400, 1, 21, 67, 30357 }, // U+308F
    { 22, 23, 400, 1, 21, 64, 30424 }, // U+3090
    { 23, 24, 400, 1, 21, 69, 30488 }, // U+3091
    { 22, 23, 400, 1, 21, 64, 30557 }, // U+3092
    { 24, 23, 400, 1, 21, 69, 30621 }, // U+3093
    { 23, 24, 400, 2, 21, 69, 30690 }, // U+3094
    { 21, 20, 400, 3, 17, 53, 30759 }, // U+3095
    { 18, 19, 400, 4, 16, 43, 30812 }, // U+3096
    { 8, 7, 0, -7, 24, 7, 30855 }, // U+3099
    { 7, 7, 0, -6, 23, 7, 30862 }, // U+309A
    { 9, 7, 400, 0, 22, 8, 30869 }, // U+309B
    { 7, 6, 400, 0, 21, 6, 30877 }, // U+309C
    { 13, 16, 400, 7, 17, 26, 30883 }, // U+309D
    { 15, 19, 400, 6, 19, 36, 30909 }, // U+309E
    { 22, 25, 400, 1, 22, 69, 30945 }, // U+309F
    { 13, 7, 400, 6, 13, 12, 31014 }, // U+30A0
    { 19, 18, 400, 4, 15, 43, 31026 }, // U+30A1
    { 22, 22, 400, 2, 20, 61, 31069 }, // U+30A2
    { 19, 19, 400, 2, 16, 46, 31130 }, // U+30A3
    { 22, 22, 400, 1, 21, 61, 31176 }, // U+30A4
    { 18, 20, 400, 4, 17, 45, 31237 }, // U+30A5
    { 21, 23, 400, 2, 21, 61, 31282 }, // U+30A6
    { 19, 17, 400, 3, 15, 41, 31343 }, // U+30A7
    { 23, 19, 400, 1, 18, 55, 31384 }, // U+30A8
    { 19, 19, 400, 3, 16, 46, 31439 }, // U+30A9
    { 22, 23, 400, 1, 21, 64, 31485 }, // U+30AA
    { 20, 23, 400, 2, 21, 58, 31549 }, // U+30AB
    { 24, 24, 400, 1, 22, 72, 31607 }, // U+30AC
    { 21, 22, 400, 2, 20, 58, 31679 }, // U+30AD
    { 23, 24, 400, 1, 22, 69, 31737 }, // U+30AE
    { 22, 25, 400, 1, 22, 69, 31806 }, // U+30AF
    { 25, 26, 400, 0, 23, 82, 31875 }, // U+30B0
    { 23, 23, 400, 1, 21, 67, 31957 }, // U+30B1
    { 25, 25, 400, 0, 22, 79, 32024 }, // U+30B2
    { 19, 20, 400, 3, 19, 48, 32103 }, // U+30B3
    { 22, 25, 400, 3, 23, 69, 32151 }, // U+30B4
    { 23, 24, 400, 1, 21, 69, 32220 }, // U+30B5
    { 24, 24, 400, 1, 21, 72, 32289 }, // U+30B6
    { 22, 22, 400, 2, 20, 61, 32361 }, // U+30B7
    { 24, 22, 400, 1, 21, 66, 32422 }, // U+30B8
    { 23, 21, 400, 1, 19, 61, 32488 }, // U+30B9
    { 24, 26, 400, 1, 23, 78, 32549 }, // U+30BA
    { 22, 23, 400, 1, 21, 64, 32627 }, // U+30BB
    { 25, 25, 400, 0, 23, 79, 32691 }, // U+30BC
    { 20, 20, 400, 2, 19, 50, 32770 }, // U+30BD
    { 24, 24, 400, 1, 22, 72, 32820 }, // U+30BE
    { 22, 25, 400, 1, 22, 69, 32892 }, // U+30BF
    { 25, 26, 400, 0, 23, 82, 32961 }, // U+30C0
    { 23, 23, 400, 1, 21, 67, 33043 }, // U+30C1
    { 24, 23, 400, 1, 20, 69, 33110 }, // U+30C2
    { 19, 18, 400, 3, 15, 43, 33179 }, // U+30C3
    { 23, 21, 400, 1, 20, 61, 33222 }, // U+30C4
    { 24, 24, 400, 1, 22, 72, 33283 }, // U+30C5
    { 22, 23, 400, 2, 20, 64, 33355 }, // U+30C6
    { 24, 26, 400, 1, 23, 78, 33419 }, // U+30C7
    { 15, 21, 400, 7, 20, 40, 33497 }, // U+30C8
    { 17, 22, 400, 6, 20, 47, 33537 }, // U+30C9
    { 22, 23, 400, 2, 21, 64, 33584 }, // U+30CA
    { 21, 18, 400, 2, 18, 48, 33648 }, // U+30CB
    { 20, 22, 400, 2, 19, 55, 33696 }, // U+30CC
    { 23, 23, 400, 1, 21, 67, 33751 }, // U+30CD
    { 19, 21, 400, 2, 20, 50, 33818 }, // U+30CE
    { 23, 19, 400, 1, 18, 55, 33868 }, // U+30CF
    { 25, 22, 400, 0, 21, 69, 33923 }, // U+30D0
    { 25, 24, 400, 0, 22, 75, 33992 }, // U+30D1
    { 18, 22, 400, 4, 21, 50, 34067 }, // U+30D2
    { 21, 24, 400, 3, 22, 63, 34117 }, // U+30D3
    { 21, 23, 400, 3, 21, 61, 34180 }, // U+30D4
    { 20, 21, 400, 3, 19, 53, 34241 }, // U+30D5
    { 23, 25, 400, 2, 23, 72, 34294 }, // U+30D6
    { 23, 24, 400, 2, 22, 69, 34366 }, // U+30D7
    { 24, 18, 400, 1, 18, 54, 34435 }, // U+30D8
    { 24, 20, 400, 0, 19, 60, 34489 }, // U+30D9
    { 24, 20, 400, 0, 19, 60, 34549 }, // U+30DA
    { 23, 23, 400, 1, 21, 67, 34609 }, // U+30DB
    { 25, 24, 400, 0, 22, 75, 34676 }, // U+30DC
    { 24, 24, 400, 0, 22, 72, 34751 }, // U+30DD
    { 22, 22, 400, 2, 19, 61, 34823 }, // U+30DE
    { 18, 21, 400, 3, 20, 48, 34884 }, // U+30DF
    { 23, 23, 400, 1, 21, 67, 34932 }, // U+30E0
    { 21, 21, 400, 2, 20, 56, 34999 }, // U+30E1
    { 21, 22, 400, 2, 20, 58, 35055 }, // U+30E2
    { 19, 19, 400, 3, 16, 46, 35113 }, // U+30E3
    { 23, 23, 400, 1, 21, 67, 35159 }, // U+30E4
    { 19, 16, 400, 3, 14, 38, 35226 }, // U+30E5
    { 23, 18, 400, 1, 18, 52, 35264 }, // U+30E6
    { 15, 18, 400, 5, 15, 34, 35316 }, // U+30E7
    { 19, 21, 400, 3, 19, 50, 35350 }, // U+30E8
    { 20, 22, 400, 3, 20, 55, 35400 }, // U+30E9
    { 17, 21, 400, 4, 19, 45, 35455 }, // U+30EA
    { 25, 21, 400, 0, 19, 66, 35500 }, // U+30EB
    { 20, 21, 400, 4, 19, 53, 35566 }, // U+30EC
    { 20, 20, 400, 3, 19, 50, 35619 }, // U+30ED
    { 18, 19, 400, 4, 15, 43, 35669 }, // U+30EE
    { 21, 21, 400, 2, 19, 56, 35712 }, // U+30EF
    { 22, 23, 400, 2, 21, 64, 35768 }, // U+30F0
    { 23, 20, 400, 1, 19, 58, 35832 }, // U+30F1
    { 20, 22, 400, 3, 20, 55, 35890 }, // U+30F2
    { 22, 20, 400, 2, 19, 55, 35945 }, // U+30F3
    { 23, 26, 400, 2, 23, 75, 36000 }, // U+30F4
    { 18, 19, 400, 3, 16, 43, 36075 }, // U+30F5
    { 20, 19, 400, 2, 16, 48, 36118 }, // U+30F6
    { 22, 26, 400, 2, 23, 72, 36166 }, // U+30F7
    { 24, 24, 400, 1, 22, 72, 36238 }, // U+30F8
    { 23, 23, 400, 1, 22, 67, 36310 }, // U+30F9
    { 22, 26, 400, 2, 23, 72, 36377 }, // U+30FA
    { 7, 7, 400, 9, 13, 7, 36449 }, // U+30FB
    { 21, 5, 400, 2, 12, 14, 36456 }, // U+30FC
    { 14, 14, 400, 6, 16, 25, 36470 }, // U+30FD
    { 16, 17, 400, 5, 19, 34, 36495 }, // U+30FE
    { 16, 22, 400, 4, 20, 44, 36529 }, // U+30FF
    { 25, 4, 400, 0, 12, 13, 36573 }, // U+4E00
    { 23, 24, 400, 1, 22, 69, 36586 }, // U+4E0A
    { 23, 23, 400, 1, 20, 67, 36655 }, // U+4E0B
    { 23, 23, 400, 1, 20, 67, 36722 }, // U+4E21
    { 21, 25, 400, 2, 22, 66, 36789 }, // U+4E2D
    { 21, 24, 400, 2, 21, 63, 36855 }, // U+4E86
    { 25, 25, 400, 0, 22, 79, 36918 }, // U+4ED6
    { 25, 25, 400, 0, 22, 79, 36997 }, // U+4ED8
    { 25, 25, 400, 0, 22, 79, 37076 }, // U+4EF6
    { 25, 25, 400, 0, 22, 79, 37155 }, // U+4F4D
    { 25, 25, 400, 0, 22, 79, 37234 }, // U+4F53
    { 25, 25, 400, 0, 22, 79, 37313 }, // U+4F59
    { 25, 25, 400, 0, 22, 79, 37392 }, // U+4F5C
    { 25, 25, 400, 0, 22, 79, 37471 }, // U+4F7F
    { 25, 25, 400, 0, 22, 79, 37550 }, // U+4FDD
    { 25, 25, 400, 0, 22, 79, 37629 }, // U+4FE1
    { 25, 25, 400, 0, 22, 79, 37708 }, // U+5099
    { 25, 25, 400, 0, 22, 79, 37787 }, // U+50BE
    { 25, 25, 400, 0, 22, 79, 37866 }, // U+50CF
    { 24, 25, 400, 0, 22, 75, 37945 }, // U+5148
    { 25, 25, 400, 0, 22, 79, 38020 }, // U+5149
    { 25, 24, 400, 0, 21, 75, 38099 }, // U+5165
    { 25, 24, 400, 0, 22, 75, 38174 }, // U+5168
    { 21, 25, 400, 2, 22, 66, 38249 }, // U+5185
    { 25, 23, 400, 0, 20, 72, 38315 }, // U+518D
    { 21, 25, 400, 2, 22, 66, 38387 }, // U+51FA
    { 25, 26, 400, 0, 22, 82, 38453 }, // U+5206
    { 24, 24, 400, 0, 21, 72, 38535 }, // U+5207
    { 24, 25, 400, 0, 22, 75, 38607 }, // U+523B
    { 24, 25, 400, 0, 22, 75, 38682 }, // U+524A
    { 23, 25, 400, 1, 22, 72, 38757 }, // U+524D
    { 23, 25, 400, 1, 22, 72, 38829 }, // U+526F
    { 24, 25, 400, 0, 22, 75, 38901 }, // U+5272
    { 22, 25, 400, 1, 22, 69, 38976 }, // U+529B
    { 24, 25, 400, 0, 22, 75, 39045 }, // U+529F
    { 24, 25, 400, 0, 22, 75, 39120 }, // U+52A0
    { 24, 25, 400, 0, 22, 75, 39195 }, // U+52B9
    { 24, 25, 400, 0, 22, 75, 39270 }, // U+52D5
    { 25, 25, 400, 0, 22, 79, 39345 }, // U+5316
    { 25, 24, 400, 0, 21, 75, 39424 }, // U+539F
    { 23, 26, 400, 1, 22, 75, 39499 }, // U+53BB
    { 24, 23, 400, 0, 20, 69, 39574 }, // U+53CD
    { 25, 25, 400, 0, 22, 79, 39643 }, // U+53CE
    { 25, 23, 400, 0, 20, 72, 39722 }, // U+53D6
    { 24, 25, 400, 0, 22, 75, 39794 }, // U+53D7
    { 24, 25, 400, 0, 22, 75, 39869 }, // U+53F3
    { 23, 24, 400, 1, 21, 69, 39944 }, // U+53F7
    { 25, 25, 400, 0, 22, 79, 40013 }, // U+5404
    { 25, 25, 400, 0, 22, 79, 40092 }, // U+5408
    { 23, 24, 400, 1, 21, 69, 40171 }, // U+540C
    { 23, 25, 400, 0, 22, 72, 40240 }, // U+540D
    { 21, 25, 400, 2, 22, 66, 40312 }, // U+5411
    { 23, 25, 400, 1, 22, 72, 40378 }, // U+544A
    { 23, 24, 400, 1, 21, 69, 40450 }, // U+56DE
    { 23, 24, 400, 1, 21, 69, 40519 }, // U+56E0
    { 23, 24, 400, 1, 21, 69, 40588 }, // U+56F2
    { 24, 25, 400, 0, 22, 75, 40657 }, // U+5728
    { 25, 24, 400, 0, 22, 75, 40732 }, // U+57CB
    { 25, 25, 400, 0, 22, 79, 40807 }, // U+5831
    { 25, 25, 400, 0, 22, 79, 40886 }, // U+5834
    { 25, 25, 400, 0, 22, 79, 40965 }, // U+5909
    { 25, 25, 400, 0, 22, 79, 41044 }, // U+5916
    { 25, 25, 400, 0, 22, 79, 41123 }, // U+5927
    { 25, 25, 400, 0, 22, 79, 41202 }, // U+592A
    { 25, 25, 400, 0, 22, 79, 41281 }, // U+592E
    { 25, 25, 400, 0, 22, 79, 41360 }, // U+5931
    { 23, 25, 400, 1, 22, 72, 41439 }, // U+5B57
    { 25, 25, 400, 0, 22, 79, 41511 }, // U+5B58
    { 25, 25, 400, 0, 22, 79, 41590 }, // U+5B8C
    { 25, 25, 400, 0, 22, 79, 41669 }, // U+5B9A
    { 25, 26, 400, 0, 22, 82, 41748 }, // U+5B9B
    { 23, 25, 400, 1, 22, 72, 41830 }, // U+5BB3
    { 25, 25, 400, 0, 22, 79, 41902 }, // U+5C0E
    { 25, 26, 400, 0, 22, 82, 41981 }, // U+5C0F
    { 24, 24, 400, 0, 21, 72, 42063 }, // U+5C3E
    { 24, 24, 400, 0, 22, 72, 42135 }, // U+5DE6
    { 23, 25, 400, 1, 22, 72, 42207 }, // U+5E38
    { 25, 25, 400, 0, 22, 79, 42279 }, // U+5E83
    { 25, 25, 400, 0, 22, 79, 42358 }, // U+5EA6
    { 21, 25, 400, 2, 22, 66, 42437 }, // U+5F53
    { 25, 25, 400, 0, 22, 79, 42503 }, // U+5F79
    { 24, 25, 400, 0, 22, 75, 42582 }, // U+5F97
    { 25, 24, 400, 0, 22, 75, 42657 }, // U+5FC5
    { 25, 25, 400, 0, 22, 79, 42732 }, // U+60C5
    { 25, 25, 400, 0, 22, 79, 42811 }, // U+614B
    { 25, 26, 400, 0, 22, 82, 42890 }, // U+6210
    { 25, 23, 400, 0, 20, 72, 42972 }, // U+623B
    { 25, 25, 400, 0, 22, 79, 43044 }, // U+629C
    { 25, 25, 400, 0, 22, 79, 43123 }, // U+629E
    { 24, 25, 400, 0, 22, 75, 43202 }, // U+62BC
    { 25, 25, 400, 0, 22, 79, 43277 }, // U+6357
    { 25, 25, 400, 0, 22, 79, 43356 }, // U+63A5
    { 24, 25, 400, 0, 22, 75, 43435 }, // U+63C3
    { 25, 25, 400, 0, 22, 79, 43510 }, // U+64CD
    { 25, 25, 400, 0, 22, 79, 43589 }, // U+6557
    { 25, 25, 400, 0, 22, 79, 43668 }, // U+6570
    { 25, 25, 400, 0, 22, 79, 43747 }, // U+6587
    { 25, 25, 400, 0, 22, 79, 43826 }, // U+65B0
    { 25, 24, 400, 0, 21, 75, 43905 }, // U+65E2
    { 19, 24, 400, 3, 21, 57, 43980 }, // U+65E5
    { 24, 25, 400, 1, 22, 75, 44037 }, // U+6642
    { 24, 25, 400, 1, 22, 75, 44112 }, // U+6697
    { 25, 24, 400, 0, 21, 75, 44187 }, // U+66F4
    { 23, 25, 400, 1, 22, 72, 44262 }, // U+66F8
    { 25, 25, 400, 0, 22, 79, 44334 }, // U+66FF
    { 24, 24, 400, 1, 21, 72, 44413 }, // U+6700
    { 24, 25, 400, 0, 22, 75, 44485 }, // U+671F
    { 25, 25, 400, 0, 22, 79, 44560 }, // U+672A
    { 25, 25, 400, 0, 22, 79, 44639 }, // U+672B
    { 25, 25, 400, 0, 22, 79, 44718 }, // U+672C
    { 25, 25, 400, 0, 22, 79, 44797 }, // U+6790
    { 25, 25, 400, 0, 22, 79, 44876 }, // U+691C
    { 25, 25, 400, 0, 22, 79, 44955 }, // U+69CB
    { 25, 25, 400, 0, 22, 79, 45034 }, // U+6A19
    { 25, 25, 400, 0, 22, 79, 45113 }, // U+6A2A
    { 25, 25, 400, 0, 22, 79, 45192 }, // U+6B21
    { 23, 23, 400, 1, 22, 67, 45271 }, // U+6B62
    { 23, 22, 400, 1, 20, 64, 45338 }, // U+6B63
    { 25, 26, 400, 0, 23, 82, 45402 }, // U+6B8B
    { 25, 25, 400, 0, 22, 79, 45484 }, // U+6BB5
    { 25, 26, 400, 0, 22, 82, 45563 }, // U+6BCE
    { 25, 25, 400, 0, 22, 79, 45645 }, // U+6C7A
    { 25, 25, 400, 0, 22, 79, 45724 }, // U+6CE8
    { 24, 25, 400, 0, 22, 75, 45803 }, // U+6D88
    { 25, 25, 400, 0, 22, 79, 45878 }, // U+6DFB
    { 25, 25, 400, 0, 22, 79, 45957 }, // U+6E08
    { 25, 25, 400, 0, 22, 79, 46036 }, // U+6E90
    { 24, 25, 400, 0, 22, 75, 46115 }, // U+6E96
    { 25, 25, 400, 0, 22, 79, 46190 }, // U+7121
    { 25, 24, 400, 0, 21, 75, 46269 }, // U+7167
    { 25, 25, 400, 0, 22, 79, 46344 }, // U+7279
    { 25, 25, 400, 0, 22, 79, 46423 }, // U+72B6
    { 25, 25, 400, 0, 22, 79, 46502 }, // U+72ED
    { 24, 25, 400, 0, 22, 75, 46581 }, // U+7387
    { 25, 24, 400, 0, 21, 75, 46656 }, // U+73FE
    { 23, 24, 400, 0, 20, 69, 46731 }, // U+7528
    { 23, 23, 400, 1, 20, 67, 46800 }, // U+753B
    { 25, 25, 400, 0, 22, 79, 46867 }, // U+756A
    { 19, 25, 400, 3, 22, 60, 46946 }, // U+767D
    { 23, 25, 400, 1, 22, 72, 47006 }, // U+7684
    { 19, 23, 400, 3, 20, 55, 47078 }, // U+76EE
    { 25, 25, 400, 0, 22, 79, 47133 }, // U+77ED
    { 25, 25, 400, 0, 22, 79, 47212 }, // U+78BA
    { 24, 23, 400, 0, 20, 69, 47291 }, // U+793A
    { 25, 25, 400, 0, 22, 79, 47360 }, // U+79D2
    { 25, 25, 400, 0, 22, 79, 47439 }, // U+79FB
    { 23, 24, 400, 1, 22, 69, 47518 }, // U+7A7A
    { 23, 25, 400, 1, 22, 72, 47587 }, // U+7AE0
    { 25, 25, 400, 0, 22, 79, 47659 }, // U+7AEF
    { 24, 25, 400, 0, 22, 75, 47738 }, // U+7B2C
    { 24, 25, 400, 0, 22, 75, 47813 }, // U+7B97
    { 25, 25, 400, 0, 22, 79, 47888 }, // U+7BC4
    { 24, 25, 400, 0, 22, 75, 47967 }, // U+7C4D
    { 25, 26, 400, 0, 22, 82, 48042 }, // U+7D19
    { 24, 25, 400, 0, 22, 75, 48124 }, // U+7D22
    { 24, 25, 400, 0, 22, 75, 48199 }, // U+7D30
    { 25, 25, 400, 0, 22, 79, 48274 }, // U+7D42
    { 25, 25, 400, 0, 22, 79, 48353 }, // U+7D9A
    { 24, 25, 400, 0, 22, 75, 48432 }, // U+7DE8
    { 25, 25, 400, 0, 22, 79, 48507 }, // U+7E26
    { 24, 24, 400, 1, 21, 72, 48586 }, // U+7F6E
    { 24, 25, 400, 0, 22, 75, 48658 }, // U+811A
    { 19, 25, 400, 3, 22, 60, 48733 }, // U+81EA
    { 25, 25, 400, 0, 22, 79, 48793 }, // U+822C
    { 25, 25, 400, 0, 22, 79, 48872 }, // U+8272
    { 25, 25, 400, 0, 22, 79, 48951 }, // U+843D
    { 25, 26, 400, 0, 22, 82, 49030 }, // U+884C
    { 25, 25, 400, 0, 22, 79, 49112 }, // U+8868
    { 25, 25, 400, 0, 22, 79, 49191 }, // U+88DC
    { 23, 24, 400, 1, 21, 69, 49270 }, // U+8981
    { 25, 25, 400, 0, 21, 79, 49339 }, // U+898B
    { 25, 25, 400, 0, 22, 79, 49418 }, // U+8996
    { 25, 25, 400, 0, 22, 79, 49497 }, // U+89E3
    { 23, 24, 400, 1, 21, 69, 49576 }, // U+8A00
    { 25, 25, 400, 0, 22, 79, 49645 }, // U+8A08
    { 25, 24, 400, 0, 21, 75, 49724 }, // U+8A18
    { 25, 24, 400, 0, 21, 75, 49799 }, // U+8A2D
    { 25, 24, 400, 0, 21, 75, 49874 }, // U+8A3C
    { 25, 25, 400, 0, 22, 79, 49949 }, // U+8A66
    { 25, 25, 400, 0, 22, 79, 50028 }, // U+8A73
    { 25, 24, 400, 0, 21, 75, 50107 }, // U+8A8D
    { 25, 24, 400, 0, 21, 75, 50182 }, // U+8A9E
    { 25, 25, 400, 0, 22, 79, 50257 }, // U+8AAD
    { 25, 26, 400, 0, 22, 82, 50336 }, // U+8D77
    { 25, 25, 400, 0, 22, 79, 50418 }, // U+8EE2
    { 25, 25, 400, 0, 22, 79, 50497 }, // U+8FBC
    { 25, 25, 400, 0, 22, 79, 50576 }, // U+8FD1
    { 25, 25, 400, 0, 22, 79, 50655 }, // U+8FFD
    { 25, 25, 400, 0, 22, 79, 50734 }, // U+9000
    { 25, 25, 400, 0, 22, 79, 50813 }, // U+9001
    { 25, 25, 400, 0, 22, 79, 50892 }, // U+9006
    { 25, 25, 400, 0, 22, 79, 50971 }, // U+9032
    { 25, 25, 400, 0, 22, 79, 51050 }, // U+9069
    { 25, 25, 400, 0, 22, 79, 51129 }, // U+9078
    { 24, 24, 400, 1, 21, 72, 51208 }, // U+914D
    { 23, 23, 400, 1, 21, 67, 51280 }, // U+91CF
    { 25, 25, 400, 0, 22, 79, 51347 }, // U+9332
    { 24, 24, 400, 1, 21, 72, 51426 }, // U+9577
    { 23, 24, 400, 1, 21, 69, 51498 }, // U+958B
    { 23, 24, 400, 1, 21, 69, 51567 }, // U+9593
    { 24, 25, 400, 1, 22, 75, 51636 }, // U+9664
    { 24, 25, 400, 1, 22, 75, 51711 }, // U+969B
    { 24, 25, 400, 1, 22, 75, 51786 }, // U+969C
    { 24, 25, 400, 1, 22, 75, 51861 }, // U+96A0
    { 25, 25, 400, 0, 22, 79, 51936 }, // U+96C6
    { 24, 24, 400, 1, 21, 72, 52015 }, // U+96FB
    { 25, 26, 400, 0, 22, 82, 52087 }, // U+975E
    { 23, 23, 400, 1, 20, 67, 52169 }, // U+9762
    { 25, 24, 400, 0, 21, 75, 52236 }, // U+9805
    { 25, 25, 400, 0, 22, 79, 52311 }, // U+983B
    { 21, 19, 336, 1, 19, 50, 52390 }, // U+FB00
    { 16, 19, 283, 1, 19, 38, 52440 }, // U+FB01
    { 18, 19, 294, 1, 19, 43, 52478 }, // U+FB02
    { 26, 19, 451, 1, 19, 62, 52521 }, // U+FB03
    { 28, 19, 462, 1, 19, 67, 52583 }, // U+FB04
};

static const EpdUnicodeInterval ubuntu_12_boldIntervals[] = {
    { 0x0, 0x0, 0x0 },
    { 0x8, 0x9, 0x1 },
    { 0xD, 0xD, 0x3 },
    { 0x1D, 0x1D, 0x4 },
    { 0x20, 0x7E, 0x5 },
    { 0xA0, 0xFF, 0x64 },
    { 0x100, 0x17F, 0xC4 },
    { 0x1A0, 0x1A1, 0x144 },
    { 0x1AF, 0x1B0, 0x146 },
    { 0x1C4, 0x21F, 0x148 },
    { 0x311, 0x311, 0x1A4 },
    { 0x400, 0x45F, 0x1A5 },
    { 0x462, 0x463, 0x205 },
    { 0x472, 0x475, 0x207 },
    { 0x48A, 0x4F9, 0x20B },
    { 0x1EF2, 0x1EF3, 0x27B },
    { 0x2013, 0x2015, 0x27D },
    { 0x2018, 0x201A, 0x280 },
    { 0x201C, 0x201E, 0x283 },
    { 0x2020, 0x2022, 0x286 },
    { 0x2026, 0x2026, 0x289 },
    { 0x2030, 0x2030, 0x28A },
    { 0x2039, 0x203A, 0x28B },
    { 0x2044, 0x2044, 0x28D },
    { 0x2070, 0x2070, 0x28E },
    { 0x2074, 0x2079, 0x28F },
    { 0x2080, 0x2089, 0x295 },
    { 0x20AC, 0x20AC, 0x29F },
    { 0x20AE, 0x20AE, 0x2A0 },
    { 0x20B4, 0x20B4, 0x2A1 },
    { 0x20B9, 0x20B9, 0x2A2 },
    { 0x2202, 0x2202, 0x2A3 },
    { 0x2206, 0x2206, 0x2A4 },
    { 0x220F, 0x220F, 0x2A5 },
    { 0x2211, 0x2212, 0x2A6 },
    { 0x2215, 0x2215, 0x2A8 },
    { 0x2219, 0x221A, 0x2A9 },
    { 0x221E, 0x221E, 0x2AB },
    { 0x222B, 0x222B, 0x2AC },
    { 0x2248, 0x2248, 0x2AD },
    { 0x2260, 0x2260, 0x2AE },
    { 0x2264, 0x2265, 0x2AF },
    { 0x3000, 0x303F, 0x2B1 },
    { 0x3041, 0x3096, 0x2F1 },
    { 0x3099, 0x309F, 0x347 },
    { 0x30A0, 0x30FF, 0x34E },
    { 0x4E00, 0x4E00, 0x3AE },
    { 0x4E0A, 0x4E0B, 0x3AF },
    { 0x4E21, 0x4E21, 0x3B1 },
    { 0x4E2D, 0x4E2D, 0x3B2 },
    { 0x4E86, 0x4E86, 0x3B3 },
    { 0x4ED6, 0x4ED6, 0x3B4 },
    { 0x4ED8, 0x4ED8, 0x3B5 },
    { 0x4EF6, 0x4EF6, 0x3B6 },
    { 0x4F4D, 0x4F4D, 0x3B7 },
    { 0x4F53, 0x4F53, 0x3B8 },
    { 0x4F59, 0x4F59, 0x3B9 },
    { 0x4F5C, 0x4F5C, 0x3BA },
    { 0x4F7F, 0x4F7F, 0x3BB },
    { 0x4FDD, 0x4FDD, 0x3BC },
    { 0x4FE1, 0x4FE1, 0x3BD },
    { 0x5099, 0x5099, 0x3BE },
    { 0x50BE, 0x50BE, 0x3BF },
    { 0x50CF, 0x50CF, 0x3C0 },
    { 0x5148, 0x5149, 0x3C1 },
    { 0x5165, 0x5165, 0x3C3 },
    { 0x5168, 0x5168, 0x3C4 },
    { 0x5185, 0x5185, 0x3C5 },
    { 0x518D, 0x518D, 0x3C6 },
    { 0x51FA, 0x51FA, 0x3C7 },
    { 0x5206, 0x5207, 0x3C8 },
    { 0x523B, 0x523B, 0x3CA },
    { 0x524A, 0x524A, 0x3CB },
    { 0x524D, 0x524D, 0x3CC },
    { 0x526F, 0x526F, 0x3CD },
    { 0x5272, 0x5272, 0x3CE },
    { 0x529B, 0x529B, 0x3CF },
    { 0x529F, 0x52A0, 0x3D0 },
    { 0x52B9, 0x52B9, 0x3D2 },
    { 0x52D5, 0x52D5, 0x3D3 },
    { 0x5316, 0x5316, 0x3D4 },
    { 0x539F, 0x539F, 0x3D5 },
    { 0x53BB, 0x53BB, 0x3D6 },
    { 0x53CD, 0x53CE, 0x3D7 },
    { 0x53D6, 0x53D7, 0x3D9 },
    { 0x53F3, 0x53F3, 0x3DB },
    { 0x53F7, 0x53F7, 0x3DC },
    { 0x5404, 0x5404, 0x3DD },
    { 0x5408, 0x5408, 0x3DE },
    { 0x540C, 0x540D, 0x3DF },
    { 0x5411, 0x5411, 0x3E1 },
    { 0x544A, 0x544A, 0x3E2 },
    { 0x56DE, 0x56DE, 0x3E3 },
    { 0x56E0, 0x56E0, 0x3E4 },
    { 0x56F2, 0x56F2, 0x3E5 },
    { 0x5728, 0x5728, 0x3E6 },
    { 0x57CB, 0x57CB, 0x3E7 },
    { 0x5831, 0x5831, 0x3E8 },
    { 0x5834, 0x5834, 0x3E9 },
    { 0x5909, 0x5909, 0x3EA },
    { 0x5916, 0x5916, 0x3EB },
    { 0x5927, 0x5927, 0x3EC },
    { 0x592A, 0x592A, 0x3ED },
    { 0x592E, 0x592E, 0x3EE },
    { 0x5931, 0x5931, 0x3EF },
    { 0x5B57, 0x5B58, 0x3F0 },
    { 0x5B8C, 0x5B8C, 0x3F2 },
    { 0x5B9A, 0x5B9B, 0x3F3 },
    { 0x5BB3, 0x5BB3, 0x3F5 },
    { 0x5C0E, 0x5C0F, 0x3F6 },
    { 0x5C3E, 0x5C3E, 0x3F8 },
    { 0x5DE6, 0x5DE6, 0x3F9 },
    { 0x5E38, 0x5E38, 0x3FA },
    { 0x5E83, 0x5E83, 0x3FB },
    { 0x5EA6, 0x5EA6, 0x3FC },
    { 0x5F53, 0x5F53, 0x3FD },
    { 0x5F79, 0x5F79, 0x3FE },
    { 0x5F97, 0x5F97, 0x3FF },
    { 0x5FC5, 0x5FC5, 0x400 },
    { 0x60C5, 0x60C5, 0x401 },
    { 0x614B, 0x614B, 0x402 },
    { 0x6210, 0x6210, 0x403 },
    { 0x623B, 0x623B, 0x404 },
    { 0x629C, 0x629C, 0x405 },
    { 0x629E, 0x629E, 0x406 },
    { 0x62BC, 0x62BC, 0x407 },
    { 0x6357, 0x6357, 0x408 },
    { 0x63A5, 0x63A5, 0x409 },
    { 0x63C3, 0x63C3, 0x40A },
    { 0x64CD, 0x64CD, 0x40B },
    { 0x6557, 0x6557, 0x40C },
    { 0x6570, 0x6570, 0x40D },
    { 0x6587, 0x6587, 0x40E },
    { 0x65B0, 0x65B0, 0x40F },
    { 0x65E2, 0x65E2, 0x410 },
    { 0x65E5, 0x65E5, 0x411 },
    { 0x6642, 0x6642, 0x412 },
    { 0x6697, 0x6697, 0x413 },
    { 0x66F4, 0x66F4, 0x414 },
    { 0x66F8, 0x66F8, 0x415 },
    { 0x66FF, 0x6700, 0x416 },
    { 0x671F, 0x671F, 0x418 },
    { 0x672A, 0x672C, 0x419 },
    { 0x6790, 0x6790, 0x41C },
    { 0x691C, 0x691C, 0x41D },
    { 0x69CB, 0x69CB, 0x41E },
    { 0x6A19, 0x6A19, 0x41F },
    { 0x6A2A, 0x6A2A, 0x420 },
    { 0x6B21, 0x6B21, 0x421 },
    { 0x6B62, 0x6B63, 0x422 },
    { 0x6B8B, 0x6B8B, 0x424 },
    { 0x6BB5, 0x6BB5, 0x425 },
    { 0x6BCE, 0x6BCE, 0x426 },
    { 0x6C7A, 0x6C7A, 0x427 },
    { 0x6CE8, 0x6CE8, 0x428 },
    { 0x6D88, 0x6D88, 0x429 },
    { 0x6DFB, 0x6DFB, 0x42A },
    { 0x6E08, 0x6E08, 0x42B },
    { 0x6E90, 0x6E90, 0x42C },
    { 0x6E96, 0x6E96, 0x42D },
    { 0x7121, 0x7121, 0x42E },
    { 0x7167, 0x7167, 0x42F },
    { 0x7279, 0x7279, 0x430 },
    { 0x72B6, 0x72B6, 0x431 },
    { 0x72ED, 0x72ED, 0x432 },
    { 0x7387, 0x7387, 0x433 },
    { 0x73FE, 0x73FE, 0x434 },
    { 0x7528, 0x7528, 0x435 },
    { 0x753B, 0x753B, 0x436 },
    { 0x756A, 0x756A, 0x437 },
    { 0x767D, 0x767D, 0x438 },
    { 0x7684, 0x7684, 0x439 },
    { 0x76EE, 0x76EE, 0x43A },
    { 0x77ED, 0x77ED, 0x43B },
    { 0x78BA, 0x78BA, 0x43C },
    { 0x793A, 0x793A, 0x43D },
    { 0x79D2, 0x79D2, 0x43E },
    { 0x79FB, 0x79FB, 0x43F },
    { 0x7A7A, 0x7A7A, 0x440 },
    { 0x7AE0, 0x7AE0, 0x441 },
    { 0x7AEF, 0x7AEF, 0x442 },
    { 0x7B2C, 0x7B2C, 0x443 },
    { 0x7B97, 0x7B97, 0x444 },
    { 0x7BC4, 0x7BC4, 0x445 },
    { 0x7C4D, 0x7C4D, 0x446 },
    { 0x7D19, 0x7D19, 0x447 },
    { 0x7D22, 0x7D22, 0x448 },
    { 0x7D30, 0x7D30, 0x449 },
    { 0x7D42, 0x7D42, 0x44A },
    { 0x7D9A, 0x7D9A, 0x44B },
    { 0x7DE8, 0x7DE8, 0x44C },
    { 0x7E26, 0x7E26, 0x44D },
    { 0x7F6E, 0x7F6E, 0x44E },
    { 0x811A, 0x811A, 0x44F },
    { 0x81EA, 0x81EA, 0x450 },
    { 0x822C, 0x822C, 0x451 },
    { 0x8272, 0x8272, 0x452 },
    { 0x843D, 0x843D, 0x453 },
    { 0x884C, 0x884C, 0x454 },
    { 0x8868, 0x8868, 0x455 },
    { 0x88DC, 0x88DC, 0x456 },
    { 0x8981, 0x8981, 0x457 },
    { 0x898B, 0x898B, 0x458 },
    { 0x8996, 0x8996, 0x459 },
    { 0x89E3, 0x89E3, 0x45A },
    { 0x8A00, 0x8A00, 0x45B },
    { 0x8A08, 0x8A08, 0x45C },
    { 0x8A18, 0x8A18, 0x45D },
    { 0x8A2D, 0x8A2D, 0x45E },
    { 0x8A3C, 0x8A3C, 0x45F },
    { 0x8A66, 0x8A66, 0x460 },
    { 0x8A73, 0x8A73, 0x461 },
    { 0x8A8D, 0x8A8D, 0x462 },
    { 0x8A9E, 0x8A9E, 0x463 },
    { 0x8AAD, 0x8AAD, 0x464 },
    { 0x8D77, 0x8D77, 0x465 },
    { 0x8EE2, 0x8EE2, 0x466 },
    { 0x8FBC, 0x8FBC, 0x467 },
    { 0x8FD1, 0x8FD1, 0x468 },
    { 0x8FFD, 0x8FFD, 0x469 },
    { 0x9000, 0x9001, 0x46A },
    { 0x9006, 0x9006, 0x46C },
    { 0x9032, 0x9032, 0x46D },
    { 0x9069, 0x9069, 0x46E },
    { 0x9078, 0x9078, 0x46F },
    { 0x914D, 0x914D, 0x470 },
    { 0x91CF, 0x91CF, 0x471 },
    { 0x9332, 0x9332, 0x472 },
    { 0x9577, 0x9577, 0x473 },
    { 0x958B, 0x958B, 0x474 },
    { 0x9593, 0x9593, 0x475 },
    { 0x9664, 0x9664, 0x476 },
    { 0x969B, 0x969C, 0x477 },
    { 0x96A0, 0x96A0, 0x479 },
    { 0x96C6, 0x96C6, 0x47A },
    { 0x96FB, 0x96FB, 0x47B },
    { 0x975E, 0x975E, 0x47C },
    { 0x9762, 0x9762, 0x47D },
    { 0x9805, 0x9805, 0x47E },
    { 0x983B, 0x983B, 0x47F },
    { 0xFB00, 0xFB04, 0x480 },
};

static const EpdLigaturePair ubuntu_12_boldLigaturePairs[] = {
    { 0x00660066, 0xFB00 }, // f f -> U+FB00
    { 0x00660069, 0xFB01 }, // f i -> U+FB01
    { 0x0066006C, 0xFB02 }, // f l -> U+FB02
    { 0xFB000069, 0xFB03 }, // U+FB00 i -> U+FB03
    { 0xFB00006C, 0xFB04 }, // U+FB00 l -> U+FB04
};

static const EpdFontData ubuntu_12_bold = {
    ubuntu_12_boldBitmaps,
    ubuntu_12_boldGlyphs,
    ubuntu_12_boldIntervals,
    241,
    29,
    24,
    -5,
    false,
    nullptr,
    0,
    nullptr,
    nullptr,
    nullptr,
    nullptr,
    0,
    0,
    0,
    0,
    ubuntu_12_boldLigaturePairs,
    5,
};
