/**
 * generated by fontconvert.py
 * name: ubuntu_10_bold
 * size: 10
 * mode: 1-bit
 * Command used: fontconvert.py ubuntu_10_bold 10 ../builtinFonts/source/Ubuntu/Ubuntu-Bold.ttf ../builtinFonts/source/NotoSansJP/NotoSansJP-Bold-jp-only.ttf --no-kerning --additional-intervals=0x3000,0x303F --additional-intervals=0x3040,0x309F --additional-intervals=0x30A0,0x30FF --additional-intervals=0x4E00,0x4E00 --additional-intervals=0x4E0A,0x4E0B --additional-intervals=0x4E21,0x4E21 --additional-intervals=0x4E2D,0x4E2D --additional-intervals=0x4E86,0x4E86 --additional-intervals=0x4ED6,0x4ED6 --additional-intervals=0x4ED8,0x4ED8 --additional-intervals=0x4EF6,0x4EF6 --additional-intervals=0x4F4D,0x4F4D --additional-intervals=0x4F53,0x4F53 --additional-intervals=0x4F59,0x4F59 --additional-intervals=0x4F5C,0x4F5C --additional-intervals=0x4F7F,0x4F7F --additional-intervals=0x4FDD,0x4FDD --additional-intervals=0x4FE1,0x4FE1 --additional-intervals=0x5099,0x5099 --additional-intervals=0x50BE,0x50BE --additional-intervals=0x50CF,0x50CF --additional-intervals=0x5148,0x5149 --additional-intervals=0x5165,0x5165 --additional-intervals=0x5168,0x5168 --additional-intervals=0x5185,0x5185 --additional-intervals=0x518D,0x518D --additional-intervals=0x51FA,0x51FA --additional-intervals=0x5206,0x5207 --additional-intervals=0x523B,0x523B --additional-intervals=0x524A,0x524A --additional-intervals=0x524D,0x524D --additional-intervals=0x526F,0x526F --additional-intervals=0x5272,0x5272 --additional-intervals=0x529B,0x529B --additional-intervals=0x529F,0x52A0 --additional-intervals=0x52B9,0x52B9 --additional-intervals=0x52D5,0x52D5 --additional-intervals=0x5316,0x5316 --additional-intervals=0x539F,0x539F --additional-intervals=0x53BB,0x53BB --additional-intervals=0x53CD,0x53CE --additional-intervals=0x53D6,0x53D7 --additional-intervals=0x53F3,0x53F3 --additional-intervals=0x53F7,0x53F7 --additional-intervals=0x5404,0x5404 --additional-intervals=0x5408,0x5408 --additional-intervals=0x540C,0x540D --additional-intervals=0x5411,0x5411 --additional-intervals=0x544A,0x544A --additional-intervals=0x56DE,0x56DE --additional-intervals=0x56E0,0x56E0 --additional-intervals=0x56F2,0x56F2 --additional-intervals=0x5728,0x5728 --additional-intervals=0x57CB,0x57CB --additional-intervals=0x5831,0x5831 --additional-intervals=0x5834,0x5834 --additional-intervals=0x5909,0x5909 --additional-intervals=0x5916,0x5916 --additional-intervals=0x5927,0x5927 --additional-intervals=0x592A,0x592A --additional-intervals=0x592E,0x592E --additional-intervals=0x5931,0x5931 --additional-intervals=0x5B57,0x5B58 --additional-intervals=0x5B8C,0x5B8C --additional-intervals=0x5B9A,0x5B9B --additional-intervals=0x5BB3,0x5BB3 --additional-intervals=0x5C0E,0x5C0F --additional-intervals=0x5C3E,0x5C3E --additional-intervals=0x5DE6,0x5DE6 --additional-intervals=0x5E38,0x5E38 --additional-intervals=0x5E83,0x5E83 --additional-intervals=0x5EA6,0x5EA6 --additional-intervals=0x5F53,0x5F53 --additional-intervals=0x5F79,0x5F79 --additional-intervals=0x5F97,0x5F97 --additional-intervals=0x5FC5,0x5FC5 --additional-intervals=0x60C5,0x60C5 --additional-intervals=0x614B,0x614B --additional-intervals=0x6210,0x6210 --additional-intervals=0x623B,0x623B --additional-intervals=0x629C,0x629C --additional-intervals=0x629E,0x629E --additional-intervals=0x62BC,0x62BC --additional-intervals=0x6357,0x6357 --additional-intervals=0x63A5,0x63A5 --additional-intervals=0x63C3,0x63C3 --additional-intervals=0x64CD,0x64CD --additional-intervals=0x6557,0x6557 --additional-intervals=0x6570,0x6570 --additional-intervals=0x6587,0x6587 --additional-intervals=0x65B0,0x65B0 --additional-intervals=0x65E2,0x65E2 --additional-intervals=0x65E5,0x65E5 --additional-intervals=0x6642,0x6642 --additional-intervals=0x6697,0x6697 --additional-intervals=0x66F4,0x66F4 --additional-intervals=0x66F8,0x66F8 --additional-intervals=0x66FF,0x6700 --additional-intervals=0x671F,0x671F --additional-intervals=0x672A,0x672C --additional-intervals=0x6790,0x6790 --additional-intervals=0x691C,0x691C --additional-intervals=0x69CB,0x69CB --additional-intervals=0x6A19,0x6A19 --additional-intervals=0x6A2A,0x6A2A --additional-intervals=0x6B21,0x6B21 --additional-intervals=0x6B62,0x6B63 --additional-intervals=0x6B8B,0x6B8B --additional-intervals=0x6BB5,0x6BB5 --additional-intervals=0x6BCE,0x6BCE --additional-intervals=0x6C7A,0x6C7A --additional-intervals=0x6CE8,0x6CE8 --additional-intervals=0x6D88,0x6D88 --additional-intervals=0x6DFB,0x6DFB --additional-intervals=0x6E08,0x6E08 --additional-intervals=0x6E90,0x6E90 --additional-intervals=0x6E96,0x6E96 --additional-intervals=0x7121,0x7121 --additional-intervals=0x7167,0x7167 --additional-intervals=0x7279,0x7279 --additional-intervals=0x72B6,0x72B6 --additional-intervals=0x72ED,0x72ED --additional-intervals=0x7387,0x7387 --additional-intervals=0x73FE,0x73FE --additional-intervals=0x7528,0x7528 --additional-intervals=0x753B,0x753B --additional-intervals=0x756A,0x756A --additional-intervals=0x767D,0x767D --additional-intervals=0x7684,0x7684 --additional-intervals=0x76EE,0x76EE --additional-intervals=0x77ED,0x77ED --additional-intervals=0x78BA,0x78BA --additional-intervals=0x793A,0x793A --additional-intervals=0x79D2,0x79D2 --additional-intervals=0x79FB,0x79FB --additional-intervals=0x7A7A,0x7A7A --additional-intervals=0x7AE0,0x7AE0 --additional-intervals=0x7AEF,0x7AEF --additional-intervals=0x7B2C,0x7B2C --additional-intervals=0x7B97,0x7B97 --additional-intervals=0x7BC4,0x7BC4 --additional-intervals=0x7C4D,0x7C4D --additional-intervals=0x7D19,0x7D19 --additional-intervals=0x7D22,0x7D22 --additional-intervals=0x7D30,0x7D30 --additional-intervals=0x7D42,0x7D42 --additional-intervals=0x7D9A,0x7D9A --additional-intervals=0x7DE8,0x7DE8 --additional-intervals=0x7E26,0x7E26 --additional-intervals=0x7F6E,0x7F6E --additional-intervals=0x811A,0x811A --additional-intervals=0x81EA,0x81EA --additional-intervals=0x822C,0x822C --additional-intervals=0x8272,0x8272 --additional-intervals=0x843D,0x843D --additional-intervals=0x884C,0x884C --additional-intervals=0x8868,0x8868 --additional-intervals=0x88DC,0x88DC --additional-intervals=0x8981,0x8981 --additional-intervals=0x898B,0x898B --additional-intervals=0x8996,0x8996 --additional-intervals=0x89E3,0x89E3 --additional-intervals=0x8A00,0x8A00 --additional-intervals=0x8A08,0x8A08 --additional-intervals=0x8A18,0x8A18 --additional-intervals=0x8A2D,0x8A2D --additional-intervals=0x8A3C,0x8A3C --additional-intervals=0x8A66,0x8A66 --additional-intervals=0x8A73,0x8A73 --additional-intervals=0x8A8D,0x8A8D --additional-intervals=0x8A9E,0x8A9E --additional-intervals=0x8AAD,0x8AAD --additional-intervals=0x8D77,0x8D77 --additional-intervals=0x8EE2,0x8EE2 --additional-intervals=0x8FBC,0x8FBC --additional-intervals=0x8FD1,0x8FD1 --additional-intervals=0x8FFD,0x8FFD --additional-intervals=0x9000,0x9001 --additional-intervals=0x9006,0x9006 --additional-intervals=0x9032,0x9032 --additional-intervals=0x9069,0x9069 --additional-intervals=0x9078,0x9078 --additional-intervals=0x914D,0x914D --additional-intervals=0x91CF,0x91CF --additional-intervals=0x9332,0x9332 --additional-intervals=0x9577,0x9577 --additional-intervals=0x958B,0x958B --additional-intervals=0x9593,0x9593 --additional-intervals=0x9664,0x9664 --additional-intervals=0x969B,0x969C --additional-intervals=0x96A0,0x96A0 --additional-intervals=0x96C6,0x96C6 --additional-intervals=0x96FB,0x96FB --additional-intervals=0x975E,0x975E --additional-intervals=0x9762,0x9762 --additional-intervals=0x9805,0x9805 --additional-intervals=0x983B,0x983B
 */
#pragma once
#include "EpdFontData.h"

static const uint8_t ubuntu_10_boldBitmaps[37300] = {
    0xFF, 0xFF, 0xFF, 0xFF, 0xFF, 0x0F, 0xFF, 0xF0, 0xFF, 0xFF, 0xEF, 0xEF, 0xE7, 0xE7, 0x1E, 0xF0,
    0xF7, 0x87, 0x3C, 0x39, 0xCF, 0xFF, 0xFF, 0xFC, 0xF7, 0x87, 0x3C, 0x39, 0xC7, 0xFF, 0xFF, 0xFE,
    0xF7, 0x87, 0xBC, 0x39, 0xE1, 0xCE, 0x00, 0x0F, 0x01, 0xE0, 0x7F, 0x9F, 0xF7, 0xFC, 0xF3, 0x9E,
    0x03, 0xF8, 0x3F, 0xC3, 0xFC, 0x1F, 0x80, 0xF7, 0x1E, 0xFF, 0xDF, 0xFB, 0xFC, 0x0F, 0x01, 0xE0,
    0x3C, 0x00, 0x3E, 0x0E, 0x0F, 0xE3, 0xC1, 0xDC, 0xF0, 0x7B, 0xDE, 0x0F, 0x7F, 0x80, 0xEE, 0xF0,
    0x1F, 0xFC, 0x01, 0xF7, 0x7C, 0x01, 0xFF, 0xC0, 0x3B, 0xBC, 0x0F, 0x73, 0x81, 0xCE, 0x70, 0x79,
    0xDE, 0x1E, 0x3F, 0x83, 0xC3, 0xE0, 0x1F, 0x80, 0x7F, 0x80, 0xFF, 0x81, 0xEF, 0x03, 0xDE, 0x07,
    0xF8, 0x07, 0xE0, 0x1F, 0xDE, 0x7F, 0xBC, 0xE7, 0xF3, 0xC7, 0xE7, 0xC7, 0xC7, 0xFF, 0x8F, 0xFF,
    0x8F, 0xF7, 0x80, 0xFF, 0xEE, 0xEE, 0x1C, 0x3C, 0xF1, 0xE7, 0x8F, 0x1C, 0x78, 0xF1, 0xE3, 0xC7,
    0x8F, 0x0E, 0x1E, 0x3C, 0x3C, 0x78, 0x78, 0xE0, 0x63, 0xCF, 0x1E, 0x78, 0xF3, 0xCF, 0x3C, 0x71,
    0xCF, 0x3C, 0xF3, 0xDE, 0x7B, 0xCF, 0x18, 0x0E, 0x03, 0x87, 0xF9, 0xFF, 0x7F, 0xCF, 0xC3, 0xF8,
    0x6C, 0x1E, 0x07, 0x81, 0xE0, 0x78, 0xFF, 0xFF, 0xFF, 0xFC, 0x78, 0x1E, 0x07, 0x81, 0xE0, 0x7B,
    0xDE, 0xEF, 0x78, 0xFF, 0xFF, 0xF8, 0x77, 0xFE, 0xE0, 0x01, 0xE0, 0x3C, 0x0F, 0x01, 0xE0, 0x3C,
    0x0F, 0x01, 0xE0, 0x38, 0x0F, 0x01, 0xE0, 0x78, 0x0F, 0x01, 0xE0, 0x78, 0x0F, 0x01, 0xE0, 0x78,
    0x0F, 0x01, 0xE0, 0x78, 0x00, 0x1F, 0x83, 0xFC, 0x7F, 0xE7, 0xBE, 0x79, 0xEF, 0x1E, 0xF0, 0xFF,
    0x0F, 0xF0, 0xFF, 0x1E, 0x79, 0xE7, 0xBE, 0x7F, 0xE3, 0xFC, 0x1F, 0x80, 0x0F, 0x1F, 0x3F, 0x7F,
    0xFF, 0x7F, 0x0F, 0x0F, 0x0F, 0x0F, 0x0F, 0x0F, 0x0F, 0x0F, 0x0F, 0x3F, 0x8F, 0xF9, 0xFF, 0xBD,
    0xF2, 0x1E, 0x03, 0x80, 0xF0, 0x3C, 0x0F, 0x03, 0xC0, 0xF0, 0x3C, 0x07, 0xFE, 0xFF, 0xDF, 0xF8,
    0x3F, 0x8F, 0xF9, 0xFF, 0x39, 0xE0, 0x3C, 0x0F, 0x87, 0xE0, 0xFE, 0x03, 0xE0, 0x3C, 0x07, 0xB1,
    0xF7, 0xFD, 0xFF, 0x9F, 0xE0, 0x03, 0xC0, 0x7C, 0x0F, 0xC0, 0xFC, 0x1F, 0xC3, 0xFC, 0x3B, 0xC7,
    0xBC, 0xF3, 0xCF, 0xFF, 0xFF, 0xFF, 0xFF, 0x03, 0xC0, 0x3C, 0x03, 0xC0, 0x3F, 0xE7, 0xFC, 0xFF,
    0x9C, 0x03, 0x80, 0x7E, 0x1F, 0xF3, 0xFE, 0x0F, 0xE0, 0x3C, 0x07, 0xB1, 0xF7, 0xFC, 0xFF, 0x9F,
    0xE0, 0x03, 0xC0, 0xFE, 0x1F, 0xE3, 0xF8, 0x78, 0x07, 0xF8, 0x7F, 0xE7, 0xFE, 0xF9, 0xEF, 0x0F,
    0x78, 0xE7, 0xDE, 0x7F, 0xE3, 0xFC, 0x1F, 0x80, 0x7F, 0xE7, 0xFE, 0x7F, 0xE0, 0x3E, 0x03, 0xC0,
    0x78, 0x07, 0x80, 0x70, 0x0F, 0x00, 0xF0, 0x0E, 0x01, 0xE0, 0x1E, 0x01, 0xE0, 0x1E, 0x00, 0x1F,
    0x83, 0xFC, 0x7F, 0xE7, 0x9E, 0x79, 0xE7, 0x9E, 0x7F, 0xC3, 0xFC, 0x3F, 0xE7, 0xBE, 0x70, 0xE7,
    0x9E, 0x7F, 0xE7, 0xFE, 0x3F, 0x80, 0x1F, 0x83, 0xFC, 0x7F, 0xEF, 0xBE, 0xF1, 0xEF, 0x1E, 0xF9,
    0xE7, 0xFE, 0x7F, 0xE3, 0xFE, 0x01, 0xE0, 0xFC, 0x7F, 0xC7, 0xF0, 0x7E, 0x00, 0x77, 0xFE, 0xE0,
    0x00, 0x0E, 0xFF, 0xDC, 0x77, 0xFE, 0xE0, 0x00, 0x00, 0x7B, 0xDE, 0xEF, 0x78, 0x01, 0xC3, 0xF3,
    0xFF, 0xFE, 0xFE, 0x3C, 0x0F, 0xE3, 0xFE, 0x3F, 0xC3, 0xF0, 0x1C, 0xFF, 0xFF, 0xFF, 0xFC, 0x00,
    0x00, 0x3F, 0xFF, 0xFF, 0xFF, 0xE0, 0x3F, 0x0F, 0xF1, 0xFF, 0x1F, 0xC1, 0xF1, 0xFD, 0xFF, 0xFF,
    0x3F, 0x0E, 0x00, 0x7F, 0x3F, 0xEF, 0xF9, 0x9E, 0x07, 0x81, 0xE0, 0xF8, 0x7C, 0x1E, 0x0F, 0x03,
    0xC0, 0x00, 0x3C, 0x0F, 0x03, 0xC0, 0xF0, 0x07, 0xFC, 0x03, 0xFF, 0xE0, 0xFC, 0x7E, 0x3E, 0x03,
    0xE7, 0x3F, 0xDD, 0xEF, 0xFB, 0xB9, 0xEF, 0x7F, 0x79, 0xE7, 0xEF, 0x3C, 0xFD, 0xE7, 0xBF, 0xBC,
    0xF7, 0x73, 0xDE, 0xEF, 0x7F, 0xF8, 0xE7, 0xFE, 0x1E, 0x00, 0x01, 0xF8, 0xC0, 0x1F, 0xFC, 0x00,
    0xFF, 0x80, 0x07, 0xC0, 0x0F, 0x80, 0x1F, 0x80, 0x7F, 0x00, 0xFE, 0x03, 0xDE, 0x07, 0xBC, 0x0E,
    0x3C, 0x3C, 0x78, 0x7F, 0xF1, 0xFF, 0xF3, 0xFF, 0xE7, 0x83, 0xDE, 0x03, 0xFC, 0x07, 0x80, 0xFF,
    0xC7, 0xFF, 0x3F, 0xFD, 0xE3, 0xEF, 0x1F, 0x7F, 0xF3, 0xFF, 0x9F, 0xFE, 0xF1, 0xF7, 0x87, 0xBC,
    0x3D, 0xE3, 0xEF, 0xFF, 0x7F, 0xF3, 0xFF, 0x00, 0x0F, 0xF1, 0xFF, 0x9F, 0xFC, 0xFD, 0xEF, 0x80,
    0x78, 0x03, 0xC0, 0x1E, 0x00, 0xF0, 0x07, 0x80, 0x3E, 0x01, 0xF8, 0xE7, 0xFF, 0x1F, 0xF8, 0x7F,
    0xC0, 0xFF, 0xC3, 0xFF, 0x8F, 0xFF, 0x3C, 0x7E, 0xF0, 0x7B, 0xC1, 0xFF, 0x03, 0xFC, 0x0F, 0xF0,
    0x3F, 0xC1, 0xFF, 0x07, 0xBC, 0x7E, 0xFF, 0xF3, 0xFF, 0x8F, 0xFC, 0x00, 0xFF, 0xFF, 0xFF, 0xFF,
    0xF8, 0x0F, 0x01, 0xE0, 0x3F, 0xF7, 0xFE, 0xFF, 0xDE, 0x03, 0xC0, 0x78, 0x0F, 0xFF, 0xFF, 0xFF,
    0xF8, 0xFF, 0xFF, 0xFF, 0xFF, 0xF8, 0x0F, 0x01, 0xE0, 0x3F, 0xF7, 0xFE, 0xFF, 0xDE, 0x03, 0xC0,
    0x78, 0x0F, 0x01, 0xE0, 0x3C, 0x00, 0x0F, 0xF1, 0xFF, 0x9F, 0xFC, 0xFC, 0xEF, 0x80, 0x78, 0x03,
    0xC0, 0x1E, 0x0F, 0xF0, 0x7F, 0x83, 0xFE, 0x1E, 0xF8, 0xF7, 0xFF, 0x9F, 0xFC, 0x7F, 0xC0, 0xF0,
    0x7F, 0x83, 0xFC, 0x1F, 0xE0, 0xFF, 0x07, 0xF8, 0x3F, 0xFF, 0xFF, 0xFF, 0xFF, 0xFF, 0x83, 0xFC,
    0x1F, 0xE0, 0xFF, 0x07, 0xF8, 0x3F, 0xC1, 0xE0, 0xFF, 0xFF, 0xFF, 0xFF, 0xFF, 0xFF, 0xFF, 0xF0,
    0x03, 0xC0, 0xF0, 0x3C, 0x0F, 0x03, 0xC0, 0xF0, 0x3C, 0x0F, 0x03, 0xC0, 0xF0, 0x3D, 0x9F, 0xFF,
    0xFF, 0xE7, 0xF0, 0xF0, 0xFB, 0xC7, 0xCF, 0x3E, 0x3D, 0xF0, 0xFF, 0x83, 0xFC, 0x0F, 0xE0, 0x3F,
    0xC0, 0xFF, 0x83, 0xDF, 0x0F, 0x3C, 0x3C, 0xF8, 0xF1, 0xF3, 0xC3, 0xCF, 0x0F, 0x80, 0xF0, 0x1E,
    0x03, 0xC0, 0x78, 0x0F, 0x01, 0xE0, 0x3C, 0x07, 0x80, 0xF0, 0x1E, 0x03, 0xC0, 0x78, 0x0F, 0xFF,
    0xFF, 0xFF, 0xF8, 0x78, 0x0F, 0x3E, 0x0F, 0x9F, 0x07, 0xCF, 0xC7, 0xE7, 0xE3, 0xF7, 0xF1, 0xFB,
    0xFD, 0xFD, 0xEE, 0xEF, 0xF7, 0xF7, 0xFB, 0xF3, 0xFC, 0xF9, 0xFE, 0x7C, 0xFF, 0x1C, 0x7F, 0x80,
    0x3F, 0xC0, 0x1E, 0xF0, 0x3F, 0xE0, 0xFF, 0xC3, 0xFF, 0x8F, 0xFE, 0x3F, 0xFC, 0xFF, 0x7B, 0xFD,
    0xEF, 0xF3, 0xFF, 0xC7, 0xFF, 0x1F, 0xFC, 0x3F, 0xF0, 0x7F, 0xC1, 0xFF, 0x03, 0xC0, 0x0F, 0xE0,
    0x7F, 0xE1, 0xFF, 0xE3, 0xE7, 0xEF, 0x83, 0xDE, 0x07, 0xFC, 0x07, 0xF8, 0x0F, 0xF0, 0x1F, 0xE0,
    0x7F, 0xE0, 0xF3, 0xE7, 0xE7, 0xFF, 0x87, 0xFF, 0x03, 0xF8, 0x00, 0xFF, 0xCF, 0xFE, 0xFF, 0xFF,
    0x1F, 0xF0, 0xFF, 0x0F, 0xF3, 0xFF, 0xFF, 0xFF, 0xEF, 0xFC, 0xF0, 0x0F, 0x00, 0xF0, 0x0F, 0x00,
    0xF0, 0x00, 0x0F, 0xE0, 0x7F, 0xE1, 0xFF, 0xE3, 0xE7, 0xEF, 0x83, 0xDE, 0x07, 0xFC, 0x07, 0xF8,
    0x0F, 0xF0, 0x1F, 0xE0, 0x7F, 0xE0, 0xF3, 0xE7, 0xE7, 0xFF, 0x87, 0xFF, 0x07, 0xF8, 0x01, 0xF8,
    0x01, 0xFC, 0x01, 0xF0, 0xFF, 0x87, 0xFF, 0x3F, 0xF9, 0xE7, 0xEF, 0x0F, 0x78, 0x7B, 0xCF, 0xDF,
    0xFE, 0xFF, 0xE7, 0xFE, 0x3C, 0xF1, 0xE7, 0xCF, 0x1F, 0x78, 0x7B, 0xC3, 0xE0, 0x1F, 0xC3, 0xFE,
    0x7F, 0xE7, 0xCC, 0x78, 0x07, 0xC0, 0x7F, 0x83, 0xFC, 0x0F, 0xE0, 0x1F, 0x00, 0xF7, 0x1F, 0x7F,
    0xE7, 0xFE, 0x7F, 0xC0, 0xFF, 0xFF, 0xFF, 0xFF, 0xFE, 0x1E, 0x00, 0xF0, 0x07, 0x80, 0x3C, 0x01,
    0xE0, 0x0F, 0x00, 0x78, 0x03, 0xC0, 0x1E, 0x00, 0xF0, 0x07, 0x80, 0x3C, 0x00, 0xF0, 0x7F, 0x83,
    0xFC, 0x1F, 0xE0, 0xFF, 0x07, 0xF8, 0x3F, 0xC1, 0xFE, 0x0F, 0xF0, 0x7F, 0x83, 0xFC, 0x3F, 0xFB,
    0xE7, 0xFF, 0x1F, 0xF0, 0x7F, 0x00, 0xF0, 0x1F, 0xF0, 0x3D, 0xE0, 0xFB, 0xC1, 0xE7, 0xC3, 0xC7,
    0x8F, 0x0F, 0x1E, 0x1F, 0x3C, 0x1E, 0xF0, 0x3D, 0xE0, 0x3F, 0x80, 0x7F, 0x00, 0x7E, 0x00, 0xF8,
    0x01, 0xF0, 0x00, 0xF0, 0x00, 0xFF, 0x80, 0x1F, 0x78, 0xF1, 0xE7, 0x8F, 0x1E, 0x78, 0xF9, 0xE7,
    0x9F, 0x9E, 0x7D, 0xF9, 0xC3, 0xDF, 0xBC, 0x3F, 0xFF, 0xC3, 0xF9, 0xFC, 0x3F, 0x9F, 0x81, 0xF9,
    0xF8, 0x1F, 0x0F, 0x81, 0xF0, 0xF8, 0x0F, 0x0F, 0x00, 0xF8, 0x7D, 0xF1, 0xE3, 0xCF, 0x8F, 0xFC,
    0x1F, 0xE0, 0x3F, 0x80, 0xFC, 0x01, 0xF0, 0x0F, 0xC0, 0x7F, 0x81, 0xFF, 0x0F, 0xFC, 0x7C, 0xF9,
    0xE1, 0xFF, 0x87, 0xC0, 0xF8, 0x3F, 0xE1, 0xE7, 0xC7, 0x8F, 0x3C, 0x3F, 0xF0, 0x7F, 0x81, 0xFE,
    0x03, 0xF0, 0x0F, 0x80, 0x1E, 0x00, 0x78, 0x01, 0xE0, 0x07, 0x80, 0x1E, 0x00, 0x78, 0x00, 0x7F,
    0xF3, 0xFF, 0x9F, 0xFC, 0x03, 0xE0, 0x3E, 0x03, 0xE0, 0x3E, 0x01, 0xE0, 0x1F, 0x01, 0xF0, 0x0F,
    0x00, 0xF8, 0x07, 0xFF, 0xFF, 0xFF, 0xFF, 0xE0, 0x7E, 0xFD, 0xFB, 0x87, 0x0E, 0x1C, 0x38, 0x70,
    0xE1, 0xC3, 0x87, 0x0E, 0x1C, 0x38, 0x70, 0xFD, 0xFB, 0xF0, 0xF0, 0x0F, 0x01, 0xE0, 0x3C, 0x03,
    0xC0, 0x78, 0x0F, 0x00, 0xF0, 0x1E, 0x03, 0xC0, 0x3C, 0x07, 0x80, 0xF0, 0x0F, 0x01, 0xE0, 0x1C,
    0x03, 0xC0, 0x78, 0x07, 0x80, 0xF0, 0xFF, 0xFF, 0xC7, 0x1C, 0x71, 0xC7, 0x1C, 0x71, 0xC7, 0x1C,
    0x71, 0xC7, 0x1F, 0xFF, 0xFF, 0x0F, 0x01, 0xF0, 0x1F, 0x83, 0xFC, 0x3F, 0xC7, 0x9E, 0x79, 0xEF,
    0x0F, 0x70, 0xE0, 0xFF, 0xFF, 0xFF, 0xFF, 0x80, 0x63, 0xCF, 0x8E, 0x18, 0x3F, 0x87, 0xF8, 0xFF,
    0x19, 0xF3, 0xFE, 0xFF, 0xDE, 0x7F, 0xCF, 0x7F, 0xEF, 0xFC, 0xFF, 0x00, 0xF0, 0x1E, 0x03, 0xC0,
    0x78, 0x0F, 0x01, 0xFF, 0x3F, 0xF7, 0xFF, 0xFB, 0xFE, 0x3F, 0xC7, 0xF8, 0xFF, 0x3F, 0xFF, 0xBF,
    0xF7, 0xF8, 0x1F, 0xCF, 0xF7, 0xFD, 0xF2, 0x78, 0x1E, 0x07, 0x81, 0xF3, 0x7F, 0xCF, 0xF1, 0xFC,
    0x00, 0xF0, 0x0F, 0x00, 0xF0, 0x0F, 0x00, 0xF1, 0xFF, 0x3F, 0xF7, 0xFF, 0x7D, 0xF7, 0x8F, 0x78,
    0xF7, 0x8F, 0x7C, 0xF7, 0xFF, 0x3F, 0xF1, 0xFE, 0x1F, 0x83, 0xFE, 0x7F, 0xE7, 0x9F, 0x7F, 0xF7,
    0xFF, 0x78, 0x07, 0xC6, 0x7F, 0xE3, 0xFE, 0x1F, 0xE0, 0x3F, 0x3F, 0xBF, 0xDF, 0x6F, 0x07, 0xFB,
    0xFD, 0xFE, 0xF0, 0x78, 0x3C, 0x1E, 0x0F, 0x07, 0x83, 0xC1, 0xE0, 0x1F, 0xE7, 0xFD, 0xFF, 0xBE,
    0xF7, 0x9E, 0xF3, 0xDE, 0x7B, 0xFF, 0x3F, 0xE3, 0xFC, 0x07, 0x99, 0xF7, 0xFE, 0xFF, 0x9F, 0xE0,
    0xF0, 0x3C, 0x0F, 0x03, 0xC0, 0xF0, 0x3F, 0xEF, 0xFF, 0xFF, 0xF3, 0xFC, 0xFF, 0x3F, 0xCF, 0xF3,
    0xFC, 0xFF, 0x3F, 0xCF, 0xFF, 0xFF, 0x0F, 0xFF, 0xFF, 0xFF, 0xFF, 0xFF, 0x1E, 0x3C, 0x78, 0xF0,
    0x03, 0xC7, 0x8F, 0x1E, 0x3C, 0x78, 0xF1, 0xE3, 0xC7, 0x8F, 0x1F, 0xFF, 0xF7, 0xC0, 0xF0, 0x1E,
    0x03, 0xC0, 0x78, 0x0F, 0x01, 0xE7, 0xFD, 0xF7, 0xFC, 0xFF, 0x1F, 0xC3, 0xFC, 0x7F, 0x8F, 0x79,
    0xEF, 0xBC, 0xFF, 0x8F, 0xF3, 0xCF, 0x3C, 0xF3, 0xCF, 0x3C, 0xF3, 0xCF, 0x3C, 0xFB, 0xF7, 0x9E,
    0xFF, 0xFC, 0xFF, 0xFE, 0xFF, 0xFF, 0xF7, 0xDF, 0xF3, 0xCF, 0xF3, 0xCF, 0xF3, 0xCF, 0xF3, 0xCF,
    0xF3, 0xCF, 0xF3, 0xCF, 0xF3, 0xCF, 0xFF, 0xBF, 0xEF, 0xFF, 0xCF, 0xF3, 0xFC, 0xFF, 0x3F, 0xCF,
    0xF3, 0xFC, 0xFF, 0x3C, 0x1F, 0xC3, 0xFE, 0x7F, 0xE7, 0xDF, 0x78, 0xF7, 0x8F, 0x78, 0xF7, 0xDF,
    0x7F, 0xE3, 0xFE, 0x1F, 0xC0, 0xFF, 0x1F, 0xFB, 0xFF, 0x79, 0xFF, 0x1F, 0xE3, 0xFC, 0x7F, 0x9F,
    0xFF, 0xDF, 0xFB, 0xFE, 0x78, 0x0F, 0x01, 0xE0, 0x3C, 0x00, 0x1F, 0xE3, 0xFF, 0x7F, 0xF7, 0xCF,
    0x78, 0xF7, 0x8F, 0x78, 0xF7, 0xDF, 0x7F, 0xF3, 0xFF, 0x1F, 0xF0, 0x0F, 0x00, 0xF0, 0x0F, 0x00,
    0xF0, 0xFF, 0xFF, 0xFF, 0xF2, 0xF0, 0xF0, 0xF0, 0xF0, 0xF0, 0xF0, 0xF0, 0x3F, 0x9F, 0xE7, 0xF9,
    0xE6, 0x7F, 0x9F, 0xE3, 0xFD, 0x8F, 0x7F, 0xDF, 0xE7, 0xF0, 0xF0, 0xF0, 0xF0, 0xFF, 0xFF, 0xFF,
    0xF0, 0xF0, 0xF0, 0xF0, 0xFA, 0xFF, 0x7F, 0x3F, 0xF3, 0xFC, 0xFF, 0x3F, 0xCF, 0xF3, 0xFC, 0xFF,
    0x3F, 0xEF, 0xFF, 0xDF, 0xF3, 0xFC, 0xF0, 0xFF, 0x1E, 0x79, 0xE7, 0x9E, 0x7B, 0xC3, 0xFC, 0x3F,
    0x83, 0xF8, 0x1F, 0x81, 0xF0, 0x0F, 0x00, 0xF1, 0xC7, 0x79, 0xE7, 0x9C, 0xF3, 0xCF, 0x7D, 0xE7,
    0xBE, 0xE1, 0xFF, 0xF0, 0xFF, 0xF8, 0x7E, 0xF8, 0x1E, 0x7C, 0x0F, 0x3E, 0x07, 0x8E, 0x00, 0xF1,
    0xE7, 0x9E, 0x3F, 0xC3, 0xF8, 0x1F, 0x80, 0xF0, 0x1F, 0x83, 0xFC, 0x7B, 0xC7, 0x9E, 0xF1, 0xF0,
    0xF0, 0xFF, 0x1E, 0x79, 0xE7, 0x9E, 0x7B, 0xC3, 0xFC, 0x3F, 0x81, 0xF8, 0x1F, 0x81, 0xF0, 0x0F,
    0x01, 0xE0, 0xFE, 0x0F, 0xC0, 0xF8, 0x00, 0x7F, 0xDF, 0xF7, 0xFC, 0x1E, 0x0F, 0x07, 0x83, 0xC1,
    0xE0, 0x7F, 0xFF, 0xFF, 0xFC, 0x0F, 0x1F, 0x3F, 0x3C, 0x3C, 0x3C, 0x3C, 0x3C, 0x7C, 0xF8, 0xF8,
    0xFC, 0x7C, 0x3C, 0x3C, 0x3C, 0x3C, 0x3F, 0x1F, 0x1F, 0x77, 0x77, 0x77, 0x77, 0x77, 0x77, 0x77,
    0x77, 0x77, 0x77, 0xF0, 0xF8, 0xF8, 0x7C, 0x3C, 0x3C, 0x3C, 0x3C, 0x3C, 0x1E, 0x1E, 0x3E, 0x3C,
    0x3C, 0x3C, 0x3C, 0x7C, 0xF8, 0xF8, 0xF0, 0x3C, 0x77, 0xFF, 0x7F, 0xEF, 0xFE, 0xE3, 0xC0, 0xFF,
    0xFF, 0x0F, 0xFF, 0xFF, 0xFF, 0xFF, 0xF0, 0x0F, 0x03, 0xC0, 0xF0, 0x7F, 0x3F, 0xDF, 0xF7, 0xC9,
    0xE0, 0x78, 0x1F, 0x37, 0xFC, 0xFF, 0x1F, 0xC3, 0xC0, 0xF0, 0x3C, 0x0F, 0xC3, 0xF8, 0xFF, 0x1F,
    0x63, 0xC0, 0x78, 0x3F, 0xE7, 0xFC, 0xFF, 0x87, 0x80, 0xF0, 0x1E, 0x03, 0xFE, 0x7F, 0xDF, 0xF8,
    0x00, 0x07, 0x0E, 0xFF, 0xF7, 0xFE, 0x3B, 0xC7, 0x9E, 0x79, 0xE3, 0xBC, 0x7F, 0xEF, 0xFF, 0x70,
    0xC0, 0x78, 0x79, 0xF3, 0xE3, 0xCF, 0x0F, 0x3C, 0x1F, 0xE0, 0x7F, 0x80, 0xFC, 0x0F, 0xFC, 0x3F,
    0xF0, 0x1E, 0x00, 0x78, 0x0F, 0xFC, 0x3F, 0xF0, 0x1E, 0x00, 0x78, 0x00, 0xFF, 0xFF, 0xFF, 0xFF,
    0x00, 0x00, 0xFF, 0xFF, 0xFF, 0xFF, 0x1F, 0xC7, 0xF9, 0xFF, 0x3C, 0xC7, 0x80, 0x7E, 0x0F, 0xE3,
    0xFE, 0x73, 0xDE, 0x39, 0xE7, 0x3F, 0xE3, 0xF8, 0x3F, 0x80, 0xF3, 0x9E, 0x7F, 0xDF, 0xF9, 0xFE,
    0x00, 0x77, 0xFB, 0xDD, 0xE0, 0x0F, 0xE0, 0x7F, 0xE1, 0xF3, 0xE3, 0x80, 0xEE, 0x7D, 0xDD, 0xF9,
    0xFB, 0x93, 0xFF, 0x07, 0xEE, 0x4F, 0xDF, 0x9F, 0x9F, 0x73, 0x80, 0xE7, 0xCF, 0x87, 0xFE, 0x03,
    0xF8, 0x00, 0x7E, 0x7F, 0x0F, 0x7F, 0xFF, 0xFF, 0xFF, 0x7F, 0x00, 0x01, 0xC7, 0x3C, 0xF7, 0xDE,
    0x7B, 0xEF, 0xBC, 0x7B, 0xE7, 0xDE, 0x3C, 0xF1, 0xC7, 0x00, 0x00, 0xFF, 0xFF, 0xFF, 0xFC, 0x07,
    0x01, 0xC0, 0x70, 0x1C, 0x07, 0xFF, 0xFF, 0xF8, 0x0F, 0xE0, 0x7F, 0xE1, 0xF3, 0xE3, 0x80, 0xEE,
    0xFD, 0xDD, 0xFD, 0xFB, 0xBB, 0xF7, 0xE7, 0xEF, 0xCF, 0xDF, 0x9F, 0xBB, 0xF3, 0x80, 0xE7, 0xCF,
    0x87, 0xFE, 0x03, 0xF8, 0x00, 0xFF, 0xFF, 0x7C, 0xFE, 0xEE, 0xEE, 0xFE, 0x7C, 0x1E, 0x07, 0x81,
    0xE0, 0x78, 0xFF, 0xFF, 0xFF, 0xFC, 0x78, 0x1E, 0x07, 0x81, 0xE0, 0x00, 0xFF, 0xFF, 0xFF, 0xFC,
    0x7D, 0xFD, 0xB8, 0xF3, 0xCF, 0x1C, 0x7F, 0xFE, 0xFD, 0xFD, 0x79, 0xE3, 0xE1, 0xD3, 0xFF, 0xFC,
    0x10, 0xE7, 0xBC, 0x60, 0xF3, 0xFC, 0xFF, 0x3F, 0xCF, 0xF3, 0xFC, 0xFF, 0x3F, 0xEF, 0xFF, 0xFF,
    0xFF, 0xFF, 0xC0, 0xF0, 0x3C, 0x0F, 0x00, 0x0F, 0xF8, 0xFF, 0xF7, 0xFF, 0xDF, 0xEF, 0x7F, 0xBD,
    0xFE, 0xF7, 0xFB, 0xDF, 0xEF, 0x3F, 0xBC, 0x3E, 0xF0, 0x7B, 0xC1, 0xEF, 0x07, 0xBC, 0x1E, 0xF0,
    0x7B, 0xC1, 0xEF, 0x07, 0xBC, 0x1E, 0xF0, 0x7B, 0xC0, 0x77, 0xFE, 0xE0, 0x18, 0xE3, 0xDF, 0x7D,
    0xE0, 0x1D, 0xF7, 0xDF, 0x1C, 0x71, 0xC7, 0x1C, 0x3E, 0x3F, 0x9D, 0xFE, 0x7F, 0x3B, 0xBD, 0xFC,
    0x7E, 0x00, 0x03, 0x8E, 0x1E, 0xF0, 0xF3, 0xC3, 0xDF, 0x1F, 0x78, 0xF7, 0xCF, 0x3C, 0x7B, 0xC3,
    0x8E, 0x00, 0x00, 0x3C, 0x1C, 0x0F, 0x87, 0x83, 0xF0, 0xF0, 0x3E, 0x3C, 0x01, 0xC7, 0x80, 0x39,
    0xE0, 0x07, 0x3C, 0xF0, 0xEF, 0x3E, 0x1D, 0xEF, 0xC0, 0x7B, 0xB8, 0x0E, 0x7F, 0x03, 0xCF, 0xE0,
    0x70, 0x1C, 0x1E, 0x03, 0x83, 0x80, 0x00, 0x3C, 0x3C, 0x1F, 0x0F, 0x0F, 0xC7, 0x81, 0xF1, 0xC0,
    0x1C, 0xF0, 0x07, 0x38, 0x01, 0xDE, 0xF8, 0x77, 0x7E, 0x1F, 0xCF, 0xC0, 0xE0, 0xF0, 0x78, 0x78,
    0x1C, 0x3C, 0x0F, 0x0E, 0x03, 0x87, 0xF1, 0xE1, 0xFC, 0x7C, 0x1E, 0x0F, 0xC3, 0xC1, 0xB8, 0xF0,
    0x1E, 0x1E, 0x03, 0xE7, 0x80, 0x1C, 0xE0, 0x13, 0xBC, 0xF7, 0xF7, 0x3E, 0xFD, 0xEF, 0xC0, 0x3B,
    0xB8, 0x0F, 0x7F, 0x01, 0xCF, 0xE0, 0x78, 0x1C, 0x0E, 0x03, 0x83, 0xC0, 0x00, 0x0E, 0x07, 0xC1,
    0xF0, 0x38, 0x00, 0x03, 0x81, 0xE0, 0xF8, 0x7C, 0x1E, 0x0F, 0x03, 0xEE, 0xFF, 0x9F, 0xE3, 0xF8,
    0x03, 0x00, 0x0E, 0x00, 0x1E, 0x00, 0x1E, 0x00, 0x1C, 0x00, 0x00, 0x01, 0xF0, 0x03, 0xE0, 0x07,
    0xE0, 0x1F, 0xC0, 0x3F, 0x80, 0xF7, 0x81, 0xEF, 0x03, 0x8F, 0x0F, 0x1E, 0x1F, 0xFC, 0x7F, 0xFC,
    0xFF, 0xF9, 0xE0, 0xF7, 0x80, 0xFF, 0x01, 0xE0, 0x01, 0x80, 0x03, 0x80, 0x0F, 0x00, 0x3C, 0x00,
    0x70, 0x00, 0x00, 0x01, 0xF0, 0x03, 0xE0, 0x07, 0xE0, 0x1F, 0xC0, 0x3F, 0x80, 0xF7, 0x81, 0xEF,
    0x03, 0x8F, 0x0F, 0x1E, 0x1F, 0xFC, 0x7F, 0xFC, 0xFF, 0xF9, 0xE0, 0xF7, 0x80, 0xFF, 0x01, 0xE0,
    0x01, 0x80, 0x07, 0x00, 0x1F, 0x00, 0x7F, 0x00, 0x44, 0x00, 0x00, 0x01, 0xF0, 0x03, 0xE0, 0x07,
    0xE0, 0x1F, 0xC0, 0x3F, 0x80, 0xF7, 0x81, 0xEF, 0x03, 0x8F, 0x0F, 0x1E, 0x1F, 0xFC, 0x7F, 0xFC,
    0xFF, 0xF9, 0xE0, 0xF7, 0x80, 0xFF, 0x01, 0xE0, 0x0F, 0x60, 0x1F, 0xE0, 0x37, 0x80, 0x00, 0x00,
    0x7C, 0x00, 0xF8, 0x01, 0xF8, 0x07, 0xF0, 0x0F, 0xE0, 0x3D, 0xE0, 0x7B, 0xC0, 0xE3, 0xC3, 0xC7,
    0x87, 0xFF, 0x1F, 0xFF, 0x3F, 0xFE, 0x78, 0x3D, 0xE0, 0x3F, 0xC0, 0x78, 0x1E, 0xE0, 0x3D, 0xE0,
    0x7B, 0x80, 0x00, 0x00, 0x7C, 0x00, 0xF8, 0x01, 0xF8, 0x07, 0xF0, 0x0F, 0xE0, 0x3D, 0xE0, 0x7B,
    0xC0, 0xE3, 0xC3, 0xC7, 0x87, 0xFF, 0x1F, 0xFF, 0x3F, 0xFE, 0x78, 0x3D, 0xE0, 0x3F, 0xC0, 0x78,
    0x07, 0xC0, 0x0D, 0x80, 0x1B, 0x00, 0x3E, 0x00, 0x7C, 0x00, 0xF8, 0x03, 0xF8, 0x07, 0xF0, 0x0F,
    0xF0, 0x3D, 0xE0, 0x7B, 0xC1, 0xE3, 0xC3, 0xC7, 0x87, 0xFF, 0x1F, 0xFF, 0x3F, 0xFE, 0x78, 0x3D,
    0xE0, 0x3F, 0xC0, 0x78, 0x00, 0xFF, 0xF0, 0x07, 0xFF, 0x80, 0x7F, 0xFC, 0x03, 0xF8, 0x00, 0x3F,
    0xC0, 0x03, 0xDE, 0x00, 0x1E, 0xFF, 0x81, 0xE7, 0xFC, 0x0F, 0x3F, 0xE0, 0xFF, 0xE0, 0x0F, 0xFF,
    0x00, 0x7F, 0xF8, 0x07, 0xC3, 0xFF, 0xBC, 0x1F, 0xFF, 0xC0, 0xFF, 0xE0, 0x0F, 0xF1, 0xFF, 0x9F,
    0xFC, 0xFD, 0xEF, 0x80, 0x78, 0x03, 0xC0, 0x1E, 0x00, 0xF0, 0x07, 0x80, 0x3E, 0x00, 0xF8, 0xE7,
    0xFF, 0x1F, 0xF8, 0x3F, 0xC0, 0xE0, 0x07, 0x80, 0x1C, 0x03, 0xE0, 0x1F, 0x00, 0x0C, 0x03, 0x80,
    0x78, 0x07, 0x80, 0x70, 0x00, 0x3F, 0xFF, 0xFF, 0xFF, 0xFE, 0x03, 0xC0, 0x78, 0x0F, 0xFD, 0xFF,
    0xBF, 0xF7, 0x80, 0xF0, 0x1E, 0x03, 0xFF, 0xFF, 0xFF, 0xFE, 0x02, 0x00, 0xE0, 0x3C, 0x0F, 0x01,
    0xC0, 0x00, 0x3F, 0xFF, 0xFF, 0xFF, 0xFE, 0x03, 0xC0, 0x78, 0x0F, 0xFD, 0xFF, 0xBF, 0xF7, 0x80,
    0xF0, 0x1E, 0x03, 0xFF, 0xFF, 0xFF, 0xFE, 0x06, 0x01, 0xE0, 0x7E, 0x1F, 0xC1, 0x98, 0x00, 0x3F,
    0xFF, 0xFF, 0xFF, 0xFE, 0x03, 0xC0, 0x78, 0x0F, 0xFD, 0xFF, 0xBF, 0xF7, 0x80, 0xF0, 0x1E, 0x03,
    0xFF, 0xFF, 0xFF, 0xFE, 0x3B, 0xCF, 0x78, 0xEF, 0x00, 0x0F, 0xFF, 0xFF, 0xFF, 0xFF, 0x80, 0xF0,
    0x1E, 0x03, 0xFF, 0x7F, 0xEF, 0xFD, 0xE0, 0x3C, 0x07, 0x80, 0xFF, 0xFF, 0xFF, 0xFF, 0x80, 0x21,
    0xC7, 0x8F, 0x1C, 0x07, 0x9E, 0x79, 0xE7, 0x9E, 0x79, 0xE7, 0x9E, 0x79, 0xE7, 0x9E, 0x78, 0x33,
    0xDF, 0xEE, 0x03, 0xDE, 0xF7, 0xBD, 0xEF, 0x7B, 0xDE, 0xF7, 0xBD, 0xEF, 0x00, 0x30, 0xF3, 0xF7,
    0xFC, 0xC0, 0x1E, 0x3C, 0x78, 0xF1, 0xE3, 0xC7, 0x8F, 0x1E, 0x3C, 0x78, 0xF1, 0xE3, 0xC7, 0x80,
    0xF7, 0x7B, 0xFD, 0xC0, 0x03, 0xC1, 0xE0, 0xF0, 0x78, 0x3C, 0x1E, 0x0F, 0x07, 0x83, 0xC1, 0xE0,
    0xF0, 0x78, 0x3C, 0x1E, 0x0F, 0x00, 0x3F, 0xE0, 0x7F, 0xF0, 0xFF, 0xF1, 0xE7, 0xE3, 0xC3, 0xE7,
    0x83, 0xFF, 0xC7, 0xFF, 0x8F, 0x3C, 0x1E, 0x78, 0x3C, 0xF0, 0xF9, 0xE7, 0xE3, 0xFF, 0x87, 0xFE,
    0x0F, 0xF8, 0x00, 0x0F, 0x60, 0x7F, 0x81, 0xBC, 0x00, 0x00, 0xF0, 0x3F, 0xE0, 0xFF, 0xC3, 0xFF,
    0x8F, 0xFE, 0x3F, 0xFC, 0xFF, 0x7B, 0xFD, 0xEF, 0xF3, 0xFF, 0xC7, 0xFF, 0x1F, 0xFC, 0x3F, 0xF0,
    0x7F, 0xC1, 0xFF, 0x03, 0xC0, 0x02, 0x00, 0x0E, 0x00, 0x1E, 0x00, 0x1E, 0x00, 0x1C, 0x00, 0x00,
    0x03, 0xF8, 0x1F, 0xF8, 0x7F, 0xF8, 0xF9, 0xFB, 0xE0, 0xF7, 0x81, 0xFF, 0x01, 0xFE, 0x03, 0xFC,
    0x07, 0xF8, 0x1F, 0xF8, 0x3C, 0xF9, 0xF9, 0xFF, 0xE1, 0xFF, 0xC0, 0xFE, 0x00, 0x01, 0x80, 0x07,
    0x80, 0x0F, 0x00, 0x3C, 0x00, 0x60, 0x00, 0x00, 0x03, 0xF8, 0x1F, 0xF8, 0x7F, 0xF8, 0xF9, 0xFB,
    0xE0, 0xF7, 0x81, 0xFF, 0x01, 0xFE, 0x03, 0xFC, 0x07, 0xF8, 0x1F, 0xF8, 0x3C, 0xF9, 0xF9, 0xFF,
    0xE1, 0xFF, 0xC0, 0xFE, 0x00, 0x03, 0x00, 0x0F, 0x00, 0x3F, 0x00, 0x7F, 0x00, 0xCC, 0x00, 0x00,
    0x03, 0xF8, 0x1F, 0xF8, 0x7F, 0xF8, 0xF9, 0xFB, 0xE0, 0xF7, 0x81, 0xFF, 0x01, 0xFE, 0x03, 0xFC,
    0x07, 0xF8, 0x1F, 0xF8, 0x3C, 0xF9, 0xF9, 0xFF, 0xE1, 0xFF, 0xC0, 0xFE, 0x00, 0x0F, 0x60, 0x3F,
    0xC0, 0x37, 0x80, 0x00, 0x00, 0xFE, 0x07, 0xFE, 0x1F, 0xFE, 0x3E, 0x7E, 0xF8, 0x3D, 0xE0, 0x7F,
    0xC0, 0x7F, 0x80, 0xFF, 0x01, 0xFE, 0x07, 0xFE, 0x0F, 0x3E, 0x7E, 0x7F, 0xF8, 0x7F, 0xF0, 0x3F,
    0x80, 0x1C, 0xE0, 0x3D, 0xC0, 0x73, 0x80, 0x00, 0x00, 0xFE, 0x07, 0xFE, 0x1F, 0xFE, 0x3E, 0x7E,
    0xF8, 0x3D, 0xE0, 0x7F, 0xC0, 0x7F, 0x80, 0xFF, 0x01, 0xFE, 0x07, 0xFE, 0x0F, 0x3E, 0x7E, 0x7F,
    0xF8, 0x7F, 0xF0, 0x3F, 0x80, 0x61, 0xBC, 0xFF, 0xF8, 0xFC, 0x3E, 0x0F, 0xC7, 0xFB, 0xCF, 0x61,
    0x80, 0x00, 0x08, 0x1F, 0xF8, 0xFF, 0xF3, 0xFF, 0xC7, 0xCF, 0xDF, 0x1F, 0xBC, 0x7F, 0xF9, 0xEF,
    0xF7, 0x9F, 0xEE, 0x3F, 0xFC, 0xFF, 0xF1, 0xE7, 0xCF, 0xCF, 0xFF, 0x1F, 0xFE, 0x7F, 0xF0, 0x20,
    0x00, 0x0C, 0x00, 0xF0, 0x07, 0xC0, 0x0E, 0x00, 0x30, 0x00, 0x03, 0xC1, 0xFE, 0x0F, 0xF0, 0x7F,
    0x83, 0xFC, 0x1F, 0xE0, 0xFF, 0x07, 0xF8, 0x3F, 0xC1, 0xFE, 0x0F, 0xF0, 0xFF, 0xEF, 0x9F, 0xFC,
    0x7F, 0xC1, 0xFC, 0x00, 0x01, 0x00, 0x1C, 0x01, 0xE0, 0x1E, 0x00, 0xE0, 0x00, 0x03, 0xC1, 0xFE,
    0x0F, 0xF0, 0x7F, 0x83, 0xFC, 0x1F, 0xE0, 0xFF, 0x07, 0xF8, 0x3F, 0xC1, 0xFE, 0x0F, 0xF0, 0xFF,
    0xEF, 0x9F, 0xFC, 0x7F, 0xC1, 0xFC, 0x00, 0x06, 0x00, 0x78, 0x07, 0xE0, 0x3F, 0x80, 0x98, 0x00,
    0x03, 0xC1, 0xFE, 0x0F, 0xF0, 0x7F, 0x83, 0xFC, 0x1F, 0xE0, 0xFF, 0x07, 0xF8, 0x3F, 0xC1, 0xFE,
    0x0F, 0xF0, 0xFF, 0xEF, 0x9F, 0xFC, 0x7F, 0xC1, 0xFC, 0x00, 0x3D, 0xC1, 0xEF, 0x0F, 0x70, 0x00,
    0x0F, 0x07, 0xF8, 0x3F, 0xC1, 0xFE, 0x0F, 0xF0, 0x7F, 0x83, 0xFC, 0x1F, 0xE0, 0xFF, 0x07, 0xF8,
    0x3F, 0xC3, 0xFF, 0xBE, 0x7F, 0xF1, 0xFF, 0x07, 0xF0, 0x01, 0x80, 0x0F, 0x00, 0x3C, 0x01, 0xE0,
    0x07, 0x00, 0x00, 0x0F, 0x83, 0xFE, 0x1E, 0x7C, 0x78, 0xF3, 0xC3, 0xFF, 0x07, 0xF8, 0x1F, 0xE0,
    0x3F, 0x00, 0xF8, 0x01, 0xE0, 0x07, 0x80, 0x1E, 0x00, 0x78, 0x01, 0xE0, 0x07, 0x80, 0xF0, 0x0F,
    0x00, 0xFF, 0xCF, 0xFE, 0xFF, 0xFF, 0x1F, 0xF0, 0xFF, 0x0F, 0xF3, 0xFF, 0xFF, 0xFF, 0xEF, 0xF8,
    0xF0, 0x0F, 0x00, 0xF0, 0x00, 0x3F, 0x83, 0xFE, 0x1F, 0xF1, 0xF7, 0x8F, 0x1C, 0x79, 0xE3, 0xDE,
    0x1E, 0xF0, 0xF7, 0x87, 0xBF, 0x3C, 0xFD, 0xE1, 0xEF, 0x6F, 0x7B, 0xFB, 0xFF, 0xDF, 0xFC, 0x0C,
    0x03, 0x80, 0x78, 0x07, 0x80, 0x70, 0x00, 0x0F, 0xE1, 0xFE, 0x3F, 0xC6, 0x7C, 0xFF, 0xBF, 0xF7,
    0x9F, 0xF3, 0xDF, 0xFB, 0xFF, 0x3F, 0xC0, 0x02, 0x00, 0xE0, 0x3C, 0x0F, 0x00, 0xC0, 0x00, 0x0F,
    0xE1, 0xFE, 0x3F, 0xC6, 0x7C, 0xFF, 0xBF, 0xF7, 0x9F, 0xF3, 0xDF, 0xFB, 0xFF, 0x3F, 0xC0, 0x0C,
    0x01, 0xC0, 0x7C, 0x1F, 0xC1, 0x10, 0x00, 0x0F, 0xE1, 0xFE, 0x3F, 0xC6, 0x7C, 0xFF, 0xBF, 0xF7,
    0x9F, 0xF3, 0xDF, 0xFB, 0xFF, 0x3F, 0xC0, 0x3D, 0x87, 0xF8, 0xDE, 0x00, 0x00, 0x00, 0x7F, 0x0F,
    0xF1, 0xFE, 0x33, 0xE7, 0xFD, 0xFF, 0xBC, 0xFF, 0x9E, 0xFF, 0xDF, 0xF9, 0xFE, 0x3B, 0xCF, 0x78,
    0xEF, 0x00, 0x00, 0x00, 0x7F, 0x0F, 0xF1, 0xFE, 0x33, 0xE7, 0xFD, 0xFF, 0xBC, 0xFF, 0x9E, 0xFF,
    0xDF, 0xF9, 0xFE, 0x0F, 0x03, 0xE0, 0x6E, 0x0F, 0xC1, 0xF0, 0x1E, 0x00, 0x01, 0xFC, 0x3F, 0xC7,
    0xF8, 0xCF, 0x9F, 0xF7, 0xFE, 0xF3, 0xFE, 0x7B, 0xFF, 0x7F, 0xE7, 0xF8, 0x3F, 0xFF, 0x0F, 0xFF,
    0xE3, 0xFF, 0xF8, 0xCF, 0x9F, 0x3F, 0xFF, 0xDF, 0xFF, 0xF7, 0x9E, 0x03, 0xE7, 0xC6, 0x7F, 0xFF,
    0x9F, 0xFF, 0xE3, 0xFF, 0xF8, 0x1F, 0xCF, 0xF7, 0xFD, 0xF2, 0x78, 0x1E, 0x07, 0x81, 0xF3, 0x7F,
    0xCF, 0xF0, 0xFC, 0x3C, 0x07, 0x07, 0xC1, 0xF0, 0x0C, 0x00, 0xE0, 0x0F, 0x00, 0x78, 0x03, 0x00,
    0x00, 0x1F, 0x83, 0xFE, 0x7F, 0xE7, 0x9F, 0x7F, 0xF7, 0xFF, 0x78, 0x07, 0xC6, 0x7F, 0xE3, 0xFE,
    0x1F, 0xE0, 0x03, 0x00, 0x78, 0x07, 0x80, 0xF0, 0x0C, 0x00, 0x00, 0x1F, 0x83, 0xFE, 0x7F, 0xE7,
    0x9F, 0x7F, 0xF7, 0xFF, 0x78, 0x07, 0xC6, 0x7F, 0xE3, 0xFE, 0x1F, 0xE0, 0x06, 0x00, 0xF0, 0x1F,
    0x81, 0xFC, 0x19, 0x80, 0x00, 0x1F, 0x83, 0xFE, 0x7F, 0xE7, 0x9F, 0x7F, 0xF7, 0xFF, 0x78, 0x07,
    0xC6, 0x7F, 0xE3, 0xFE, 0x1F, 0xE0, 0x3D, 0xC3, 0xDE, 0x3D, 0xC0, 0x00, 0x00, 0x01, 0xF8, 0x3F,
    0xE7, 0xFE, 0x79, 0xF7, 0xFF, 0x7F, 0xF7, 0x80, 0x7C, 0x67, 0xFE, 0x3F, 0xE1, 0xFE, 0x63, 0xC7,
    0x8E, 0x18, 0x07, 0x9E, 0x79, 0xE7, 0x9E, 0x79, 0xE7, 0x9E, 0x78, 0x18, 0xF3, 0xDE, 0x60, 0x07,
    0x9E, 0x79, 0xE7, 0x9E, 0x79, 0xE7, 0x9E, 0x78, 0x18, 0x3C, 0x7E, 0x7F, 0x66, 0x00, 0x3C, 0x3C,
    0x3C, 0x3C, 0x3C, 0x3C, 0x3C, 0x3C, 0x3C, 0x3C, 0x3C, 0x73, 0xBF, 0xDC, 0xE0, 0x00, 0x00, 0xF0,
    0x78, 0x3C, 0x1E, 0x0F, 0x07, 0x83, 0xC1, 0xE0, 0xF0, 0x78, 0x3C, 0x07, 0x00, 0x3F, 0x81, 0xFC,
    0x1F, 0xC0, 0x7E, 0x00, 0x78, 0x7F, 0xC7, 0xFE, 0x7F, 0xF3, 0xEF, 0x9E, 0x3C, 0xF1, 0xE7, 0x9F,
    0x3F, 0xF0, 0xFF, 0x03, 0xF0, 0x3D, 0x9F, 0xE7, 0xF8, 0x00, 0x00, 0x3F, 0xEF, 0xFB, 0xFF, 0xF3,
    0xFC, 0xFF, 0x3F, 0xCF, 0xF3, 0xFC, 0xFF, 0x3F, 0xCF, 0x04, 0x00, 0xE0, 0x0F, 0x00, 0x78, 0x03,
    0x80, 0x00, 0x1F, 0xC3, 0xFE, 0x7F, 0xE7, 0xDF, 0x78, 0xF7, 0x8F, 0x78, 0xF7, 0xDF, 0x7F, 0xE3,
    0xFE, 0x1F, 0xC0, 0x03, 0x00, 0x38, 0x07, 0x80, 0xF0, 0x0E, 0x00, 0x00, 0x1F, 0xC3, 0xFE, 0x7F,
    0xE7, 0xDF, 0x78, 0xF7, 0x8F, 0x78, 0xF7, 0xDF, 0x7F, 0xE3, 0xFE, 0x1F, 0xC0, 0x06, 0x00, 0xF0,
    0x1F, 0x81, 0xFC, 0x19, 0x80, 0x00, 0x1F, 0xC3, 0xFE, 0x7F, 0xE7, 0xDF, 0x78, 0xF7, 0x8F, 0x78,
    0xF7, 0xDF, 0x7F, 0xE3, 0xFE, 0x1F, 0xC0, 0x1E, 0xC3, 0xFC, 0x1B, 0xC0, 0x00, 0x00, 0x01, 0xFC,
    0x3F, 0xE7, 0xFE, 0x7D, 0xF7, 0x8F, 0x78, 0xF7, 0x8F, 0x7D, 0xF7, 0xFE, 0x3F, 0xE1, 0xFC, 0x3D,
    0xC3, 0xDE, 0x3D, 0xC0, 0x00, 0x00, 0x01, 0xFC, 0x3F, 0xE7, 0xFE, 0x7D, 0xF7, 0x8F, 0x78, 0xF7,
    0x8F, 0x7D, 0xF7, 0xFE, 0x3F, 0xE1, 0xFC, 0x1E, 0x07, 0x81, 0xE0, 0x78, 0x00, 0x3F, 0xFF, 0xFF,
    0xFF, 0x00, 0x07, 0x81, 0xE0, 0x78, 0x1E, 0x00, 0x00, 0x21, 0xFF, 0x3F, 0xE7, 0xFE, 0x7F, 0xF7,
    0xBF, 0x77, 0xF7, 0xEF, 0x7D, 0xF7, 0xFE, 0x7F, 0xE7, 0xFC, 0x20, 0x00, 0x18, 0x0F, 0x03, 0xC0,
    0x78, 0x0E, 0x00, 0x0F, 0x3F, 0xCF, 0xF3, 0xFC, 0xFF, 0x3F, 0xCF, 0xF3, 0xFE, 0xFF, 0xFD, 0xFF,
    0x3F, 0xC0, 0x06, 0x03, 0xC0, 0xF0, 0x78, 0x18, 0x00, 0x0F, 0x3F, 0xCF, 0xF3, 0xFC, 0xFF, 0x3F,
    0xCF, 0xF3, 0xFE, 0xFF, 0xFD, 0xFF, 0x3F, 0xC0, 0x0C, 0x07, 0x83, 0xF0, 0xFE, 0x33, 0x00, 0x0F,
    0x3F, 0xCF, 0xF3, 0xFC, 0xFF, 0x3F, 0xCF, 0xF3, 0xFE, 0xFF, 0xFD, 0xFF, 0x3F, 0xC0, 0x73, 0x9E,
    0xE7, 0x38, 0x00, 0x00, 0x3C, 0xFF, 0x3F, 0xCF, 0xF3, 0xFC, 0xFF, 0x3F, 0xCF, 0xFB, 0xFF, 0xF7,
    0xFC, 0xFF, 0x03, 0x00, 0x38, 0x07, 0x80, 0xF0, 0x0E, 0x00, 0x00, 0xF0, 0xFF, 0x1E, 0x79, 0xE7,
    0x9E, 0x7B, 0xC3, 0xFC, 0x3F, 0x81, 0xF8, 0x1F, 0x81, 0xF0, 0x0F, 0x01, 0xE0, 0xFE, 0x0F, 0xC0,
    0xF8, 0x00, 0xF0, 0x1E, 0x03, 0xC0, 0x78, 0x0F, 0x01, 0xFE, 0x3F, 0xF7, 0xFE, 0xF3, 0xFE, 0x3F,
    0xC7, 0xF8, 0xFF, 0x3F, 0xFF, 0xBF, 0xF7, 0xFC, 0xF0, 0x1E, 0x03, 0xC0, 0x78, 0x00, 0x39, 0xC3,
    0xBC, 0x39, 0xC0, 0x00, 0x00, 0x0F, 0x0F, 0xF1, 0xE7, 0x9E, 0x79, 0xE7, 0xBC, 0x3F, 0xC3, 0xF8,
    0x1F, 0x81, 0xF8, 0x1F, 0x00, 0xF0, 0x1E, 0x0F, 0xE0, 0xFC, 0x0F, 0x80, 0x0F, 0xE0, 0x1F, 0xC0,
    0x00, 0x00, 0x3E, 0x00, 0x7C, 0x00, 0xFC, 0x03, 0xF8, 0x07, 0xF0, 0x1E, 0xF0, 0x3D, 0xE0, 0x71,
    0xE1, 0xE3, 0xC3, 0xFF, 0x8F, 0xFF, 0x9F, 0xFF, 0x3C, 0x1E, 0xF0, 0x1F, 0xE0, 0x3C, 0x3F, 0x87,
    0xF0, 0x00, 0x00, 0x03, 0xF8, 0x7F, 0x8F, 0xF1, 0x9F, 0x3F, 0xEF, 0xFD, 0xE7, 0xFC, 0xF7, 0xFE,
    0xFF, 0xCF, 0xF0, 0x0E, 0xF0, 0x1F, 0xC0, 0x1F, 0x00, 0x00, 0x00, 0x7C, 0x00, 0xF8, 0x01, 0xF8,
    0x07, 0xF0, 0x0F, 0xE0, 0x3D, 0xE0, 0x7B, 0xC0, 0xE3, 0xC3, 0xC7, 0x87, 0xFF, 0x1F, 0xFF, 0x3F,
    0xFE, 0x78, 0x3D, 0xE0, 0x3F, 0xC0, 0x78, 0x3B, 0xC7, 0xF0, 0x7C, 0x00, 0x00, 0x00, 0x7F, 0x0F,
    0xF1, 0xFE, 0x33, 0xE7, 0xFD, 0xFF, 0xBC, 0xFF, 0x9E, 0xFF, 0xDF, 0xF9, 0xFE, 0x07, 0xC0, 0x07,
    0xC0, 0x07, 0xE0, 0x0F, 0xE0, 0x0F, 0xE0, 0x1E, 0xF0, 0x1E, 0xF0, 0x1C, 0x78, 0x3C, 0x78, 0x3F,
    0xF8, 0x7F, 0xFC, 0x7F, 0xFC, 0x78, 0x3C, 0xF0, 0x1E, 0xF0, 0x1E, 0x00, 0x1E, 0x00, 0x1C, 0x00,
    0x3C, 0x00, 0x3F, 0x00, 0x1F, 0x3F, 0x87, 0xF8, 0xFF, 0x19, 0xF3, 0xFE, 0xFF, 0xDE, 0x7F, 0xCF,
    0x7F, 0xEF, 0xFC, 0xFF, 0x81, 0xE0, 0x78, 0x0F, 0xC0, 0xF8, 0x01, 0x80, 0x1E, 0x00, 0xF0, 0x0F,
    0x00, 0x70, 0x00, 0x00, 0x3F, 0xC7, 0xFE, 0x7F, 0xF3, 0xF7, 0xBE, 0x01, 0xE0, 0x0F, 0x00, 0x78,
    0x03, 0xC0, 0x1E, 0x00, 0xF8, 0x07, 0xE3, 0x9F, 0xFC, 0x7F, 0xE1, 0xFF, 0x00, 0x03, 0x00, 0xE0,
    0x78, 0x3C, 0x0E, 0x00, 0x01, 0xFC, 0xFF, 0x7F, 0xDF, 0x27, 0x81, 0xE0, 0x78, 0x1F, 0x37, 0xFC,
    0xFF, 0x1F, 0xC0, 0x03, 0x00, 0x3C, 0x03, 0xF0, 0x1F, 0xC0, 0xCC, 0x00, 0x00, 0x3F, 0xC7, 0xFE,
    0x7F, 0xF3, 0xF7, 0xBE, 0x01, 0xE0, 0x0F, 0x00, 0x78, 0x03, 0xC0, 0x1E, 0x00, 0xF8, 0x07, 0xE3,
    0x9F, 0xFC, 0x7F, 0xE1, 0xFF, 0x00, 0x06, 0x03, 0xC1, 0xF8, 0x7F, 0x19, 0x80, 0x01, 0xFC, 0xFF,
    0x7F, 0xDF, 0x27, 0x81, 0xE0, 0x78, 0x1F, 0x37, 0xFC, 0xFF, 0x1F, 0xC0, 0x03, 0x80, 0x3C, 0x00,
    0xE0, 0x00, 0x00, 0xFF, 0x1F, 0xF9, 0xFF, 0xCF, 0xDE, 0xF8, 0x07, 0x80, 0x3C, 0x01, 0xE0, 0x0F,
    0x00, 0x78, 0x03, 0xE0, 0x1F, 0x8E, 0x7F, 0xF1, 0xFF, 0x87, 0xFC, 0x07, 0x03, 0xC0, 0x70, 0x00,
    0x00, 0x07, 0xF3, 0xFD, 0xFF, 0x7C, 0x9E, 0x07, 0x81, 0xE0, 0x7C, 0xDF, 0xF3, 0xFC, 0x7F, 0x0C,
    0xC0, 0x7F, 0x03, 0xF0, 0x0F, 0x00, 0x30, 0x00, 0x00, 0x3F, 0xC7, 0xFE, 0x7F, 0xF3, 0xF7, 0xBE,
    0x01, 0xE0, 0x0F, 0x00, 0x78, 0x03, 0xC0, 0x1E, 0x00, 0xF8, 0x07, 0xE3, 0x9F, 0xFC, 0x7F, 0xE1,
    0xFF, 0x00, 0x19, 0x87, 0xF1, 0xF8, 0x3C, 0x06, 0x00, 0x01, 0xFC, 0xFF, 0x7F, 0xDF, 0x27, 0x81,
    0xE0, 0x78, 0x1F, 0x37, 0xFC, 0xFF, 0x1F, 0xC0, 0x09, 0x80, 0x7F, 0x00, 0xF8, 0x03, 0xC0, 0x06,
    0x00, 0x00, 0x0F, 0xFC, 0x3F, 0xF8, 0xFF, 0xF3, 0xC7, 0xEF, 0x07, 0xBC, 0x1F, 0xF0, 0x3F, 0xC0,
    0xFF, 0x03, 0xFC, 0x1F, 0xF0, 0x7B, 0xC7, 0xEF, 0xFF, 0x3F, 0xF8, 0xFF, 0xC0, 0x00, 0xFF, 0x00,
    0xFE, 0x00, 0xFE, 0x00, 0xFE, 0x00, 0xFE, 0x1F, 0xF0, 0x3F, 0xF0, 0x7F, 0xF0, 0x7D, 0xF0, 0x78,
    0xF0, 0x78, 0xF0, 0x78, 0xF0, 0x7C, 0xF0, 0x7F, 0xF0, 0x3F, 0xF0, 0x1F, 0xE0, 0x3F, 0xE0, 0x7F,
    0xF0, 0xFF, 0xF1, 0xE7, 0xE3, 0xC3, 0xE7, 0x83, 0xFF, 0xC7, 0xFF, 0x8F, 0x3C, 0x1E, 0x78, 0x3C,
    0xF0, 0xF9, 0xE7, 0xE3, 0xFF, 0x87, 0xFE, 0x0F, 0xF8, 0x00, 0x00, 0xF0, 0x3F, 0xC1, 0xFE, 0x01,
    0xE0, 0x0F, 0x0F, 0xF8, 0xFF, 0xCF, 0xFE, 0x7D, 0xF3, 0xC7, 0x9E, 0x3C, 0xF1, 0xE7, 0xCF, 0x3F,
    0xF8, 0xFF, 0xC3, 0xFC, 0x3F, 0x87, 0xF0, 0x00, 0x7F, 0xFF, 0xFF, 0xFF, 0xFC, 0x07, 0x80, 0xF0,
    0x1F, 0xFB, 0xFF, 0x7F, 0xEF, 0x01, 0xE0, 0x3C, 0x07, 0xFF, 0xFF, 0xFF, 0xFC, 0x3F, 0xC3, 0xFC,
    0x00, 0x00, 0x00, 0x1F, 0x83, 0xFE, 0x7F, 0xE7, 0x9F, 0x7F, 0xF7, 0xFF, 0x78, 0x07, 0xC6, 0x7F,
    0xE3, 0xFE, 0x1F, 0xE0, 0x3B, 0x87, 0xF0, 0x7C, 0x00, 0x0F, 0xFF, 0xFF, 0xFF, 0xFF, 0x80, 0xF0,
    0x1E, 0x03, 0xFF, 0x7F, 0xEF, 0xFD, 0xE0, 0x3C, 0x07, 0x80, 0xFF, 0xFF, 0xFF, 0xFF, 0x80, 0x3D,
    0xC1, 0xFC, 0x0F, 0x80, 0x00, 0x00, 0x01, 0xF8, 0x3F, 0xE7, 0xFE, 0x79, 0xF7, 0xFF, 0x7F, 0xF7,
    0x80, 0x7C, 0x67, 0xFE, 0x3F, 0xE1, 0xFE, 0x0E, 0x01, 0xE0, 0x38, 0x00, 0x0F, 0xFF, 0xFF, 0xFF,
    0xFF, 0x80, 0xF0, 0x1E, 0x03, 0xFF, 0x7F, 0xEF, 0xFD, 0xE0, 0x3C, 0x07, 0x80, 0xFF, 0xFF, 0xFF,
    0xFF, 0x80, 0x0F, 0x00, 0xF0, 0x0F, 0x00, 0x00, 0x00, 0x01, 0xF8, 0x3F, 0xE7, 0xFE, 0x79, 0xF7,
    0xFF, 0x7F, 0xF7, 0x80, 0x7C, 0x67, 0xFE, 0x3F, 0xE1, 0xFE, 0xFF, 0xEF, 0xFE, 0xFF, 0xEF, 0x00,
    0xF0, 0x0F, 0x00, 0xFF, 0xCF, 0xFC, 0xFF, 0xCF, 0x00, 0xF0, 0x0F, 0x00, 0xFF, 0xEF, 0xFE, 0xFF,
    0xE0, 0x1E, 0x01, 0xC0, 0x3C, 0x03, 0xF0, 0x1F, 0x1F, 0x83, 0xFE, 0x7F, 0xE7, 0x9F, 0x7F, 0xF7,
    0xFF, 0x78, 0x07, 0xC6, 0x7F, 0xE3, 0xFE, 0x1F, 0xE0, 0x3C, 0x03, 0x80, 0x3E, 0x03, 0xE0, 0x19,
    0x87, 0xF0, 0x7E, 0x07, 0x80, 0x60, 0x00, 0x3F, 0xFF, 0xFF, 0xFF, 0xFE, 0x03, 0xC0, 0x78, 0x0F,
    0xFD, 0xFF, 0xBF, 0xF7, 0x80, 0xF0, 0x1E, 0x03, 0xFF, 0xFF, 0xFF, 0xFE, 0x19, 0x81, 0xFC, 0x1F,
    0x80, 0xF0, 0x06, 0x00, 0x00, 0x1F, 0x83, 0xFE, 0x7F, 0xE7, 0x9F, 0x7F, 0xF7, 0xFF, 0x78, 0x07,
    0xC6, 0x7F, 0xE3, 0xFE, 0x1F, 0xE0, 0x03, 0x00, 0x3C, 0x03, 0xF0, 0x1F, 0xC0, 0xCC, 0x00, 0x00,
    0x3F, 0xC7, 0xFE, 0x7F, 0xF3, 0xF3, 0xBE, 0x01, 0xE0, 0x0F, 0x00, 0x78, 0x3F, 0xC1, 0xFE, 0x0F,
    0xF8, 0x7B, 0xE3, 0xDF, 0xFE, 0x7F, 0xF1, 0xFF, 0x00, 0x03, 0x00, 0xF0, 0x3F, 0x0F, 0xE0, 0xCC,
    0x00, 0x07, 0xF9, 0xFF, 0x7F, 0xEF, 0xBD, 0xE7, 0xBC, 0xF7, 0x9E, 0xFF, 0xCF, 0xF8, 0xFF, 0x01,
    0xE6, 0x7D, 0xFF, 0xBF, 0xE7, 0xF8, 0x1E, 0xE0, 0x7F, 0x01, 0xF0, 0x00, 0x00, 0xFF, 0x1F, 0xF9,
    0xFF, 0xCF, 0xCE, 0xF8, 0x07, 0x80, 0x3C, 0x01, 0xE0, 0xFF, 0x07, 0xF8, 0x3F, 0xE1, 0xEF, 0x8F,
    0x7F, 0xF9, 0xFF, 0xC7, 0xFC, 0x1D, 0xC3, 0xF8, 0x3E, 0x00, 0x00, 0x00, 0x3F, 0xCF, 0xFB, 0xFF,
    0x7D, 0xEF, 0x3D, 0xE7, 0xBC, 0xF7, 0xFE, 0x7F, 0xC7, 0xF8, 0x0F, 0x33, 0xEF, 0xFD, 0xFF, 0x3F,
    0xC0, 0x03, 0x80, 0x3C, 0x00, 0xE0, 0x00, 0x00, 0xFF, 0x1F, 0xF9, 0xFF, 0xCF, 0xCE, 0xF8, 0x07,
    0x80, 0x3C, 0x01, 0xE0, 0xFF, 0x07, 0xF8, 0x3F, 0xE1, 0xEF, 0x8F, 0x7F, 0xF9, 0xFF, 0xC7, 0xFC,
    0x07, 0x01, 0xE0, 0x1C, 0x00, 0x00, 0x00, 0x3F, 0xCF, 0xFB, 0xFF, 0x7D, 0xEF, 0x3D, 0xE7, 0xBC,
    0xF7, 0xFE, 0x7F, 0xC7, 0xF8, 0x0F, 0x33, 0xEF, 0xFD, 0xFF, 0x3F, 0xC0, 0x0F, 0xF1, 0xFF, 0x9F,
    0xFC, 0xFC, 0xEF, 0x80, 0x78, 0x03, 0xC0, 0x1E, 0x0F, 0xF0, 0x7F, 0x83, 0xFE, 0x1E, 0xF8, 0xF7,
    0xFF, 0x9F, 0xFC, 0x7F, 0xC0, 0x00, 0x03, 0x80, 0x3C, 0x03, 0xE0, 0x1E, 0x00, 0x03, 0x80, 0xF0,
    0x1C, 0x03, 0x80, 0x00, 0x00, 0x07, 0xF9, 0xFF, 0x7F, 0xEF, 0xBD, 0xE7, 0xBC, 0xF7, 0x9E, 0xFF,
    0xCF, 0xF8, 0xFF, 0x01, 0xE6, 0x7D, 0xFF, 0xBF, 0xE7, 0xF8, 0x03, 0x00, 0x3C, 0x03, 0xF0, 0x3F,
    0x80, 0xCC, 0x00, 0x03, 0xC1, 0xFE, 0x0F, 0xF0, 0x7F, 0x83, 0xFC, 0x1F, 0xE0, 0xFF, 0xFF, 0xFF,
    0xFF, 0xFF, 0xFE, 0x0F, 0xF0, 0x7F, 0x83, 0xFC, 0x1F, 0xE0, 0xFF, 0x07, 0x80, 0x38, 0x3F, 0x8E,
    0xE0, 0x00, 0xF0, 0x3C, 0x0F, 0x03, 0xC0, 0xF0, 0x3F, 0xEF, 0xFF, 0xFF, 0xF3, 0xFC, 0xFF, 0x3F,
    0xCF, 0xF3, 0xFC, 0xFF, 0x3F, 0xCF, 0x3C, 0x3C, 0x3C, 0x3C, 0xFF, 0xFF, 0xFF, 0xFF, 0x3C, 0x3C,
    0x3C, 0x3C, 0x3F, 0xFC, 0x3F, 0xFC, 0x3F, 0xFC, 0x3C, 0x3C, 0x3C, 0x3C, 0x3C, 0x3C, 0x3C, 0x3C,
    0x3C, 0x3C, 0x3C, 0x3C, 0x78, 0x07, 0x80, 0xFF, 0x0F, 0xF0, 0x78, 0x07, 0xFC, 0x7F, 0xE7, 0xFE,
    0x79, 0xE7, 0x8F, 0x78, 0xF7, 0x8F, 0x78, 0xF7, 0x8F, 0x78, 0xF7, 0x8F, 0x7B, 0x7F, 0x9B, 0xC0,
    0x03, 0xC1, 0xE0, 0xF0, 0x78, 0x3C, 0x1E, 0x0F, 0x07, 0x83, 0xC1, 0xE0, 0xF0, 0x78, 0x3C, 0x1E,
    0x0F, 0x00, 0x7B, 0xFF, 0xFE, 0x00, 0x00, 0x3C, 0x3C, 0x3C, 0x3C, 0x3C, 0x3C, 0x3C, 0x3C, 0x3C,
    0x3C, 0x3C, 0x7F, 0x7F, 0x00, 0x3C, 0x3C, 0x3C, 0x3C, 0x3C, 0x3C, 0x3C, 0x3C, 0x3C, 0x3C, 0x3C,
    0x3C, 0x3C, 0x3C, 0x3C, 0xFF, 0xFF, 0x00, 0x00, 0x3C, 0x3C, 0x3C, 0x3C, 0x3C, 0x3C, 0x3C, 0x3C,
    0x3C, 0x3C, 0x3C, 0xEF, 0xFD, 0xF0, 0x07, 0x8F, 0x1E, 0x3C, 0x78, 0xF1, 0xE3, 0xC7, 0x8F, 0x1E,
    0x3C, 0x78, 0xF1, 0xE0, 0xF7, 0x7E, 0x7E, 0x00, 0x00, 0x3C, 0x3C, 0x3C, 0x3C, 0x3C, 0x3C, 0x3C,
    0x3C, 0x3C, 0x3C, 0x3C, 0x79, 0xE7, 0x9E, 0x79, 0xE7, 0x9E, 0x79, 0xE7, 0x9E, 0x79, 0xE7, 0x9E,
    0x73, 0xCF, 0xDF, 0x79, 0xE7, 0x9E, 0x01, 0xE7, 0x9E, 0x79, 0xE7, 0x9E, 0x79, 0xE7, 0x9E, 0x7B,
    0xCF, 0x3E, 0x78, 0x7F, 0x70, 0xFF, 0xFF, 0xFF, 0xFF, 0xFF, 0xFF, 0xFF, 0xF0, 0xFF, 0xFF, 0xFF,
    0xFF, 0xFF, 0xF0, 0xF0, 0x0F, 0xF0, 0x0F, 0xF0, 0x0F, 0xF0, 0x0F, 0xF0, 0x0F, 0xF0, 0x0F, 0xF0,
    0x0F, 0xF0, 0x0F, 0xF0, 0x0F, 0xF0, 0x0F, 0xF0, 0x1E, 0xF3, 0xBE, 0xF3, 0xFE, 0xF3, 0xFC, 0xF3,
    0xF8, 0xF3, 0xFC, 0xFF, 0x3F, 0xCF, 0x00, 0x3C, 0xFF, 0x3F, 0xCF, 0xF3, 0xFC, 0xFF, 0x3F, 0xCF,
    0xF3, 0xFC, 0xFF, 0x3F, 0xCF, 0x03, 0xC7, 0xF1, 0xF8, 0x7C, 0x01, 0x80, 0x3C, 0x07, 0xE0, 0xFE,
    0x06, 0x60, 0x00, 0x03, 0xC0, 0x3C, 0x03, 0xC0, 0x3C, 0x03, 0xC0, 0x3C, 0x03, 0xC0, 0x3C, 0x03,
    0xC0, 0x3C, 0x03, 0xC6, 0x7C, 0xFF, 0xCF, 0xF8, 0x7F, 0x00, 0x0C, 0x0F, 0x0F, 0xC7, 0xE3, 0x30,
    0x00, 0x78, 0x3C, 0x1E, 0x0F, 0x07, 0x83, 0xC1, 0xE0, 0xF0, 0x78, 0x3C, 0x1E, 0x0F, 0x3F, 0x9F,
    0x8F, 0x80, 0xF0, 0xFB, 0xC7, 0xCF, 0x3E, 0x3D, 0xF0, 0xFF, 0x83, 0xFC, 0x0F, 0xE0, 0x3F, 0xC0,
    0xFF, 0x83, 0xDF, 0x0F, 0x3C, 0x3C, 0xF8, 0xF1, 0xF3, 0xC3, 0xCF, 0x0F, 0x80, 0x00, 0x07, 0x00,
    0x1C, 0x00, 0xF0, 0x03, 0x80, 0xF0, 0x1E, 0x03, 0xC0, 0x78, 0x0F, 0x01, 0xE7, 0xFD, 0xF7, 0xFC,
    0xFF, 0x1F, 0xC3, 0xFC, 0x7F, 0x8F, 0x79, 0xEF, 0xBC, 0xFF, 0x8F, 0x00, 0x01, 0xC0, 0x78, 0x1F,
    0x03, 0xC0, 0xF3, 0xEF, 0x7C, 0xFF, 0x8F, 0xF0, 0xFE, 0x0F, 0xF0, 0xFF, 0x0F, 0x78, 0xF7, 0xCF,
    0x3C, 0xF1, 0xE0, 0x18, 0x07, 0x01, 0xE0, 0x78, 0x06, 0x00, 0x00, 0x3C, 0x07, 0x80, 0xF0, 0x1E,
    0x03, 0xC0, 0x78, 0x0F, 0x01, 0xE0, 0x3C, 0x07, 0x80, 0xF0, 0x1E, 0x03, 0xFF, 0xFF, 0xFF, 0xFE,
    0x19, 0xEF, 0xB8, 0x03, 0xCF, 0x3C, 0xF3, 0xCF, 0x3C, 0xF3, 0xCF, 0x3C, 0xF3, 0xEF, 0xDE, 0x78,
    0xF0, 0x1E, 0x03, 0xC0, 0x78, 0x0F, 0x01, 0xE0, 0x3C, 0x07, 0x80, 0xF0, 0x1E, 0x03, 0xC0, 0x78,
    0x0F, 0xFF, 0xFF, 0xFF, 0xF8, 0x00, 0x0F, 0x01, 0xE0, 0x78, 0x0F, 0x00, 0xF3, 0xCF, 0x3C, 0xF3,
    0xCF, 0x3C, 0xF3, 0xCF, 0x3C, 0xFB, 0xF7, 0x9E, 0x01, 0xC7, 0x3C, 0xE0, 0xF0, 0x1E, 0x73, 0xCE,
    0x79, 0xCF, 0x39, 0xE6, 0x3C, 0x07, 0x80, 0xF0, 0x1E, 0x03, 0xC0, 0x78, 0x0F, 0xFF, 0xFF, 0xFF,
    0xF8, 0xF7, 0xF7, 0xF7, 0xF6, 0xF6, 0xF0, 0xF0, 0xF0, 0xF0, 0xF0, 0xF0, 0xF0, 0xF8, 0xFC, 0x78,
    0x78, 0xF0, 0x1E, 0x03, 0xC0, 0x78, 0x0F, 0x3D, 0xE7, 0xBC, 0xF7, 0x9E, 0xF0, 0x1E, 0x03, 0xC0,
    0x78, 0x0F, 0xFF, 0xFF, 0xFF, 0xF8, 0xF0, 0x3C, 0x0F, 0x03, 0xC0, 0xF0, 0x3C, 0xEF, 0x7F, 0xDF,
    0xF3, 0xBC, 0x0F, 0x03, 0xC0, 0xF8, 0x3F, 0x07, 0x81, 0xE0, 0x3C, 0x01, 0xE0, 0x0F, 0x00, 0x78,
    0x03, 0xF8, 0x1F, 0xC0, 0xFE, 0x1F, 0xC0, 0xFC, 0x07, 0xE0, 0x0F, 0x00, 0x78, 0x03, 0xFF, 0x1F,
    0xF8, 0xFF, 0xC0, 0x1E, 0x0F, 0x07, 0x83, 0xC1, 0xF0, 0xFC, 0xFE, 0xFC, 0x7E, 0x0F, 0x07, 0x83,
    0xC1, 0xE0, 0xF8, 0x7C, 0x1E, 0x01, 0x80, 0x0F, 0x00, 0x7C, 0x01, 0xC0, 0x06, 0x00, 0x00, 0x0F,
    0x03, 0xFE, 0x0F, 0xFC, 0x3F, 0xF8, 0xFF, 0xE3, 0xFF, 0xCF, 0xF7, 0xBF, 0xDE, 0xFF, 0x3F, 0xFC,
    0x7F, 0xF1, 0xFF, 0xC3, 0xFF, 0x07, 0xFC, 0x1F, 0xF0, 0x3C, 0x06, 0x03, 0xC1, 0xF0, 0x70, 0x18,
    0x00, 0x0F, 0xFB, 0xFE, 0xFF, 0xFC, 0xFF, 0x3F, 0xCF, 0xF3, 0xFC, 0xFF, 0x3F, 0xCF, 0xF3, 0xC0,
    0xF0, 0x3F, 0xE0, 0xFF, 0xC3, 0xFF, 0x8F, 0xFE, 0x3F, 0xFC, 0xFF, 0x7B, 0xFD, 0xEF, 0xF3, 0xFF,
    0xC7, 0xFF, 0x1F, 0xFC, 0x3F, 0xF0, 0x7F, 0xC1, 0xFF, 0x03, 0xC0, 0x00, 0x03, 0x80, 0x1E, 0x00,
    0xF8, 0x03, 0xC0, 0xFF, 0xBF, 0xEF, 0xFF, 0xCF, 0xF3, 0xFC, 0xFF, 0x3F, 0xCF, 0xF3, 0xFC, 0xFF,
    0x3C, 0x00, 0x0E, 0x07, 0x83, 0xE0, 0xF0, 0x0C, 0xC0, 0x7F, 0x00, 0xFC, 0x01, 0xE0, 0x03, 0x00,
    0x00, 0x0F, 0x03, 0xFE, 0x0F, 0xFC, 0x3F, 0xF8, 0xFF, 0xE3, 0xFF, 0xCF, 0xF7, 0xBF, 0xDE, 0xFF,
    0x3F, 0xFC, 0x7F, 0xF1, 0xFF, 0xC3, 0xFF, 0x07, 0xFC, 0x1F, 0xF0, 0x3C, 0x33, 0x0F, 0xE3, 0xF0,
    0x78, 0x0C, 0x00, 0x0F, 0xFB, 0xFE, 0xFF, 0xFC, 0xFF, 0x3F, 0xCF, 0xF3, 0xFC, 0xFF, 0x3F, 0xCF,
    0xF3, 0xC0, 0x70, 0x03, 0x80, 0x1C, 0x00, 0xE0, 0x0E, 0x00, 0x0F, 0xF0, 0x7F, 0xC3, 0xFF, 0x1E,
    0xF8, 0xF3, 0xC7, 0x9E, 0x3C, 0xF1, 0xE7, 0x8F, 0x3C, 0x79, 0xE3, 0xCF, 0xF0, 0x3F, 0xE0, 0xFF,
    0xC3, 0xFF, 0x8F, 0xFE, 0x3F, 0xFC, 0xFF, 0x7B, 0xFD, 0xEF, 0xF3, 0xFF, 0xC7, 0xFF, 0x1F, 0xFC,
    0x3F, 0xF0, 0x7F, 0xC1, 0xFF, 0x03, 0xC0, 0x1F, 0x01, 0xF8, 0x07, 0xE0, 0x1F, 0x00, 0xFF, 0xBF,
    0xEF, 0xFF, 0xCF, 0xF3, 0xFC, 0xFF, 0x3F, 0xCF, 0xF3, 0xFC, 0xFF, 0x3C, 0x0F, 0x03, 0xC3, 0xF0,
    0xF8, 0x0F, 0xE0, 0x1F, 0xC0, 0x00, 0x00, 0x7F, 0x03, 0xFF, 0x0F, 0xFF, 0x1F, 0x3F, 0x7C, 0x1E,
    0xF0, 0x3F, 0xE0, 0x3F, 0xC0, 0x7F, 0x80, 0xFF, 0x03, 0xFF, 0x07, 0x9F, 0x3F, 0x3F, 0xFC, 0x3F,
    0xF8, 0x1F, 0xC0, 0x1F, 0xC1, 0xFC, 0x00, 0x00, 0x00, 0x1F, 0xC3, 0xFE, 0x7F, 0xE7, 0xDF, 0x78,
    0xF7, 0x8F, 0x78, 0xF7, 0xDF, 0x7F, 0xE3, 0xFE, 0x1F, 0xC0, 0x0E, 0xE0, 0x1F, 0xC0, 0x1F, 0x00,
    0x00, 0x00, 0xFE, 0x07, 0xFE, 0x1F, 0xFE, 0x3E, 0x7E, 0xF8, 0x3D, 0xE0, 0x7F, 0xC0, 0x7F, 0x80,
    0xFF, 0x01, 0xFE, 0x07, 0xFE, 0x0F, 0x3E, 0x7E, 0x7F, 0xF8, 0x7F, 0xF0, 0x3F, 0x80, 0x1D, 0xC1,
    0xFC, 0x0F, 0x80, 0x00, 0x00, 0x01, 0xFC, 0x3F, 0xE7, 0xFE, 0x7D, 0xF7, 0x8F, 0x78, 0xF7, 0x8F,
    0x7D, 0xF7, 0xFE, 0x3F, 0xE1, 0xFC, 0x03, 0x30, 0x0E, 0xF0, 0x3D, 0xC0, 0x77, 0x00, 0xCC, 0x00,
    0x00, 0x03, 0xF8, 0x1F, 0xF8, 0x7F, 0xF8, 0xF9, 0xFB, 0xE0, 0xF7, 0x81, 0xFF, 0x01, 0xFE, 0x03,
    0xFC, 0x07, 0xF8, 0x1F, 0xF8, 0x3C, 0xF9, 0xF9, 0xFF, 0xE1, 0xFF, 0xC0, 0xFE, 0x00, 0x06, 0x60,
    0xEE, 0x1C, 0xE1, 0xDC, 0x19, 0x80, 0x00, 0x1F, 0xC3, 0xFE, 0x7F, 0xE7, 0xDF, 0x78, 0xF7, 0x8F,
    0x78, 0xF7, 0xDF, 0x7F, 0xE3, 0xFE, 0x1F, 0xC0, 0x0F, 0xFF, 0xE3, 0xFF, 0xFE, 0x7F, 0xFF, 0xE7,
    0xE7, 0x80, 0xF8, 0x78, 0x0F, 0x07, 0x80, 0xF0, 0x7F, 0xCF, 0x07, 0xFC, 0xF0, 0x7F, 0xCF, 0x07,
    0x80, 0xF8, 0x78, 0x07, 0xE7, 0x80, 0x7F, 0xFF, 0xF3, 0xFF, 0xFF, 0x0F, 0xFF, 0xF0, 0x1F, 0x9F,
    0x87, 0xFF, 0xF9, 0xFF, 0xFF, 0xBE, 0xFC, 0xF7, 0x8F, 0xFE, 0xF1, 0xFF, 0xDE, 0x3C, 0x03, 0xEF,
    0xE6, 0x7F, 0xFF, 0xC7, 0xFF, 0xF8, 0x7E, 0x7F, 0x00, 0x02, 0x00, 0x38, 0x03, 0xC0, 0x3C, 0x00,
    0xC0, 0x00, 0x03, 0xFE, 0x1F, 0xFC, 0xFF, 0xE7, 0x9F, 0xBC, 0x3D, 0xE1, 0xEF, 0x3F, 0x7F, 0xFB,
    0xFF, 0x9F, 0xF8, 0xF3, 0xC7, 0x9F, 0x3C, 0x7D, 0xE1, 0xEF, 0x0F, 0x80, 0x0C, 0x1E, 0x3E, 0x38,
    0x30, 0x00, 0xFF, 0xFF, 0xFF, 0xF2, 0xF0, 0xF0, 0xF0, 0xF0, 0xF0, 0xF0, 0xF0, 0xFF, 0x87, 0xFF,
    0x3F, 0xF9, 0xE7, 0xEF, 0x0F, 0x78, 0x7B, 0xCF, 0xDF, 0xFE, 0xFF, 0xE7, 0xFE, 0x3C, 0xF1, 0xE7,
    0xCF, 0x1F, 0x78, 0x7B, 0xC3, 0xE0, 0x00, 0x07, 0x00, 0x78, 0x07, 0xC0, 0x3C, 0x00, 0x7F, 0xBF,
    0xDF, 0xEF, 0x27, 0x83, 0xC1, 0xE0, 0xF0, 0x78, 0x3C, 0x1E, 0x00, 0x07, 0x83, 0xC3, 0xC1, 0xE0,
    0x19, 0x81, 0xFC, 0x07, 0xE0, 0x1E, 0x00, 0x60, 0x7F, 0xC3, 0xFF, 0x9F, 0xFC, 0xF3, 0xF7, 0x87,
    0xBC, 0x3D, 0xE7, 0xEF, 0xFF, 0x7F, 0xF3, 0xFF, 0x1E, 0x78, 0xF3, 0xE7, 0x8F, 0xBC, 0x3D, 0xE1,
    0xF0, 0x66, 0x7F, 0x7E, 0x3C, 0x18, 0x00, 0xFF, 0xFF, 0xFF, 0xF2, 0xF0, 0xF0, 0xF0, 0xF0, 0xF0,
    0xF0, 0xF0, 0x03, 0x00, 0x38, 0x07, 0x80, 0xF0, 0x0E, 0x00, 0x00, 0x1F, 0xC3, 0xFE, 0x7F, 0xE7,
    0xCC, 0x78, 0x07, 0xC0, 0x7F, 0x83, 0xFC, 0x0F, 0xE0, 0x1F, 0x00, 0xF7, 0x1F, 0x7F, 0xE7, 0xFE,
    0x7F, 0xC0, 0x06, 0x01, 0xC0, 0xF0, 0x78, 0x1C, 0x00, 0x03, 0xF9, 0xFE, 0x7F, 0x9E, 0x67, 0xF9,
    0xFE, 0x3F, 0xD8, 0xF7, 0xFD, 0xFE, 0x7F, 0x00, 0x06, 0x00, 0xF0, 0x1F, 0x81, 0xFC, 0x19, 0x80,
    0x00, 0x1F, 0xC3, 0xFE, 0x7F, 0xE7, 0xCC, 0x78, 0x07, 0xC0, 0x7F, 0x83, 0xFC, 0x0F, 0xE0, 0x1F,
    0x00, 0xF7, 0x1F, 0x7F, 0xE7, 0xFE, 0x7F, 0xC0, 0x0C, 0x07, 0x83, 0xF0, 0xFE, 0x13, 0x00, 0x03,
    0xF9, 0xFE, 0x7F, 0x9E, 0x67, 0xF9, 0xFE, 0x3F, 0xD8, 0xF7, 0xFD, 0xFE, 0x7F, 0x00, 0x1F, 0xC3,
    0xFE, 0x7F, 0xE7, 0xCC, 0x78, 0x07, 0xC0, 0x7F, 0x83, 0xFC, 0x0F, 0xE0, 0x1F, 0x00, 0xF7, 0x1F,
    0x7F, 0xE7, 0xFE, 0x7F, 0xC0, 0xE0, 0x0F, 0x00, 0x70, 0x1F, 0x01, 0xF0, 0x3F, 0x9F, 0xE7, 0xF9,
    0xE6, 0x7F, 0x9F, 0xE3, 0xFD, 0x8F, 0x7F, 0x9F, 0xE7, 0xF0, 0x70, 0x1E, 0x03, 0x83, 0xE0, 0xF0,
    0x09, 0x81, 0xFC, 0x1F, 0x80, 0xF0, 0x06, 0x00, 0x00, 0x1F, 0xC3, 0xFE, 0x7F, 0xE7, 0xCC, 0x78,
    0x07, 0xC0, 0x7F, 0x83, 0xFC, 0x0F, 0xE0, 0x1F, 0x00, 0xF7, 0x1F, 0x7F, 0xE7, 0xFE, 0x7F, 0xC0,
    0x13, 0x0F, 0xE1, 0xF0, 0x78, 0x0C, 0x00, 0x03, 0xF9, 0xFE, 0x7F, 0x9E, 0x67, 0xF9, 0xFE, 0x3F,
    0xD8, 0xF7, 0xFD, 0xFE, 0x7F, 0x00, 0xFF, 0xFF, 0xFF, 0xFF, 0xFE, 0x1E, 0x00, 0xF0, 0x07, 0x80,
    0x3C, 0x01, 0xE0, 0x0F, 0x00, 0x78, 0x03, 0xC0, 0x1E, 0x00, 0xF0, 0x07, 0x80, 0x3C, 0x00, 0xE0,
    0x07, 0x00, 0xFC, 0x07, 0xC0, 0xF0, 0xF0, 0xF0, 0xFF, 0xFF, 0xFF, 0xF0, 0xF0, 0xF0, 0xF0, 0xFA,
    0xFF, 0x7F, 0x3F, 0x1C, 0x0E, 0x3E, 0x3C, 0x09, 0x80, 0xFE, 0x03, 0xE0, 0x1E, 0x00, 0x60, 0x00,
    0x03, 0xFF, 0xFF, 0xFF, 0xFF, 0xF8, 0x78, 0x03, 0xC0, 0x1E, 0x00, 0xF0, 0x07, 0x80, 0x3C, 0x01,
    0xE0, 0x0F, 0x00, 0x78, 0x03, 0xC0, 0x1E, 0x00, 0xF0, 0x00, 0x0F, 0x0E, 0xFE, 0xFE, 0xF0, 0xFF,
    0xFF, 0xFF, 0xF0, 0xF0, 0xF0, 0xF0, 0xFA, 0xFF, 0x7F, 0x3F, 0xFF, 0xFF, 0xFF, 0xFF, 0xFE, 0x1E,
    0x00, 0xF0, 0x07, 0x80, 0x3C, 0x0F, 0xFC, 0x7F, 0xE0, 0x78, 0x03, 0xC0, 0x1E, 0x00, 0xF0, 0x07,
    0x80, 0x3C, 0x00, 0xF0, 0xF0, 0xF0, 0xFF, 0xFF, 0xFF, 0xF0, 0xFF, 0xFF, 0xF0, 0xFA, 0xFF, 0x7F,
    0x3F, 0x1E, 0xC1, 0xFE, 0x06, 0xF0, 0x00, 0x0F, 0x07, 0xF8, 0x3F, 0xC1, 0xFE, 0x0F, 0xF0, 0x7F,
    0x83, 0xFC, 0x1F, 0xE0, 0xFF, 0x07, 0xF8, 0x3F, 0xC3, 0xFF, 0xBE, 0x7F, 0xF1, 0xFF, 0x07, 0xF0,
    0x3D, 0x9F, 0xE7, 0xF0, 0x00, 0x00, 0x3C, 0xFF, 0x3F, 0xCF, 0xF3, 0xFC, 0xFF, 0x3F, 0xCF, 0xFB,
    0xFF, 0xF7, 0xFC, 0xFF, 0x1F, 0xC0, 0xFE, 0x00, 0x01, 0xE0, 0xFF, 0x07, 0xF8, 0x3F, 0xC1, 0xFE,
    0x0F, 0xF0, 0x7F, 0x83, 0xFC, 0x1F, 0xE0, 0xFF, 0x07, 0xF8, 0x7F, 0xF7, 0xCF, 0xFE, 0x3F, 0xE0,
    0xFE, 0x00, 0x7F, 0x9F, 0xE0, 0x00, 0x00, 0xF3, 0xFC, 0xFF, 0x3F, 0xCF, 0xF3, 0xFC, 0xFF, 0x3F,
    0xEF, 0xFF, 0xDF, 0xF3, 0xFC, 0x1D, 0xC0, 0xFE, 0x03, 0xE0, 0x00, 0x0F, 0x07, 0xF8, 0x3F, 0xC1,
    0xFE, 0x0F, 0xF0, 0x7F, 0x83, 0xFC, 0x1F, 0xE0, 0xFF, 0x07, 0xF8, 0x3F, 0xC3, 0xFF, 0xBE, 0x7F,
    0xF1, 0xFF, 0x07, 0xF0, 0x7B, 0x8F, 0xE1, 0xF0, 0x00, 0x00, 0x3C, 0xFF, 0x3F, 0xCF, 0xF3, 0xFC,
    0xFF, 0x3F, 0xCF, 0xFB, 0xFF, 0xF7, 0xFC, 0xFF, 0x07, 0x00, 0x7C, 0x03, 0x60, 0x1B, 0x00, 0xF8,
    0x07, 0x83, 0xC1, 0xFE, 0x0F, 0xF0, 0x7F, 0x83, 0xFC, 0x1F, 0xE0, 0xFF, 0x07, 0xF8, 0x3F, 0xC1,
    0xFE, 0x0F, 0xF0, 0xFF, 0xEF, 0x9F, 0xFC, 0x7F, 0xC1, 0xFC, 0x00, 0x1E, 0x07, 0xC3, 0xF0, 0xFC,
    0x1F, 0x07, 0x80, 0x03, 0xCF, 0xF3, 0xFC, 0xFF, 0x3F, 0xCF, 0xF3, 0xFC, 0xFF, 0xBF, 0xFF, 0x7F,
    0xCF, 0xF0, 0x06, 0x60, 0x77, 0x83, 0xB8, 0x3B, 0x81, 0x98, 0x00, 0x03, 0xC1, 0xFE, 0x0F, 0xF0,
    0x7F, 0x83, 0xFC, 0x1F, 0xE0, 0xFF, 0x07, 0xF8, 0x3F, 0xC1, 0xFE, 0x0F, 0xF0, 0xFF, 0xEF, 0x9F,
    0xFC, 0x7F, 0xC1, 0xFC, 0x00, 0x1C, 0xC3, 0xB8, 0xEE, 0x3D, 0xC3, 0x30, 0x00, 0x3C, 0xF7, 0x9E,
    0xF3, 0xDE, 0x7B, 0xCF, 0x79, 0xEF, 0x3D, 0xF7, 0xBF, 0xF3, 0xFE, 0x3F, 0xC0, 0xF0, 0x7F, 0x83,
    0xFC, 0x1F, 0xE0, 0xFF, 0x07, 0xF8, 0x3F, 0xC1, 0xFE, 0x0F, 0xF0, 0x7F, 0x83, 0xFC, 0x3F, 0xFB,
    0xE7, 0xFF, 0x1F, 0xF0, 0x7F, 0x00, 0xF0, 0x07, 0x00, 0x3E, 0x01, 0xF0, 0xF3, 0xFC, 0xFF, 0x3F,
    0xCF, 0xF3, 0xFC, 0xFF, 0x3F, 0xEF, 0xFF, 0xDF, 0xF3, 0xFC, 0x0E, 0x07, 0x01, 0xF0, 0x7C, 0x00,
    0x60, 0x00, 0x0F, 0x00, 0x01, 0xF8, 0x00, 0x3F, 0x80, 0x01, 0x98, 0x00, 0x00, 0x00, 0xF0, 0x00,
    0xFF, 0x80, 0x1F, 0x78, 0xF1, 0xE7, 0x8F, 0x1E, 0x78, 0xF9, 0xE7, 0x9F, 0x9E, 0x7D, 0xF9, 0xC3,
    0xDF, 0xBC, 0x3F, 0xFF, 0xC3, 0xF9, 0xFC, 0x3F, 0x9F, 0x81, 0xF9, 0xF8, 0x1F, 0x0F, 0x81, 0xF0,
    0xF8, 0x0F, 0x0F, 0x00, 0x01, 0x80, 0x01, 0xE0, 0x01, 0xF8, 0x00, 0xFE, 0x00, 0x66, 0x00, 0x00,
    0x03, 0xC7, 0x1D, 0xE7, 0x9E, 0x73, 0xCF, 0x3D, 0xF7, 0x9E, 0xFB, 0x87, 0xFF, 0xC3, 0xFF, 0xE1,
    0xFB, 0xE0, 0x79, 0xF0, 0x3C, 0xF8, 0x1E, 0x38, 0x00, 0x03, 0x00, 0x1E, 0x00, 0xFC, 0x07, 0xF0,
    0x0C, 0xC0, 0x00, 0x0F, 0x83, 0xFE, 0x1E, 0x7C, 0x78, 0xF3, 0xC3, 0xFF, 0x07, 0xF8, 0x1F, 0xE0,
    0x3F, 0x00, 0xF8, 0x01, 0xE0, 0x07, 0x80, 0x1E, 0x00, 0x78, 0x01, 0xE0, 0x07, 0x80, 0x06, 0x00,
    0xF0, 0x1F, 0x83, 0xF8, 0x19, 0x80, 0x00, 0xF0, 0xFF, 0x1E, 0x79, 0xE7, 0x9E, 0x7B, 0xC3, 0xFC,
    0x3F, 0x81, 0xF8, 0x1F, 0x81, 0xF0, 0x0F, 0x01, 0xE0, 0xFE, 0x0F, 0xC0, 0xF8, 0x00, 0x1C, 0xE0,
    0x7F, 0x81, 0xCE, 0x00, 0x00, 0xF8, 0x3F, 0xE1, 0xE7, 0xC7, 0x8F, 0x3C, 0x3F, 0xF0, 0x7F, 0x81,
    0xFE, 0x03, 0xF0, 0x0F, 0x80, 0x1E, 0x00, 0x78, 0x01, 0xE0, 0x07, 0x80, 0x1E, 0x00, 0x78, 0x00,
    0x01, 0x00, 0x1C, 0x01, 0xE0, 0x1E, 0x00, 0xE0, 0x00, 0x01, 0xFF, 0xCF, 0xFE, 0x7F, 0xF0, 0x0F,
    0x80, 0xF8, 0x0F, 0x80, 0xF8, 0x07, 0x80, 0x7C, 0x07, 0xC0, 0x3C, 0x03, 0xE0, 0x1F, 0xFF, 0xFF,
    0xFF, 0xFF, 0x80, 0x06, 0x01, 0xC0, 0xF0, 0x78, 0x1C, 0x00, 0x07, 0xFD, 0xFF, 0x7F, 0xC1, 0xE0,
    0xF0, 0x78, 0x3C, 0x1E, 0x07, 0xFF, 0xFF, 0xFF, 0xC0, 0x07, 0x00, 0x78, 0x01, 0xC0, 0x00, 0x07,
    0xFF, 0x3F, 0xF9, 0xFF, 0xC0, 0x3E, 0x03, 0xE0, 0x3E, 0x03, 0xE0, 0x1E, 0x01, 0xF0, 0x1F, 0x00,
    0xF0, 0x0F, 0x80, 0x7F, 0xFF, 0xFF, 0xFF, 0xFE, 0x0E, 0x07, 0x80, 0xE0, 0x00, 0x00, 0x1F, 0xF7,
    0xFD, 0xFF, 0x07, 0x83, 0xC1, 0xE0, 0xF0, 0x78, 0x1F, 0xFF, 0xFF, 0xFF, 0x08, 0x80, 0xFE, 0x03,
    0xE0, 0x0E, 0x00, 0x30, 0x00, 0x01, 0xFF, 0xCF, 0xFE, 0x7F, 0xF0, 0x0F, 0x80, 0xF8, 0x0F, 0x80,
    0xF8, 0x07, 0x80, 0x7C, 0x07, 0xC0, 0x3C, 0x03, 0xE0, 0x1F, 0xFF, 0xFF, 0xFF, 0xFF, 0x80, 0x13,
    0x0F, 0xE3, 0xF0, 0x78, 0x0C, 0x00, 0x07, 0xFD, 0xFF, 0x7F, 0xC1, 0xE0, 0xF0, 0x78, 0x3C, 0x1E,
    0x07, 0xFF, 0xFF, 0xFF, 0xC0, 0x3F, 0x3F, 0xBF, 0xDF, 0x6F, 0x07, 0x83, 0xC1, 0xE0, 0xF0, 0x78,
    0x3C, 0x1E, 0x0F, 0x07, 0x83, 0xC1, 0xE0, 0x00, 0x1E, 0x00, 0x3C, 0x3F, 0xF9, 0xFF, 0xE7, 0xFF,
    0xCF, 0x9F, 0xBE, 0x0F, 0x78, 0x1F, 0xF0, 0x1F, 0xE0, 0x3F, 0xC0, 0x7F, 0x81, 0xFF, 0x83, 0xCF,
    0x9F, 0x9F, 0xFE, 0x1F, 0xFC, 0x0F, 0xE0, 0x00, 0x38, 0x01, 0xC7, 0xFE, 0x7F, 0xE7, 0xFF, 0x3E,
    0xF9, 0xE3, 0xCF, 0x1E, 0x78, 0xF3, 0xEF, 0x9F, 0xFC, 0x7F, 0xC1, 0xFC, 0x00, 0x00, 0x0E, 0x00,
    0x3F, 0xC1, 0xFF, 0x83, 0xEF, 0x07, 0x9E, 0x0F, 0x3C, 0x1E, 0x78, 0x3C, 0xF0, 0x79, 0xE0, 0xF3,
    0xC1, 0xE7, 0x83, 0xCF, 0x0F, 0x9F, 0xBE, 0x1F, 0xFC, 0x1F, 0xF0, 0x1F, 0xC0, 0x00, 0x78, 0x03,
    0xFC, 0xFD, 0xE7, 0xEF, 0x3C, 0x79, 0xE3, 0xCF, 0x1E, 0x78, 0xF3, 0xC7, 0xDE, 0x3F, 0xF0, 0xFF,
    0x83, 0xFC, 0x00, 0x00, 0x00, 0x66, 0x00, 0x00, 0x1F, 0xC0, 0x00, 0x07, 0xE0, 0x00, 0x00, 0xF0,
    0x00, 0x00, 0x18, 0x3F, 0xF0, 0xFF, 0xFF, 0xFE, 0x3F, 0xFF, 0xFF, 0xCF, 0xFF, 0xF1, 0xF8, 0x0F,
    0xBC, 0x1E, 0x07, 0xCF, 0x07, 0xC1, 0xE3, 0xC0, 0xF0, 0xF8, 0xF0, 0x3C, 0x7C, 0x3C, 0x0F, 0x1E,
    0x0F, 0x07, 0xCF, 0x03, 0xC1, 0xE7, 0xC0, 0xF1, 0xF9, 0xE0, 0x3F, 0xFC, 0xFF, 0xFF, 0xFE, 0x3F,
    0xFF, 0xFF, 0x0F, 0xFF, 0x00, 0x00, 0x4C, 0x00, 0x00, 0xFE, 0xFF, 0xC0, 0x7C, 0xFF, 0xE0, 0x78,
    0xFF, 0xF0, 0x30, 0xF1, 0xF8, 0x00, 0xF0, 0x79, 0xFF, 0xF0, 0x7D, 0xFF, 0xF0, 0x3D, 0xFF, 0xF0,
    0x3C, 0x1E, 0xF0, 0x3C, 0x3C, 0xF0, 0x7C, 0x78, 0xF0, 0x78, 0xF0, 0xF1, 0xF9, 0xE0, 0xFF, 0xF1,
    0xFF, 0xFF, 0xE3, 0xFF, 0xFF, 0xC3, 0xFF, 0x00, 0x01, 0x98, 0x01, 0xE7, 0xF0, 0x03, 0xC7, 0xE0,
    0x07, 0x87, 0x80, 0x0F, 0x06, 0x00, 0x1E, 0x00, 0x07, 0xFD, 0xFF, 0x9F, 0xFB, 0xFF, 0x7F, 0xF7,
    0xFE, 0xFB, 0xE0, 0xF9, 0xE3, 0xC3, 0xE3, 0xC7, 0x8F, 0x87, 0x8F, 0x1E, 0x0F, 0x9E, 0x78, 0x1F,
    0xFD, 0xFF, 0x9F, 0xFB, 0xFF, 0x1F, 0xE7, 0xFE, 0xF0, 0x00, 0x7F, 0x80, 0x03, 0xFC, 0x00, 0x1F,
    0xE0, 0x00, 0xFF, 0x00, 0x07, 0xF8, 0x00, 0x3F, 0xC0, 0x01, 0xFE, 0x00, 0x0F, 0xF0, 0x00, 0x7F,
    0x80, 0x03, 0xFC, 0x00, 0x1F, 0xE0, 0x19, 0xFF, 0xFF, 0xFF, 0x7F, 0xFF, 0xFB, 0xFF, 0xFF, 0x80,
    0x00, 0x0E, 0xF0, 0x0F, 0xF0, 0x0F, 0xF0, 0x0E, 0xF0, 0x00, 0xF0, 0x0F, 0xF0, 0x0F, 0xF0, 0x0F,
    0xF0, 0x0F, 0xF0, 0x0F, 0xF0, 0x0F, 0xF0, 0x0F, 0xF0, 0x0F, 0xFF, 0xEF, 0xFF, 0xEF, 0xFF, 0xEF,
    0x00, 0x1F, 0x00, 0x7E, 0x00, 0x7E, 0x00, 0x7C, 0xF1, 0xDE, 0x7F, 0xCF, 0xF8, 0xEF, 0x01, 0xE3,
    0xFC, 0x7F, 0x8F, 0xF1, 0xFE, 0x3F, 0xC7, 0xF8, 0xFF, 0x9F, 0xFB, 0xDE, 0x7B, 0xCF, 0x03, 0xC1,
    0xF8, 0x3F, 0x07, 0xC0, 0xF0, 0x3C, 0x07, 0xFC, 0x1E, 0x03, 0xFF, 0x0F, 0x01, 0xFF, 0xC7, 0x80,
    0xFF, 0xE3, 0xC0, 0x7F, 0xF9, 0xE0, 0x3F, 0xDE, 0xF0, 0x1F, 0xEF, 0x78, 0x0F, 0xF3, 0xFC, 0x07,
    0xF8, 0xFE, 0x03, 0xFC, 0x7F, 0x01, 0xFE, 0x1F, 0x99, 0xFF, 0x07, 0xDF, 0xF7, 0x83, 0xEF, 0xFB,
    0xC0, 0xF7, 0xF8, 0x00, 0x00, 0xFF, 0x03, 0xCF, 0xF8, 0x3C, 0xFF, 0xC3, 0xCF, 0xFE, 0x3C, 0x0F,
    0xE3, 0xCF, 0xFF, 0x3C, 0xFF, 0x7B, 0xCF, 0xF7, 0xBC, 0xFF, 0x3F, 0xCF, 0xF1, 0xFC, 0xFF, 0x1F,
    0xCF, 0xF0, 0xFC, 0xFF, 0x07, 0xCF, 0xF0, 0x7C, 0xFF, 0x03, 0xCF, 0x00, 0x01, 0xF0, 0x00, 0x7F,
    0x00, 0x07, 0xE0, 0x00, 0x7C, 0x00, 0x07, 0x00, 0x07, 0xC0, 0x03, 0xE0, 0x00, 0xE0, 0x00, 0x07,
    0xFC, 0x7B, 0xFE, 0x3D, 0xFF, 0x9E, 0xF3, 0xCF, 0x79, 0xE7, 0xBC, 0xF3, 0xDE, 0x79, 0xEF, 0x3C,
    0xF7, 0x9E, 0x7B, 0xCF, 0x3D, 0xE7, 0x9E, 0x00, 0x0F, 0x00, 0x1F, 0x80, 0x0F, 0xC0, 0x07, 0xC0,
    0x04, 0x40, 0x1F, 0xC0, 0x1F, 0x00, 0x1C, 0x00, 0x10, 0x00, 0x00, 0x01, 0xF0, 0x03, 0xE0, 0x07,
    0xE0, 0x1F, 0xC0, 0x3F, 0x80, 0xF7, 0x81, 0xEF, 0x03, 0x8F, 0x0F, 0x1E, 0x1F, 0xFC, 0x7F, 0xFC,
    0xFF, 0xF9, 0xE0, 0xF7, 0x80, 0xFF, 0x01, 0xE0, 0x19, 0x87, 0xF0, 0x7E, 0x07, 0x80, 0x60, 0x00,
    0x0F, 0xE1, 0xFE, 0x3F, 0xC6, 0x7C, 0xFF, 0xBF, 0xF7, 0x9F, 0xF3, 0xDF, 0xFB, 0xFF, 0x3F, 0xC0,
    0xCD, 0xFF, 0xF3, 0xC3, 0x00, 0x1E, 0x3C, 0x78, 0xF1, 0xE3, 0xC7, 0x8F, 0x1E, 0x3C, 0x78, 0xF1,
    0xE3, 0xC7, 0x80, 0x66, 0x7F, 0x7E, 0x3C, 0x18, 0x00, 0x3C, 0x3C, 0x3C, 0x3C, 0x3C, 0x3C, 0x3C,
    0x3C, 0x3C, 0x3C, 0x3C, 0x0C, 0xC0, 0x1F, 0xC0, 0x3F, 0x00, 0x3C, 0x00, 0x30, 0x00, 0x00, 0x03,
    0xF8, 0x1F, 0xF8, 0x7F, 0xF8, 0xF9, 0xFB, 0xE0, 0xF7, 0x81, 0xFF, 0x01, 0xFE, 0x03, 0xFC, 0x07,
    0xF8, 0x1F, 0xF8, 0x3C, 0xF9, 0xF9, 0xFF, 0xE1, 0xFF, 0xC0, 0xFE, 0x00, 0x19, 0x81, 0xFC, 0x1F,
    0x80, 0xF0, 0x06, 0x00, 0x00, 0x1F, 0xC3, 0xFE, 0x7F, 0xE7, 0xDF, 0x78, 0xF7, 0x8F, 0x78, 0xF7,
    0xDF, 0x7F, 0xE3, 0xFE, 0x1F, 0xC0, 0x09, 0x80, 0xFE, 0x03, 0xE0, 0x1E, 0x00, 0x60, 0x00, 0x03,
    0xC1, 0xFE, 0x0F, 0xF0, 0x7F, 0x83, 0xFC, 0x1F, 0xE0, 0xFF, 0x07, 0xF8, 0x3F, 0xC1, 0xFE, 0x0F,
    0xF0, 0xFF, 0xEF, 0x9F, 0xFC, 0x7F, 0xC1, 0xFC, 0x00, 0x33, 0x0F, 0xE3, 0xF0, 0x78, 0x0C, 0x00,
    0x0F, 0x3F, 0xCF, 0xF3, 0xFC, 0xFF, 0x3F, 0xCF, 0xF3, 0xFE, 0xFF, 0xFD, 0xFF, 0x3F, 0xC0, 0x1F,
    0xC0, 0xFE, 0x00, 0x00, 0x3B, 0x81, 0xDC, 0x0E, 0xE0, 0x00, 0x1E, 0x0F, 0xF0, 0x7F, 0x83, 0xFC,
    0x1F, 0xE0, 0xFF, 0x07, 0xF8, 0x3F, 0xC1, 0xFE, 0x0F, 0xF0, 0x7F, 0x87, 0xFF, 0x7C, 0xFF, 0xE3,
    0xFE, 0x0F, 0xE0, 0x3F, 0x0F, 0xC0, 0x00, 0xEC, 0x7F, 0x8E, 0xC0, 0x03, 0xCF, 0xF3, 0xFC, 0xFF,
    0x3F, 0xCF, 0xF3, 0xFC, 0xFF, 0xBF, 0xFF, 0x7F, 0xCF, 0xF0, 0x01, 0x00, 0x1C, 0x01, 0xE0, 0x7D,
    0x83, 0x9E, 0x1C, 0x60, 0x00, 0x1E, 0x0F, 0xF0, 0x7F, 0x83, 0xFC, 0x1F, 0xE0, 0xFF, 0x07, 0xF8,
    0x3F, 0xC1, 0xFE, 0x0F, 0xF0, 0x7F, 0x87, 0xFF, 0x7C, 0xFF, 0xE3, 0xFE, 0x0F, 0xE0, 0x03, 0x01,
    0xC0, 0xF0, 0x38, 0x7F, 0x9C, 0xF7, 0x38, 0x00, 0xF3, 0xFC, 0xFF, 0x3F, 0xCF, 0xF3, 0xFC, 0xFF,
    0x3F, 0xEF, 0xFF, 0xDF, 0xF3, 0xFC, 0x0F, 0x80, 0x7C, 0x0F, 0xF8, 0x73, 0xC3, 0x8E, 0x00, 0x03,
    0xC1, 0xFE, 0x0F, 0xF0, 0x7F, 0x83, 0xFC, 0x1F, 0xE0, 0xFF, 0x07, 0xF8, 0x3F, 0xC1, 0xFE, 0x0F,
    0xF0, 0xFF, 0xEF, 0x9F, 0xFC, 0x7F, 0xC1, 0xFC, 0x00, 0x00, 0x0C, 0xC3, 0xF0, 0x78, 0x7F, 0x9C,
    0xF7, 0x18, 0x00, 0xF3, 0xFC, 0xFF, 0x3F, 0xCF, 0xF3, 0xFC, 0xFF, 0x3F, 0xEF, 0xFF, 0xDF, 0xF3,
    0xFC, 0x0C, 0x00, 0x70, 0x03, 0xC0, 0x7F, 0xC3, 0x9E, 0x1C, 0x70, 0x00, 0x1E, 0x0F, 0xF0, 0x7F,
    0x83, 0xFC, 0x1F, 0xE0, 0xFF, 0x07, 0xF8, 0x3F, 0xC1, 0xFE, 0x0F, 0xF0, 0x7F, 0x87, 0xFF, 0x7C,
    0xFF, 0xE3, 0xFE, 0x0F, 0xE0, 0x18, 0x0E, 0x01, 0xC0, 0x70, 0x7F, 0x9C, 0xF7, 0x38, 0x00, 0xF3,
    0xFC, 0xFF, 0x3F, 0xCF, 0xF3, 0xFC, 0xFF, 0x3F, 0xEF, 0xFF, 0xDF, 0xF3, 0xFC, 0x7F, 0x87, 0xFC,
    0x7F, 0xE3, 0x3E, 0x00, 0xF7, 0xFF, 0x7F, 0xF7, 0x9E, 0x7F, 0xE3, 0xFC, 0x1F, 0x80, 0x0F, 0xE0,
    0x1F, 0xC0, 0x00, 0x00, 0x77, 0x00, 0xEE, 0x01, 0xDC, 0x00, 0x00, 0x03, 0xE0, 0x07, 0xC0, 0x0F,
    0xC0, 0x3F, 0x80, 0x7F, 0x01, 0xEF, 0x03, 0xDE, 0x07, 0x1E, 0x1E, 0x3C, 0x3F, 0xF8, 0xFF, 0xF9,
    0xFF, 0xF3, 0xC1, 0xEF, 0x01, 0xFE, 0x03, 0xC0, 0x3F, 0x87, 0xF0, 0x00, 0x1D, 0xC3, 0xB8, 0x77,
    0x00, 0x01, 0xFC, 0x3F, 0xC7, 0xF8, 0xCF, 0x9F, 0xF7, 0xFE, 0xF3, 0xFE, 0x7B, 0xFF, 0x7F, 0xE7,
    0xF8, 0x0F, 0xE0, 0x1F, 0xC0, 0x00, 0x00, 0x1C, 0x00, 0x38, 0x00, 0x70, 0x00, 0x00, 0x03, 0xE0,
    0x07, 0xC0, 0x0F, 0xC0, 0x3F, 0x80, 0x7F, 0x01, 0xEF, 0x03, 0xDE, 0x07, 0x1E, 0x1E, 0x3C, 0x3F,
    0xF8, 0xFF, 0xF9, 0xFF, 0xF3, 0xC1, 0xEF, 0x01, 0xFE, 0x03, 0xC0, 0x1F, 0x83, 0xF0, 0x00, 0x07,
    0x00, 0xE0, 0x1C, 0x00, 0x01, 0xFC, 0x3F, 0xC7, 0xF8, 0xCF, 0x9F, 0xF7, 0xFE, 0xF3, 0xFE, 0x7B,
    0xFF, 0x7F, 0xE7, 0xF8, 0x00, 0x7F, 0x00, 0x03, 0xF8, 0x00, 0x00, 0x00, 0x01, 0xFF, 0xE0, 0x0F,
    0xFF, 0x00, 0xFF, 0xF8, 0x07, 0xF0, 0x00, 0x7F, 0x80, 0x07, 0xBC, 0x00, 0x3D, 0xFF, 0x03, 0xCF,
    0xF8, 0x1E, 0x7F, 0xC1, 0xFF, 0xC0, 0x1F, 0xFE, 0x00, 0xFF, 0xF0, 0x0F, 0x87, 0xFF, 0x78, 0x3F,
    0xFF, 0x81, 0xFF, 0xC0, 0x07, 0xF8, 0x01, 0xFE, 0x00, 0x00, 0x00, 0x00, 0x00, 0x3F, 0xFF, 0x0F,
    0xFF, 0xE3, 0xFF, 0xF8, 0xCF, 0x9F, 0x3F, 0xFF, 0xDF, 0xFF, 0xF7, 0x9E, 0x03, 0xE7, 0xC6, 0x7F,
    0xFF, 0x9F, 0xFF, 0xE3, 0xFF, 0xF8, 0x0F, 0xF0, 0x7F, 0xE1, 0xFF, 0xC3, 0xF3, 0x8F, 0x80, 0x1E,
    0x00, 0x3C, 0x1E, 0x78, 0x3C, 0xF1, 0xFD, 0xE3, 0xFB, 0xE1, 0xE3, 0xE3, 0xC7, 0xFF, 0x87, 0xFF,
    0x07, 0xFC, 0x00, 0x1F, 0xE1, 0xFF, 0x1F, 0xF8, 0xFB, 0xC7, 0xBF, 0xBD, 0xFD, 0xE7, 0x8F, 0xFC,
    0x3F, 0xE0, 0xFF, 0x00, 0x78, 0x67, 0xC7, 0xFE, 0x3F, 0xE1, 0xFE, 0x00, 0x04, 0xC0, 0x7F, 0x03,
    0xF0, 0x0F, 0x00, 0x30, 0x00, 0x00, 0x3F, 0xC7, 0xFE, 0x7F, 0xF3, 0xF3, 0xBE, 0x01, 0xE0, 0x0F,
    0x00, 0x78, 0x3F, 0xC1, 0xFE, 0x0F, 0xF8, 0x7B, 0xE3, 0xDF, 0xFE, 0x7F, 0xF1, 0xFF, 0x00, 0x0C,
    0xC3, 0xF8, 0x3F, 0x03, 0xC0, 0x30, 0x00, 0x07, 0xF9, 0xFF, 0x7F, 0xEF, 0xBD, 0xE7, 0xBC, 0xF7,
    0x9E, 0xFF, 0xCF, 0xF8, 0xFF, 0x01, 0xE6, 0x7D, 0xFF, 0xBF, 0xE7, 0xF8, 0x19, 0x80, 0x7F, 0x01,
    0xF8, 0x03, 0xC0, 0x06, 0x00, 0x00, 0x0F, 0x0F, 0xBC, 0x7C, 0xF3, 0xE3, 0xDF, 0x0F, 0xF8, 0x3F,
    0xC0, 0xFE, 0x03, 0xFC, 0x0F, 0xF8, 0x3D, 0xF0, 0xF3, 0xC3, 0xCF, 0x8F, 0x1F, 0x3C, 0x3C, 0xF0,
    0xF8, 0x7E, 0x0F, 0xC0, 0xE0, 0x00, 0x0F, 0x01, 0xE0, 0x3C, 0x07, 0x80, 0xF0, 0x1E, 0x7F, 0xDF,
    0x7F, 0xCF, 0xF1, 0xFC, 0x3F, 0xC7, 0xF8, 0xF7, 0x9E, 0xFB, 0xCF, 0xF8, 0xF0, 0x0F, 0xE0, 0x7F,
    0xE1, 0xFF, 0xE3, 0xE7, 0xEF, 0x83, 0xDE, 0x07, 0xFC, 0x07, 0xF8, 0x0F, 0xF0, 0x1F, 0xE0, 0x7F,
    0xE0, 0xF3, 0xE7, 0xE7, 0xFF, 0x87, 0xFE, 0x03, 0xF8, 0x01, 0xE0, 0x03, 0x80, 0x0F, 0xC0, 0x0F,
    0x80, 0x1F, 0xC3, 0xFE, 0x7F, 0xE7, 0xDF, 0x78, 0xF7, 0x8F, 0x78, 0xF7, 0xDF, 0x7F, 0xE3, 0xFE,
    0x1F, 0xC0, 0x70, 0x0F, 0x00, 0xF8, 0x07, 0x80, 0x0F, 0xE0, 0x1F, 0xC0, 0x00, 0x00, 0x7F, 0x03,
    0xFF, 0x0F, 0xFF, 0x1F, 0x3F, 0x7C, 0x1E, 0xF0, 0x3F, 0xE0, 0x3F, 0xC0, 0x7F, 0x80, 0xFF, 0x03,
    0xFF, 0x07, 0x9F, 0x3F, 0x3F, 0xFC, 0x3F, 0xF0, 0x1F, 0xC0, 0x0F, 0x00, 0x1C, 0x00, 0x7E, 0x00,
    0x7C, 0x00, 0x1F, 0xC1, 0xFC, 0x00, 0x00, 0x00, 0x1F, 0xC3, 0xFE, 0x7F, 0xE7, 0xDF, 0x78, 0xF7,
    0x8F, 0x78, 0xF7, 0xDF, 0x7F, 0xE3, 0xFE, 0x1F, 0xC0, 0x70, 0x0F, 0x00, 0xF8, 0x07, 0x80, 0x19,
    0x81, 0xFC, 0x1F, 0x80, 0xF0, 0x06, 0x00, 0x00, 0x7F, 0xF7, 0xFF, 0x7F, 0xF0, 0x3E, 0x07, 0xC0,
    0xF8, 0x1F, 0xC1, 0xFE, 0x03, 0xF0, 0x0F, 0x00, 0xF7, 0x1F, 0xFF, 0xFF, 0xFE, 0x7F, 0xC0, 0x33,
    0x0F, 0xE3, 0xF0, 0x78, 0x0C, 0x00, 0x00, 0x03, 0xFF, 0xFF, 0xFF, 0xF0, 0x78, 0x3C, 0x1E, 0x0F,
    0xC1, 0xF8, 0x1F, 0x03, 0xC0, 0xFE, 0x7F, 0xFF, 0xFF, 0xBF, 0xC0, 0x33, 0x1F, 0xCF, 0xC3, 0xC0,
    0xC0, 0x00, 0x78, 0x3C, 0x1E, 0x0F, 0x07, 0x83, 0xC1, 0xE0, 0xF0, 0x78, 0x3C, 0x1E, 0x0F, 0x3F,
    0x9F, 0x8F, 0x80, 0xFF, 0xC3, 0xFF, 0xFF, 0xF8, 0xFF, 0xFF, 0xFF, 0x3F, 0xFF, 0xC7, 0xE0, 0x3E,
    0xF0, 0x78, 0x1F, 0x3C, 0x1F, 0x07, 0x8F, 0x03, 0xC3, 0xE3, 0xC0, 0xF1, 0xF0, 0xF0, 0x3C, 0x78,
    0x3C, 0x1F, 0x3C, 0x0F, 0x07, 0x9F, 0x03, 0xC7, 0xE7, 0x80, 0xFF, 0xF3, 0xFF, 0xFF, 0xF8, 0xFF,
    0xFF, 0xFC, 0x3F, 0xFC, 0xFF, 0xC0, 0x00, 0xFF, 0xE0, 0x00, 0xFF, 0xF0, 0x00, 0xF1, 0xF8, 0x00,
    0xF0, 0x79, 0xFF, 0xF0, 0x7D, 0xFF, 0xF0, 0x3D, 0xFF, 0xF0, 0x3C, 0x1E, 0xF0, 0x3C, 0x3C, 0xF0,
    0x7C, 0x78, 0xF0, 0x78, 0xF0, 0xF1, 0xF9, 0xE0, 0xFF, 0xF1, 0xFF, 0xFF, 0xE3, 0xFF, 0xFF, 0xC3,
    0xFF, 0x00, 0xF0, 0x00, 0x01, 0xE0, 0x00, 0x03, 0xC0, 0x00, 0x07, 0x80, 0x00, 0x0F, 0x00, 0x03,
    0xFE, 0xFF, 0xCF, 0xFD, 0xFF, 0xBF, 0xFB, 0xFF, 0x7D, 0xF0, 0x7C, 0xF1, 0xE1, 0xF1, 0xE3, 0xC7,
    0xC3, 0xC7, 0x8F, 0x07, 0xCF, 0x3C, 0x0F, 0xFE, 0xFF, 0xCF, 0xFD, 0xFF, 0x8F, 0xF3, 0xFF, 0x00,
    0x80, 0x0E, 0x00, 0xF0, 0x0F, 0x00, 0x70, 0x00, 0x00, 0x3F, 0xC7, 0xFE, 0x7F, 0xF3, 0xF3, 0xBE,
    0x01, 0xE0, 0x0F, 0x00, 0x78, 0x3F, 0xC1, 0xFE, 0x0F, 0xF8, 0x7B, 0xE3, 0xDF, 0xFE, 0x7F, 0xF1,
    0xFF, 0x00, 0x01, 0x80, 0x38, 0x0F, 0x03, 0xC0, 0x70, 0x00, 0x07, 0xF9, 0xFF, 0x7F, 0xEF, 0xBD,
    0xE7, 0xBC, 0xF7, 0x9E, 0xFF, 0xCF, 0xF8, 0xFF, 0x01, 0xE6, 0x7D, 0xFF, 0xBF, 0xE7, 0xF8, 0xF0,
    0x78, 0x07, 0x83, 0xC0, 0x3C, 0x1E, 0x01, 0xE0, 0xF1, 0xEF, 0x07, 0x8F, 0x78, 0x3C, 0x7B, 0xFF,
    0xE3, 0xDF, 0xFF, 0x1E, 0xFF, 0xF8, 0xF7, 0x83, 0xC7, 0xBC, 0x1E, 0x3D, 0xE0, 0xFB, 0xEF, 0x07,
    0xFF, 0x78, 0x1F, 0xF3, 0xC0, 0x7F, 0x00, 0x7F, 0xC7, 0xFF, 0x3F, 0xFD, 0xE3, 0xEF, 0x0F, 0xF8,
    0x7F, 0xC3, 0xFE, 0x1E, 0xF0, 0xF7, 0x8F, 0xBC, 0xF9, 0xFF, 0x8F, 0xF8, 0x7F, 0x83, 0xF0, 0x1E,
    0x00, 0xF0, 0x07, 0x80, 0x3C, 0x00, 0x04, 0x00, 0x38, 0x00, 0xF0, 0x01, 0xE0, 0x03, 0x00, 0x00,
    0x0F, 0x03, 0xFE, 0x0F, 0xFC, 0x3F, 0xF8, 0xFF, 0xE3, 0xFF, 0xCF, 0xF7, 0xBF, 0xDE, 0xFF, 0x3F,
    0xFC, 0x7F, 0xF1, 0xFF, 0xC3, 0xFF, 0x07, 0xFC, 0x1F, 0xF0, 0x3C, 0x18, 0x0F, 0x03, 0xC0, 0x78,
    0x06, 0x00, 0x0F, 0xFB, 0xFE, 0xFF, 0xFC, 0xFF, 0x3F, 0xCF, 0xF3, 0xFC, 0xFF, 0x3F, 0xCF, 0xF3,
    0xC0, 0x01, 0x80, 0x0F, 0x80, 0x1C, 0x00, 0x00, 0x00, 0x38, 0x00, 0xD8, 0x01, 0xB0, 0x03, 0xE0,
    0x07, 0xC0, 0x1F, 0xC0, 0x3F, 0x80, 0xFF, 0x81, 0xEF, 0x03, 0xDE, 0x0F, 0x1E, 0x1E, 0x3C, 0x3F,
    0xF8, 0xFF, 0xF9, 0xFF, 0xF3, 0xC1, 0xEF, 0x01, 0xFE, 0x03, 0xC0, 0x07, 0x01, 0xE0, 0x70, 0x00,
    0x00, 0xF0, 0x3E, 0x07, 0xC0, 0x78, 0x00, 0x07, 0xF0, 0xFF, 0x1F, 0xE3, 0x3E, 0x7F, 0xDF, 0xFB,
    0xCF, 0xF9, 0xEF, 0xFD, 0xFF, 0x9F, 0xE0, 0x00, 0x06, 0x00, 0x00, 0x78, 0x00, 0x07, 0xC0, 0x00,
    0x38, 0x00, 0x01, 0x80, 0x00, 0x00, 0x00, 0x03, 0xFF, 0xC0, 0x1F, 0xFE, 0x01, 0xFF, 0xF0, 0x0F,
    0xE0, 0x00, 0xFF, 0x00, 0x0F, 0x78, 0x00, 0x7B, 0xFE, 0x07, 0x9F, 0xF0, 0x3C, 0xFF, 0x83, 0xFF,
    0x80, 0x3F, 0xFC, 0x01, 0xFF, 0xE0, 0x1F, 0x0F, 0xFE, 0xF0, 0x7F, 0xFF, 0x03, 0xFF, 0x80, 0x00,
    0x30, 0x00, 0x1E, 0x00, 0x0F, 0x00, 0x03, 0x80, 0x00, 0xC0, 0x00, 0x00, 0x03, 0xFF, 0xF0, 0xFF,
    0xFE, 0x3F, 0xFF, 0x8C, 0xF9, 0xF3, 0xFF, 0xFD, 0xFF, 0xFF, 0x79, 0xE0, 0x3E, 0x7C, 0x67, 0xFF,
    0xF9, 0xFF, 0xFE, 0x3F, 0xFF, 0x80, 0x01, 0x80, 0x07, 0x80, 0x0F, 0x00, 0x3C, 0x00, 0x60, 0x81,
    0xFF, 0x8F, 0xFF, 0x3F, 0xFC, 0x7C, 0xFD, 0xF1, 0xFB, 0xC7, 0xFF, 0x9E, 0xFF, 0x79, 0xFE, 0xE3,
    0xFF, 0xCF, 0xFF, 0x1E, 0x7C, 0xFC, 0xFF, 0xF1, 0xFF, 0xE7, 0xFF, 0x02, 0x00, 0x00, 0x03, 0x00,
    0x38, 0x07, 0x80, 0xF0, 0x0E, 0x00, 0x02, 0x1F, 0xF3, 0xFE, 0x7F, 0xE7, 0xFF, 0x7B, 0xF7, 0x7F,
    0x7E, 0xF7, 0xDF, 0x7F, 0xE7, 0xFE, 0x7F, 0xC2, 0x00, 0x19, 0xC0, 0x3B, 0x80, 0x3B, 0x80, 0x73,
    0x80, 0x66, 0x00, 0x00, 0x01, 0xF0, 0x03, 0xE0, 0x07, 0xE0, 0x1F, 0xC0, 0x3F, 0x80, 0xF7, 0x81,
    0xEF, 0x03, 0x8F, 0x0F, 0x1E, 0x1F, 0xFC, 0x7F, 0xFC, 0xFF, 0xF9, 0xE0, 0xF7, 0x80, 0xFF, 0x01,
    0xE0, 0x67, 0x0E, 0xE1, 0xEE, 0x1D, 0xC1, 0x98, 0x00, 0x0F, 0xE1, 0xFE, 0x3F, 0xC6, 0x7C, 0xFF,
    0xBF, 0xF7, 0x9F, 0xF3, 0xDF, 0xFB, 0xFF, 0x3F, 0xC0, 0x07, 0xC0, 0x1F, 0xC0, 0x3B, 0x80, 0x00,
    0x00, 0x7C, 0x00, 0xF8, 0x01, 0xF8, 0x07, 0xF0, 0x0F, 0xE0, 0x3D, 0xE0, 0x7B, 0xC0, 0xE3, 0xC3,
    0xC7, 0x87, 0xFF, 0x1F, 0xFF, 0x3F, 0xFE, 0x78, 0x3D, 0xE0, 0x3F, 0xC0, 0x78, 0x1F, 0x07, 0xF0,
    0xEE, 0x00, 0x03, 0xF8, 0x7F, 0x8F, 0xF1, 0x9F, 0x3F, 0xEF, 0xFD, 0xE7, 0xFC, 0xF7, 0xFE, 0xFF,
    0xCF, 0xF0, 0x67, 0x0E, 0xE0, 0xEE, 0x1C, 0xE1, 0x98, 0x00, 0x3F, 0xFF, 0xFF, 0xFF, 0xFE, 0x03,
    0xC0, 0x78, 0x0F, 0xFD, 0xFF, 0xBF, 0xF7, 0x80, 0xF0, 0x1E, 0x03, 0xFF, 0xFF, 0xFF, 0xFE, 0x33,
    0x03, 0xB8, 0x39, 0xC1, 0xDC, 0x0C, 0xC0, 0x00, 0x1F, 0x83, 0xFE, 0x7F, 0xE7, 0x9F, 0x7F, 0xF7,
    0xFF, 0x78, 0x07, 0xC6, 0x7F, 0xE3, 0xFE, 0x1F, 0xE0, 0x1F, 0x07, 0xF0, 0xEE, 0x00, 0x0F, 0xFF,
    0xFF, 0xFF, 0xFF, 0x80, 0xF0, 0x1E, 0x03, 0xFF, 0x7F, 0xEF, 0xFD, 0xE0, 0x3C, 0x07, 0x80, 0xFF,
    0xFF, 0xFF, 0xFF, 0x80, 0x0F, 0x81, 0xFC, 0x1D, 0xC0, 0x00, 0x1F, 0x83, 0xFE, 0x7F, 0xE7, 0x9F,
    0x7F, 0xF7, 0xFF, 0x78, 0x07, 0xC6, 0x7F, 0xE3, 0xFE, 0x1F, 0xE0, 0x66, 0x3D, 0xC7, 0x78, 0xEE,
    0x19, 0x80, 0x01, 0xE0, 0x78, 0x1E, 0x07, 0x81, 0xE0, 0x78, 0x1E, 0x07, 0x81, 0xE0, 0x78, 0x1E,
    0x07, 0x81, 0xE0, 0x78, 0x1E, 0x00, 0xE6, 0x77, 0x9D, 0xC7, 0x73, 0x98, 0x00, 0x78, 0x3C, 0x1E,
    0x0F, 0x07, 0x83, 0xC1, 0xE0, 0xF0, 0x78, 0x3C, 0x1E, 0x00, 0x3E, 0x7F, 0x77, 0x00, 0x3C, 0x3C,
    0x3C, 0x3C, 0x3C, 0x3C, 0x3C, 0x3C, 0x3C, 0x3C, 0x3C, 0x3C, 0x3C, 0x3C, 0x3C, 0x7E, 0x7E, 0xF7,
    0x00, 0x3C, 0x3C, 0x3C, 0x3C, 0x3C, 0x3C, 0x3C, 0x3C, 0x3C, 0x3C, 0x3C, 0x39, 0x80, 0x77, 0x80,
    0x77, 0x00, 0x77, 0x00, 0xE6, 0x00, 0x00, 0x03, 0xF8, 0x1F, 0xF8, 0x7F, 0xF8, 0xF9, 0xFB, 0xE0,
    0xF7, 0x81, 0xFF, 0x01, 0xFE, 0x03, 0xFC, 0x07, 0xF8, 0x1F, 0xF8, 0x3C, 0xF9, 0xF9, 0xFF, 0xE1,
    0xFF, 0xC0, 0xFE, 0x00, 0x33, 0x03, 0xB8, 0x39, 0xC1, 0xDC, 0x0C, 0xC0, 0x00, 0x1F, 0xC3, 0xFE,
    0x7F, 0xE7, 0xDF, 0x78, 0xF7, 0x8F, 0x78, 0xF7, 0xDF, 0x7F, 0xE3, 0xFE, 0x1F, 0xC0, 0x07, 0xC0,
    0x1F, 0xC0, 0x3B, 0x80, 0x00, 0x00, 0xFE, 0x07, 0xFE, 0x1F, 0xFE, 0x3E, 0x7E, 0xF8, 0x3D, 0xE0,
    0x7F, 0xC0, 0x7F, 0x80, 0xFF, 0x01, 0xFE, 0x07, 0xFE, 0x0F, 0x3E, 0x7E, 0x7F, 0xF8, 0x7F, 0xF0,
    0x3F, 0x80, 0x0F, 0x81, 0xFC, 0x1D, 0xC0, 0x00, 0x1F, 0xC3, 0xFE, 0x7F, 0xE7, 0xDF, 0x78, 0xF7,
    0x8F, 0x78, 0xF7, 0xDF, 0x7F, 0xE3, 0xFE, 0x1F, 0xC0, 0x66, 0x03, 0xB8, 0x1E, 0xE0, 0x77, 0x01,
    0x98, 0x7F, 0xC3, 0xFF, 0x9F, 0xFC, 0xF3, 0xF7, 0x87, 0xBC, 0x3D, 0xE7, 0xEF, 0xFF, 0x7F, 0xF3,
    0xFF, 0x1E, 0x78, 0xF3, 0xE7, 0x8F, 0xBC, 0x3D, 0xE1, 0xF0, 0xEE, 0x77, 0x1D, 0xCE, 0x73, 0x38,
    0x01, 0xFE, 0xFF, 0x7F, 0xBC, 0x9E, 0x0F, 0x07, 0x83, 0xC1, 0xE0, 0xF0, 0x78, 0x00, 0x1F, 0x01,
    0xFC, 0x0E, 0xF0, 0x00, 0x0F, 0xF8, 0x7F, 0xF3, 0xFF, 0x9E, 0x7E, 0xF0, 0xF7, 0x87, 0xBC, 0xFD,
    0xFF, 0xEF, 0xFE, 0x7F, 0xE3, 0xCF, 0x1E, 0x7C, 0xF1, 0xF7, 0x87, 0xBC, 0x3E, 0x3E, 0x7F, 0xF7,
    0x00, 0xFF, 0xFF, 0xFF, 0xF2, 0xF0, 0xF0, 0xF0, 0xF0, 0xF0, 0xF0, 0xF0, 0x33, 0x03, 0xDC, 0x0E,
    0xF0, 0x3B, 0x80, 0xCC, 0x00, 0x03, 0xC1, 0xFE, 0x0F, 0xF0, 0x7F, 0x83, 0xFC, 0x1F, 0xE0, 0xFF,
    0x07, 0xF8, 0x3F, 0xC1, 0xFE, 0x0F, 0xF0, 0xFF, 0xEF, 0x9F, 0xFC, 0x7F, 0xC1, 0xFC, 0x00, 0xE6,
    0x3B, 0xC7, 0x71, 0xEE, 0x33, 0x80, 0x0F, 0x3F, 0xCF, 0xF3, 0xFC, 0xFF, 0x3F, 0xCF, 0xF3, 0xFE,
    0xFF, 0xFD, 0xFF, 0x3F, 0xC0, 0x0F, 0x80, 0xFE, 0x07, 0x70, 0x00, 0x0F, 0x07, 0xF8, 0x3F, 0xC1,
    0xFE, 0x0F, 0xF0, 0x7F, 0x83, 0xFC, 0x1F, 0xE0, 0xFF, 0x07, 0xF8, 0x3F, 0xC3, 0xFF, 0xBE, 0x7F,
    0xF1, 0xFF, 0x07, 0xF0, 0x1F, 0x0F, 0xE7, 0xB8, 0x00, 0xF3, 0xFC, 0xFF, 0x3F, 0xCF, 0xF3, 0xFC,
    0xFF, 0x3F, 0xEF, 0xFF, 0xDF, 0xF3, 0xFC, 0x1F, 0xC3, 0xFE, 0x7F, 0xE7, 0xCC, 0x78, 0x07, 0xC0,
    0x7F, 0x83, 0xFC, 0x0F, 0xE0, 0x1F, 0x00, 0xF7, 0x1F, 0x7F, 0xE7, 0xFE, 0x7F, 0xC0, 0x00, 0x07,
    0x00, 0xF0, 0x1F, 0x01, 0xE0, 0x3F, 0x9F, 0xE7, 0xF9, 0xE6, 0x7F, 0x9F, 0xE3, 0xFD, 0x8F, 0x7F,
    0xDF, 0xE7, 0xF0, 0x00, 0x0E, 0x07, 0x83, 0xE0, 0xF0, 0xFF, 0xFF, 0xFF, 0xFF, 0xFE, 0x1E, 0x00,
    0xF0, 0x07, 0x80, 0x3C, 0x01, 0xE0, 0x0F, 0x00, 0x78, 0x03, 0xC0, 0x1E, 0x00, 0xF0, 0x07, 0x80,
    0x3C, 0x00, 0x00, 0x07, 0x00, 0x78, 0x07, 0xC0, 0x3C, 0x00, 0xF0, 0xF0, 0xF0, 0xFF, 0xFF, 0xFF,
    0xF0, 0xF0, 0xF0, 0xF0, 0xFA, 0xFF, 0x7F, 0x3F, 0x00, 0x1C, 0x3C, 0x7C, 0x78, 0x7F, 0x1F, 0xF9,
    0xFF, 0x3B, 0xE0, 0x3E, 0x07, 0xC1, 0xF1, 0xFE, 0x3F, 0x87, 0xF8, 0x1F, 0x80, 0xF0, 0x1E, 0x03,
    0xC0, 0xF8, 0x7F, 0xFF, 0xDF, 0xF3, 0xF8, 0x00, 0xFE, 0x3F, 0xCF, 0xF9, 0x1E, 0x0F, 0x8F, 0xC3,
    0xF0, 0xFE, 0x0F, 0x81, 0xE0, 0x78, 0xFE, 0xFF, 0xBF, 0xCF, 0xC0, 0x0C, 0xC0, 0xFE, 0x03, 0xF0,
    0x0F, 0x00, 0x30, 0x00, 0x03, 0xC1, 0xFE, 0x0F, 0xF0, 0x7F, 0x83, 0xFC, 0x1F, 0xE0, 0xFF, 0xFF,
    0xFF, 0xFF, 0xFF, 0xFE, 0x0F, 0xF0, 0x7F, 0x83, 0xFC, 0x1F, 0xE0, 0xFF, 0x07, 0x80, 0x7E, 0x1F,
    0x83, 0x80, 0x00, 0xF0, 0x3C, 0x0F, 0x03, 0xC0, 0xF0, 0x3F, 0xEF, 0xFF, 0xFF, 0xF3, 0xFC, 0xFF,
    0x3F, 0xCF, 0xF3, 0xFC, 0xFF, 0x3F, 0xCF, 0x7E, 0x7F, 0xF7, 0x0C, 0x03, 0x80, 0x78, 0x07, 0x80,
    0x70, 0x00, 0x3F, 0xFF, 0xFF, 0xFF, 0xFE, 0x03, 0xC0, 0x78, 0x0F, 0xFD, 0xFF, 0xBF, 0xF7, 0x80,
    0xF0, 0x1E, 0x03, 0xFF, 0xFF, 0xFF, 0xFE, 0x3B, 0xCF, 0x78, 0xEF, 0x00, 0x00, 0x01, 0xFF, 0xFF,
    0xFF, 0xFF, 0xF0, 0x1E, 0x03, 0xC0, 0x7F, 0xEF, 0xFD, 0xFF, 0xBC, 0x07, 0x80, 0xF0, 0x1F, 0xFF,
    0xFF, 0xFF, 0xF0, 0xFF, 0xF8, 0x7F, 0xFC, 0x3F, 0xFE, 0x01, 0xE0, 0x00, 0xF0, 0x00, 0x7F, 0xE0,
    0x3F, 0xF8, 0x1F, 0xFE, 0x0F, 0x1F, 0x07, 0x83, 0x83, 0xC1, 0xE1, 0xE1, 0xE0, 0xF7, 0xF0, 0x7B,
    0xF0, 0x3D, 0xF0, 0x02, 0x00, 0xE0, 0x3C, 0x0F, 0x00, 0xC0, 0x00, 0x3F, 0xFF, 0xFF, 0xFF, 0xFE,
    0x03, 0xC0, 0x78, 0x0F, 0x01, 0xE0, 0x3C, 0x07, 0x80, 0xF0, 0x1E, 0x03, 0xC0, 0x78, 0x0F, 0x00,
    0x0F, 0xF1, 0xFF, 0xDF, 0xFC, 0xF8, 0xEF, 0x80, 0x78, 0x03, 0xFF, 0x1F, 0xF8, 0xFF, 0xC7, 0x80,
    0x3E, 0x00, 0xF8, 0xE7, 0xFF, 0x1F, 0xFC, 0x7F, 0xC0, 0x1F, 0xC3, 0xFE, 0x7F, 0xE7, 0xCC, 0x78,
    0x07, 0xC0, 0x7F, 0x83, 0xFC, 0x0F, 0xE0, 0x1F, 0x00, 0xF7, 0x1F, 0x7F, 0xE7, 0xFE, 0x7F, 0xC0,
    0xFF, 0xFF, 0xFF, 0xFF, 0xFF, 0xFF, 0xFF, 0xF0, 0xF7, 0x7B, 0xFD, 0xC0, 0x03, 0xC1, 0xE0, 0xF0,
    0x78, 0x3C, 0x1E, 0x0F, 0x07, 0x83, 0xC1, 0xE0, 0xF0, 0x78, 0x3C, 0x1E, 0x0F, 0x00, 0x03, 0xC0,
    0xF0, 0x3C, 0x0F, 0x03, 0xC0, 0xF0, 0x3C, 0x0F, 0x03, 0xC0, 0xF0, 0x3D, 0x9F, 0xFF, 0xFF, 0xE7,
    0xF0, 0x07, 0xFE, 0x00, 0x0F, 0xFC, 0x00, 0x1F, 0xF8, 0x00, 0x78, 0xF0, 0x00, 0xF1, 0xE0, 0x01,
    0xE3, 0xFF, 0x03, 0xC7, 0xFF, 0x07, 0x8F, 0xFF, 0x0F, 0x1E, 0x7E, 0x1E, 0x3C, 0x3C, 0x78, 0x78,
    0x7B, 0xF0, 0xF1, 0xFF, 0xC1, 0xFF, 0xFF, 0x83, 0xFF, 0xBC, 0x07, 0xFC, 0x00, 0xF0, 0x78, 0x07,
    0x83, 0xC0, 0x3C, 0x1E, 0x01, 0xE0, 0xF0, 0x0F, 0x07, 0x80, 0x7F, 0xFF, 0xE3, 0xFF, 0xFF, 0xDF,
    0xFF, 0xFE, 0xF0, 0x79, 0xFF, 0x83, 0xC3, 0xFC, 0x1E, 0x1F, 0xE0, 0xF3, 0xFF, 0x07, 0xFF, 0x78,
    0x3F, 0xFB, 0xC1, 0xFF, 0x00, 0xFF, 0xF8, 0xFF, 0xF8, 0xFF, 0xF8, 0x0F, 0x00, 0x0F, 0x00, 0x0F,
    0x00, 0x0F, 0xFC, 0x0F, 0xFE, 0x0F, 0xFE, 0x0F, 0x3F, 0x0F, 0x0F, 0x0F, 0x0F, 0x0F, 0x0F, 0x0F,
    0x0F, 0x0F, 0x0F, 0x01, 0x80, 0x07, 0x00, 0x3C, 0x01, 0xE0, 0x07, 0x00, 0x00, 0x0F, 0x0F, 0xBC,
    0x7C, 0xF3, 0xE3, 0xDF, 0x0F, 0xF8, 0x3F, 0xC0, 0xFE, 0x03, 0xFC, 0x0F, 0xF8, 0x3D, 0xF0, 0xF3,
    0xC3, 0xCF, 0x8F, 0x1F, 0x3C, 0x3C, 0xF0, 0xF8, 0x06, 0x00, 0x3C, 0x00, 0xF8, 0x00, 0xE0, 0x01,
    0x80, 0x00, 0x0F, 0x03, 0xFC, 0x1F, 0xF0, 0xFF, 0xC7, 0xFF, 0x1F, 0xFC, 0xFF, 0xF7, 0xBF, 0xDE,
    0xFF, 0xF3, 0xFF, 0x8F, 0xFE, 0x3F, 0xF0, 0xFF, 0x83, 0xFE, 0x0F, 0xF0, 0x3C, 0x0C, 0xC0, 0x7B,
    0x80, 0xFE, 0x01, 0xF0, 0x00, 0x03, 0xE1, 0xF7, 0x87, 0x9F, 0x1E, 0x3C, 0x78, 0xF3, 0xC1, 0xEF,
    0x07, 0xB8, 0x0F, 0xE0, 0x3F, 0x80, 0x7C, 0x01, 0xF0, 0x4F, 0x81, 0xFE, 0x07, 0xF0, 0x1F, 0x80,
    0xF0, 0x7F, 0x83, 0xFC, 0x1F, 0xE0, 0xFF, 0x07, 0xF8, 0x3F, 0xC1, 0xFE, 0x0F, 0xF0, 0x7F, 0x83,
    0xFC, 0x1F, 0xE0, 0xFF, 0xFF, 0xFF, 0xFF, 0xFF, 0xE0, 0xF0, 0x07, 0x80, 0x3C, 0x01, 0xE0, 0x07,
    0xC0, 0x0F, 0x80, 0x1F, 0x80, 0x7F, 0x00, 0xFE, 0x03, 0xDE, 0x07, 0xBC, 0x0E, 0x3C, 0x3C, 0x78,
    0x7F, 0xF1, 0xFF, 0xF3, 0xFF, 0xE7, 0x83, 0xDE, 0x03, 0xFC, 0x07, 0x80, 0xFF, 0xEF, 0xFE, 0xFF,
    0xEF, 0x00, 0xF0, 0x0F, 0xF8, 0xFF, 0xEF, 0xFF, 0xF3, 0xFF, 0x0F, 0xF0, 0xFF, 0x3F, 0xFF, 0xEF,
    0xFE, 0xFF, 0x80, 0xFF, 0xC7, 0xFF, 0x3F, 0xFD, 0xE3, 0xEF, 0x1F, 0x7F, 0xF3, 0xFF, 0x9F, 0xFE,
    0xF1, 0xF7, 0x87, 0xBC, 0x3D, 0xE3, 0xEF, 0xFF, 0x7F, 0xF3, 0xFF, 0x00, 0xFF, 0xFF, 0xFF, 0xFF,
    0xF8, 0x0F, 0x01, 0xE0, 0x3C, 0x07, 0x80, 0xF0, 0x1E, 0x03, 0xC0, 0x78, 0x0F, 0x01, 0xE0, 0x3C,
    0x00, 0x0F, 0xFE, 0x07, 0xFF, 0x03, 0xFF, 0x81, 0xE3, 0xC0, 0xF1, 0xE0, 0x78, 0xF0, 0x3C, 0x78,
    0x1E, 0x3C, 0x0F, 0x1E, 0x0F, 0x0F, 0x07, 0x87, 0x87, 0xC3, 0xCF, 0xFF, 0xFF, 0xFF, 0xFF, 0xFF,
    0xFF, 0xE0, 0x0F, 0xF0, 0x07, 0xF8, 0x03, 0xFC, 0x01, 0xE0, 0xFF, 0xFF, 0xFF, 0xFF, 0xF8, 0x0F,
    0x01, 0xE0, 0x3F, 0xF7, 0xFE, 0xFF, 0xDE, 0x03, 0xC0, 0x78, 0x0F, 0xFF, 0xFF, 0xFF, 0xF8, 0xF8,
    0xF0, 0xF3, 0xE7, 0x8F, 0x8F, 0x3C, 0xF8, 0x7D, 0xEF, 0x81, 0xFF, 0x7C, 0x07, 0xFF, 0xC0, 0x1F,
    0xFC, 0x00, 0xFF, 0xC0, 0x0F, 0xFF, 0x00, 0x7F, 0xFC, 0x07, 0xFD, 0xF0, 0x7D, 0xE7, 0xC7, 0xCF,
    0x1E, 0x3C, 0x78, 0xFB, 0xE3, 0xC3, 0xE0, 0x3F, 0x87, 0xFE, 0x7F, 0xE3, 0x1F, 0x01, 0xF0, 0x3E,
    0x1F, 0xE1, 0xFE, 0x1F, 0xF0, 0x1F, 0x00, 0xF7, 0x1F, 0x7F, 0xFF, 0xFE, 0x7F, 0xC0, 0xF0, 0x3F,
    0xC1, 0xFF, 0x0F, 0xFC, 0x7F, 0xF1, 0xFF, 0xCF, 0xFF, 0x7B, 0xFD, 0xEF, 0xFF, 0x3F, 0xF8, 0xFF,
    0xE3, 0xFF, 0x0F, 0xF8, 0x3F, 0xE0, 0xFF, 0x03, 0xC0, 0x0C, 0xC0, 0x7B, 0x80, 0xFE, 0x01, 0xF0,
    0x00, 0x03, 0xC0, 0xFF, 0x07, 0xFC, 0x3F, 0xF1, 0xFF, 0xC7, 0xFF, 0x3F, 0xFD, 0xEF, 0xF7, 0xBF,
    0xFC, 0xFF, 0xE3, 0xFF, 0x8F, 0xFC, 0x3F, 0xE0, 0xFF, 0x83, 0xFC, 0x0F, 0xF0, 0xFB, 0xC7, 0xCF,
    0x3E, 0x3D, 0xF0, 0xFF, 0x83, 0xFC, 0x0F, 0xE0, 0x3F, 0xC0, 0xFF, 0x83, 0xDF, 0x0F, 0x3C, 0x3C,
    0xF8, 0xF1, 0xF3, 0xC3, 0xCF, 0x0F, 0x80, 0x07, 0xFE, 0x0F, 0xFC, 0x1F, 0xF8, 0x78, 0xF0, 0xF1,
    0xE1, 0xE3, 0xC3, 0xC7, 0x87, 0x8F, 0x0F, 0x1E, 0x1E, 0x3C, 0x78, 0x7B, 0xF0, 0xFF, 0xC1, 0xFF,
    0x83, 0xFC, 0x07, 0x80, 0x78, 0x0F, 0x3E, 0x0F, 0x9F, 0x07, 0xCF, 0xC7, 0xE7, 0xE3, 0xF7, 0xF1,
    0xFB, 0xFD, 0xFD, 0xEE, 0xEF, 0xF7, 0xF7, 0xFB, 0xF3, 0xFC, 0xF9, 0xFE, 0x7C, 0xFF, 0x1C, 0x7F,
    0x80, 0x3F, 0xC0, 0x1E, 0xF0, 0x7F, 0x83, 0xFC, 0x1F, 0xE0, 0xFF, 0x07, 0xF8, 0x3F, 0xFF, 0xFF,
    0xFF, 0xFF, 0xFF, 0x83, 0xFC, 0x1F, 0xE0, 0xFF, 0x07, 0xF8, 0x3F, 0xC1, 0xE0, 0x0F, 0xE0, 0x7F,
    0xE1, 0xFF, 0xE3, 0xE7, 0xEF, 0x83, 0xDE, 0x07, 0xFC, 0x07, 0xF8, 0x0F, 0xF0, 0x1F, 0xE0, 0x7F,
    0xE0, 0xF3, 0xE7, 0xE7, 0xFF, 0x87, 0xFF, 0x03, 0xF8, 0x00, 0xFF, 0xFF, 0xFF, 0xFF, 0xFF, 0xE0,
    0xFF, 0x07, 0xF8, 0x3F, 0xC1, 0xFE, 0x0F, 0xF0, 0x7F, 0x83, 0xFC, 0x1F, 0xE0, 0xFF, 0x07, 0xF8,
    0x3F, 0xC1, 0xE0, 0xFF, 0xCF, 0xFE, 0xFF, 0xFF, 0x1F, 0xF0, 0xFF, 0x0F, 0xF3, 0xFF, 0xFF, 0xFF,
    0xEF, 0xFC, 0xF0, 0x0F, 0x00, 0xF0, 0x0F, 0x00, 0xF0, 0x00, 0x0F, 0xF1, 0xFF, 0x9F, 0xFC, 0xFD,
    0xEF, 0x80, 0x78, 0x03, 0xC0, 0x1E, 0x00, 0xF0, 0x07, 0x80, 0x3E, 0x01, 0xF8, 0xE7, 0xFF, 0x1F,
    0xF8, 0x7F, 0xC0, 0xFF, 0xFF, 0xFF, 0xFF, 0xFE, 0x1E, 0x00, 0xF0, 0x07, 0x80, 0x3C, 0x01, 0xE0,
    0x0F, 0x00, 0x78, 0x03, 0xC0, 0x1E, 0x00, 0xF0, 0x07, 0x80, 0x3C, 0x00, 0xF8, 0x7D, 0xE1, 0xE7,
    0xC7, 0x8F, 0x1E, 0x3C, 0xF0, 0x7B, 0xC1, 0xEE, 0x03, 0xF8, 0x0F, 0xE0, 0x1F, 0x00, 0x7C, 0x13,
    0xE0, 0x7F, 0x81, 0xFC, 0x07, 0xE0, 0x00, 0x01, 0xE0, 0x00, 0x78, 0x00, 0xFF, 0xC0, 0x7F, 0xFC,
    0x3F, 0xFF, 0x1F, 0xFF, 0xE7, 0x9E, 0x79, 0xE7, 0x8F, 0x79, 0xE3, 0xDE, 0x79, 0xE7, 0xFF, 0xF8,
    0xFF, 0xFE, 0x1F, 0xFF, 0x03, 0xFF, 0x00, 0x1E, 0x00, 0x07, 0x80, 0xF8, 0x7D, 0xF1, 0xE3, 0xCF,
    0x8F, 0xFC, 0x1F, 0xE0, 0x3F, 0x80, 0xFC, 0x01, 0xF0, 0x0F, 0xC0, 0x7F, 0x81, 0xFF, 0x0F, 0xFC,
    0x7C, 0xF9, 0xE1, 0xFF, 0x87, 0xC0, 0xF0, 0x78, 0xF0, 0x78, 0xF0, 0x78, 0xF0, 0x78, 0xF0, 0x78,
    0xF0, 0x78, 0xF0, 0x78, 0xF0, 0x78, 0xF0, 0x78, 0xF0, 0x78, 0xF0, 0x78, 0xF0, 0x78, 0xFF, 0xFF,
    0xFF, 0xFF, 0xFF, 0xFF, 0x00, 0x0F, 0x00, 0x0F, 0x00, 0x0F, 0x00, 0x0F, 0xF0, 0x7F, 0x83, 0xFC,
    0x1F, 0xE0, 0xFF, 0x87, 0xBC, 0x3D, 0xF1, 0xEF, 0xFF, 0x3F, 0xF8, 0xFF, 0xC0, 0x1E, 0x00, 0xF0,
    0x07, 0x80, 0x3C, 0x01, 0xE0, 0xF0, 0xF1, 0xFE, 0x1E, 0x3F, 0xC3, 0xC7, 0xF8, 0x78, 0xFF, 0x0F,
    0x1F, 0xE1, 0xE3, 0xFC, 0x3C, 0x7F, 0x87, 0x8F, 0xF0, 0xF1, 0xFE, 0x1E, 0x3F, 0xC3, 0xC7, 0xF8,
    0x78, 0xFF, 0xFF, 0xFF, 0xFF, 0xFF, 0xFF, 0xFF, 0xF8, 0xF0, 0xF1, 0xE3, 0xC3, 0xC7, 0x8F, 0x0F,
    0x1E, 0x3C, 0x3C, 0x78, 0xF0, 0xF1, 0xE3, 0xC3, 0xC7, 0x8F, 0x0F, 0x1E, 0x3C, 0x3C, 0x78, 0xF0,
    0xF1, 0xE3, 0xC3, 0xC7, 0x8F, 0x0F, 0x1E, 0x3C, 0x3C, 0x78, 0xFF, 0xFF, 0xFF, 0xFF, 0xFF, 0xFF,
    0xFF, 0xFF, 0xC0, 0x00, 0x0F, 0x00, 0x00, 0x3C, 0x00, 0x00, 0xF0, 0x00, 0x03, 0xC0, 0xFF, 0x00,
    0xFF, 0x00, 0xFF, 0x00, 0x0F, 0x00, 0x0F, 0x00, 0x0F, 0xF8, 0x0F, 0xFC, 0x0F, 0xFE, 0x0F, 0x3E,
    0x0F, 0x1F, 0x0F, 0x1F, 0x0F, 0x3E, 0x0F, 0xFE, 0x0F, 0xFC, 0x0F, 0xF8, 0xF0, 0x07, 0xF8, 0x03,
    0xFC, 0x01, 0xFE, 0x00, 0xFF, 0x00, 0x7F, 0xFC, 0x3F, 0xFF, 0x9F, 0xFF, 0xCF, 0xF3, 0xF7, 0xF8,
    0x7B, 0xFC, 0x3D, 0xFE, 0x7E, 0xFF, 0xFE, 0x7F, 0xFF, 0x3F, 0xFE, 0x1E, 0xF0, 0x0F, 0x00, 0xF0,
    0x0F, 0x00, 0xF0, 0x0F, 0xFC, 0xFF, 0xEF, 0xFF, 0xF3, 0xFF, 0x0F, 0xF0, 0xFF, 0x3F, 0xFF, 0xFF,
    0xFE, 0xFF, 0x80, 0x3F, 0xC1, 0xFF, 0x87, 0xFF, 0x1C, 0x7E, 0x00, 0x78, 0x01, 0xE1, 0xFF, 0xC7,
    0xFF, 0x1F, 0xFC, 0x01, 0xE0, 0x07, 0x9C, 0x7E, 0x7F, 0xF1, 0xFF, 0x83, 0xFC, 0x00, 0xF0, 0x3F,
    0x87, 0x83, 0xFF, 0x3C, 0x3F, 0xF9, 0xE3, 0xF3, 0xEF, 0x1E, 0x0F, 0xF9, 0xF0, 0x3F, 0xFF, 0x01,
    0xFF, 0xF8, 0x0F, 0xFF, 0xC0, 0x7F, 0x9F, 0x03, 0xFC, 0x78, 0x3F, 0xE3, 0xF3, 0xEF, 0x0F, 0xFF,
    0x78, 0x7F, 0xF3, 0xC0, 0xFE, 0x00, 0x0F, 0xF8, 0xFF, 0xCF, 0xFE, 0x7C, 0xF7, 0x87, 0xBC, 0x3D,
    0xF9, 0xE7, 0xFF, 0x3F, 0xF8, 0xFF, 0xC7, 0x9E, 0x7C, 0xF3, 0xC7, 0xBE, 0x3D, 0xE1, 0xE0, 0x3F,
    0x87, 0xF8, 0xFF, 0x19, 0xF3, 0xFE, 0xFF, 0xDE, 0x7F, 0xCF, 0x7F, 0xEF, 0xFC, 0xFF, 0x00, 0x03,
    0xE0, 0xFE, 0x1F, 0xE3, 0xFC, 0x7C, 0x07, 0xFC, 0x7F, 0xE7, 0xFE, 0x79, 0xF7, 0x8F, 0x78, 0xF7,
    0x8F, 0x7D, 0xF7, 0xFE, 0x3F, 0xE1, 0xF8, 0xFF, 0x9F, 0xFB, 0xFF, 0x79, 0xEF, 0xFD, 0xFF, 0xBC,
    0x7F, 0x8F, 0xFF, 0xFF, 0xFB, 0xFE, 0x00, 0xFF, 0xFF, 0xFF, 0xFE, 0x0F, 0x07, 0x83, 0xC1, 0xE0,
    0xF0, 0x78, 0x3C, 0x00, 0x1F, 0xF0, 0x7F, 0xC1, 0xFF, 0x07, 0xBC, 0x1E, 0xF0, 0x73, 0xC3, 0xCF,
    0x0F, 0x3C, 0xFF, 0xFF, 0xFF, 0xFF, 0xFF, 0xF8, 0x07, 0xE0, 0x1F, 0x80, 0x70, 0x1F, 0x83, 0xFE,
    0x7F, 0xE7, 0x9F, 0x7F, 0xF7, 0xFF, 0x78, 0x07, 0xC6, 0x7F, 0xE3, 0xFE, 0x1F, 0xE0, 0xF9, 0xE7,
    0x9F, 0x7B, 0xE3, 0xDF, 0xF0, 0x7F, 0xF8, 0x1F, 0xFC, 0x03, 0xFF, 0x01, 0xFF, 0xE0, 0xFF, 0xF8,
    0x3D, 0xEF, 0x1E, 0x79, 0xEF, 0x9E, 0x7C, 0x7F, 0x1F, 0xE7, 0xFD, 0x9F, 0x3F, 0x8F, 0xE0, 0x3D,
    0x8F, 0x7F, 0xFF, 0xE7, 0xF0, 0xF1, 0xFE, 0x7F, 0xDF, 0xFB, 0xFF, 0xFF, 0xFF, 0xFF, 0xFF, 0xEF,
    0xF9, 0xFF, 0x3F, 0xC7, 0x80, 0x31, 0x87, 0x70, 0xFE, 0x0F, 0x80, 0x00, 0x00, 0x3C, 0x7F, 0x9F,
    0xF7, 0xFE, 0xFF, 0xFF, 0xFF, 0xFF, 0xFF, 0xFB, 0xFE, 0x7F, 0xCF, 0xF1, 0xE0, 0xF3, 0xEF, 0x7C,
    0xFF, 0x8F, 0xF0, 0xFE, 0x0F, 0xE0, 0xFF, 0x0F, 0xF8, 0xF7, 0xCF, 0x3C, 0xF1, 0xE0, 0x1F, 0xF1,
    0xFF, 0x1F, 0xF1, 0xEF, 0x1E, 0xF1, 0xEF, 0x3C, 0xF7, 0xCF, 0xFC, 0xFF, 0x8F, 0xF0, 0xF0, 0x70,
    0x39, 0xE1, 0xEF, 0x8F, 0xFF, 0x3F, 0xFD, 0xFF, 0xFF, 0xFF, 0xFF, 0xFF, 0xEF, 0xF7, 0xBF, 0xDE,
    0xFF, 0x03, 0xC0, 0xF3, 0xFC, 0xFF, 0x3F, 0xCF, 0xFF, 0xFF, 0xFF, 0xFF, 0xCF, 0xF3, 0xFC, 0xFF,
    0x3C, 0x1F, 0xC3, 0xFE, 0x7F, 0xE7, 0xDF, 0x78, 0xF7, 0x8F, 0x78, 0xF7, 0xDF, 0x7F, 0xE3, 0xFE,
    0x1F, 0xC0, 0xFF, 0xFF, 0xFF, 0xFF, 0xCF, 0xF3, 0xFC, 0xFF, 0x3F, 0xCF, 0xF3, 0xFC, 0xFF, 0x3C,
    0xFF, 0x1F, 0xFB, 0xFF, 0x79, 0xFF, 0x1F, 0xE3, 0xFC, 0x7F, 0x9F, 0xFF, 0xDF, 0xFB, 0xFE, 0x78,
    0x0F, 0x01, 0xE0, 0x3C, 0x00, 0x1F, 0xCF, 0xF7, 0xFD, 0xF2, 0x78, 0x1E, 0x07, 0x81, 0xF3, 0x7F,
    0xCF, 0xF1, 0xFC, 0xFF, 0xFF, 0xFF, 0xFF, 0x87, 0x00, 0xE0, 0x1C, 0x03, 0x80, 0x70, 0x0E, 0x01,
    0xC0, 0x38, 0x00, 0xF0, 0xFF, 0x1E, 0x79, 0xE7, 0x9E, 0x7B, 0xC3, 0xFC, 0x3F, 0x81, 0xF8, 0x1F,
    0x81, 0xF0, 0x0F, 0x01, 0xE0, 0xFE, 0x0F, 0xC0, 0xF8, 0x00, 0x01, 0xC0, 0x03, 0xC0, 0x03, 0xC0,
    0x03, 0xC0, 0x03, 0xC0, 0x0F, 0xF8, 0x3F, 0xFC, 0x7F, 0xFE, 0x7F, 0xDF, 0x7B, 0xCF, 0x7B, 0xCF,
    0x7B, 0xCF, 0x7F, 0xDF, 0x7F, 0xFE, 0x3F, 0xFC, 0x0F, 0xF8, 0x03, 0xC0, 0x03, 0xC0, 0x03, 0xC0,
    0x03, 0xC0, 0xF1, 0xE7, 0x9E, 0x3F, 0xC3, 0xF8, 0x1F, 0x80, 0xF0, 0x1F, 0x83, 0xFC, 0x7B, 0xC7,
    0x9E, 0xF1, 0xF0, 0xF3, 0xCF, 0x3C, 0xF3, 0xCF, 0x3C, 0xF3, 0xCF, 0x3C, 0xF3, 0xCF, 0x3C, 0xFF,
    0xFF, 0xFF, 0xFF, 0xF0, 0x07, 0x00, 0x70, 0x07, 0x71, 0xEE, 0x3D, 0xC7, 0xB8, 0xF7, 0x9E, 0xFF,
    0xDF, 0xF9, 0xFF, 0x01, 0xE0, 0x3C, 0x07, 0x80, 0xF3, 0xCF, 0xF3, 0xCF, 0xF3, 0xCF, 0xF3, 0xCF,
    0xF3, 0xCF, 0xF3, 0xCF, 0xF3, 0xCF, 0xF3, 0xCF, 0xFF, 0xFF, 0xFF, 0xFF, 0xFF, 0xFF, 0xF3, 0xCF,
    0x3C, 0xF3, 0xCF, 0x3C, 0xF3, 0xCF, 0x3C, 0xF3, 0xCF, 0x3C, 0xF3, 0xCF, 0x3C, 0xF3, 0xCF, 0x3C,
    0xFF, 0xFF, 0xFF, 0xFF, 0xFF, 0xFF, 0xFC, 0x00, 0x0F, 0x00, 0x03, 0xC0, 0x00, 0xF0, 0xFE, 0x07,
    0xF0, 0x3F, 0x80, 0x3C, 0x01, 0xFE, 0x0F, 0xF8, 0x7F, 0xE3, 0xCF, 0x1F, 0xF8, 0xFF, 0xC7, 0xF8,
    0xF0, 0x1F, 0xE0, 0x3F, 0xC0, 0x7F, 0x80, 0xFF, 0xF9, 0xFF, 0xFB, 0xFF, 0xF7, 0xF9, 0xEF, 0xFF,
    0xDF, 0xFF, 0xBF, 0xFE, 0x78, 0xF0, 0x1E, 0x03, 0xC0, 0x78, 0x0F, 0xF9, 0xFF, 0xBF, 0xF7, 0x9E,
    0xFF, 0xDF, 0xFB, 0xFE, 0x00, 0x7F, 0x0F, 0xF1, 0xFF, 0x31, 0xE3, 0xFC, 0x7F, 0xC0, 0xF3, 0x3E,
    0x7F, 0xDF, 0xF3, 0xFC, 0x00, 0xF0, 0xFC, 0x78, 0xFF, 0x3C, 0xFF, 0xDE, 0x7D, 0xEF, 0xFC, 0x7F,
    0xFC, 0x3F, 0xFF, 0x1F, 0xE7, 0x9E, 0xF3, 0xFF, 0x78, 0xFF, 0x3C, 0x3F, 0x00, 0x1F, 0xE7, 0xFD,
    0xFF, 0xBC, 0xF7, 0x9E, 0xFF, 0xDF, 0xF9, 0xFF, 0x3D, 0xEF, 0x3D, 0xE7, 0x80, 0x0C, 0x00, 0xE0,
    0x0F, 0x00, 0x78, 0x03, 0x00, 0x00, 0x1F, 0x83, 0xFE, 0x7F, 0xE7, 0x9F, 0x7F, 0xF7, 0xFF, 0x78,
    0x07, 0xC6, 0x7F, 0xE3, 0xFE, 0x1F, 0xE0, 0x3D, 0xC3, 0xDE, 0x3D, 0xC0, 0x00, 0x00, 0x01, 0xF8,
    0x3F, 0xE7, 0xFE, 0x79, 0xF7, 0xFF, 0x7F, 0xF7, 0x80, 0x7C, 0x67, 0xFE, 0x3F, 0xE1, 0xFE, 0x78,
    0x07, 0x80, 0xFF, 0x0F, 0xF0, 0x78, 0x07, 0xFC, 0x7F, 0xE7, 0xFE, 0x79, 0xE7, 0x8F, 0x78, 0xF7,
    0x8F, 0x78, 0xF7, 0x8F, 0x78, 0xF7, 0x8F, 0x01, 0xF0, 0x7E, 0x07, 0xE0, 0x7C, 0x0C, 0x07, 0x07,
    0x87, 0x83, 0x80, 0x03, 0xFF, 0xFF, 0xFF, 0xF8, 0x3C, 0x1E, 0x0F, 0x07, 0x83, 0xC1, 0xE0, 0xF0,
    0x00, 0x1F, 0xC7, 0xF9, 0xFF, 0x3C, 0x6F, 0xF1, 0xFE, 0x3C, 0x03, 0xE6, 0x7F, 0xC7, 0xFC, 0x7F,
    0x00, 0x3F, 0x9F, 0xE7, 0xF9, 0xE6, 0x7F, 0x9F, 0xE3, 0xFD, 0x8F, 0x7F, 0xDF, 0xE7, 0xF0, 0xFF,
    0xFF, 0x0F, 0xFF, 0xFF, 0xFF, 0xFF, 0xFF, 0x73, 0xBF, 0xDC, 0xE0, 0x00, 0x00, 0xF0, 0x78, 0x3C,
    0x1E, 0x0F, 0x07, 0x83, 0xC1, 0xE0, 0xF0, 0x78, 0x3C, 0x1E, 0x3C, 0x78, 0xF0, 0x03, 0xC7, 0x8F,
    0x1E, 0x3C, 0x78, 0xF1, 0xE3, 0xC7, 0x8F, 0x1F, 0xFF, 0xF7, 0xC0, 0x1F, 0xF0, 0x03, 0xFE, 0x00,
    0x7F, 0xC0, 0x0F, 0x78, 0x01, 0xEF, 0xF8, 0x3D, 0xFF, 0x8F, 0x3F, 0xF3, 0xE7, 0x9F, 0xFC, 0xFF,
    0xDF, 0x1F, 0xFB, 0xC3, 0xFE, 0x00, 0xF3, 0xC0, 0x79, 0xE0, 0x3C, 0xF0, 0x1E, 0x78, 0x0F, 0xFF,
    0xE7, 0xFF, 0xFB, 0xFF, 0xFF, 0xE7, 0x9F, 0xF3, 0xFF, 0xF9, 0xFF, 0xBC, 0x7F, 0x80, 0x78, 0x07,
    0x80, 0xFF, 0x0F, 0xF0, 0x78, 0x07, 0xFC, 0x7F, 0xE7, 0xFE, 0x79, 0xE7, 0x8F, 0x78, 0xF7, 0x8F,
    0x78, 0xF7, 0x8F, 0x78, 0xF7, 0x8F, 0x02, 0x00, 0x70, 0x0F, 0x01, 0xE0, 0x0C, 0x00, 0x00, 0xF3,
    0xEF, 0x7C, 0xFF, 0x8F, 0xF0, 0xFE, 0x0F, 0xE0, 0xFF, 0x0F, 0xF8, 0xF7, 0xCF, 0x3C, 0xF1, 0xE0,
    0x18, 0x07, 0x80, 0xF0, 0x0F, 0x00, 0xE0, 0x00, 0x3C, 0x7F, 0x9F, 0xF7, 0xFE, 0xFF, 0xFF, 0xFF,
    0xFF, 0xFF, 0xFB, 0xFE, 0x7F, 0xCF, 0xF1, 0xE0, 0x19, 0x83, 0xBC, 0x3F, 0x81, 0xF0, 0x00, 0x00,
    0x00, 0xF0, 0xFF, 0x1E, 0x79, 0xE7, 0x9E, 0x7B, 0xC3, 0xFC, 0x3F, 0x81, 0xF8, 0x1F, 0x81, 0xF0,
    0x0F, 0x01, 0xE0, 0xFE, 0x0F, 0xC0, 0xF8, 0x00, 0xF3, 0xFC, 0xFF, 0x3F, 0xCF, 0xF3, 0xFC, 0xFF,
    0x3F, 0xCF, 0xFF, 0xFF, 0xFF, 0xFC, 0x78, 0x1E, 0x07, 0x80, 0x1E, 0x00, 0x3C, 0x03, 0xFF, 0x87,
    0xFF, 0x0F, 0xFE, 0x03, 0xC0, 0x07, 0xFC, 0x0F, 0xFE, 0x1F, 0xFE, 0x3C, 0xFC, 0x78, 0x78, 0xF0,
    0xF1, 0xE7, 0xE3, 0xFF, 0x87, 0xFF, 0x0F, 0xF8, 0x1C, 0x01, 0xE0, 0x0F, 0x00, 0x78, 0x03, 0xC0,
    0x7F, 0xE3, 0xFF, 0x1F, 0xF8, 0x3C, 0x01, 0xE0, 0x0F, 0xF8, 0x7F, 0xE3, 0xCF, 0x9F, 0xFC, 0xFF,
    0xC3, 0xFC, 0x0F, 0xE0, 0x7F, 0xE1, 0xFF, 0xE3, 0xE7, 0xEF, 0x03, 0xDF, 0xF7, 0xFF, 0xFF, 0xFF,
    0xFF, 0xFB, 0xFF, 0xE0, 0x7F, 0xE0, 0xF3, 0xF7, 0xE7, 0xFF, 0x87, 0xFF, 0x03, 0xF8, 0x00, 0x1F,
    0xC3, 0xFE, 0x7F, 0xE7, 0xDF, 0x7E, 0xF7, 0xFF, 0x7F, 0xF7, 0xDF, 0x7F, 0xE3, 0xFE, 0x1F, 0xC0,
    0xF0, 0x0F, 0xBE, 0x07, 0xE7, 0x83, 0xF9, 0xE0, 0xF4, 0x7C, 0x3C, 0x0F, 0x1E, 0x03, 0xC7, 0x80,
    0x7B, 0xC0, 0x1E, 0xF0, 0x07, 0xFC, 0x00, 0xFE, 0x00, 0x3F, 0x80, 0x0F, 0xC0, 0x01, 0xF0, 0x00,
    0x7C, 0x00, 0xF0, 0xFF, 0x8F, 0xDE, 0x7E, 0xF3, 0x87, 0xBC, 0x1D, 0xE0, 0xFE, 0x03, 0xF0, 0x1F,
    0x00, 0xF8, 0x03, 0xC0, 0x1E, 0xE0, 0x0F, 0xE0, 0x0F, 0xC0, 0x00, 0x00, 0xF0, 0x3C, 0xF0, 0x7C,
    0xF0, 0xFC, 0xF1, 0xFC, 0xF1, 0xFC, 0xF3, 0xFC, 0xF7, 0xBC, 0xF7, 0xBC, 0xFF, 0x3C, 0xFE, 0x3C,
    0xFE, 0x3C, 0xFC, 0x3C, 0xF8, 0x3F, 0xF8, 0x3F, 0xF0, 0x3F, 0x00, 0x1E, 0x00, 0x1E, 0x00, 0x3C,
    0x00, 0x1C, 0x7B, 0x83, 0xFC, 0x0F, 0xC0, 0x00, 0x00, 0x00, 0x78, 0xE3, 0xCF, 0x1E, 0xF8, 0xFF,
    0xC7, 0xFE, 0x3F, 0xF1, 0xFB, 0x8F, 0x9C, 0x7C, 0xFB, 0xC7, 0xDE, 0x3E, 0x00, 0xF0, 0x0F, 0x00,
    0x30, 0x38, 0x01, 0xC0, 0x3F, 0xC1, 0xFE, 0x03, 0x80, 0x1F, 0xF0, 0xFF, 0xC7, 0xFF, 0x38, 0xF9,
    0xC3, 0xCE, 0x1E, 0x71, 0xF3, 0xFF, 0x9F, 0xF8, 0xFF, 0x80, 0x78, 0x0F, 0xF0, 0xFF, 0x07, 0x80,
    0x7F, 0xC7, 0xFE, 0x79, 0xE7, 0x9F, 0x7F, 0xE7, 0xFE, 0x7F, 0xC0, 0xFF, 0xCF, 0xFE, 0xFF, 0xFF,
    0x1F, 0xF2, 0xFF, 0xFF, 0xF7, 0xFF, 0xFF, 0xFF, 0xEF, 0xFC, 0xF1, 0xEF, 0x0E, 0xF0, 0x8F, 0x00,
    0xF0, 0x00, 0xFF, 0x9F, 0xFB, 0xFF, 0xF9, 0xFF, 0x1F, 0xE3, 0xFF, 0xFF, 0xFF, 0xFF, 0xFF, 0xFB,
    0xFF, 0x78, 0xEF, 0x1D, 0xE1, 0x3C, 0x00, 0x01, 0xE0, 0x3C, 0x07, 0xFF, 0xFF, 0xFF, 0xFF, 0xFC,
    0x07, 0x80, 0xF0, 0x1E, 0x03, 0xC0, 0x78, 0x0F, 0x01, 0xE0, 0x3C, 0x07, 0x80, 0xF0, 0x1E, 0x00,
    0x07, 0x83, 0xC1, 0xFF, 0xFF, 0xFF, 0xFF, 0xC1, 0xE0, 0xF0, 0x78, 0x3C, 0x1E, 0x0F, 0x07, 0x80,
    0x3F, 0xF3, 0xFF, 0x3F, 0xF3, 0xC0, 0x3C, 0x03, 0xC0, 0xFF, 0x8F, 0xF8, 0xFF, 0x83, 0xC0, 0x3C,
    0x03, 0xC0, 0x3C, 0x03, 0xC0, 0x3C, 0x00, 0x7F, 0xDF, 0xF7, 0xFD, 0xE0, 0x78, 0x3F, 0xCF, 0xF1,
    0xE0, 0x78, 0x1E, 0x07, 0x80, 0xFF, 0xE7, 0xFF, 0x3F, 0xF9, 0xE0, 0x0F, 0x00, 0x78, 0x03, 0xFF,
    0x1F, 0xFC, 0xFF, 0xF7, 0x8F, 0xBC, 0x3D, 0xE0, 0xFF, 0x07, 0xF8, 0x3F, 0xC3, 0xC0, 0x3E, 0x07,
    0xF0, 0x3F, 0x01, 0xF0, 0xFF, 0x9F, 0xF3, 0xFE, 0x78, 0x0F, 0x01, 0xFE, 0x3F, 0xE7, 0xFE, 0xF3,
    0xDE, 0x3F, 0xC7, 0x81, 0xE0, 0xFC, 0x1F, 0x83, 0xE0, 0xF8, 0xF0, 0xF1, 0xF3, 0xC7, 0xC3, 0xCF,
    0x3E, 0x0F, 0xBD, 0xF0, 0x1F, 0xF7, 0xC0, 0x3F, 0xFE, 0x00, 0x7F, 0xF0, 0x01, 0xFF, 0x80, 0x0F,
    0xFF, 0x00, 0x3F, 0xFE, 0x01, 0xFF, 0x7C, 0x0F, 0xBD, 0xF8, 0x7C, 0xF3, 0xF9, 0xE3, 0xC7, 0xEF,
    0x8F, 0x0F, 0x80, 0x00, 0x0E, 0x00, 0x00, 0x38, 0x00, 0x00, 0xE0, 0x00, 0x03, 0x80, 0xF9, 0xE7,
    0x9F, 0x7B, 0xE3, 0xDF, 0xF0, 0x7F, 0xF8, 0x1F, 0xFC, 0x03, 0xFF, 0x01, 0xFF, 0xE0, 0xFF, 0xFC,
    0x3D, 0xFF, 0xDE, 0x7B, 0xFF, 0x9E, 0x7C, 0x00, 0x07, 0x00, 0x01, 0xC0, 0x00, 0x70, 0x3F, 0x87,
    0xFE, 0x7F, 0xE3, 0x1F, 0x01, 0xF0, 0x3E, 0x1F, 0xE1, 0xFE, 0x1F, 0xF0, 0x1F, 0x00, 0xF7, 0x1F,
    0x7F, 0xFF, 0xFE, 0x7F, 0xC0, 0x60, 0x0F, 0x00, 0x70, 0x1F, 0x01, 0xF0, 0x7F, 0x1F, 0xE7, 0xFD,
    0x9F, 0x3F, 0x8F, 0xE0, 0x3D, 0x8F, 0x7F, 0xFF, 0xEF, 0xF8, 0x30, 0x0E, 0x03, 0x83, 0xE0, 0xF8,
    0xF0, 0xF9, 0xE3, 0xE3, 0xCF, 0x87, 0xBE, 0x0F, 0xF8, 0x1F, 0xE0, 0x3F, 0x80, 0x7F, 0x80, 0xFF,
    0x81, 0xFF, 0x83, 0xDF, 0x87, 0x9F, 0x0F, 0x1F, 0xDE, 0x1F, 0xBC, 0x1F, 0x00, 0x0E, 0x00, 0x1C,
    0x00, 0x38, 0x00, 0x70, 0xF3, 0xEF, 0x3C, 0xF7, 0x8F, 0xF0, 0xFE, 0x0F, 0xE0, 0xFF, 0x0F, 0xF8,
    0xF7, 0xFF, 0x3F, 0xF1, 0xF0, 0x0F, 0x00, 0xF0, 0x0F, 0xF0, 0x3E, 0xF0, 0x3C, 0xF6, 0x7C, 0xF6,
    0xF8, 0xF7, 0xF0, 0xFF, 0xE0, 0xFF, 0xE0, 0xFF, 0xE0, 0xF7, 0xF0, 0xF6, 0xF8, 0xF6, 0xF8, 0xF0,
    0x7C, 0xF0, 0x3C, 0xF0, 0x3E, 0xF0, 0x1E, 0xF0, 0xFB, 0xF3, 0xCF, 0xDE, 0x3F, 0xF0, 0xFF, 0x83,
    0xFF, 0x0F, 0xFE, 0x3F, 0x78, 0xF1, 0xF3, 0xC3, 0xEF, 0x07, 0x80, 0x3C, 0x00, 0x78, 0x7F, 0xF9,
    0xF7, 0xF7, 0xC3, 0xDF, 0x07, 0xFC, 0x0F, 0xF0, 0x1F, 0xC0, 0x3F, 0x80, 0x7F, 0x00, 0xFF, 0x81,
    0xEF, 0x03, 0xCF, 0x07, 0x9F, 0x0F, 0x1F, 0x1E, 0x1E, 0x78, 0x07, 0xF7, 0xFF, 0xFD, 0xFF, 0xC7,
    0xFC, 0x3F, 0xC1, 0xFC, 0x0F, 0xF0, 0x7F, 0xC3, 0xDF, 0x1E, 0x7C, 0xF1, 0xE0, 0xFF, 0x1F, 0x7F,
    0x9F, 0x3F, 0xCF, 0x01, 0xEF, 0x00, 0xFF, 0x80, 0x7F, 0x80, 0x3F, 0x80, 0x1F, 0xE0, 0x0F, 0xF0,
    0x07, 0xBC, 0x03, 0xDF, 0x01, 0xE7, 0xC0, 0xF1, 0xE0, 0x78, 0xF8, 0x3C, 0x3E, 0xFE, 0x7B, 0xFB,
    0xCF, 0xFE, 0x07, 0xF0, 0x1F, 0xC0, 0x7F, 0x01, 0xFE, 0x07, 0xFC, 0x1E, 0xF8, 0x79, 0xE1, 0xE7,
    0xC0, 0xF0, 0x78, 0xF0, 0x78, 0xF0, 0x78, 0xF0, 0x78, 0xF0, 0x78, 0xF0, 0x78, 0xFF, 0xF8, 0xFF,
    0xF8, 0xFF, 0xF8, 0xF0, 0x78, 0xF0, 0x78, 0xF0, 0x78, 0xF0, 0x7F, 0xF0, 0x7F, 0xF0, 0x7F, 0x00,
    0x0F, 0x00, 0x0F, 0x00, 0x0F, 0x00, 0x0F, 0xF3, 0xCF, 0x3C, 0xF3, 0xCF, 0x3C, 0xFF, 0xCF, 0xFC,
    0xFF, 0xCF, 0x3C, 0xF3, 0xFF, 0x3F, 0xF3, 0xF0, 0x07, 0x00, 0x70, 0x07, 0xF0, 0x7F, 0xF8, 0x3F,
    0xFC, 0x1F, 0xFE, 0x0F, 0x0F, 0x07, 0x87, 0x83, 0xC3, 0xFF, 0xE1, 0xFF, 0xF0, 0xFF, 0xF8, 0x78,
    0x3C, 0x3C, 0x1E, 0x1E, 0x0F, 0x0F, 0x07, 0x87, 0x83, 0xC3, 0xC1, 0xE0, 0xF3, 0xFF, 0x9F, 0xFC,
    0xFF, 0xE7, 0x8F, 0xFC, 0x7F, 0xE3, 0xFF, 0x1E, 0x78, 0xF3, 0xC7, 0x9E, 0x3C, 0xF0, 0xFF, 0xF8,
    0x03, 0xFF, 0xE0, 0x0F, 0xFF, 0x80, 0x3C, 0x1E, 0x00, 0xF0, 0x78, 0x03, 0xC1, 0xE0, 0x0F, 0x07,
    0xFE, 0x3C, 0x1F, 0xFC, 0xF0, 0x7F, 0xFB, 0xC1, 0xE3, 0xEF, 0x07, 0x87, 0xBC, 0x1E, 0x0F, 0xF0,
    0x78, 0x3F, 0xC1, 0xE0, 0xFF, 0x07, 0x87, 0x80, 0x00, 0x3E, 0x00, 0x03, 0xF8, 0x00, 0x0F, 0xC0,
    0x00, 0x3E, 0x00, 0xFF, 0xC0, 0x7F, 0xE0, 0x3F, 0xF0, 0x1E, 0x78, 0x0F, 0x3F, 0xE7, 0x9F, 0xFB,
    0xCF, 0xFD, 0xE7, 0x9F, 0xF3, 0xC7, 0xF9, 0xE3, 0xFC, 0xF1, 0xE0, 0x01, 0xF0, 0x03, 0xF0, 0x01,
    0xF8, 0x00, 0xF8, 0x0F, 0xE0, 0x3F, 0xE0, 0x7F, 0xE0, 0x7E, 0x60, 0xF8, 0x00, 0xF1, 0xFC, 0xF3,
    0xFE, 0xF3, 0xFE, 0xF7, 0xDE, 0xF7, 0x8E, 0xF7, 0x9E, 0xFF, 0xBE, 0x7F, 0xFE, 0x3F, 0xFC, 0x1F,
    0xF0, 0x01, 0xFC, 0x00, 0xFE, 0x00, 0x7E, 0x00, 0x1E, 0x1F, 0xC1, 0xFE, 0x1F, 0xE0, 0xFF, 0xE7,
    0x3F, 0xBB, 0xDD, 0xDC, 0xEF, 0xEF, 0x7F, 0xF9, 0xFF, 0x87, 0xF8, 0x07, 0xE0, 0x1F, 0x80, 0x7C,
    0x0F, 0xF1, 0xFF, 0x9F, 0xFC, 0xFD, 0xEF, 0x80, 0x78, 0x03, 0xC0, 0x1E, 0x00, 0xF0, 0x07, 0x80,
    0x3E, 0x00, 0xF8, 0xE7, 0xFF, 0x1F, 0xF8, 0x3F, 0xC0, 0xE0, 0x07, 0x80, 0x1C, 0x03, 0xE0, 0x1F,
    0x00, 0x1F, 0xCF, 0xF7, 0xFD, 0xF2, 0x78, 0x1E, 0x07, 0x81, 0xF3, 0x7F, 0xCF, 0xF0, 0xFC, 0x3C,
    0x07, 0x07, 0xC1, 0xF0, 0xFF, 0xFF, 0xFF, 0xFF, 0xFE, 0x1E, 0x00, 0xF0, 0x07, 0x80, 0x3C, 0x01,
    0xE0, 0x0F, 0x00, 0x78, 0x03, 0xC0, 0x1E, 0x00, 0xFE, 0x07, 0xF0, 0x3F, 0x80, 0x3C, 0x01, 0xE0,
    0x0F, 0x00, 0x78, 0xFF, 0xFF, 0xFF, 0xFF, 0x8F, 0x01, 0xE0, 0x3C, 0x07, 0x80, 0xF0, 0x1F, 0x83,
    0xF0, 0x7E, 0x01, 0xC0, 0x38, 0x07, 0x00, 0xF8, 0x3F, 0xE1, 0xE7, 0xC7, 0x8F, 0x3C, 0x3F, 0xF0,
    0x7F, 0x81, 0xFE, 0x03, 0xF0, 0x0F, 0x80, 0x1E, 0x00, 0x78, 0x01, 0xE0, 0x07, 0x80, 0x1E, 0x00,
    0x78, 0x00, 0xF1, 0xFF, 0x1E, 0x79, 0xE7, 0x9E, 0x7B, 0xC3, 0xFC, 0x3F, 0x81, 0xF8, 0x1F, 0x80,
    0xF0, 0x0F, 0x00, 0xF0, 0x0F, 0x00, 0xF0, 0x0F, 0x00, 0xF8, 0x3F, 0xE1, 0xE7, 0x87, 0x8F, 0x3C,
    0x3F, 0xF0, 0x7F, 0x81, 0xFE, 0x03, 0xF0, 0x0F, 0xC0, 0xFF, 0xC3, 0xFF, 0x01, 0xE0, 0x07, 0x80,
    0x1E, 0x00, 0x78, 0x00, 0xF1, 0xFF, 0x1E, 0x79, 0xE7, 0x9E, 0x7B, 0xC3, 0xFC, 0x3F, 0x81, 0xF8,
    0x1F, 0x87, 0xFC, 0x7F, 0xC0, 0xF0, 0x0F, 0x00, 0xF0, 0x0F, 0x00, 0xF8, 0x7C, 0xF8, 0xF0, 0xF3,
    0xE1, 0xFF, 0x81, 0xFE, 0x01, 0xFC, 0x03, 0xF0, 0x03, 0xE0, 0x0F, 0xC0, 0x3F, 0xC0, 0x7F, 0xC1,
    0xFF, 0x87, 0xCF, 0xEF, 0x0F, 0xFE, 0x1F, 0x80, 0x0F, 0x00, 0x1E, 0x00, 0x3C, 0x00, 0x78, 0xF9,
    0xE7, 0x9E, 0x3F, 0xC3, 0xF8, 0x1F, 0x80, 0xF0, 0x1F, 0x83, 0xFC, 0x7F, 0xF7, 0x9F, 0xF1, 0xF0,
    0x07, 0x00, 0x70, 0x07, 0xFF, 0xF7, 0x8F, 0xFF, 0x78, 0xFF, 0xF7, 0x80, 0xF0, 0x78, 0x0F, 0x07,
    0x80, 0xF0, 0x78, 0x0F, 0x07, 0x80, 0xF0, 0x78, 0x0F, 0x07, 0x80, 0xF0, 0x78, 0x0F, 0x07, 0x80,
    0xF0, 0x78, 0x0F, 0xFF, 0xE0, 0xFF, 0xFE, 0x0F, 0xFF, 0xE0, 0x00, 0x0E, 0x00, 0x00, 0xE0, 0x00,
    0x0E, 0x00, 0x00, 0xE0, 0xFF, 0x79, 0xFE, 0xF3, 0xFD, 0xE1, 0xE3, 0xC3, 0xC7, 0x87, 0x8F, 0x0F,
    0x1E, 0x1E, 0x3C, 0x3F, 0xFE, 0x7F, 0xFC, 0xFF, 0xF8, 0x00, 0xF0, 0x01, 0xE0, 0x03, 0xC0, 0xF0,
    0xF3, 0xC3, 0xCF, 0x0F, 0x3C, 0x3C, 0xF0, 0xF3, 0xC3, 0xCF, 0x8F, 0x3F, 0xFC, 0x7F, 0xF0, 0xFF,
    0xC0, 0x0F, 0x00, 0x3C, 0x00, 0xFC, 0x03, 0xF0, 0x0F, 0xC0, 0x0F, 0x00, 0x3C, 0x00, 0xF0, 0x03,
    0xC0, 0xF1, 0xE7, 0x8F, 0x3C, 0x79, 0xE3, 0xCF, 0x9E, 0x7F, 0xF1, 0xFF, 0x87, 0xFC, 0x01, 0xF8,
    0x0F, 0xC0, 0x7E, 0x00, 0xF0, 0x07, 0x80, 0x3C, 0xF0, 0xFF, 0x0F, 0xF0, 0xFF, 0x0F, 0xF0, 0xFF,
    0x6F, 0xFE, 0xFF, 0xFF, 0x7F, 0xF3, 0xFF, 0x06, 0xF0, 0x6F, 0x00, 0xF0, 0x0F, 0x00, 0xF0, 0xF1,
    0xFE, 0x3F, 0xC7, 0xFB, 0xFF, 0xFF, 0xFF, 0xDF, 0xF9, 0xFF, 0x07, 0xE0, 0xFC, 0x07, 0x80, 0xF0,
    0x07, 0x80, 0x3C, 0x01, 0xE0, 0x0F, 0x00, 0x7F, 0xF3, 0xFF, 0xDF, 0xFE, 0xF1, 0xFF, 0x83, 0xFC,
    0x1F, 0xE0, 0xFF, 0x07, 0xF8, 0x3F, 0xC1, 0xE0, 0xF0, 0x3C, 0x0F, 0x03, 0xC0, 0xF0, 0x3F, 0xEF,
    0xFF, 0xFF, 0xF3, 0xFC, 0xFF, 0x3F, 0xCF, 0xF3, 0xFC, 0xFF, 0x3F, 0xCF, 0x01, 0xFE, 0x00, 0xFF,
    0xCE, 0x7F, 0xFB, 0xBF, 0x3E, 0xFF, 0x07, 0xFF, 0xFF, 0xF7, 0xFF, 0xFC, 0xFF, 0xFF, 0x0F, 0x00,
    0x03, 0xC0, 0x00, 0xF8, 0x00, 0x1F, 0x9C, 0x07, 0xFF, 0x80, 0xFF, 0xE0, 0x0F, 0xF0, 0xC3, 0xF3,
    0x9F, 0xEE, 0xFF, 0xFF, 0xCF, 0x7F, 0xFC, 0xFF, 0xF1, 0xE0, 0x03, 0xE6, 0x0F, 0xF8, 0x1F, 0xF0,
    0x3F, 0x80, 0x01, 0xFC, 0x00, 0xFF, 0xC0, 0x7F, 0xFB, 0x9F, 0x3E, 0xEF, 0x87, 0xBF, 0xC0, 0xFF,
    0xFF, 0xFD, 0xFF, 0xFF, 0x3F, 0xFF, 0xC3, 0xC0, 0x00, 0xF8, 0x00, 0x1F, 0x1C, 0x07, 0xFF, 0x80,
    0xFF, 0xE0, 0x1F, 0xF0, 0x01, 0xE0, 0x00, 0x78, 0x00, 0x1E, 0x00, 0x07, 0x80, 0x03, 0xF3, 0x1F,
    0xEE, 0xFF, 0xFB, 0xDF, 0xFE, 0x3D, 0xFF, 0xF3, 0xFF, 0xC7, 0xC6, 0x0F, 0xF8, 0x3F, 0xF0, 0x3F,
    0x80, 0x78, 0x01, 0xE0, 0x07, 0x80, 0xFF, 0xFF, 0xFF, 0xFF, 0xFF, 0xFF, 0xFF, 0xF0, 0x01, 0x98,
    0x00, 0x1E, 0xE0, 0x00, 0x7F, 0x00, 0x01, 0xF0, 0x00, 0x00, 0x00, 0x7C, 0x78, 0x79, 0xF3, 0xC7,
    0xC7, 0x9E, 0x7C, 0x3E, 0xF7, 0xC0, 0xFF, 0xBE, 0x03, 0xFF, 0xE0, 0x0F, 0xFE, 0x00, 0x7F, 0xE0,
    0x07, 0xFF, 0x80, 0x3F, 0xFE, 0x03, 0xFE, 0xF8, 0x3E, 0xF3, 0xE3, 0xE7, 0x8F, 0x1E, 0x3C, 0x7D,
    0xF1, 0xE1, 0xF0, 0x03, 0x30, 0x01, 0xDE, 0x00, 0x7F, 0x00, 0x0F, 0x80, 0x00, 0x00, 0x00, 0x00,
    0x0F, 0x9E, 0x79, 0xF7, 0xBE, 0x3D, 0xFF, 0x07, 0xFF, 0x81, 0xFF, 0xC0, 0x3F, 0xF0, 0x1F, 0xFE,
    0x0F, 0xFF, 0x83, 0xDE, 0xF1, 0xE7, 0x9E, 0xF9, 0xE7, 0xC0, 0xF0, 0xFF, 0x8F, 0xBC, 0xF9, 0xEF,
    0x8F, 0x78, 0x7F, 0x83, 0xFF, 0x1F, 0xFC, 0xFF, 0xF7, 0x9F, 0xBC, 0x3F, 0xE0, 0xFF, 0x07, 0xF8,
    0x3F, 0xC3, 0xE0, 0x3E, 0x07, 0xF0, 0x3F, 0x01, 0xF0, 0xF3, 0xFE, 0x7B, 0xDE, 0x7F, 0x8F, 0xE1,
    0xFF, 0x3F, 0xF7, 0xBE, 0xF1, 0xFE, 0x3F, 0xC7, 0x80, 0xF0, 0x3C, 0x1F, 0x83, 0xE0, 0x0F, 0xFE,
    0x03, 0xFF, 0x80, 0xFF, 0xE0, 0x3C, 0x78, 0x0F, 0x1E, 0x03, 0xC7, 0x80, 0xF1, 0xE0, 0x3C, 0x78,
    0x0F, 0x1E, 0x07, 0x87, 0x81, 0xE1, 0xE1, 0xF8, 0x78, 0xFC, 0x1F, 0xBE, 0x07, 0xEF, 0x01, 0xF8,
    0x00, 0x1E, 0x00, 0x0F, 0x00, 0x03, 0xC0, 0x00, 0x60, 0x1F, 0xF0, 0x7F, 0xC1, 0xFF, 0x07, 0xBC,
    0x1E, 0xF0, 0x7B, 0xC3, 0xCF, 0x1F, 0x3C, 0xFC, 0xFF, 0xE3, 0xFF, 0x0F, 0xC0, 0x0E, 0x00, 0x78,
    0x00, 0xC0, 0xF0, 0x7F, 0x83, 0xFC, 0x1F, 0xE0, 0xFF, 0x07, 0xF8, 0x3F, 0xFF, 0xFF, 0xFF, 0xFF,
    0xFF, 0x83, 0xFC, 0x1F, 0xE0, 0xFF, 0x07, 0xF8, 0x3F, 0xC1, 0xE0, 0x0F, 0x01, 0xF8, 0x0F, 0x80,
    0x7C, 0xF1, 0xFE, 0x3F, 0xC7, 0xF8, 0xFF, 0xFF, 0xFF, 0xFF, 0xFF, 0x8F, 0xF1, 0xFE, 0x3F, 0xC7,
    0x01, 0xE0, 0xFC, 0x1F, 0x83, 0xE0, 0xF0, 0x78, 0xF0, 0x78, 0xF0, 0x78, 0xF0, 0x78, 0xF0, 0x78,
    0xF0, 0x78, 0xFF, 0xF8, 0xFF, 0xF8, 0xFF, 0xF8, 0xF0, 0x78, 0xF0, 0x78, 0xF0, 0x78, 0xF0, 0x7E,
    0xF0, 0x7E, 0xF0, 0x7E, 0x00, 0x1E, 0x00, 0x1C, 0x00, 0x3C, 0x00, 0x18, 0xF3, 0xCF, 0x3C, 0xF3,
    0xCF, 0x3C, 0xFF, 0xCF, 0xFC, 0xFF, 0xCF, 0x3C, 0xF3, 0xFF, 0x3F, 0xF3, 0xF0, 0x0E, 0x01, 0xE0,
    0x1C, 0xF0, 0x7F, 0x83, 0xFC, 0x1F, 0xE0, 0xFF, 0x87, 0xBC, 0x3D, 0xF1, 0xEF, 0xFF, 0x3F, 0xF8,
    0xFF, 0xC0, 0x1E, 0x00, 0xF0, 0x3F, 0x81, 0xFC, 0x0F, 0xE0, 0x78, 0x03, 0xC0, 0x1E, 0x00, 0xF0,
    0x71, 0xEE, 0x3D, 0xC7, 0xBC, 0xF7, 0xFE, 0xFF, 0xCF, 0xF8, 0x0F, 0x01, 0xE0, 0xFC, 0x1F, 0x83,
    0x80, 0x70, 0x0E, 0x00, 0x78, 0x0F, 0x0F, 0x83, 0xE1, 0xF0, 0x7C, 0x3F, 0x1F, 0x87, 0xE3, 0xF1,
    0xFC, 0x7E, 0x3F, 0xDF, 0xC7, 0xBB, 0xBC, 0xF7, 0xF7, 0x9E, 0xFC, 0xF3, 0xCF, 0x9E, 0x79, 0xF3,
    0xCF, 0x1C, 0x7F, 0xE0, 0x0F, 0xFC, 0x01, 0xF8, 0x00, 0x0F, 0x00, 0x03, 0xC0, 0x00, 0x78, 0x00,
    0x06, 0x00, 0xF0, 0x78, 0xF8, 0x78, 0xF8, 0xF8, 0xFC, 0xF8, 0xFD, 0xF8, 0xFF, 0xFC, 0xFF, 0xFC,
    0xFF, 0xBC, 0xF7, 0xBF, 0xF7, 0x3F, 0xE0, 0x3E, 0x00, 0x0E, 0x00, 0x1C, 0x00, 0x1C, 0xFF, 0xFF,
    0xFF, 0xFF, 0xFF, 0xFF, 0xFF, 0xF0, 0x0C, 0x60, 0x1D, 0xC0, 0x3F, 0x80, 0x3E, 0x00, 0x00, 0x00,
    0xF8, 0x01, 0xF0, 0x03, 0xF0, 0x0F, 0xE0, 0x1F, 0xC0, 0x7B, 0xC0, 0xF7, 0x81, 0xC7, 0x87, 0x8F,
    0x0F, 0xFE, 0x3F, 0xFE, 0x7F, 0xFC, 0xF0, 0x7B, 0xC0, 0x7F, 0x80, 0xF0, 0x19, 0x87, 0x78, 0xFE,
    0x0F, 0x80, 0x00, 0x00, 0x0F, 0xE1, 0xFE, 0x3F, 0xC6, 0x7C, 0xFF, 0xBF, 0xF7, 0x9F, 0xF3, 0xDF,
    0xFB, 0xFF, 0x3F, 0xC0, 0x1E, 0xE0, 0x3D, 0xE0, 0x7B, 0x80, 0x00, 0x00, 0x7C, 0x00, 0xF8, 0x01,
    0xF8, 0x07, 0xF0, 0x0F, 0xE0, 0x3D, 0xE0, 0x7B, 0xC0, 0xE3, 0xC3, 0xC7, 0x87, 0xFF, 0x1F, 0xFF,
    0x3F, 0xFE, 0x78, 0x3D, 0xE0, 0x3F, 0xC0, 0x78, 0x3B, 0xCF, 0x78, 0xEF, 0x00, 0x00, 0x00, 0x7F,
    0x0F, 0xF1, 0xFE, 0x33, 0xE7, 0xFD, 0xFF, 0xBC, 0xFF, 0x9E, 0xFF, 0xDF, 0xF9, 0xFE, 0x00, 0xFF,
    0xF0, 0x07, 0xFF, 0x80, 0x7F, 0xFC, 0x03, 0xF8, 0x00, 0x3F, 0xC0, 0x03, 0xDE, 0x00, 0x1E, 0xFF,
    0x81, 0xE7, 0xFC, 0x0F, 0x3F, 0xE0, 0xFF, 0xE0, 0x0F, 0xFF, 0x00, 0x7F, 0xF8, 0x07, 0xC3, 0xFF,
    0xBC, 0x1F, 0xFF, 0xC0, 0xFF, 0xE0, 0x3F, 0xFF, 0x0F, 0xFF, 0xE3, 0xFF, 0xF8, 0xCF, 0x9F, 0x3F,
    0xFF, 0xDF, 0xFF, 0xF7, 0x9E, 0x03, 0xE7, 0xC6, 0x7F, 0xFF, 0x9F, 0xFF, 0xE3, 0xFF, 0xF8, 0x39,
    0x87, 0x78, 0xFE, 0x0F, 0x80, 0x01, 0xFF, 0xFF, 0xFF, 0xFF, 0xF0, 0x1E, 0x03, 0xC0, 0x7F, 0xEF,
    0xFD, 0xFF, 0xBC, 0x07, 0x80, 0xF0, 0x1F, 0xFF, 0xFF, 0xFF, 0xF0, 0x18, 0xC3, 0xDC, 0x1F, 0xC0,
    0xF8, 0x00, 0x00, 0x00, 0x1F, 0x83, 0xFE, 0x7F, 0xE7, 0x9F, 0x7F, 0xF7, 0xFF, 0x78, 0x07, 0xC6,
    0x7F, 0xE3, 0xFE, 0x1F, 0xE0, 0x3F, 0xC1, 0xFF, 0x87, 0xFF, 0x1C, 0x7E, 0x00, 0x78, 0x01, 0xEF,
    0xFF, 0xFF, 0xFF, 0xFF, 0xFF, 0xC1, 0xEF, 0x07, 0xBF, 0x7E, 0x7F, 0xF0, 0xFF, 0x81, 0xFC, 0x00,
    0x7F, 0x87, 0xFC, 0x7F, 0xE3, 0x3E, 0x00, 0xF7, 0xFF, 0x7F, 0xF7, 0x9E, 0x7F, 0xE3, 0xFC, 0x1F,
    0x80, 0x3D, 0xC0, 0xF7, 0x83, 0xDC, 0x00, 0x00, 0x3F, 0xC1, 0xFF, 0x87, 0xFF, 0x1C, 0x7E, 0x00,
    0x78, 0x01, 0xEF, 0xFF, 0xFF, 0xFF, 0xFF, 0xFF, 0xC1, 0xEF, 0x07, 0xBF, 0x7E, 0x7F, 0xF0, 0xFF,
    0x81, 0xFC, 0x00, 0x39, 0xC3, 0xFC, 0x39, 0xC0, 0x00, 0x00, 0x07, 0xF8, 0x7F, 0xC7, 0xFE, 0x33,
    0xE0, 0x0F, 0x7F, 0xF7, 0xFF, 0x79, 0xE7, 0xFE, 0x3F, 0xC1, 0xF8, 0x03, 0xDC, 0x00, 0x1E, 0xF0,
    0x00, 0xF7, 0x00, 0x00, 0x00, 0x0F, 0x8F, 0x0F, 0x3E, 0x78, 0xF8, 0xF3, 0xCF, 0x87, 0xDE, 0xF8,
    0x1F, 0xF7, 0xC0, 0x7F, 0xFC, 0x01, 0xFF, 0xC0, 0x0F, 0xFC, 0x00, 0xFF, 0xF0, 0x07, 0xFF, 0xC0,
    0x7F, 0xDF, 0x07, 0xDE, 0x7C, 0x7C, 0xF1, 0xE3, 0xC7, 0x8F, 0xBE, 0x3C, 0x3E, 0x07, 0x38, 0x01,
    0xFE, 0x00, 0x73, 0x80, 0x00, 0x00, 0x00, 0x00, 0x3E, 0x79, 0xE7, 0xDE, 0xF8, 0xF7, 0xFC, 0x1F,
    0xFE, 0x07, 0xFF, 0x00, 0xFF, 0xC0, 0x7F, 0xF8, 0x3F, 0xFE, 0x0F, 0x7B, 0xC7, 0x9E, 0x7B, 0xE7,
    0x9F, 0x39, 0xC3, 0xBC, 0x39, 0xC0, 0x00, 0x00, 0x03, 0xF8, 0x7F, 0xE7, 0xFE, 0x31, 0xF0, 0x1F,
    0x03, 0xE1, 0xFE, 0x1F, 0xE1, 0xFF, 0x01, 0xF0, 0x0F, 0x71, 0xF7, 0xFF, 0xFF, 0xE7, 0xFC, 0x73,
    0x9D, 0xE7, 0x38, 0x00, 0x00, 0x1F, 0xC7, 0xF9, 0xFF, 0x67, 0xCF, 0xE3, 0xF8, 0x0F, 0x63, 0xDF,
    0xFF, 0xF9, 0xFC, 0x7F, 0xF7, 0xFF, 0x7F, 0xF0, 0x3E, 0x07, 0xC0, 0xF8, 0x1F, 0xC1, 0xFE, 0x03,
    0xF0, 0x0F, 0x00, 0xF7, 0x1F, 0xFF, 0xFF, 0xFE, 0x7F, 0xC0, 0xFF, 0xFF, 0xFF, 0xFC, 0x1E, 0x0F,
    0x07, 0x83, 0xF0, 0xFE, 0x07, 0xC0, 0xF0, 0x3F, 0x9F, 0xFF, 0xFF, 0xEF, 0xF0, 0x0F, 0xE0, 0x3F,
    0x80, 0x00, 0x3C, 0x0F, 0xF0, 0x7F, 0xC3, 0xFF, 0x1F, 0xFC, 0x7F, 0xF3, 0xFF, 0xDE, 0xFF, 0x7B,
    0xFF, 0xCF, 0xFE, 0x3F, 0xF8, 0xFF, 0xC3, 0xFE, 0x0F, 0xF8, 0x3F, 0xC0, 0xF0, 0x3F, 0x87, 0xF0,
    0x00, 0x00, 0x0F, 0x1F, 0xE7, 0xFD, 0xFF, 0xBF, 0xFF, 0xFF, 0xFF, 0xFF, 0xFE, 0xFF, 0x9F, 0xF3,
    0xFC, 0x78, 0x1C, 0xE0, 0x7B, 0x81, 0xCE, 0x00, 0x00, 0xF0, 0x3F, 0xC1, 0xFF, 0x0F, 0xFC, 0x7F,
    0xF1, 0xFF, 0xCF, 0xFF, 0x7B, 0xFD, 0xEF, 0xFF, 0x3F, 0xF8, 0xFF, 0xE3, 0xFF, 0x0F, 0xF8, 0x3F,
    0xE0, 0xFF, 0x03, 0xC0, 0x3B, 0xCF, 0x78, 0xEF, 0x00, 0x00, 0x01, 0xE3, 0xFC, 0xFF, 0xBF, 0xF7,
    0xFF, 0xFF, 0xFF, 0xFF, 0xFF, 0xDF, 0xF3, 0xFE, 0x7F, 0x8F, 0x1E, 0xE0, 0x3D, 0xE0, 0x7B, 0x80,
    0x00, 0x00, 0xFE, 0x07, 0xFE, 0x1F, 0xFE, 0x3E, 0x7E, 0xF8, 0x3D, 0xE0, 0x7F, 0xC0, 0x7F, 0x80,
    0xFF, 0x01, 0xFE, 0x07, 0xFE, 0x0F, 0x3E, 0x7E, 0x7F, 0xF8, 0x7F, 0xF0, 0x3F, 0x80, 0x3D, 0xC3,
    0xDE, 0x3D, 0xC0, 0x00, 0x00, 0x01, 0xFC, 0x3F, 0xE7, 0xFE, 0x7D, 0xF7, 0x8F, 0x78, 0xF7, 0x8F,
    0x7D, 0xF7, 0xFE, 0x3F, 0xE1, 0xFC, 0x0F, 0xE0, 0x7F, 0xE1, 0xFF, 0xE3, 0xE7, 0xEF, 0x83, 0xDE,
    0x03, 0xFF, 0xFF, 0xFF, 0xFF, 0xF0, 0x1F, 0xE0, 0x7F, 0xE0, 0xF3, 0xE7, 0xE7, 0xFF, 0x87, 0xFF,
    0x03, 0xF8, 0x00, 0x1F, 0xC3, 0xFE, 0x7F, 0xE7, 0x9F, 0x7F, 0xF7, 0xFF, 0x78, 0xF7, 0xDF, 0x7F,
    0xE3, 0xFE, 0x1F, 0xC0, 0x1E, 0xE0, 0x3D, 0xE0, 0x7B, 0x80, 0x00, 0x00, 0xFE, 0x07, 0xFE, 0x1F,
    0xFE, 0x3E, 0x7E, 0xF8, 0x3D, 0xE0, 0x3F, 0xFF, 0xFF, 0xFF, 0xFF, 0x01, 0xFE, 0x07, 0xFE, 0x0F,
    0x3E, 0x7E, 0x7F, 0xF8, 0x7F, 0xF0, 0x3F, 0x80, 0x3D, 0xC3, 0xDE, 0x3D, 0xC0, 0x00, 0x00, 0x01,
    0xFC, 0x3F, 0xE7, 0xFE, 0x79, 0xF7, 0xFF, 0x7F, 0xF7, 0x8F, 0x7D, 0xF7, 0xFE, 0x3F, 0xE1, 0xFC,
    0x1D, 0xC0, 0xF7, 0x81, 0xDC, 0x00, 0x00, 0x3F, 0xC1, 0xFF, 0x87, 0xFF, 0x1C, 0x7E, 0x00, 0x78,
    0x01, 0xE1, 0xFF, 0xC7, 0xFF, 0x1F, 0xFC, 0x01, 0xE0, 0x07, 0x9C, 0x7E, 0x7F, 0xF1, 0xFF, 0x83,
    0xFC, 0x00, 0x73, 0x8F, 0x71, 0xCE, 0x00, 0x00, 0x00, 0xFE, 0x1F, 0xE3, 0xFE, 0x63, 0xC7, 0xF8,
    0xFF, 0x81, 0xE6, 0x7C, 0xFF, 0xBF, 0xE7, 0xF8, 0x1F, 0xE0, 0x7F, 0x80, 0x00, 0x3E, 0x1F, 0x78,
    0x79, 0xF1, 0xE3, 0xC7, 0x8F, 0x3C, 0x1E, 0xF0, 0x7B, 0x80, 0xFE, 0x03, 0xF8, 0x07, 0xC0, 0x1F,
    0x04, 0xF8, 0x1F, 0xE0, 0x7F, 0x01, 0xF8, 0x00, 0x3F, 0xC3, 0xFC, 0x00, 0x00, 0x00, 0xF0, 0xFF,
    0x1E, 0x79, 0xE7, 0x9E, 0x7B, 0xC3, 0xFC, 0x3F, 0x81, 0xF8, 0x1F, 0x81, 0xF0, 0x0F, 0x01, 0xE0,
    0xFE, 0x0F, 0xC0, 0xF8, 0x00, 0x1C, 0xE0, 0x7B, 0x81, 0xCE, 0x00, 0x00, 0xF8, 0x7D, 0xE1, 0xE7,
    0xC7, 0x8F, 0x1E, 0x3C, 0xF0, 0x7B, 0xC1, 0xEE, 0x03, 0xF8, 0x0F, 0xE0, 0x1F, 0x00, 0x7C, 0x13,
    0xE0, 0x7F, 0x81, 0xFC, 0x07, 0xE0, 0x00, 0x3B, 0xC7, 0xBC, 0x3B, 0xC0, 0x00, 0x00, 0x0F, 0x0F,
    0xF1, 0xE7, 0x9E, 0x79, 0xE7, 0xBC, 0x3F, 0xC3, 0xF8, 0x1F, 0x81, 0xF8, 0x1F, 0x00, 0xF0, 0x1E,
    0x0F, 0xE0, 0xFC, 0x0F, 0x80, 0x07, 0x70, 0x1D, 0xC0, 0xEE, 0x07, 0x38, 0x0C, 0xC0, 0x00, 0x0F,
    0x87, 0xDE, 0x1E, 0x7C, 0x78, 0xF1, 0xE3, 0xCF, 0x07, 0xBC, 0x1E, 0xE0, 0x3F, 0x80, 0xFE, 0x01,
    0xF0, 0x07, 0xC1, 0x3E, 0x07, 0xF8, 0x1F, 0xC0, 0x7E, 0x00, 0x0C, 0xC1, 0xDE, 0x1D, 0xC3, 0xB8,
    0x33, 0x80, 0x00, 0xF0, 0xFF, 0x1E, 0x79, 0xE7, 0x9E, 0x7B, 0xC3, 0xFC, 0x3F, 0x81, 0xF8, 0x1F,
    0x81, 0xF0, 0x0F, 0x01, 0xE0, 0xFE, 0x0F, 0xC0, 0xF8, 0x00, 0x1D, 0xE1, 0xEF, 0x07, 0x78, 0x00,
    0x0F, 0x07, 0xF8, 0x3F, 0xC1, 0xFE, 0x0F, 0xF8, 0x7B, 0xC3, 0xDF, 0x1E, 0xFF, 0xF3, 0xFF, 0x8F,
    0xFC, 0x01, 0xE0, 0x0F, 0x00, 0x78, 0x03, 0xC0, 0x1E, 0x3B, 0xCF, 0x78, 0xEF, 0x00, 0x00, 0x00,
    0xE3, 0xDC, 0x7B, 0x8F, 0x71, 0xEF, 0x3D, 0xFF, 0xBF, 0xF3, 0xFE, 0x03, 0xC0, 0x78, 0x0F, 0xFF,
    0xFF, 0xFF, 0xFF, 0xF8, 0x0F, 0x01, 0xE0, 0x3C, 0x07, 0x80, 0xF0, 0x1E, 0x03, 0xC0, 0x78, 0x0F,
    0xE1, 0xFC, 0x3F, 0x80, 0xF0, 0x1E, 0x03, 0xC0, 0x78, 0x00, 0xFF, 0xFF, 0xFF, 0xFE, 0x0F, 0x07,
    0x83, 0xC1, 0xE0, 0xFC, 0x7E, 0x3F, 0x03, 0x81, 0xC0, 0xE0, 0x07, 0x38, 0x03, 0xBC, 0x01, 0xCE,
    0x00, 0x00, 0x0F, 0x00, 0x7F, 0x80, 0x3F, 0xC0, 0x1F, 0xE0, 0x0F, 0xF0, 0x07, 0xFF, 0xC3, 0xFF,
    0xF9, 0xFF, 0xFC, 0xFF, 0x3F, 0x7F, 0x87, 0xBF, 0xC3, 0xDF, 0xE7, 0xEF, 0xFF, 0xE7, 0xFF, 0xF3,
    0xFF, 0xE1, 0xE0, 0x0E, 0xF0, 0x3D, 0xE0, 0x3B, 0xC0, 0x00, 0x00, 0x00, 0x1E, 0x03, 0xFC, 0x07,
    0xF8, 0x0F, 0xF0, 0x1F, 0xFF, 0x3F, 0xFF, 0x7F, 0xFE, 0xFF, 0x3D, 0xFF, 0xFB, 0xFF, 0xF7, 0xFF,
    0xCF, 0x06, 0x00, 0x38, 0x00, 0xF0, 0x01, 0xE0, 0x03, 0x80, 0x00, 0x0F, 0x83, 0xFE, 0x1E, 0x7C,
    0x78, 0xF3, 0xC3, 0xFF, 0x07, 0xF8, 0x1F, 0xE0, 0x3F, 0x00, 0xF8, 0x01, 0xE0, 0x07, 0x80, 0x1E,
    0x00, 0x78, 0x01, 0xE0, 0x07, 0x80, 0x18, 0x03, 0xC0, 0x3E, 0x00, 0xE0, 0x06, 0x00, 0x00, 0xF0,
    0xFF, 0x1E, 0x79, 0xE7, 0x9E, 0x7B, 0xC3, 0xFC, 0x3F, 0x81, 0xF8, 0x1F, 0x81, 0xF0, 0x0F, 0x01,
    0xE0, 0xFE, 0x0F, 0xC0, 0xF8, 0x00, 0xFF, 0xFF, 0xFF, 0xFF, 0x80, 0xFF, 0xFF, 0xFF, 0xFF, 0xFF,
    0xFF, 0xFF, 0xFE, 0xFF, 0xFF, 0xFF, 0xFF, 0xFF, 0xFF, 0xFF, 0xFE, 0x3B, 0xDE, 0xE7, 0x38, 0x7B,
    0xDC, 0xEF, 0x70, 0x7B, 0xDC, 0xEF, 0x70, 0x3B, 0x9E, 0xE7, 0x79, 0xDE, 0x77, 0x9D, 0xE0, 0x7F,
    0xBF, 0xDD, 0xEE, 0xFF, 0x77, 0x38, 0x7F, 0xBF, 0xDD, 0xEE, 0xFF, 0x77, 0x38, 0x0E, 0x03, 0x80,
    0xE0, 0x38, 0xFF, 0xFF, 0xFF, 0xFC, 0x38, 0x0E, 0x03, 0x80, 0xE0, 0x38, 0x0E, 0x03, 0x80, 0xE0,
    0x38, 0x0E, 0x03, 0x00, 0x0E, 0x03, 0x80, 0xE0, 0x38, 0xFF, 0xFF, 0xFF, 0xFC, 0x38, 0x0E, 0x03,
    0x8F, 0xFF, 0xFF, 0xFF, 0xC3, 0x80, 0xE0, 0x38, 0x0E, 0x03, 0x00, 0x3C, 0xFD, 0xFB, 0xF7, 0xE7,
    0x80, 0xF0, 0xE1, 0xFE, 0x3E, 0x3F, 0xC7, 0xC7, 0xF8, 0x70, 0xF0, 0x3E, 0x0E, 0x00, 0x0F, 0xE3,
    0xC0, 0x01, 0xDC, 0xF0, 0x00, 0x7B, 0xDE, 0x00, 0x0F, 0x7F, 0x80, 0x00, 0xEE, 0xF0, 0x00, 0x1F,
    0xFC, 0x00, 0x01, 0xF7, 0x7C, 0x3E, 0x01, 0xFF, 0xCF, 0xE0, 0x3B, 0xBF, 0xDC, 0x0F, 0x73, 0xF3,
    0x81, 0xCE, 0x7E, 0x70, 0x79, 0xDF, 0xEE, 0x1E, 0x3F, 0x9F, 0xC3, 0xC3, 0xE1, 0xF0, 0x00, 0x38,
    0xF3, 0xE7, 0x9F, 0x1E, 0x3E, 0x3C, 0x38, 0x00, 0x00, 0xE1, 0xE3, 0xC3, 0xC7, 0xCF, 0x3C, 0x78,
    0xE0, 0x00, 0x00, 0xE0, 0x3C, 0x0F, 0x01, 0xE0, 0x78, 0x0F, 0x03, 0xC0, 0x78, 0x1E, 0x03, 0xC0,
    0xF0, 0x1E, 0x07, 0x80, 0xE0, 0x3C, 0x00, 0x7C, 0x7E, 0xFE, 0xE7, 0xE7, 0xE7, 0xFE, 0x7E, 0x7C,
    0x1E, 0x3E, 0x7E, 0x6E, 0xFF, 0xFF, 0x0E, 0x0E, 0x7E, 0xFD, 0xC3, 0xE7, 0xE1, 0xD3, 0xFF, 0xFC,
    0x1E, 0x3E, 0x78, 0x7E, 0xFE, 0xEE, 0xFE, 0x7E, 0x3C, 0xFE, 0xFE, 0x0E, 0x1C, 0x1C, 0x38, 0x38,
    0x38, 0x7C, 0x7E, 0xEE, 0x7E, 0x7E, 0xFE, 0xEF, 0xFE, 0x7E, 0x7C, 0x7E, 0xEE, 0xEE, 0x7E, 0x7E,
    0x1E, 0x7C, 0x78, 0x7C, 0x7E, 0xFE, 0xE7, 0xE7, 0xE7, 0xFE, 0x7E, 0x7C, 0x1D, 0xF7, 0xDF, 0x1C,
    0x71, 0xC7, 0x1C, 0x7D, 0xFD, 0xB8, 0xF3, 0xCF, 0x1C, 0x7F, 0xFE, 0xFD, 0xFD, 0x79, 0xE3, 0xE1,
    0xD3, 0xFF, 0xFC, 0x1E, 0x3E, 0x7E, 0x6E, 0xFF, 0xFF, 0x0E, 0x0E, 0x7E, 0xFD, 0xC3, 0xE7, 0xE1,
    0xD3, 0xFF, 0xFC, 0x1E, 0x3E, 0x78, 0x7E, 0xFE, 0xEE, 0xFE, 0x7E, 0x3C, 0xFE, 0xFE, 0x0E, 0x1C,
    0x1C, 0x38, 0x38, 0x38, 0x7C, 0x7E, 0xEE, 0x7E, 0x7E, 0xFE, 0xEF, 0xFE, 0x7E, 0x7C, 0x7E, 0xEE,
    0xEE, 0x7E, 0x7E, 0x1E, 0x7C, 0x78, 0x07, 0xF0, 0xFF, 0x1F, 0xE1, 0xF2, 0x3C, 0x07, 0xFE, 0x7F,
    0xC3, 0xC0, 0x7F, 0xC7, 0xFC, 0x3C, 0x01, 0xF3, 0x1F, 0xF0, 0xFF, 0x07, 0xF0, 0xFF, 0xFF, 0xFF,
    0xFF, 0xF0, 0xF0, 0x0F, 0xC0, 0xFC, 0x0F, 0xC3, 0xF0, 0x3F, 0xC3, 0xFC, 0x1F, 0xC3, 0xF0, 0x3F,
    0x03, 0xF0, 0x0F, 0x00, 0x3F, 0x87, 0xFC, 0x3F, 0xC3, 0x3E, 0xFF, 0xFF, 0xFF, 0x1F, 0x83, 0xF0,
    0xFF, 0xFF, 0xFF, 0x78, 0x07, 0xCC, 0x7F, 0xE3, 0xFE, 0x1F, 0xC0, 0x7F, 0xFB, 0xFF, 0xC1, 0xF0,
    0x03, 0x87, 0xFF, 0x3F, 0xF8, 0x0F, 0x01, 0xF8, 0x7F, 0x83, 0xF8, 0x1F, 0x00, 0x7C, 0x01, 0xF0,
    0x07, 0xC0, 0x1E, 0x00, 0x3F, 0x83, 0xFC, 0x3F, 0xE3, 0x3F, 0x00, 0xF1, 0xFF, 0x3F, 0xF7, 0xFF,
    0x7D, 0xFF, 0x0F, 0xF0, 0xF7, 0xBE, 0x7F, 0xE7, 0xFC, 0x1F, 0x80, 0x07, 0x80, 0x0F, 0x80, 0x3F,
    0x00, 0x7F, 0x00, 0xFE, 0x03, 0xDC, 0x07, 0xBC, 0x1E, 0x78, 0x3C, 0x78, 0x78, 0xF1, 0xE1, 0xE3,
    0xC1, 0xE7, 0xFF, 0xDF, 0xFF, 0xBF, 0xFF, 0x80, 0xFF, 0xFF, 0xFF, 0xFF, 0xFF, 0xE0, 0xFF, 0x07,
    0xF8, 0x3F, 0xC1, 0xFE, 0x0F, 0xF0, 0x7F, 0x83, 0xFC, 0x1F, 0xE0, 0xFF, 0x07, 0xF8, 0x3F, 0xC1,
    0xFE, 0x0F, 0xF0, 0x78, 0xFF, 0xFF, 0xFF, 0xFF, 0xBC, 0x03, 0xC0, 0x7C, 0x07, 0x80, 0x78, 0x0F,
    0x01, 0xE0, 0x78, 0x1E, 0x07, 0xC0, 0xF0, 0x3F, 0xFF, 0xFF, 0xFF, 0xE0, 0xFF, 0xFF, 0xFF, 0xFC,
    0x00, 0xE0, 0x3C, 0x0F, 0x01, 0xE0, 0x78, 0x0F, 0x03, 0xC0, 0x78, 0x1E, 0x03, 0xC0, 0xF0, 0x1E,
    0x07, 0x80, 0xE0, 0x3C, 0x00, 0x77, 0xFE, 0xE0, 0x00, 0x3C, 0x00, 0xE0, 0x07, 0x80, 0x1E, 0x00,
    0x70, 0x03, 0xC0, 0x0F, 0x0E, 0x38, 0xFD, 0xE1, 0xF7, 0x87, 0xFC, 0x03, 0xF0, 0x0F, 0xC0, 0x1E,
    0x00, 0x78, 0x00, 0x3D, 0xF3, 0xFF, 0xFF, 0xEF, 0xCE, 0x7F, 0xFB, 0xBF, 0xFC, 0xF7, 0xC0, 0x00,
    0x07, 0xC7, 0xE3, 0xF3, 0xE1, 0xE0, 0xF0, 0x78, 0x3C, 0x1E, 0x0F, 0x07, 0x83, 0xC1, 0xE0, 0xF0,
    0x78, 0x3C, 0x7E, 0x3E, 0x1F, 0x00, 0x00, 0x3C, 0x77, 0xEF, 0x7F, 0xEF, 0xFE, 0xE3, 0xC0, 0x00,
    0x3C, 0x77, 0xFF, 0x7F, 0xEF, 0xFE, 0xE3, 0xC0, 0x01, 0x80, 0xE0, 0x3B, 0xFF, 0xFF, 0xFF, 0xF0,
    0xE0, 0x70, 0xFF, 0xFF, 0xFF, 0xFD, 0xC0, 0x70, 0x18, 0x00, 0x03, 0xCF, 0xFF, 0xFF, 0xFE, 0xF8,
    0x3F, 0xEF, 0xFC, 0xFF, 0x03, 0xC0, 0x0F, 0xFF, 0xFF, 0xFF, 0xC0, 0xF0, 0x3F, 0xCF, 0xFD, 0xFF,
    0x07, 0xDF, 0xFF, 0xFF, 0xFC, 0xF0, 0x00, 0x0F, 0xFF, 0xFF, 0xFF, 0xC0, 0x30, 0x78, 0x7C, 0x3E,
    0x1F, 0x0E, 0x04, 0x3C, 0x7E, 0xE7, 0xE7, 0x66, 0x7E, 0x1C, 0x18, 0x70, 0xF3, 0xCF, 0x1E, 0x79,
    0xE3, 0x8F, 0x3C, 0x71, 0xC7, 0x9E, 0x38, 0xE1, 0x87, 0x1C, 0x10, 0x40, 0x03, 0xE0, 0x00, 0x7C,
    0x30, 0x0C, 0x03, 0x81, 0x80, 0x3C, 0x30, 0x03, 0x66, 0x00, 0x36, 0x60, 0x63, 0x36, 0x07, 0x73,
    0x40, 0x7E, 0x3C, 0x06, 0x03, 0xC0, 0x60, 0x34, 0x1E, 0x03, 0x63, 0x60, 0x36, 0x36, 0x03, 0x33,
    0x80, 0x63, 0x18, 0x06, 0x18, 0x80, 0xC1, 0xF8, 0x38, 0x07, 0x9F, 0x00, 0x03, 0xC0, 0x01, 0xC0,
    0x00, 0xF0, 0x00, 0x3C, 0x00, 0x0E, 0x00, 0x07, 0xFF, 0x81, 0xFF, 0xE0, 0xFF, 0xF8, 0x78, 0x1C,
    0x1E, 0x0F, 0x0F, 0x03, 0x87, 0x99, 0xE1, 0xEF, 0xF0, 0x33, 0xFC, 0x00, 0x7F, 0x00, 0x07, 0xE0,
    0x00, 0x7C, 0x00, 0x0E, 0x00, 0x01, 0x00, 0x00, 0x07, 0x00, 0x03, 0xC0, 0x03, 0xC1, 0x83, 0xC0,
    0xF3, 0xE0, 0xFF, 0xE0, 0x3F, 0xE0, 0x0F, 0xE0, 0x01, 0xF8, 0x01, 0xFF, 0x08, 0xFF, 0xDE, 0xF3,
    0xE7, 0xF0, 0xF3, 0xF8, 0x31, 0xF8, 0x00, 0xF8, 0x00, 0x78, 0x00, 0x3C, 0x00, 0x0C, 0x00, 0x00,
    0x00, 0xF8, 0x00, 0x7F, 0xE0, 0x0F, 0xFF, 0x81, 0xF8, 0xFC, 0x3E, 0x03, 0xE3, 0xC0, 0x1E, 0x78,
    0x00, 0xF7, 0x00, 0x07, 0x70, 0x00, 0x77, 0x00, 0x07, 0x70, 0x00, 0x77, 0x00, 0x07, 0x70, 0x00,
    0x77, 0x80, 0x0F, 0x3C, 0x01, 0xE3, 0xE0, 0x3E, 0x1F, 0x8F, 0xC0, 0xFF, 0xF8, 0x07, 0xFE, 0x00,
    0x0F, 0x80, 0x03, 0x01, 0xC1, 0xC1, 0xE0, 0xE0, 0xF0, 0xF0, 0x70, 0x78, 0x38, 0x3C, 0x0E, 0x03,
    0x81, 0xE0, 0x70, 0x3C, 0x0F, 0x03, 0x81, 0xE0, 0x70, 0x60, 0x70, 0x3C, 0x0F, 0x03, 0x81, 0xE0,
    0x70, 0x1C, 0x0F, 0x03, 0x81, 0xC1, 0xE0, 0xE0, 0xF0, 0xF0, 0x70, 0x78, 0x38, 0x38, 0x1C, 0x00,
    0x0E, 0xC1, 0xD8, 0x37, 0x0E, 0xE1, 0xF8, 0x77, 0x0E, 0xC1, 0xB8, 0x76, 0x0D, 0xC1, 0xB8, 0x3B,
    0x07, 0x70, 0x7E, 0x0E, 0xE0, 0xDC, 0x1D, 0x83, 0xB8, 0x3F, 0x07, 0x60, 0x6C, 0x1D, 0xC1, 0xF8,
    0x3B, 0x83, 0x70, 0x76, 0x06, 0xE0, 0xEC, 0x1D, 0xC1, 0xF8, 0x3B, 0x06, 0xE1, 0xD8, 0x37, 0x0E,
    0xE1, 0xF8, 0x77, 0x0E, 0xC1, 0xB8, 0x76, 0x00, 0xFF, 0xFF, 0xFE, 0xE0, 0xE0, 0xE0, 0xE0, 0xE0,
    0xE0, 0xE0, 0xE0, 0xE0, 0xE0, 0xE0, 0x07, 0x07, 0x07, 0x07, 0x07, 0x07, 0x07, 0x07, 0x07, 0x07,
    0x07, 0x7F, 0xFF, 0xFF, 0xFF, 0xE0, 0xF0, 0x7B, 0xFD, 0x86, 0xC3, 0x61, 0xB0, 0xD8, 0x6C, 0x36,
    0x1B, 0x0D, 0x87, 0xC0, 0x0F, 0x86, 0xC3, 0x61, 0xB0, 0xD8, 0x6C, 0x36, 0x1B, 0x0D, 0x86, 0xFF,
    0x78, 0x3C, 0x1F, 0xFC, 0xFE, 0xFE, 0xFC, 0xF8, 0xF8, 0xF0, 0xF0, 0xF0, 0xF0, 0xF0, 0xF0, 0xF0,
    0xF0, 0xF0, 0xF0, 0xF8, 0xF8, 0xFC, 0xFC, 0xFE, 0xFE, 0x7E, 0x3E, 0x1E, 0x1E, 0x1E, 0x0E, 0x0E,
    0x0E, 0x0E, 0x0E, 0x0E, 0x0E, 0x0E, 0x0E, 0x1E, 0x1E, 0x3E, 0x7E, 0xFE, 0x7F, 0xFD, 0xFF, 0xFF,
    0xFF, 0xF8, 0x00, 0x00, 0x00, 0x0F, 0xFF, 0xBF, 0xFF, 0xFF, 0xFF, 0x03, 0x80, 0x07, 0x00, 0x0E,
    0x00, 0x1C, 0x00, 0x38, 0x00, 0x70, 0x00, 0xE0, 0x01, 0xC0, 0xFF, 0xFF, 0xFF, 0xFF, 0xFF, 0xFF,
    0xFF, 0xFF, 0xFF, 0xFF, 0xFF, 0xFF, 0xFF, 0xFF, 0xFE, 0x00, 0x00, 0x00, 0x00, 0x00, 0x00, 0x00,
    0x00, 0x1F, 0xFF, 0xFF, 0xFF, 0xFF, 0xFF, 0xFF, 0xFF, 0xFF, 0xFF, 0xFF, 0xFF, 0xFF, 0xFF, 0xFF,
    0xC0, 0x00, 0x18, 0xF3, 0xEF, 0x1C, 0x38, 0x70, 0xE1, 0xC3, 0x87, 0x0E, 0x1C, 0x38, 0x70, 0xE1,
    0xE1, 0xE1, 0xE0, 0xC0, 0x00, 0x00, 0xC3, 0xE3, 0xE1, 0xE1, 0xC3, 0x87, 0x0E, 0x1C, 0x38, 0x70,
    0xE1, 0xC3, 0x87, 0x0E, 0x3D, 0xF7, 0xC6, 0x00, 0x00, 0xFE, 0x8C, 0x98, 0x90, 0xA0, 0xA0, 0xE0,
    0xC0, 0xC0, 0xC0, 0xC0, 0xC0, 0xC0, 0xE0, 0xA0, 0xA0, 0x90, 0x98, 0x8C, 0xFE, 0xFF, 0x31, 0x19,
    0x09, 0x0D, 0x05, 0x05, 0x07, 0x07, 0x03, 0x03, 0x07, 0x07, 0x05, 0x05, 0x0D, 0x09, 0x19, 0x31,
    0xFF, 0x00, 0x0E, 0x3E, 0x73, 0xCE, 0xDC, 0xD8, 0xD8, 0xD8, 0xD8, 0xD8, 0xD8, 0xD8, 0xD8, 0xD8,
    0xD8, 0xDC, 0xCE, 0x73, 0x3E, 0x0E, 0x00, 0x00, 0x70, 0x78, 0xCE, 0x73, 0x3B, 0x1B, 0x1B, 0x1B,
    0x1B, 0x1B, 0x1B, 0x1B, 0x1B, 0x1B, 0x1B, 0x3B, 0x73, 0xCE, 0x7C, 0x70, 0x00, 0xFF, 0xFF, 0x66,
    0xCD, 0x9B, 0x36, 0x6C, 0xD9, 0xB3, 0x66, 0xCD, 0x9B, 0x36, 0x6C, 0xD9, 0xB3, 0xFF, 0xF0, 0xFF,
    0xFC, 0xD9, 0xB3, 0x66, 0xCD, 0x9B, 0x36, 0x6C, 0xD9, 0xB3, 0x66, 0xCD, 0x9B, 0x36, 0x6F, 0xFF,
    0xF0, 0x1F, 0xC0, 0x01, 0xFF, 0x03, 0x1F, 0xFC, 0x3C, 0xF1, 0xFF, 0xE3, 0x03, 0xFE, 0x00, 0x0F,
    0xC0, 0x60, 0xF1, 0xF0, 0xF6, 0x6E, 0x1F, 0x1F, 0x0E, 0x00, 0x08, 0xF7, 0xFC, 0xC8, 0xF7, 0xFE,
    0xE0, 0x00, 0x03, 0x8F, 0x9F, 0x3F, 0x2F, 0x1F, 0x3C, 0x20, 0x1F, 0xFF, 0xC1, 0xFF, 0xFC, 0x00,
    0x00, 0x01, 0xFF, 0xFC, 0x1F, 0xFF, 0xC7, 0x47, 0x07, 0x5F, 0x77, 0xB4, 0xB7, 0x79, 0x4F, 0x77,
    0x97, 0x67, 0x37, 0x12, 0x06, 0x41, 0xB0, 0xCC, 0x0D, 0xF9, 0x80, 0x78, 0xF0, 0x01, 0xFC, 0x00,
    0xFF, 0xFF, 0xFF, 0xFF, 0xFF, 0xFF, 0xFC, 0x00, 0x00, 0x01, 0xC0, 0xFC, 0x7E, 0x3F, 0x1F, 0x8F,
    0xC7, 0xE3, 0xF1, 0xF8, 0xFC, 0x7E, 0x3F, 0x1F, 0x8F, 0xC7, 0xE3, 0x81, 0xC0, 0xE0, 0x00, 0x1F,
    0x80, 0x7E, 0x71, 0xF9, 0xC7, 0xE7, 0x1F, 0x9C, 0x7E, 0x71, 0xF9, 0xC7, 0xE7, 0x1F, 0x9C, 0x7E,
    0x71, 0xF9, 0xC7, 0xE7, 0x1F, 0x9C, 0x7E, 0x71, 0xF8, 0x07, 0xE0, 0x1C, 0x00, 0x70, 0x01, 0xC0,
    0x00, 0x02, 0x01, 0x01, 0xE0, 0xE0, 0x78, 0x7C, 0x1C, 0x0F, 0x8F, 0x01, 0xF3, 0xC0, 0x3F, 0xE0,
    0x07, 0xF8, 0x00, 0xFC, 0x00, 0x1F, 0x00, 0x07, 0xE0, 0x03, 0xFC, 0x03, 0xFF, 0x81, 0xF9, 0xE3,
    0xFC, 0x3D, 0xFC, 0x0F, 0x7E, 0x01, 0x0E, 0x00, 0x00, 0x18, 0x03, 0xCC, 0x3D, 0xE3, 0x9E, 0x78,
    0xE7, 0x8E, 0xFF, 0xE3, 0xFC, 0x1F, 0xC3, 0xFE, 0x79, 0xE7, 0x0F, 0x70, 0x77, 0x0F, 0x79, 0xF3,
    0xFE, 0x1F, 0xC0, 0xF0, 0x00, 0xE0, 0x00, 0x1C, 0x00, 0x03, 0x80, 0x00, 0x70, 0x00, 0x0E, 0x00,
    0x00, 0x00, 0x3F, 0xFF, 0xFF, 0xFF, 0xFF, 0xFF, 0xFF, 0xE0, 0x00, 0xE0, 0x00, 0x1C, 0x00, 0x03,
    0x80, 0x00, 0x70, 0x00, 0x0E, 0x01, 0xFF, 0xFF, 0xFF, 0xFF, 0xFF, 0xFF, 0xFF, 0x00, 0x00, 0x00,
    0x00, 0x00, 0x00, 0x00, 0x0F, 0xFF, 0x01, 0xFF, 0xF0, 0x3F, 0xFE, 0x00, 0x00, 0xE0, 0x00, 0x1C,
    0x00, 0x03, 0x80, 0x00, 0x70, 0x0F, 0xFF, 0xFD, 0xFF, 0xFF, 0xFF, 0xFF, 0xF8, 0x00, 0x00, 0x00,
    0x00, 0x03, 0xFF, 0xC0, 0x7F, 0xFC, 0x0F, 0xFF, 0x80, 0x00, 0x00, 0x00, 0x00, 0x00, 0x00, 0x07,
    0xFF, 0xFF, 0xFF, 0xFF, 0xFF, 0xFF, 0xF8, 0x00, 0xE0, 0x00, 0x1C, 0x00, 0x03, 0x80, 0x00, 0x70,
    0x03, 0xFF, 0xF8, 0x7F, 0xFF, 0x0F, 0xFF, 0xC0, 0xC0, 0x78, 0x3C, 0x0E, 0x03, 0xC3, 0xC0, 0x3C,
    0xF0, 0x03, 0xFE, 0x00, 0x3F, 0x80, 0x03, 0xE0, 0x01, 0xFF, 0x00, 0x7F, 0xF8, 0x7F, 0x9F, 0xDF,
    0xC1, 0xF9, 0xE0, 0x0F, 0x10, 0x00, 0x00, 0x79, 0xE7, 0x9E, 0x30, 0x31, 0xE7, 0x9E, 0x78, 0x31,
    0xE7, 0xDE, 0x78, 0x79, 0xE7, 0xDE, 0x30, 0x73, 0xFE, 0xE0, 0x77, 0xDE, 0xE0, 0x3B, 0xEF, 0x70,
    0xC0, 0xF8, 0x1F, 0x0F, 0xC1, 0xDC, 0x67, 0x1C, 0x67, 0x1C, 0xC3, 0xF0, 0xFE, 0x0F, 0x03, 0xE0,
    0x00, 0x60, 0x03, 0xC0, 0x0F, 0x00, 0x78, 0x01, 0xE0, 0x0F, 0x00, 0x3C, 0x01, 0xE0, 0x0F, 0x00,
    0x3C, 0x01, 0xE0, 0x07, 0x80, 0x3C, 0x00, 0xF0, 0x07, 0x80, 0x1E, 0x00, 0xF0, 0x03, 0xC0, 0x0F,
    0x00, 0x3C, 0x00, 0xF0, 0x01, 0xE0, 0x07, 0x80, 0x0F, 0x00, 0x3C, 0x00, 0x78, 0x01, 0xF0, 0x03,
    0xC0, 0x07, 0x80, 0x1E, 0x00, 0x3C, 0x00, 0xF0, 0x01, 0xE0, 0x07, 0x80, 0x0F, 0x00, 0x3C, 0x00,
    0x78, 0x01, 0xE0, 0x07, 0x80, 0x08, 0x00, 0x60, 0x00, 0xF0, 0x00, 0xF0, 0x01, 0xE0, 0x01, 0xE0,
    0x03, 0xC0, 0x03, 0xC0, 0x07, 0x80, 0x0F, 0x0C, 0x0F, 0x6E, 0x1E, 0x7F, 0x1E, 0x7F, 0x3C, 0x38,
    0x3C, 0x00, 0x78, 0x00, 0x78, 0x00, 0xF0, 0x00, 0xF0, 0x00, 0xF0, 0x00, 0xF0, 0x00, 0xF0, 0x00,
    0x78, 0x00, 0x78, 0x00, 0x3C, 0x00, 0x3C, 0x00, 0x1E, 0x00, 0x1F, 0x00, 0x0F, 0x00, 0x07, 0x80,
    0x07, 0x80, 0x03, 0xC0, 0x03, 0xC0, 0x01, 0xE0, 0x01, 0xE0, 0x00, 0xF0, 0x00, 0xF0, 0x00, 0x78,
    0x00, 0x78, 0x00, 0x78, 0x00, 0x20, 0x00, 0x60, 0x07, 0x80, 0x3C, 0x03, 0xC0, 0x1E, 0x01, 0xE0,
    0x0F, 0x00, 0xF0, 0x0F, 0x80, 0x78, 0x07, 0x80, 0x3C, 0x03, 0xC0, 0x1E, 0x01, 0xE0, 0x0F, 0x00,
    0xF0, 0x07, 0x80, 0x3C, 0x01, 0xE0, 0x00, 0x00, 0x60, 0x00, 0xF0, 0x00, 0xF0, 0x01, 0xE0, 0x01,
    0xE0, 0x03, 0xC0, 0x03, 0xC0, 0x07, 0x80, 0x0F, 0x8C, 0x0F, 0x6E, 0x1E, 0x7E, 0x1E, 0x7F, 0x3C,
    0x38, 0x3C, 0x00, 0x78, 0x00, 0x78, 0x00, 0xF0, 0x00, 0xF0, 0x00, 0xF0, 0x00, 0xF0, 0x00, 0xF0,
    0x03, 0xC0, 0x07, 0x80, 0x1E, 0x00, 0x3C, 0x00, 0x78, 0x01, 0xE0, 0x03, 0xC0, 0x0F, 0x00, 0x1E,
    0x00, 0x7C, 0x00, 0xF0, 0x03, 0xE0, 0x07, 0x80, 0x1F, 0x00, 0x3C, 0x00, 0xF8, 0x01, 0xE0, 0x07,
    0x80, 0x0E, 0x00, 0xF8, 0x00, 0x78, 0xE0, 0x0C, 0x01, 0x81, 0x80, 0x0C, 0x30, 0x00, 0x62, 0xFF,
    0xFA, 0x6F, 0xFF, 0xB4, 0x00, 0x01, 0x4F, 0xFF, 0x9C, 0xFF, 0xF9, 0x40, 0x70, 0x14, 0x07, 0x01,
    0x40, 0x70, 0x16, 0x07, 0x03, 0x20, 0x70, 0x23, 0x07, 0x06, 0x18, 0x70, 0xC0, 0xC0, 0x18, 0x07,
    0x8F, 0x00, 0x1F, 0x80, 0x01, 0x00, 0x03, 0x0E, 0xC3, 0x9C, 0x77, 0x1C, 0xE7, 0xB9, 0xE3, 0xB8,
    0xEE, 0x1D, 0xC7, 0x70, 0xFE, 0x3F, 0x83, 0xE0, 0xF8, 0x1F, 0x07, 0xC0, 0x70, 0x1E, 0x03, 0x80,
    0xE0, 0x1E, 0x07, 0x81, 0xF0, 0x7C, 0x0F, 0xC3, 0xF0, 0xFE, 0x3F, 0x87, 0x71, 0xDC, 0x7B, 0xDE,
    0x73, 0x8E, 0xE3, 0xBC, 0x7F, 0x1C, 0xC1, 0x30, 0x40, 0x00, 0xC0, 0x00, 0x1C, 0x00, 0x03, 0x80,
    0x00, 0x70, 0x00, 0x0E, 0x00, 0x01, 0xC0, 0x3F, 0xFF, 0xFF, 0xFF, 0xFF, 0xFF, 0xFF, 0xE0, 0x1C,
    0x00, 0x03, 0x80, 0x00, 0x70, 0x00, 0x0E, 0x00, 0x01, 0xC0, 0x00, 0x38, 0x00, 0x07, 0x00, 0x00,
    0xE0, 0x00, 0x1C, 0x00, 0x03, 0x80, 0x00, 0x70, 0x00, 0x07, 0x1C, 0x01, 0xE3, 0x80, 0x3C, 0x70,
    0x07, 0x8E, 0x00, 0xF1, 0xC0, 0x1E, 0x38, 0x3F, 0xFF, 0xFF, 0xFF, 0xFF, 0xFF, 0xFF, 0xE1, 0xE3,
    0x80, 0x3C, 0x70, 0x07, 0x8E, 0x00, 0xF1, 0xC0, 0x1E, 0x38, 0x03, 0xC7, 0x00, 0x78, 0xE0, 0x0F,
    0x1C, 0x01, 0xE3, 0x80, 0x3C, 0x70, 0x03, 0x8E, 0x00, 0x1C, 0x03, 0x83, 0xDC, 0xF0, 0x7B, 0x9E,
    0x0F, 0x73, 0xC1, 0xEE, 0x78, 0x39, 0xCF, 0x3F, 0xFF, 0xFF, 0xFF, 0xFF, 0xFF, 0xFF, 0xE3, 0x9C,
    0xF0, 0x73, 0x9E, 0x0E, 0x73, 0xC3, 0xCE, 0x78, 0x79, 0xCF, 0x0E, 0x39, 0xE3, 0xC7, 0x3C, 0x78,
    0xE7, 0x9E, 0x1C, 0xF1, 0xC0, 0x1E, 0x10, 0x03, 0xC0, 0x00, 0x03, 0x80, 0x38, 0x03, 0xC0, 0x1E,
    0x00, 0xF8, 0x07, 0xC0, 0x3E, 0x2F, 0xE7, 0xFC, 0x7C, 0x07, 0x80, 0x3C, 0x01, 0xF0, 0x0F, 0xC0,
    0x7F, 0x07, 0xE1, 0xFE, 0x3E, 0x01, 0x80, 0xFF, 0xFF, 0xE0, 0x01, 0xF0, 0x01, 0xF8, 0x01, 0xBC,
    0x01, 0x9E, 0x01, 0x8F, 0x01, 0x87, 0x81, 0x83, 0xC1, 0x81, 0xE1, 0x80, 0xF1, 0x80, 0x79, 0x80,
    0x3D, 0x80, 0x1F, 0x80, 0x0F, 0x80, 0x07, 0xFF, 0xFF, 0x1C, 0xE0, 0x07, 0xB6, 0x01, 0x9C, 0xC0,
    0x20, 0x08, 0x00, 0x01, 0x80, 0x00, 0x10, 0x00, 0x03, 0x00, 0x00, 0x20, 0x00, 0x06, 0x00, 0x00,
    0x60, 0x00, 0x0C, 0x00, 0x00, 0xC0, 0x00, 0x0C, 0x00, 0x01, 0x80, 0x00, 0x10, 0xDF, 0xB7, 0x70,
    0x00, 0x06, 0x00, 0x00, 0x80, 0x00, 0x08, 0x00, 0x03, 0x07, 0x18, 0x41, 0xFF, 0x04, 0x23, 0xC1,
    0x80, 0x20, 0x20, 0x0E, 0x00, 0x1F, 0xF0, 0x40, 0x60, 0x18, 0x7F, 0xC2, 0x03, 0x80, 0x20, 0x60,
    0x0C, 0x00, 0x01, 0x00, 0x00, 0x10, 0x00, 0x06, 0x00, 0x00, 0xEF, 0xDB, 0xB0, 0x7F, 0xF4, 0x01,
    0x70, 0x75, 0x8D, 0x59, 0x94, 0xD9, 0x47, 0x14, 0x71, 0x47, 0x14, 0x71, 0x4D, 0x95, 0x89, 0x58,
    0xD7, 0x07, 0x40, 0x17, 0xFF, 0x00, 0x00, 0x07, 0x00, 0x47, 0x78, 0x7F, 0xF8, 0x7F, 0xF8, 0x0E,
    0x70, 0x0F, 0xF8, 0x1F, 0xFC, 0x3E, 0xFE, 0x7E, 0xEE, 0x7F, 0xCE, 0xEF, 0xCE, 0xEF, 0x9E, 0xFF,
    0x7C, 0x7F, 0xFC, 0x00, 0xF0, 0x00, 0x00, 0x00, 0x00, 0x00, 0x78, 0x00, 0x0E, 0x7C, 0x1F, 0xFF,
    0x87, 0xFF, 0xF0, 0xFF, 0x80, 0x00, 0xE3, 0x80, 0x1F, 0xF0, 0x07, 0xFF, 0x83, 0xFF, 0xF8, 0xFE,
    0xEF, 0x1D, 0xFC, 0xE7, 0xBF, 0x1E, 0xE7, 0xE3, 0x9C, 0xF8, 0xF3, 0xFE, 0x3E, 0x7F, 0xFF, 0x8F,
    0xFF, 0xE0, 0x00, 0x78, 0x00, 0x00, 0x00, 0x60, 0x00, 0xF0, 0x38, 0xF0, 0x38, 0xF0, 0x3C, 0xF0,
    0x1C, 0xF0, 0x1E, 0xF0, 0x1E, 0x70, 0x0E, 0x73, 0x0E, 0x73, 0x8F, 0x7F, 0x8F, 0x3F, 0x04, 0x3F,
    0x00, 0x1E, 0x00, 0x00, 0x00, 0x3C, 0x03, 0x0F, 0x01, 0xE3, 0xC0, 0x38, 0xF0, 0x0F, 0x3C, 0x01,
    0xCF, 0x00, 0x7B, 0xC0, 0x1E, 0xF0, 0x03, 0xBC, 0x60, 0xFF, 0x18, 0x3D, 0xCF, 0x0F, 0x7B, 0xC3,
    0xDF, 0xE0, 0x03, 0xF8, 0x00, 0x7C, 0x00, 0x04, 0x00, 0x00, 0x1F, 0x81, 0xFF, 0x07, 0xF8, 0x01,
    0xC0, 0x10, 0x3F, 0xF3, 0xFF, 0xCF, 0x9F, 0x40, 0x78, 0x03, 0xC0, 0x1E, 0x01, 0xE0, 0x7F, 0x0F,
    0xF0, 0x7E, 0x01, 0x80, 0x0F, 0xE0, 0x1F, 0xFC, 0x1F, 0xFC, 0x00, 0xF8, 0x00, 0x00, 0x0F, 0xF8,
    0x7F, 0xFC, 0x7F, 0xFE, 0x78, 0x1E, 0x00, 0x0E, 0x00, 0x0F, 0x00, 0x0E, 0x00, 0x1E, 0x00, 0x3E,
    0x00, 0xFC, 0x0F, 0xF8, 0x0F, 0xF0, 0x0F, 0xC0, 0x04, 0x00, 0x0F, 0xC0, 0x1F, 0xE0, 0x3F, 0xC0,
    0x01, 0x00, 0x3E, 0x07, 0xFE, 0x0F, 0xFC, 0x19, 0xF0, 0x03, 0xC0, 0x0F, 0x80, 0x3F, 0x00, 0xFF,
    0x03, 0xCE, 0x6F, 0x1F, 0xDC, 0x3F, 0x90, 0x1F, 0x00, 0x00, 0x03, 0xF8, 0x00, 0xFF, 0x80, 0x3F,
    0xE0, 0x00, 0x78, 0x00, 0x00, 0x03, 0xFF, 0x81, 0xFF, 0xF0, 0x7F, 0xF8, 0x00, 0x3C, 0x00, 0x1E,
    0x00, 0x0F, 0x00, 0x07, 0xE0, 0x03, 0xF8, 0x01, 0xFF, 0x00, 0xF3, 0xC0, 0x78, 0x7F, 0xBC, 0x1F,
    0xE7, 0x03, 0xF8, 0x00, 0x00, 0x0E, 0x00, 0x0E, 0x00, 0x0F, 0xDC, 0xFF, 0xFE, 0xFF, 0xDF, 0x7E,
    0x06, 0x0E, 0x02, 0x0F, 0xF8, 0x1F, 0xFC, 0x7F, 0x3C, 0xFE, 0x1E, 0xEE, 0x1E, 0xEE, 0x7C, 0xFF,
    0xFC, 0x7D, 0xF8, 0x1C, 0xC0, 0x00, 0x00, 0x00, 0x70, 0x00, 0x07, 0x00, 0x00, 0x73, 0x60, 0x7F,
    0xF7, 0x87, 0xFF, 0x7E, 0x7F, 0xE3, 0xE0, 0x70, 0x0E, 0x07, 0x00, 0x40, 0x7F, 0xE0, 0x0F, 0xFF,
    0x81, 0xFF, 0xF8, 0x3F, 0x03, 0xC7, 0xF0, 0x3C, 0xF7, 0x03, 0xCF, 0x70, 0x78, 0x7F, 0x7F, 0x83,
    0xF7, 0xF0, 0x1E, 0x3C, 0x00, 0x07, 0x80, 0x00, 0x78, 0x00, 0x07, 0x83, 0x00, 0x70, 0x78, 0xFF,
    0xF3, 0x8F, 0xFF, 0xBC, 0xFF, 0xF9, 0xCE, 0xE3, 0xDE, 0x0E, 0x3C, 0xE1, 0xE3, 0xCF, 0x1E, 0x3C,
    0xE1, 0xC3, 0x80, 0x3C, 0x38, 0x03, 0xC3, 0x80, 0x78, 0x78, 0x07, 0xFF, 0x80, 0xF3, 0xF0, 0x07,
    0x3E, 0x00, 0x00, 0x00, 0x00, 0x00, 0x00, 0x00, 0x00, 0x0E, 0x07, 0x87, 0xE0, 0x78, 0x3F, 0x07,
    0x03, 0xE0, 0x70, 0x78, 0x3F, 0xE7, 0x8F, 0xFF, 0xBC, 0xFF, 0xFB, 0xCE, 0xE7, 0x9C, 0x0E, 0x3D,
    0xE1, 0xE3, 0x8E, 0x1C, 0x38, 0xF1, 0xC3, 0x8C, 0x3C, 0x38, 0x03, 0x83, 0x80, 0x78, 0x78, 0x07,
    0xFF, 0x80, 0xF3, 0xF0, 0x0F, 0x3E, 0x00, 0x00, 0x00, 0x00, 0x00, 0x80, 0x03, 0xC0, 0xC3, 0xFC,
    0xFF, 0xFC, 0xFF, 0xFC, 0x7F, 0xE0, 0x00, 0xE6, 0xFF, 0xFE, 0xFF, 0xFE, 0xFF, 0xFE, 0x0C, 0x78,
    0x00, 0x38, 0x71, 0xFC, 0xF1, 0xFC, 0xF0, 0xF8, 0xF0, 0x00, 0xFC, 0x38, 0x7F, 0xF8, 0x3F, 0xF8,
    0x0F, 0xF0, 0x00, 0x00, 0x00, 0x00, 0x30, 0x0F, 0x3F, 0x00, 0xFF, 0xEF, 0xFF, 0xF1, 0xFF, 0xF0,
    0x1F, 0xF8, 0x00, 0x07, 0x30, 0xFF, 0xFE, 0x1F, 0xFF, 0xE3, 0xFF, 0xF8, 0x06, 0x3C, 0x00, 0x03,
    0x80, 0xE1, 0xF8, 0x1C, 0x7F, 0x03, 0x83, 0xC0, 0xF0, 0x00, 0x0F, 0x87, 0x01, 0xFF, 0xE0, 0x1F,
    0xFC, 0x00, 0xFF, 0x80, 0x00, 0x60, 0x07, 0x80, 0x7C, 0x07, 0xC0, 0x7C, 0x0F, 0xC0, 0xF8, 0x0F,
    0x80, 0x78, 0x07, 0xC0, 0x1F, 0x00, 0x7C, 0x01, 0xF0, 0x07, 0xE0, 0x1F, 0x80, 0x7E, 0x01, 0xF8,
    0x07, 0x80, 0x18, 0x00, 0x30, 0x00, 0x78, 0x00, 0xF8, 0x03, 0xF0, 0x07, 0xEE, 0x0F, 0xBE, 0x1F,
    0x3F, 0x3E, 0x1F, 0x7C, 0x18, 0x78, 0x00, 0x3E, 0x00, 0x3F, 0x00, 0x0F, 0x80, 0x07, 0xC0, 0x03,
    0xE0, 0x01, 0xF8, 0x00, 0xF8, 0x00, 0x78, 0x00, 0x30, 0x78, 0x0E, 0x0F, 0x01, 0xC1, 0xE0, 0x38,
    0x38, 0x07, 0x07, 0x1F, 0xFE, 0xE3, 0xFF, 0xDC, 0x7F, 0xFB, 0x80, 0x70, 0x70, 0x0E, 0x0F, 0x81,
    0xC1, 0xF0, 0x38, 0x3E, 0x07, 0x07, 0xC0, 0xE0, 0xF0, 0x3C, 0x1E, 0x0F, 0x83, 0xC3, 0xE0, 0x38,
    0xF8, 0x06, 0x0E, 0x00, 0x00, 0x80, 0x00, 0x00, 0x00, 0x62, 0x00, 0xFE, 0x78, 0x1F, 0xF7, 0x01,
    0xFF, 0x70, 0x0E, 0x87, 0x10, 0xEC, 0x73, 0xFF, 0xCF, 0x3F, 0xFC, 0xF3, 0xFF, 0xCF, 0x00, 0xE0,
    0xE0, 0x0E, 0x0F, 0xC0, 0xE0, 0xFC, 0x1E, 0x0F, 0x81, 0xE0, 0xF8, 0x1C, 0x07, 0x83, 0xC0, 0x78,
    0x7C, 0x07, 0x0F, 0x80, 0x70, 0xF0, 0x00, 0x06, 0x00, 0x20, 0x18, 0xFF, 0xF9, 0xFF, 0xF3, 0xFF,
    0xC0, 0x00, 0x00, 0x00, 0x00, 0x00, 0x00, 0x00, 0x00, 0x01, 0xC0, 0x03, 0xC0, 0x07, 0x00, 0x0F,
    0x00, 0x1F, 0x87, 0xFF, 0xFF, 0xBF, 0xFF, 0x1F, 0xFC, 0x00, 0x00, 0x00, 0x00, 0x38, 0x00, 0x1F,
    0x00, 0x03, 0xF3, 0xFF, 0xFC, 0x7F, 0xFC, 0x0F, 0xFF, 0x00, 0x00, 0x00, 0x00, 0x00, 0x00, 0x00,
    0x00, 0x00, 0x00, 0x00, 0x00, 0x07, 0x00, 0x00, 0xE0, 0x00, 0x3C, 0x00, 0x07, 0x80, 0x00, 0x78,
    0x0E, 0x0F, 0xFF, 0xC0, 0xFF, 0xF8, 0x0F, 0xFF, 0x00, 0x00, 0x00, 0x00, 0x70, 0x00, 0x38, 0x00,
    0x1E, 0x67, 0xFF, 0xF3, 0xFF, 0xF9, 0xFF, 0xFC, 0x1F, 0x70, 0x00, 0x3C, 0x00, 0x0E, 0x08, 0x1F,
    0x87, 0x1F, 0xE7, 0x8F, 0xE3, 0xC0, 0x01, 0xE0, 0x00, 0xF8, 0x00, 0x3F, 0xFC, 0x0F, 0xFE, 0x03,
    0xFF, 0x00, 0x00, 0x00, 0x80, 0x00, 0x78, 0x07, 0xBF, 0x00, 0x73, 0xF0, 0x0E, 0x71, 0xFF, 0xFE,
    0x3F, 0xFF, 0xC7, 0xFF, 0xF0, 0x1F, 0xF8, 0x00, 0x07, 0x00, 0x00, 0xF0, 0x00, 0x6F, 0x03, 0x8F,
    0xE0, 0xF1, 0xFC, 0x1C, 0x0F, 0x03, 0x80, 0x00, 0x70, 0x00, 0x0F, 0xC3, 0x80, 0xFF, 0xF0, 0x0F,
    0xFE, 0x00, 0x7F, 0x80, 0xF0, 0x00, 0xF0, 0x00, 0xF0, 0x00, 0xF0, 0x00, 0xF0, 0x00, 0xF0, 0x00,
    0xF0, 0x00, 0xF0, 0x00, 0xF0, 0x00, 0xF0, 0x00, 0xF0, 0x00, 0xF0, 0x0C, 0xF0, 0x1E, 0xF0, 0x3E,
    0xF8, 0xFE, 0x7F, 0xF8, 0x7F, 0xF0, 0x1F, 0xC0, 0xF0, 0x01, 0xE0, 0x63, 0xC6, 0xE7, 0x8F, 0xCE,
    0x1F, 0xDC, 0x1C, 0x38, 0x10, 0x70, 0x00, 0xE0, 0x01, 0xC0, 0x03, 0x80, 0x07, 0x00, 0x0E, 0x00,
    0xDC, 0x03, 0xFC, 0x0F, 0xFC, 0xFE, 0xFF, 0xF8, 0xFF, 0xE0, 0x7E, 0x00, 0x00, 0x78, 0x00, 0x0F,
    0x01, 0xFF, 0xFF, 0xFF, 0xFF, 0xFF, 0xFF, 0xFE, 0xE0, 0xF0, 0x00, 0xFE, 0x00, 0x3F, 0xC0, 0x07,
    0xF8, 0x00, 0xE7, 0x00, 0x1C, 0xF0, 0x03, 0xFC, 0x00, 0x7F, 0x80, 0x07, 0xF0, 0x00, 0x3E, 0x00,
    0x1F, 0x80, 0x0F, 0xE0, 0x00, 0xF8, 0x00, 0x0C, 0x00, 0x00, 0x00, 0x02, 0xC0, 0x0E, 0xFC, 0x01,
    0xDF, 0x80, 0x3F, 0xEF, 0xFF, 0xFD, 0xFF, 0xFF, 0xBF, 0xFC, 0x00, 0x07, 0x80, 0x07, 0xF0, 0x00,
    0xFE, 0x00, 0x3D, 0xE0, 0x07, 0x3C, 0x00, 0xF7, 0x80, 0x1F, 0xF0, 0x01, 0xFE, 0x00, 0x0F, 0x80,
    0x03, 0xF0, 0x01, 0xFC, 0x00, 0x3F, 0x00, 0x03, 0x80, 0x00, 0x00, 0x07, 0x00, 0xF0, 0x70, 0x07,
    0x07, 0x00, 0x70, 0x70, 0x07, 0x07, 0xF7, 0xFF, 0xFF, 0xFF, 0xFF, 0xF7, 0xFF, 0xF0, 0x67, 0x07,
    0x00, 0x70, 0x70, 0x07, 0x3F, 0x00, 0x73, 0xF0, 0x07, 0x1E, 0x00, 0x70, 0x00, 0x07, 0x87, 0x80,
    0x7F, 0xF8, 0x03, 0xFF, 0x80, 0x1F, 0xF8, 0x00, 0x00, 0x30, 0x70, 0x7F, 0x83, 0xC3, 0xFE, 0x1E,
    0x0F, 0xE0, 0xF0, 0x7E, 0x07, 0xFF, 0xF3, 0xFF, 0xFF, 0x9F, 0xFF, 0xFC, 0xFF, 0x0F, 0x00, 0x78,
    0x78, 0x03, 0xCF, 0x80, 0x1E, 0x7C, 0x00, 0xF3, 0xE0, 0x07, 0x80, 0x00, 0x3C, 0x00, 0x01, 0xFF,
    0xF0, 0x07, 0xFF, 0x80, 0x1F, 0xFC, 0x00, 0x00, 0x7C, 0x03, 0xFF, 0x80, 0xFF, 0xE0, 0x3F, 0xF0,
    0x00, 0xF8, 0x00, 0x7C, 0x00, 0x3C, 0x00, 0x3F, 0xFF, 0x7F, 0xFF, 0xDF, 0xFF, 0xF7, 0xFC, 0x00,
    0x0E, 0x00, 0x03, 0x80, 0x00, 0xE0, 0x00, 0x3C, 0x00, 0x0F, 0xF8, 0x01, 0xFE, 0x00, 0x1F, 0x80,
    0x00, 0x00, 0x00, 0x78, 0x03, 0xFF, 0x80, 0x7F, 0xFA, 0x0F, 0xFF, 0xE0, 0x0F, 0x7C, 0x07, 0xCF,
    0x81, 0xF0, 0xC0, 0x7F, 0xFC, 0xFF, 0xFF, 0x9F, 0xFF, 0xF3, 0xEF, 0x00, 0x03, 0xC0, 0x00, 0x70,
    0x00, 0x0E, 0x00, 0x01, 0xF0, 0x00, 0x3F, 0xF0, 0x03, 0xFC, 0x00, 0x1F, 0x80, 0x00, 0x00, 0x00,
    0x07, 0x80, 0x00, 0xF0, 0x00, 0x1E, 0xC0, 0x3F, 0xF8, 0x07, 0xFF, 0x00, 0xFF, 0xC0, 0x03, 0xCF,
    0xF0, 0x79, 0xFE, 0x0E, 0x3F, 0xC1, 0xC6, 0x18, 0x78, 0x00, 0x0E, 0x70, 0x03, 0xCE, 0x00, 0x79,
    0xC0, 0x0E, 0x3E, 0x73, 0xC7, 0xFE, 0x78, 0x7F, 0xC6, 0x03, 0xF8, 0x07, 0x00, 0xC0, 0x70, 0x7E,
    0x07, 0x67, 0xEF, 0xFE, 0x3C, 0xFF, 0xE3, 0x0F, 0xFE, 0x00, 0x0E, 0x3F, 0x80, 0xE7, 0xF8, 0x1E,
    0x7F, 0x81, 0xE7, 0xB8, 0x1C, 0x00, 0x03, 0xC8, 0x00, 0x3C, 0xE0, 0x03, 0x8E, 0x00, 0x79, 0xE0,
    0x07, 0x8F, 0xFC, 0xF0, 0xFF, 0xCF, 0x07, 0xFC, 0x00, 0x00, 0x00, 0x00, 0x00, 0x07, 0x80, 0x03,
    0x80, 0x1D, 0xDF, 0xCF, 0xFF, 0xE7, 0xFF, 0xF3, 0xFF, 0x00, 0x38, 0x00, 0x1C, 0x20, 0x0F, 0xFE,
    0x0F, 0xFF, 0x87, 0xF3, 0xE7, 0xC0, 0x73, 0xC0, 0x38, 0x40, 0x1C, 0x00, 0x3E, 0x0F, 0xFE, 0x07,
    0xFF, 0x03, 0xFE, 0x00, 0x00, 0x00, 0x00, 0x00, 0x00, 0x00, 0x0C, 0x0F, 0x07, 0xE0, 0xF0, 0x3F,
    0x0F, 0x7F, 0xEF, 0xFF, 0xF0, 0xFF, 0xFE, 0x0F, 0xFC, 0x00, 0x1E, 0x00, 0x01, 0xC0, 0x00, 0x1D,
    0xFC, 0x01, 0xFF, 0xE0, 0x3F, 0xFF, 0x03, 0xE0, 0x70, 0x78, 0x07, 0x83, 0x80, 0x78, 0x00, 0x0F,
    0x00, 0xC7, 0xF0, 0x0F, 0xFE, 0x00, 0xFF, 0xC0, 0x07, 0xE0, 0x00, 0x00, 0x00, 0x03, 0xFC, 0x1F,
    0xFF, 0x1F, 0xFF, 0xCF, 0xC1, 0xE7, 0x00, 0x70, 0x00, 0x38, 0x00, 0x1C, 0x00, 0x1E, 0x00, 0x7E,
    0x03, 0xFF, 0x01, 0xFE, 0x00, 0x7C, 0x00, 0x03, 0xFE, 0x03, 0xFF, 0xF3, 0xFF, 0xFF, 0x7F, 0x81,
    0xEF, 0x80, 0x1C, 0x80, 0x03, 0xC0, 0x00, 0x78, 0x00, 0x0E, 0x00, 0x03, 0xC0, 0x01, 0xF8, 0x01,
    0xFE, 0x03, 0xFF, 0x80, 0x7F, 0xC0, 0x07, 0xE0, 0x00, 0x00, 0x00, 0x60, 0x00, 0x1F, 0x80, 0x00,
    0xFC, 0x00, 0x03, 0xE0, 0x1F, 0xF8, 0x07, 0xFF, 0xC1, 0xFF, 0xFF, 0x0F, 0xF0, 0x7C, 0x78, 0x01,
    0xE1, 0x00, 0x0F, 0x00, 0x00, 0x78, 0x00, 0x03, 0xC0, 0x00, 0x3E, 0x00, 0x03, 0xE0, 0x00, 0xFF,
    0x00, 0x7F, 0xE0, 0x03, 0xFE, 0x00, 0x1F, 0x80, 0x00, 0x00, 0x3F, 0xFF, 0xFF, 0xFF, 0xFF, 0xFF,
    0xFF, 0xF8, 0x60, 0xF0, 0x00, 0x78, 0x00, 0x1C, 0x00, 0x0F, 0x00, 0x03, 0xC0, 0x00, 0xE0, 0x00,
    0x3C, 0x00, 0x0F, 0x00, 0x01, 0xE0, 0x00, 0x7F, 0x80, 0x0F, 0xF0, 0x01, 0xFC, 0x00, 0x1E, 0x00,
    0x00, 0x3F, 0xDF, 0xFF, 0xFB, 0xFF, 0xFF, 0x7F, 0xFF, 0x0E, 0x0F, 0x18, 0x03, 0xCF, 0x80, 0x71,
    0xF8, 0x1E, 0x1E, 0x03, 0x83, 0x00, 0x70, 0x00, 0x0F, 0x00, 0x01, 0xE0, 0x00, 0x3E, 0x00, 0x03,
    0xF8, 0x00, 0x3F, 0xC0, 0x03, 0xF8, 0x00, 0x1E, 0x00, 0x30, 0x00, 0xF0, 0x01, 0xE0, 0x21, 0xE1,
    0xE3, 0xCF, 0xE3, 0xFF, 0x87, 0xFC, 0x07, 0xE0, 0x1F, 0x00, 0x78, 0x01, 0xE0, 0x03, 0x80, 0x0F,
    0x00, 0x1E, 0x00, 0x1F, 0x0F, 0xBF, 0xFF, 0x3F, 0xFE, 0x1F, 0xFC, 0x00, 0x03, 0x0C, 0x03, 0xE7,
    0x00, 0xFD, 0xC0, 0x3E, 0x78, 0x3E, 0x0E, 0x3E, 0x03, 0xDF, 0x80, 0x7F, 0xC0, 0x1F, 0xC0, 0x0F,
    0xC0, 0x07, 0xC0, 0x01, 0xE0, 0x00, 0xF0, 0x00, 0x38, 0x00, 0x0E, 0x00, 0x03, 0xE0, 0x30, 0xFF,
    0xFC, 0x1F, 0xFF, 0x01, 0xFF, 0xC0, 0x00, 0x00, 0x00, 0xF0, 0x00, 0x1E, 0x00, 0x03, 0xF0, 0x0F,
    0xFE, 0x71, 0xFF, 0xDF, 0x1F, 0xF3, 0xF8, 0x70, 0xFF, 0x1E, 0x1C, 0xC3, 0x83, 0x80, 0xF0, 0x70,
    0x1E, 0x0E, 0x07, 0x9F, 0xC1, 0xE7, 0xFE, 0x1D, 0xFF, 0xE1, 0x38, 0xFE, 0x07, 0xBD, 0xC0, 0xFF,
    0x90, 0x0F, 0xE0, 0x00, 0x78, 0x00, 0x70, 0x00, 0x38, 0x00, 0x1C, 0x7F, 0xFE, 0x3F, 0xFF, 0x1F,
    0xFF, 0x83, 0xE3, 0x80, 0x01, 0xC0, 0x00, 0xE0, 0x00, 0x78, 0x00, 0x3E, 0x00, 0x1F, 0x70, 0x0F,
    0xB8, 0x07, 0x9C, 0x03, 0xCF, 0xFF, 0xE3, 0xFF, 0xF0, 0xFF, 0xB8, 0x00, 0x00, 0x00, 0x70, 0x00,
    0x07, 0x00, 0x30, 0x70, 0x07, 0x3F, 0xE0, 0x7F, 0xFF, 0x03, 0xFF, 0xF8, 0x3E, 0xE3, 0x83, 0xCE,
    0x3C, 0x7D, 0xE1, 0xC7, 0xFC, 0x1C, 0xEF, 0xC1, 0xCE, 0xFF, 0xFC, 0xE7, 0xFF, 0xCE, 0xF7, 0x7E,
    0xFF, 0x77, 0xFF, 0xE7, 0xFE, 0x7C, 0x7F, 0x60, 0x01, 0xC0, 0x07, 0x80, 0x00, 0x3C, 0x00, 0x01,
    0xE0, 0x00, 0x3F, 0x3F, 0x07, 0xFF, 0xFC, 0x3F, 0xFF, 0xE1, 0xFF, 0x87, 0x80, 0xF8, 0x3C, 0x0F,
    0x80, 0xE0, 0xF8, 0x07, 0x07, 0xC0, 0x38, 0x7E, 0x3F, 0xC7, 0xF3, 0xFE, 0x3B, 0xBD, 0xF9, 0xDD,
    0xEF, 0xE4, 0xEF, 0xFE, 0x07, 0x3F, 0x80, 0x38, 0x70, 0x00, 0x01, 0xF8, 0x00, 0xFF, 0xC0, 0x7F,
    0xFC, 0x1F, 0xF7, 0xC7, 0xCE, 0x3C, 0xF3, 0xC7, 0xBC, 0x78, 0x77, 0x8E, 0x0F, 0xE1, 0xC1, 0xFC,
    0x78, 0x3F, 0xCE, 0x07, 0x7B, 0xC1, 0xE7, 0xF8, 0x7C, 0xFE, 0x3F, 0x0F, 0x9F, 0xC0, 0x43, 0xF0,
    0x00, 0x38, 0x00, 0x38, 0x0E, 0x03, 0x80, 0xE0, 0x78, 0x0E, 0x07, 0x90, 0xEC, 0x71, 0xFF, 0xC7,
    0x1F, 0xFC, 0x71, 0xFF, 0xC7, 0x00, 0xE0, 0x70, 0x0E, 0x07, 0x00, 0xE0, 0x7C, 0x0E, 0x07, 0xCF,
    0xE0, 0x7D, 0xFF, 0x87, 0xBC, 0xFC, 0x7B, 0x8F, 0xE7, 0xBF, 0xEE, 0x79, 0xFE, 0x47, 0x0F, 0xC0,
    0x00, 0x00, 0x00, 0x00, 0x00, 0x60, 0x00, 0xFE, 0x78, 0x1F, 0xF7, 0x01, 0xFE, 0x70, 0x1E, 0x07,
    0x3F, 0xFC, 0xF3, 0xFF, 0xCF, 0x3F, 0xFC, 0xE0, 0x1E, 0x0E, 0x01, 0xE0, 0xE0, 0x1E, 0x0F, 0x81,
    0xE0, 0xF9, 0xFE, 0x0F, 0xBF, 0xF8, 0xFB, 0xDF, 0xCF, 0x39, 0xFE, 0xF3, 0xFF, 0xCF, 0x3F, 0xCC,
    0x71, 0xF8, 0x00, 0x00, 0x00, 0x00, 0x01, 0xE6, 0x00, 0xDF, 0x78, 0x1F, 0xB7, 0x01, 0xFE, 0x70,
    0x1E, 0x47, 0x3F, 0xFC, 0xF3, 0xFF, 0xCF, 0x3F, 0xFC, 0xE0, 0x1E, 0x0E, 0x01, 0xE0, 0xE0, 0x1E,
    0x0F, 0x81, 0xE0, 0xF9, 0xFE, 0x0F, 0xBF, 0xF8, 0xFB, 0xDF, 0xCF, 0x39, 0xFE, 0xF3, 0xFF, 0xCF,
    0x3F, 0xCC, 0x71, 0xF8, 0x00, 0x00, 0x00, 0x00, 0x00, 0x00, 0xF8, 0xE0, 0xFF, 0xCE, 0x07, 0xFC,
    0xF0, 0x7F, 0x0F, 0x00, 0xE0, 0xF0, 0x1E, 0x0F, 0x83, 0xC0, 0x7C, 0x38, 0x07, 0xC3, 0x80, 0x7E,
    0x78, 0x0E, 0xE7, 0x80, 0xEC, 0x78, 0x0E, 0x07, 0x81, 0xE0, 0x3C, 0x3C, 0x03, 0xFF, 0xC0, 0x1F,
    0xF8, 0x00, 0xFF, 0x00, 0x00, 0x00, 0x60, 0x00, 0x3E, 0x07, 0x8F, 0xFF, 0xF9, 0xFF, 0xFF, 0x8F,
    0x8F, 0xF0, 0xE0, 0x1E, 0x0F, 0x01, 0xC0, 0xF0, 0x3C, 0x0F, 0x83, 0x80, 0xF8, 0x78, 0x0F, 0xC7,
    0x80, 0xFE, 0x70, 0x0E, 0xC7, 0x00, 0xE8, 0x70, 0x1E, 0x07, 0x83, 0xC0, 0x7C, 0xFC, 0x03, 0xFF,
    0x80, 0x1F, 0xF0, 0x00, 0xFE, 0x00, 0x00, 0x00, 0xC0, 0x00, 0x1E, 0x03, 0x8F, 0xFF, 0xF9, 0xFF,
    0xFF, 0x8F, 0xEF, 0xF0, 0xEC, 0x1E, 0x0F, 0x01, 0xC0, 0xF0, 0x3C, 0x0F, 0x83, 0x80, 0xF8, 0x78,
    0x0F, 0xC7, 0x80, 0xFE, 0x70, 0x0E, 0xC7, 0x00, 0xE8, 0x70, 0x1E, 0x07, 0x83, 0xC0, 0x7C, 0xFC,
    0x03, 0xFF, 0x80, 0x1F, 0xF0, 0x00, 0xFE, 0x00, 0x00, 0xC0, 0x00, 0x0F, 0x80, 0x00, 0x7F, 0x00,
    0x00, 0xF8, 0x00, 0x03, 0xE0, 0x00, 0x1E, 0x00, 0x02, 0x40, 0x00, 0x38, 0x00, 0x01, 0xE0, 0x80,
    0x07, 0x9E, 0x01, 0x1E, 0x70, 0x1C, 0x7B, 0xC1, 0xF3, 0xCF, 0x1F, 0x0E, 0x7B, 0xF0, 0x71, 0xCF,
    0x7F, 0x8E, 0x63, 0xFC, 0x60, 0x1F, 0xC0, 0x00, 0x00, 0x80, 0x00, 0x0F, 0x80, 0x00, 0x7F, 0x1C,
    0x01, 0xFF, 0xE0, 0x03, 0xDF, 0x80, 0x3C, 0xE0, 0x02, 0xC0, 0x00, 0x38, 0x00, 0x03, 0xE0, 0x80,
    0x0F, 0x9E, 0x01, 0x1E, 0xF0, 0x1C, 0xF3, 0xC1, 0xE3, 0xDE, 0x3F, 0x1E, 0x7B, 0xF0, 0xF3, 0xDE,
    0x7F, 0x8E, 0x63, 0xFC, 0x40, 0x1F, 0xC0, 0x00, 0x00, 0x80, 0x00, 0x0F, 0x03, 0x00, 0xFE, 0x3C,
    0x01, 0xFB, 0xF0, 0x03, 0xDF, 0x80, 0x3C, 0x78, 0x02, 0xC1, 0x80, 0x38, 0x00, 0x01, 0xE1, 0x80,
    0x07, 0x9E, 0x01, 0x1E, 0xF0, 0x1C, 0xF3, 0xC1, 0xE3, 0xCE, 0x3F, 0x1E, 0x7B, 0xF0, 0xF3, 0xDE,
    0x7F, 0x8E, 0x63, 0xFC, 0x40, 0x1F, 0xC0, 0x00, 0x00, 0x00, 0x00, 0x0F, 0x00, 0x00, 0xFC, 0x00,
    0x0F, 0xF0, 0x00, 0xFF, 0x80, 0x0F, 0x9E, 0x00, 0x78, 0xF8, 0x07, 0x83, 0xE0, 0x7C, 0x0F, 0x83,
    0xC0, 0x3E, 0x0C, 0x00, 0xF8, 0x00, 0x03, 0xE0, 0x00, 0x1F, 0x00, 0x00, 0x70, 0x00, 0x01, 0x80,
    0x00, 0x00, 0x40, 0x00, 0x0E, 0x00, 0x87, 0xE0, 0x3E, 0x77, 0x07, 0xF3, 0xE0, 0x7F, 0xB8, 0x0F,
    0x78, 0x01, 0xE3, 0xC0, 0x3E, 0x1E, 0x07, 0xC1, 0xF0, 0xF8, 0x0F, 0x87, 0x00, 0x7C, 0x30, 0x03,
    0xE0, 0x00, 0x1F, 0x00, 0x00, 0xF0, 0x00, 0x06, 0x00, 0x00, 0x00, 0x00, 0x01, 0x80, 0x00, 0x3E,
    0x00, 0x87, 0x60, 0x3E, 0x66, 0x07, 0xF7, 0xE0, 0x7F, 0xBC, 0x0F, 0x78, 0x01, 0xE3, 0xC0, 0x3E,
    0x1E, 0x07, 0xC1, 0xF0, 0xF8, 0x0F, 0x87, 0x00, 0x7C, 0x30, 0x03, 0xE0, 0x00, 0x1F, 0x00, 0x00,
    0xF0, 0x00, 0x06, 0x00, 0x00, 0x00, 0x30, 0x00, 0x0F, 0x1F, 0xF9, 0xE7, 0xFF, 0x3C, 0xFF, 0xE7,
    0x00, 0xE0, 0xE0, 0x1C, 0x1C, 0x7F, 0xF3, 0x8F, 0xFE, 0x71, 0xFF, 0xCE, 0x01, 0xC1, 0xF0, 0x38,
    0x3E, 0x7F, 0x07, 0xDF, 0xF8, 0xF7, 0x9F, 0x9E, 0xE3, 0xFB, 0xDF, 0xFF, 0x79, 0xFE, 0x4E, 0x1F,
    0x80, 0x80, 0x00, 0x00, 0x00, 0x00, 0x60, 0x00, 0x1E, 0x79, 0xFF, 0xF7, 0x1F, 0xFE, 0x71, 0xFF,
    0x87, 0x01, 0xC0, 0xF0, 0x1C, 0x0F, 0x1F, 0xFC, 0xE3, 0xFF, 0xCE, 0x3F, 0xFC, 0xE0, 0x1C, 0x0F,
    0x81, 0xC0, 0xF9, 0xFE, 0x0F, 0xBF, 0xF0, 0xFB, 0xDF, 0xCF, 0x39, 0xFE, 0xF3, 0xFD, 0xCF, 0x3F,
    0xCC, 0x71, 0xF8, 0x04, 0x00, 0x00, 0x00, 0x00, 0x40, 0x00, 0x1E, 0x00, 0x01, 0xB7, 0x9F, 0xFB,
    0x71, 0xFF, 0xF7, 0x1F, 0xFC, 0x70, 0x1C, 0x0F, 0x01, 0xC0, 0xF1, 0xFF, 0xCE, 0x3F, 0xFC, 0xE3,
    0xFF, 0xCE, 0x01, 0xC0, 0xF8, 0x1C, 0x0F, 0x9F, 0xE0, 0xFB, 0xFF, 0x0F, 0xBD, 0xFC, 0xF3, 0x9F,
    0xEF, 0x3F, 0xDC, 0xF3, 0xFC, 0xC7, 0x1F, 0x80, 0x40, 0x00, 0x00, 0x03, 0xC0, 0x03, 0xC0, 0xFF,
    0xFE, 0xFF, 0xFE, 0x7F, 0xFE, 0x03, 0xC0, 0x63, 0xDE, 0xFF, 0xFE, 0xFF, 0xFE, 0x7F, 0xF8, 0x03,
    0xC0, 0x3F, 0xC0, 0x7F, 0xF8, 0xFF, 0xFC, 0xE1, 0xFE, 0xF3, 0xDE, 0xFF, 0xCE, 0x7F, 0x80, 0x1E,
    0x00, 0x00, 0x60, 0x03, 0xFF, 0x00, 0x7F, 0xE0, 0x0F, 0xF8, 0x00, 0x0E, 0x00, 0x03, 0xC6, 0x00,
    0x78, 0xE0, 0x7F, 0x9C, 0x3F, 0xFF, 0x8F, 0xFF, 0xF3, 0xFE, 0xFF, 0x73, 0x83, 0xFE, 0xF0, 0x7F,
    0xDE, 0x1F, 0xFF, 0x87, 0xD7, 0xE1, 0xF0, 0x78, 0xFC, 0x00, 0x0F, 0x00, 0x00, 0x80, 0x00, 0x00,
    0x00, 0x01, 0xE0, 0x00, 0x3C, 0x00, 0x7F, 0xF3, 0x8F, 0xFE, 0xF9, 0xFF, 0xCF, 0x83, 0x80, 0xF8,
    0x70, 0x0F, 0x3E, 0x00, 0xCF, 0xE0, 0x01, 0xDC, 0x00, 0x73, 0x81, 0x0F, 0xF0, 0x38, 0xFC, 0x07,
    0x1F, 0x80, 0xE1, 0xF0, 0x3C, 0x0F, 0xFF, 0x81, 0xFF, 0xE0, 0x1F, 0xF8, 0x00, 0x00, 0x3C, 0x03,
    0x07, 0x80, 0xE0, 0xE0, 0x1E, 0xFE, 0x01, 0xFF, 0xF0, 0x3F, 0xFF, 0x0F, 0xDD, 0xF1, 0xF3, 0x9E,
    0x7E, 0xF1, 0xCF, 0xFC, 0x3F, 0xDF, 0x87, 0xF3, 0xE0, 0xFE, 0x3C, 0x1D, 0xFF, 0xC7, 0xBF, 0xF3,
    0xE3, 0xF3, 0xFC, 0x3C, 0x7F, 0x00, 0x07, 0x80, 0x00, 0x00, 0x00, 0x00, 0x00, 0x01, 0xE0, 0x00,
    0x78, 0x00, 0x1E, 0x00, 0x7F, 0xF0, 0x1F, 0xFC, 0x07, 0xFF, 0x00, 0x1C, 0x00, 0x07, 0x00, 0x3F,
    0xCD, 0xCF, 0xFF, 0x7B, 0xFF, 0xCE, 0x0F, 0xF3, 0xC3, 0xC0, 0xF0, 0xF0, 0x3C, 0x3C, 0x1F, 0x07,
    0xFF, 0x81, 0xFF, 0xC0, 0x1F, 0xC0, 0x00, 0xC0, 0x00, 0xF0, 0x07, 0x38, 0x03, 0x8F, 0xC1, 0xFF,
    0xF0, 0x7F, 0xFD, 0xFE, 0x0E, 0xFE, 0x07, 0x7F, 0xFF, 0x91, 0xFF, 0x80, 0xFF, 0x80, 0x78, 0x00,
    0x1C, 0x00, 0x0E, 0x00, 0x07, 0x80, 0x01, 0xC0, 0x00, 0x40, 0x00, 0x0F, 0x00, 0x0C, 0xF8, 0x03,
    0xC7, 0x80, 0x1E, 0x3F, 0x81, 0xEF, 0xFE, 0x0F, 0xFF, 0xE1, 0xFE, 0x0F, 0x7F, 0x80, 0xF7, 0xF8,
    0x0F, 0x73, 0x9F, 0xE0, 0x3D, 0xFE, 0x01, 0xDF, 0x80, 0x1E, 0x00, 0x01, 0xE0, 0x00, 0x0E, 0x00,
    0x00, 0xF0, 0x00, 0x0F, 0x00, 0x00, 0xF0, 0x00, 0x04, 0x00, 0x01, 0xC0, 0x41, 0xC0, 0x71, 0xC0,
    0x73, 0xF8, 0xEF, 0xFC, 0xFF, 0xFE, 0xFD, 0xEE, 0xF9, 0xEE, 0xF5, 0xCE, 0xFF, 0xCE, 0xFF, 0xFE,
    0xF7, 0xFC, 0x73, 0xF8, 0x03, 0xF0, 0x0F, 0x80, 0x07, 0x00, 0x00, 0xE0, 0x1C, 0x38, 0x0F, 0x0F,
    0x03, 0xCF, 0xF8, 0xE7, 0xFF, 0x3B, 0xFF, 0xEF, 0xEF, 0x7B, 0xF3, 0xCE, 0xF8, 0xF3, 0xFD, 0x3C,
    0xEF, 0x6F, 0x3B, 0xFF, 0x9E, 0xE7, 0xFF, 0x3C, 0xFF, 0xC7, 0x1F, 0xC0, 0x0F, 0x00, 0x07, 0xC0,
    0x01, 0xE0, 0x00, 0x30, 0x00, 0x03, 0x80, 0x0E, 0x00, 0x38, 0x00, 0xFF, 0x03, 0xFC, 0x0F, 0xF0,
    0x38, 0x00, 0xE0, 0x03, 0x80, 0xFF, 0x07, 0xFF, 0x1E, 0xFE, 0xF7, 0xFD, 0xFE, 0x73, 0xF8, 0x83,
    0x80, 0x03, 0xC0, 0x01, 0xE0, 0x00, 0x70, 0x00, 0x38, 0x00, 0x1F, 0xF0, 0x0F, 0xF8, 0x07, 0xFC,
    0x03, 0x80, 0x01, 0xC0, 0x00, 0xE0, 0x03, 0xF0, 0x0F, 0xFC, 0x07, 0xFF, 0xC7, 0x8F, 0xF3, 0x87,
    0xFD, 0xFF, 0x9E, 0x7F, 0xC2, 0x1F, 0xC0, 0x00, 0x1F, 0x00, 0x1F, 0xF0, 0x1F, 0xF0, 0x03, 0xF0,
    0x70, 0x00, 0x70, 0x00, 0x70, 0x00, 0x77, 0xF8, 0xFF, 0xFC, 0xFF, 0xFE, 0xFC, 0x1E, 0xF0, 0x0F,
    0xE0, 0x0F, 0x00, 0x1E, 0x00, 0x3E, 0x1F, 0xFC, 0x1F, 0xF8, 0x1F, 0xF0, 0x00, 0x00, 0x00, 0x01,
    0xE0, 0x07, 0xBE, 0x1D, 0xFC, 0x7F, 0xF9, 0xF8, 0xF7, 0xC3, 0xDE, 0x07, 0x78, 0x1D, 0xC0, 0x77,
    0x01, 0xDC, 0x07, 0x70, 0x3D, 0xC0, 0xF0, 0x07, 0x80, 0x7E, 0x1F, 0xF0, 0x7F, 0x00, 0xF8, 0x01,
    0x00, 0x00, 0x1C, 0x07, 0xFF, 0x81, 0xFF, 0xE0, 0x7F, 0xF0, 0x00, 0xF8, 0x00, 0x7C, 0x00, 0x3E,
    0x00, 0x1F, 0xF8, 0x0F, 0xFF, 0x0F, 0xF7, 0xE7, 0xC0, 0x39, 0xEF, 0x8F, 0x37, 0xF3, 0xC1, 0xDE,
    0xE0, 0xF3, 0xF8, 0x3E, 0xFE, 0x07, 0xFF, 0x00, 0xFF, 0x00, 0x0E, 0x00, 0x00, 0x00, 0x00, 0x3C,
    0x00, 0x01, 0xE0, 0x00, 0x0F, 0x00, 0x07, 0xF9, 0xF0, 0x3F, 0xFF, 0xC1, 0xFF, 0xFE, 0x0E, 0xFC,
    0x70, 0x07, 0xC3, 0x80, 0x7C, 0x1C, 0x07, 0xC0, 0xE0, 0x7E, 0x07, 0x03, 0xF0, 0x38, 0x3F, 0x81,
    0xC1, 0xDC, 0x1E, 0xCC, 0xE0, 0xFF, 0x07, 0x03, 0xF8, 0x38, 0x1F, 0x01, 0xC0, 0x00, 0x00, 0x0C,
    0x07, 0xFF, 0x81, 0xFF, 0xE0, 0x7F, 0xF0, 0x00, 0x78, 0x00, 0x7C, 0x00, 0x3E, 0x00, 0x1F, 0xF0,
    0x0F, 0xFF, 0x07, 0xFF, 0xE7, 0xE0, 0x79, 0xE0, 0x0E, 0x70, 0x03, 0xC8, 0x01, 0xE0, 0x00, 0xF8,
    0x1F, 0xFC, 0x07, 0xFE, 0x01, 0xFF, 0x00, 0x00, 0x00, 0x07, 0x00, 0x07, 0x80, 0x03, 0x80, 0x03,
    0xE0, 0x07, 0xFF, 0xE3, 0xFF, 0xF8, 0x3F, 0x3C, 0x3E, 0x0F, 0x1E, 0x03, 0x9F, 0x03, 0xDF, 0x81,
    0xCF, 0xC1, 0xE6, 0xE7, 0xE0, 0x73, 0xE0, 0x39, 0xE0, 0x00, 0x00, 0x00, 0x00, 0x00, 0x78, 0x00,
    0x07, 0x80, 0x00, 0x78, 0x00, 0x0F, 0x80, 0x07, 0xFB, 0xF8, 0x7F, 0xFF, 0xC7, 0xFF, 0xFE, 0x07,
    0xE1, 0xF0, 0xF8, 0x0F, 0x0F, 0x00, 0xF1, 0xF0, 0x0F, 0x3F, 0x00, 0xF7, 0xF0, 0x1F, 0x77, 0x03,
    0xE7, 0x71, 0xFC, 0x27, 0x3F, 0x80, 0x71, 0xF0, 0x07, 0x18, 0x00, 0x00, 0x00, 0x00, 0x20, 0x07,
    0xFC, 0x01, 0xFF, 0x00, 0x7F, 0xC0, 0x00, 0xE0, 0x00, 0xFF, 0x80, 0x7F, 0xF0, 0x7F, 0x7E, 0x3F,
    0xC3, 0xCE, 0xF0, 0xF7, 0xB8, 0x1D, 0xDE, 0x07, 0xE7, 0x7D, 0xFB, 0xFF, 0xFF, 0xFE, 0xFF, 0xFB,
    0xBE, 0x7C, 0xFF, 0x9E, 0x1F, 0x80, 0x01, 0x80, 0x00, 0x7E, 0x00, 0xFF, 0xE0, 0x0F, 0xFF, 0x00,
    0x0F, 0x80, 0x03, 0xFE, 0x00, 0xFF, 0xF8, 0x1F, 0x87, 0x83, 0xFF, 0x3C, 0x1B, 0xFB, 0xC0, 0x3B,
    0xF8, 0x03, 0xFF, 0x00, 0x3F, 0xE0, 0x07, 0xA0, 0x00, 0xFD, 0xF8, 0x1F, 0xFF, 0xC3, 0xDF, 0xDE,
    0x78, 0xF8, 0xF7, 0x0F, 0x0F, 0x00, 0x00, 0x00, 0x00, 0x00, 0x00, 0xE0, 0x06, 0x3B, 0xE1, 0xFF,
    0xF8, 0x7F, 0xFE, 0x1F, 0xFC, 0x00, 0xE0, 0x18, 0x7F, 0x9F, 0x3F, 0xFF, 0xCF, 0xFF, 0xE7, 0x9F,
    0xC3, 0xCF, 0xC0, 0x27, 0xF0, 0x01, 0xDC, 0x00, 0xF7, 0x00, 0x3C, 0x00, 0x0F, 0xFF, 0x01, 0xFF,
    0xC0, 0x3F, 0xF0, 0x00, 0xC0, 0x00, 0x1E, 0x00, 0x01, 0xE0, 0x00, 0x3C, 0x00, 0x03, 0xC0, 0x00,
    0x78, 0x00, 0x07, 0x00, 0x00, 0xF0, 0x00, 0x0F, 0xE0, 0x01, 0xFF, 0x00, 0x1F, 0xF0, 0x83, 0xC7,
    0x0E, 0x3C, 0x70, 0xE7, 0x87, 0x1E, 0x78, 0x7B, 0xCF, 0x07, 0xFC, 0xF0, 0x7F, 0x8F, 0x03, 0xF0,
    0x00, 0x00, 0x00, 0x1F, 0xC0, 0x03, 0xFF, 0x30, 0x7F, 0xFF, 0x00, 0xFF, 0xE0, 0x00, 0x7C, 0x3F,
    0xE4, 0x3F, 0xFF, 0x07, 0xFF, 0xE0, 0x78, 0x1E, 0x08, 0x03, 0xC0, 0x00, 0x78, 0x00, 0x0F, 0x00,
    0x03, 0xE0, 0x00, 0xF8, 0x00, 0x7E, 0x00, 0xFF, 0x80, 0x1F, 0xE0, 0x01, 0xF0, 0x00, 0x00, 0x00,
    0x00, 0x06, 0x00, 0x01, 0xC0, 0x00, 0x70, 0x60, 0x1C, 0x38, 0x7F, 0xEF, 0x1F, 0xFD, 0xC7, 0xFF,
    0x78, 0x39, 0xCE, 0x1E, 0x73, 0x87, 0x1C, 0xE1, 0xC7, 0x00, 0xF1, 0xC0, 0x3A, 0xF0, 0x1F, 0xFC,
    0x07, 0x3E, 0x00, 0x4E, 0x00, 0x70, 0x38, 0x70, 0x38, 0x70, 0x3A, 0x73, 0xFF, 0x77, 0xFF, 0xE7,
    0xFE, 0xE0, 0x38, 0xF8, 0x38, 0xF8, 0x38, 0xF8, 0x38, 0x78, 0x78, 0x70, 0x70, 0x71, 0xF0, 0x71,
    0xE0, 0x21, 0xC0, 0x00, 0x00, 0x19, 0xF9, 0xF3, 0xE2, 0x00, 0x73, 0xED, 0xB6, 0xF8, 0x80, 0x19,
    0xFB, 0xBB, 0xF7, 0x04, 0x00, 0x31, 0xEF, 0xFF, 0x78, 0x40, 0x70, 0x1F, 0x01, 0xF0, 0x1E, 0x01,
    0xE0, 0x1E, 0x03, 0xE0, 0x3E, 0x03, 0xC3, 0xF9, 0xFF, 0x1F, 0x83, 0x80, 0x00, 0x00, 0x00, 0xE0,
    0x1B, 0x88, 0xFC, 0xE7, 0x6F, 0x98, 0x3E, 0x00, 0xF8, 0x03, 0xE0, 0x0F, 0x80, 0x3E, 0x00, 0xF8,
    0x0F, 0xC3, 0xFC, 0x1F, 0xC0, 0xF8, 0x02, 0x00, 0x00, 0x70, 0x00, 0x1E, 0x00, 0x07, 0x80, 0x03,
    0xC0, 0x00, 0xFE, 0x00, 0x3F, 0xF0, 0x1F, 0xF8, 0x07, 0x0E, 0x03, 0xC0, 0x01, 0xFF, 0x00, 0x7F,
    0xE0, 0x3F, 0xF8, 0x0F, 0x0E, 0x07, 0x83, 0x83, 0xC0, 0xE1, 0xF0, 0x78, 0x7B, 0x3C, 0x3C, 0xFF,
    0x07, 0x7F, 0x80, 0x07, 0x80, 0xFF, 0xC0, 0x00, 0x00, 0x7F, 0xE0, 0x00, 0x00, 0xFF, 0xFE, 0xFF,
    0xFF, 0xFF, 0xFE, 0x07, 0xBC, 0x07, 0xFC, 0x07, 0xF8, 0x07, 0xF0, 0x07, 0x00, 0x07, 0x00, 0x0F,
    0x00, 0x1E, 0x00, 0x3E, 0x00, 0x7C, 0x00, 0x38, 0x00, 0x00, 0x00, 0xFF, 0xFF, 0xBF, 0xFF, 0xFF,
    0xFF, 0xFC, 0x00, 0x1E, 0x03, 0xCF, 0x00, 0xF7, 0xC0, 0x3F, 0xE0, 0x0F, 0xF0, 0x03, 0xD8, 0x00,
    0xE0, 0x00, 0x38, 0x00, 0x1E, 0x00, 0x07, 0x80, 0x07, 0xC0, 0x03, 0xE0, 0x01, 0xF8, 0x00, 0x38,
    0x00, 0x00, 0x00, 0x00, 0x00, 0x00, 0x00, 0x18, 0x00, 0x78, 0x03, 0xF0, 0x0F, 0xC0, 0x3E, 0x03,
    0xF8, 0x3F, 0xF0, 0xFF, 0xE1, 0xFB, 0xC1, 0x87, 0x80, 0x0F, 0x00, 0x1E, 0x00, 0x3C, 0x00, 0x78,
    0x00, 0xF0, 0x00, 0x03, 0x00, 0x01, 0xE0, 0x00, 0xFC, 0x00, 0x7E, 0x00, 0x3E, 0x00, 0x3F, 0x00,
    0x3F, 0x80, 0x7F, 0xC0, 0xFF, 0xF0, 0x3F, 0x9C, 0x07, 0x87, 0x01, 0x01, 0xC0, 0x00, 0x70, 0x00,
    0x1C, 0x00, 0x07, 0x00, 0x01, 0xC0, 0x00, 0x70, 0x00, 0x3C, 0x00, 0x03, 0x80, 0x07, 0x00, 0x0E,
    0x07, 0xFF, 0xFF, 0xFF, 0xFF, 0xFF, 0xF8, 0x07, 0xF0, 0x0E, 0xE0, 0x3C, 0xC0, 0x78, 0x01, 0xE0,
    0x07, 0xC0, 0x3F, 0x03, 0xFC, 0x03, 0xF0, 0x03, 0x80, 0x00, 0x00, 0x01, 0xE0, 0x00, 0xF0, 0x00,
    0x78, 0x0F, 0xFF, 0xF7, 0xFF, 0xFF, 0xFF, 0xFF, 0xC0, 0x0F, 0xE0, 0x07, 0xF0, 0x07, 0xB8, 0x03,
    0xDC, 0x01, 0xE0, 0x01, 0xE0, 0x01, 0xF0, 0x01, 0xF0, 0x03, 0xF0, 0x0F, 0xF0, 0x07, 0xF0, 0x01,
    0xE0, 0x00, 0x00, 0x00, 0x7F, 0xFC, 0xFF, 0xF9, 0xFF, 0xF0, 0x1C, 0x00, 0x38, 0x00, 0x70, 0x00,
    0xE0, 0x01, 0xC0, 0x03, 0x80, 0x07, 0x03, 0xFF, 0xFF, 0xFF, 0xFF, 0xFF, 0xE0, 0x3F, 0xFF, 0x87,
    0xFF, 0xF8, 0xFF, 0xFF, 0x00, 0x70, 0x00, 0x0E, 0x00, 0x01, 0xC0, 0x00, 0x38, 0x00, 0x07, 0x00,
    0x00, 0xE0, 0x00, 0x1C, 0x00, 0x03, 0x80, 0x00, 0x70, 0x0F, 0xFF, 0xFF, 0xFF, 0xFF, 0xFF, 0xFF,
    0xF8, 0x00, 0x00, 0x00, 0xE0, 0x00, 0xE0, 0x00, 0xE0, 0x7F, 0xFE, 0x7F, 0xFE, 0x7F, 0xFE, 0x03,
    0xE0, 0x07, 0xE0, 0x0F, 0xE0, 0x3F, 0xE0, 0x7C, 0xE0, 0xF8, 0xE0, 0x73, 0xF0, 0x07, 0xE0, 0x03,
    0xE0, 0x00, 0x3C, 0x00, 0x0F, 0x00, 0x03, 0x80, 0x00, 0xF0, 0x7F, 0xFF, 0xDF, 0xFF, 0xF7, 0xFF,
    0xFC, 0x03, 0xF0, 0x01, 0xFC, 0x00, 0xFF, 0x00, 0x7F, 0xC0, 0x7E, 0xF0, 0x3F, 0x3C, 0x3F, 0x0F,
    0x0F, 0x83, 0xC1, 0xC7, 0xF0, 0x01, 0xFC, 0x00, 0x7E, 0x00, 0x01, 0xC0, 0x00, 0x70, 0x00, 0x1C,
    0x00, 0x07, 0x00, 0x7F, 0xFF, 0x9F, 0xFF, 0xE7, 0xFF, 0xF8, 0x0F, 0x0E, 0x03, 0xC3, 0x80, 0xE0,
    0xE0, 0x78, 0x38, 0x1E, 0x0E, 0x0F, 0x07, 0x87, 0xC1, 0xE3, 0xE6, 0x79, 0xF1, 0xFC, 0x78, 0x7F,
    0x0C, 0x1F, 0x80, 0x00, 0x00, 0xC0, 0x3C, 0x7E, 0x03, 0xC7, 0xE0, 0x3C, 0x3E, 0x03, 0xC3, 0x07,
    0xFF, 0xF8, 0x7F, 0xFF, 0x87, 0xFF, 0xF8, 0x03, 0x87, 0x80, 0x38, 0x78, 0x07, 0x87, 0x80, 0x78,
    0x78, 0x07, 0x07, 0x80, 0xF0, 0x70, 0x1E, 0x07, 0x03, 0xE0, 0x70, 0x7C, 0x7F, 0x0F, 0x87, 0xF0,
    0x70, 0x7E, 0x00, 0x00, 0x00, 0x03, 0xC0, 0x00, 0xF0, 0x00, 0x3C, 0x30, 0x0F, 0xFC, 0x7F, 0xFF,
    0x1F, 0xFF, 0xC7, 0xFE, 0x01, 0xC7, 0x80, 0x01, 0xE3, 0xC0, 0x3F, 0xF7, 0xFF, 0xFD, 0xFF, 0xFC,
    0x7F, 0xF0, 0x1C, 0x3C, 0x00, 0x07, 0x00, 0x01, 0xC0, 0x00, 0x78, 0x00, 0x1E, 0x00, 0x00, 0x00,
    0x00, 0x00, 0xC0, 0x30, 0xFC, 0x0E, 0x1F, 0x81, 0xC1, 0xE0, 0x3D, 0xF0, 0x1F, 0xFE, 0x3F, 0xFF,
    0xC7, 0xFF, 0xC0, 0x7F, 0xC0, 0x00, 0x3C, 0x10, 0x07, 0xFF, 0x03, 0xFF, 0xEF, 0xFF, 0xFD, 0xFF,
    0xF0, 0x1F, 0xBC, 0x00, 0x07, 0x80, 0x00, 0xF0, 0x00, 0x0E, 0x00, 0x01, 0xC0, 0x00, 0x38, 0x00,
    0x00, 0x80, 0x00, 0x78, 0x00, 0x1E, 0x00, 0x0F, 0x04, 0x03, 0xFF, 0x81, 0xFF, 0xF0, 0xFF, 0xF8,
    0x78, 0x1E, 0x7E, 0x07, 0xBF, 0x03, 0xC7, 0x00, 0xF0, 0x80, 0x78, 0x00, 0x3E, 0x00, 0x1F, 0x00,
    0x0F, 0x80, 0x0F, 0xC0, 0x1F, 0xE0, 0x0F, 0xE0, 0x01, 0xF0, 0x00, 0x10, 0x00, 0x00, 0x00, 0x00,
    0x00, 0x03, 0x00, 0x30, 0xFC, 0x03, 0xC3, 0xF0, 0x1E, 0x1F, 0x01, 0xFF, 0xC0, 0x0F, 0xFF, 0x00,
    0xFF, 0xF8, 0x0F, 0x03, 0xC0, 0xF8, 0x3C, 0x1F, 0x81, 0xE0, 0xF8, 0x1E, 0x03, 0x00, 0xF0, 0x00,
    0x0F, 0x00, 0x00, 0xF8, 0x00, 0x0F, 0x80, 0x01, 0xF8, 0x00, 0x3F, 0x80, 0x07, 0xF8, 0x00, 0x3F,
    0x00, 0x00, 0xE0, 0x00, 0x00, 0x00, 0x00, 0x00, 0x38, 0x00, 0x07, 0x80, 0x00, 0x78, 0x00, 0x07,
    0x80, 0x00, 0xFF, 0xFF, 0x0F, 0xFF, 0xF1, 0xFF, 0xFF, 0x3E, 0x1C, 0x07, 0xC1, 0xC0, 0x78, 0x3C,
    0x03, 0x03, 0xC0, 0x00, 0x38, 0x00, 0x07, 0x80, 0x00, 0xF8, 0x00, 0x1F, 0x00, 0x03, 0xE0, 0x00,
    0x7C, 0x00, 0x03, 0x80, 0x00, 0x00, 0x00, 0x00, 0x00, 0x60, 0x18, 0x1F, 0x81, 0xE0, 0xFC, 0x0F,
    0x03, 0xE0, 0x78, 0x08, 0x07, 0xFF, 0xF0, 0x3F, 0xFF, 0x83, 0xFF, 0xFC, 0x3E, 0x1C, 0x03, 0xE1,
    0xE0, 0x1E, 0x0F, 0x00, 0xF0, 0x78, 0x01, 0x03, 0x80, 0x00, 0x3C, 0x00, 0x03, 0xE0, 0x00, 0x3E,
    0x00, 0x03, 0xE0, 0x00, 0x3F, 0x00, 0x01, 0xF0, 0x00, 0x02, 0x00, 0x00, 0x7F, 0xFF, 0x3F, 0xFF,
    0x9F, 0xFF, 0xC0, 0x00, 0xE0, 0x00, 0x70, 0x00, 0x38, 0x00, 0x1C, 0x00, 0x0E, 0x00, 0x07, 0x00,
    0x03, 0x80, 0x01, 0xCF, 0xFF, 0xE7, 0xFF, 0xF3, 0xFF, 0xF8, 0x00, 0x1E, 0x00, 0x0E, 0x00, 0x00,
    0x00, 0x00, 0xF0, 0x00, 0x3F, 0x00, 0x07, 0xE0, 0x00, 0x69, 0xFF, 0xFE, 0x3F, 0xFF, 0xC7, 0xFF,
    0xF8, 0x00, 0x0F, 0x00, 0x01, 0xE0, 0x00, 0x3C, 0x00, 0x07, 0x80, 0x00, 0xF0, 0x00, 0x1E, 0x00,
    0x03, 0xC0, 0x00, 0x78, 0xFF, 0xFF, 0x1F, 0xFF, 0xE3, 0xFF, 0xFC, 0x00, 0x07, 0x80, 0x00, 0x00,
    0x0E, 0x1E, 0x01, 0xC3, 0xC0, 0x38, 0x78, 0x07, 0x0F, 0x0F, 0xFF, 0xFF, 0xFF, 0xFF, 0xFF, 0xFF,
    0xF8, 0x70, 0xF0, 0x0E, 0x1E, 0x01, 0xC3, 0xC0, 0x38, 0x78, 0x07, 0x0F, 0x00, 0x03, 0xC0, 0x00,
    0x78, 0x00, 0x1E, 0x00, 0x0F, 0xC0, 0x03, 0xF0, 0x00, 0x3C, 0x00, 0x02, 0x00, 0x00, 0x00, 0x00,
    0x00, 0x38, 0x7F, 0x83, 0xC3, 0xFC, 0x1E, 0x1F, 0xF0, 0xF0, 0xFD, 0x07, 0x87, 0x83, 0xFF, 0xFF,
    0x9F, 0xFF, 0xFC, 0x7F, 0xFF, 0xE0, 0x78, 0x78, 0x03, 0xC3, 0x80, 0x1E, 0x1C, 0x00, 0xF0, 0xE0,
    0x03, 0x8F, 0x00, 0x00, 0x78, 0x00, 0x07, 0x80, 0x00, 0xFC, 0x00, 0x0F, 0xC0, 0x00, 0x7C, 0x00,
    0x01, 0x80, 0x00, 0x04, 0x00, 0x01, 0xE0, 0x00, 0x3E, 0x00, 0x07, 0xE0, 0x00, 0x3C, 0x00, 0x41,
    0x01, 0x1E, 0x00, 0x73, 0xF0, 0x0F, 0x3E, 0x03, 0xC3, 0xC0, 0xF8, 0x10, 0x3E, 0x00, 0x1F, 0x80,
    0x07, 0xE0, 0x07, 0xF0, 0x07, 0xFC, 0x03, 0xFF, 0x00, 0x3F, 0x80, 0x07, 0x80, 0x00, 0x00, 0x00,
    0x00, 0x40, 0x1C, 0x0F, 0x0F, 0xE1, 0xF8, 0x7E, 0x0F, 0xC7, 0x60, 0x3C, 0x30, 0x61, 0x80, 0x87,
    0x80, 0x1C, 0xFC, 0x03, 0xC7, 0xE0, 0x7C, 0x1C, 0x0F, 0x80, 0x41, 0xF8, 0x00, 0x3F, 0x00, 0x0F,
    0xC0, 0x03, 0xF8, 0x01, 0xFF, 0x00, 0x7F, 0xC0, 0x03, 0xF0, 0x00, 0x3C, 0x00, 0x00, 0x00, 0x02,
    0x07, 0xFF, 0xE0, 0xFF, 0xFC, 0x1F, 0xFF, 0x80, 0x01, 0xE0, 0x00, 0x3C, 0x00, 0x0F, 0x00, 0x01,
    0xE0, 0x00, 0x78, 0x00, 0x1F, 0x00, 0x07, 0xF0, 0x03, 0xFF, 0x80, 0xFD, 0xF0, 0x7E, 0x1F, 0x3F,
    0x81, 0xF3, 0xE0, 0x1E, 0x30, 0x01, 0x80, 0x00, 0x00, 0x00, 0x00, 0x2C, 0x00, 0x07, 0xE0, 0x00,
    0x3E, 0x3F, 0xFF, 0xC3, 0xFF, 0xF0, 0x3F, 0xFF, 0x00, 0x01, 0xE0, 0x00, 0x1E, 0x00, 0x03, 0xC0,
    0x00, 0x7C, 0x00, 0x07, 0x80, 0x00, 0xF8, 0x00, 0x1F, 0xC0, 0x03, 0xFE, 0x00, 0xFD, 0xF0, 0x1F,
    0x0F, 0x87, 0xE0, 0x78, 0xFC, 0x07, 0xC7, 0x80, 0x38, 0x20, 0x01, 0x00, 0x07, 0x80, 0x00, 0xF0,
    0x00, 0x1E, 0x00, 0x03, 0xC0, 0x60, 0x79, 0xFE, 0x0F, 0xFF, 0xDF, 0xFF, 0xFB, 0xFF, 0xDE, 0x7F,
    0x87, 0x8C, 0xF0, 0xF0, 0x1E, 0x3C, 0x03, 0xC7, 0x00, 0x78, 0x40, 0x0F, 0x00, 0x00, 0xE0, 0x10,
    0x1F, 0xFE, 0x03, 0xFF, 0xC0, 0x3F, 0xF8, 0x00, 0x00, 0x00, 0x00, 0x03, 0x00, 0xC0, 0xFC, 0x0F,
    0x03, 0xE0, 0x78, 0x1E, 0x03, 0xC0, 0x40, 0x1E, 0x3F, 0x00, 0xFF, 0xFC, 0x7F, 0xFF, 0xC7, 0xFF,
    0xFE, 0x1F, 0xE1, 0xE0, 0xEF, 0x1F, 0x00, 0x79, 0xF0, 0x03, 0xCF, 0x00, 0x1E, 0x10, 0x00, 0xF0,
    0x00, 0x07, 0x80, 0x00, 0x3F, 0xFE, 0x00, 0xFF, 0xF0, 0x07, 0xFF, 0x80, 0x10, 0x03, 0x9E, 0x01,
    0xF7, 0x80, 0x78, 0xF0, 0x1E, 0x3C, 0x07, 0x87, 0x81, 0xC1, 0xE0, 0xF0, 0x30, 0x3C, 0x00, 0x1E,
    0x00, 0x07, 0x80, 0x03, 0xC0, 0x01, 0xF0, 0x00, 0xF8, 0x00, 0xFC, 0x00, 0xFE, 0x00, 0x3F, 0x00,
    0x07, 0x00, 0x00, 0x00, 0x02, 0xC0, 0x00, 0x7E, 0x00, 0x07, 0xE3, 0x00, 0x3C, 0xF8, 0x07, 0x87,
    0x80, 0x78, 0x3C, 0x07, 0x83, 0xC0, 0xF0, 0x1E, 0x0F, 0x01, 0xE0, 0xF0, 0x08, 0x1E, 0x00, 0x01,
    0xE0, 0x00, 0x3C, 0x00, 0x07, 0xC0, 0x00, 0xF8, 0x00, 0x3F, 0x00, 0x07, 0xE0, 0x00, 0xFC, 0x00,
    0x0F, 0x80, 0x00, 0x20, 0x00, 0x01, 0x80, 0x00, 0x78, 0x00, 0x1E, 0x00, 0x0F, 0xFC, 0x07, 0xFF,
    0xC3, 0xFF, 0xF0, 0xF0, 0x78, 0x78, 0x1E, 0x7D, 0x87, 0x3E, 0xFB, 0xC7, 0x3F, 0xE0, 0x87, 0xF8,
    0x00, 0x7E, 0x00, 0x1F, 0xC0, 0x1F, 0xF0, 0x0F, 0x98, 0x1F, 0xC0, 0x0F, 0xE0, 0x01, 0xE0, 0x00,
    0x20, 0x00, 0x00, 0x00, 0x00, 0x00, 0x03, 0x80, 0x38, 0xFC, 0x03, 0xC3, 0xF0, 0x1E, 0x1E, 0x01,
    0xFF, 0xE0, 0x1F, 0xFF, 0x01, 0xFF, 0xF8, 0x1F, 0x03, 0xC1, 0xF4, 0x3C, 0x1F, 0x71, 0xE0, 0xF7,
    0xFE, 0x03, 0x1F, 0xF0, 0x00, 0x3F, 0x00, 0x01, 0xFC, 0x00, 0x1F, 0xF0, 0x01, 0xFF, 0x00, 0x3F,
    0x10, 0x07, 0xF0, 0x00, 0x3F, 0x00, 0x00, 0xE0, 0x00, 0x00, 0x00, 0x06, 0x03, 0xFF, 0xE0, 0xFF,
    0xFC, 0x1F, 0xFE, 0x01, 0xCF, 0x00, 0x01, 0xE0, 0x00, 0x3C, 0x07, 0xFF, 0xFF, 0xFF, 0xFF, 0xFF,
    0xFF, 0xFC, 0x03, 0x80, 0x00, 0xF0, 0x00, 0x1E, 0x00, 0x07, 0x80, 0x01, 0xF0, 0x00, 0x7C, 0x00,
    0x1F, 0x00, 0x01, 0xC0, 0x00, 0x00, 0x00, 0x00, 0x00, 0x00, 0x00, 0x07, 0xE0, 0x7F, 0xFF, 0x03,
    0xFF, 0xFC, 0x3F, 0xE3, 0xE0, 0x0E, 0x3E, 0x00, 0xE1, 0x8F, 0xFF, 0xFC, 0xFF, 0xFF, 0xCF, 0xFF,
    0xFC, 0x01, 0xE0, 0x00, 0x1E, 0x00, 0x01, 0xC0, 0x00, 0x3C, 0x00, 0x07, 0xC0, 0x00, 0xF8, 0x00,
    0x1F, 0x00, 0x01, 0xE0, 0x00, 0x04, 0x00, 0x00, 0x01, 0x00, 0x07, 0x0C, 0xE7, 0x8E, 0xF7, 0x8E,
    0x73, 0x9E, 0x7B, 0x9C, 0x78, 0x3C, 0x20, 0x3C, 0x00, 0x78, 0x00, 0xF0, 0x01, 0xF0, 0x07, 0xE0,
    0x1F, 0xC0, 0x1F, 0x00, 0x0E, 0x00, 0x00, 0x00, 0x00, 0x78, 0x21, 0xCF, 0x07, 0xF8, 0xE0, 0xE7,
    0x9E, 0x3C, 0xF3, 0xC7, 0x8E, 0x38, 0xE1, 0xE0, 0x3C, 0x38, 0x07, 0x80, 0x01, 0xE0, 0x00, 0x7C,
    0x00, 0x1F, 0x00, 0x07, 0xC0, 0x01, 0xF0, 0x00, 0xFC, 0x00, 0x7F, 0x00, 0x0F, 0xC0, 0x00, 0xE0,
    0x00, 0x00, 0x02, 0xC0, 0x00, 0x7E, 0x01, 0x87, 0x60, 0x38, 0x3C, 0xE3, 0xC3, 0x0F, 0x3C, 0x3C,
    0xF1, 0xE3, 0xC7, 0x9E, 0x38, 0x78, 0xC7, 0x83, 0x80, 0x78, 0x30, 0x0F, 0x00, 0x00, 0xF0, 0x00,
    0x1E, 0x00, 0x03, 0xC0, 0x00, 0xFC, 0x00, 0x1F, 0x80, 0x07, 0xF0, 0x01, 0xFE, 0x00, 0x0F, 0x80,
    0x00, 0x60, 0x00, 0x00, 0x00, 0x03, 0xFF, 0xE0, 0x7F, 0xFC, 0x0F, 0xFF, 0x80, 0x00, 0x00, 0x00,
    0x00, 0x3F, 0xFF, 0xFF, 0xFF, 0xFF, 0xFF, 0xFF, 0xE0, 0x1E, 0x00, 0x03, 0xC0, 0x00, 0x70, 0x00,
    0x1E, 0x00, 0x03, 0xC0, 0x00, 0xF0, 0x00, 0x3E, 0x00, 0x1F, 0x80, 0x01, 0xE0, 0x00, 0x10, 0x00,
    0x00, 0x00, 0x00, 0x00, 0x00, 0x0E, 0x00, 0x03, 0xE1, 0xFF, 0xFF, 0x1F, 0xFF, 0xE1, 0xFF, 0xF0,
    0x00, 0x00, 0x00, 0x00, 0x00, 0xFF, 0xFF, 0xCF, 0xFF, 0xFC, 0xFF, 0xFF, 0xC0, 0x0E, 0x00, 0x00,
    0xE0, 0x00, 0x1E, 0x00, 0x01, 0xE0, 0x00, 0x1E, 0x00, 0x03, 0xC0, 0x00, 0x7C, 0x00, 0x1F, 0x80,
    0x00, 0xF0, 0x00, 0x04, 0x00, 0x00, 0xF0, 0x07, 0x80, 0x3C, 0x01, 0xE0, 0x0F, 0x00, 0x78, 0x03,
    0xE0, 0x1F, 0xE0, 0xFF, 0xE7, 0xFF, 0xBC, 0xFD, 0xE1, 0xEF, 0x00, 0x78, 0x03, 0xC0, 0x1E, 0x00,
    0xF0, 0x07, 0x80, 0x00, 0x70, 0x3B, 0xC3, 0xEF, 0x1D, 0xDC, 0x3F, 0x70, 0xE1, 0xC0, 0x07, 0xC0,
    0x1F, 0xE0, 0x7F, 0xE1, 0xFF, 0xE7, 0x3F, 0x1C, 0x1C, 0x70, 0x01, 0xC0, 0x07, 0x00, 0x3C, 0x00,
    0xF0, 0x03, 0xC0, 0x00, 0x00, 0xF0, 0x00, 0x1E, 0x00, 0x03, 0xC0, 0x00, 0x78, 0x00, 0x0F, 0x01,
    0xFF, 0xFF, 0xFF, 0xFF, 0xFF, 0xFF, 0xFF, 0x00, 0xF0, 0x00, 0x1E, 0x00, 0x03, 0x80, 0x00, 0xF0,
    0x00, 0x1E, 0x00, 0x07, 0x80, 0x01, 0xF0, 0x00, 0xFC, 0x00, 0x1F, 0x00, 0x01, 0xC0, 0x00, 0x00,
    0x00, 0x00, 0x00, 0x00, 0x0F, 0xFF, 0xC3, 0xFF, 0xF0, 0xFF, 0xFC, 0x00, 0x00, 0x00, 0x00, 0x00,
    0x00, 0x00, 0x00, 0x00, 0x00, 0x00, 0x00, 0x00, 0x00, 0x00, 0x03, 0xFF, 0xFF, 0xFF, 0xFF, 0xFF,
    0xFF, 0xF0, 0x00, 0x00, 0x00, 0x04, 0x7F, 0xFE, 0x7F, 0xFF, 0x7F, 0xFE, 0x00, 0x1E, 0x08, 0x1E,
    0x1E, 0x3C, 0x3F, 0x3C, 0x1F, 0xF8, 0x07, 0xF8, 0x03, 0xF8, 0x03, 0xFC, 0x07, 0xFE, 0x1F, 0x9F,
    0x7F, 0x0E, 0xFE, 0x04, 0x78, 0x00, 0x20, 0x00, 0x00, 0x00, 0x00, 0x1C, 0x00, 0x03, 0x80, 0x00,
    0x71, 0x03, 0xFF, 0xF0, 0x7F, 0xFF, 0x0F, 0xFF, 0xC0, 0x00, 0xF0, 0x00, 0x3C, 0x00, 0x1F, 0x00,
    0x0F, 0xD8, 0x07, 0xF7, 0x87, 0xFE, 0xFD, 0xFF, 0xCF, 0xDF, 0x38, 0x7B, 0x07, 0x06, 0x00, 0xE0,
    0x00, 0x1C, 0x00, 0x03, 0x80, 0x00, 0x70, 0x00, 0x00, 0x0E, 0x00, 0x1E, 0x00, 0x1E, 0x00, 0x1E,
    0x00, 0x3C, 0x00, 0x3C, 0x00, 0x78, 0x00, 0x78, 0x00, 0xF0, 0x01, 0xF0, 0x03, 0xE0, 0x07, 0xC0,
    0x1F, 0x80, 0x3F, 0x00, 0xFE, 0x00, 0x7C, 0x00, 0x30, 0x00, 0x00, 0x00, 0x00, 0xE7, 0x80, 0x1C,
    0x78, 0x07, 0x8F, 0x00, 0xF1, 0xE0, 0x1E, 0x1E, 0x03, 0x83, 0xC0, 0xF0, 0x3C, 0x1E, 0x07, 0x83,
    0xC0, 0xF0, 0xF0, 0x0F, 0x1E, 0x01, 0xE7, 0x80, 0x3D, 0xF0, 0x03, 0xFC, 0x00, 0x7B, 0x80, 0x0E,
    0x00, 0x00, 0x60, 0x00, 0x1F, 0x80, 0x00, 0x7E, 0x07, 0x3F, 0xE0, 0x79, 0xE8, 0x03, 0xC7, 0x80,
    0x1E, 0x3C, 0x00, 0xF0, 0xF0, 0x0F, 0x07, 0x80, 0x78, 0x3C, 0x03, 0xC0, 0xF0, 0x3C, 0x07, 0x81,
    0xE0, 0x1C, 0x1F, 0x00, 0xF0, 0xF0, 0x07, 0x8F, 0x80, 0x3C, 0x78, 0x00, 0xF3, 0x80, 0x07, 0x00,
    0x00, 0x00, 0x00, 0x00, 0x60, 0x00, 0x07, 0x80, 0x00, 0x7E, 0x06, 0x1F, 0xF0, 0x79, 0xEF, 0x03,
    0xC7, 0xB0, 0x1E, 0x3C, 0x00, 0xF0, 0xE0, 0x07, 0x07, 0x80, 0x78, 0x3C, 0x03, 0xC0, 0xF0, 0x1C,
    0x07, 0x81, 0xE0, 0x3C, 0x0F, 0x00, 0xF0, 0xF0, 0x07, 0x8F, 0x80, 0x3C, 0x78, 0x00, 0xF3, 0xC0,
    0x07, 0x84, 0x00, 0x20, 0xE0, 0x01, 0xE0, 0x03, 0x80, 0x07, 0x00, 0xCE, 0x07, 0xDC, 0x7F, 0xBF,
    0xFE, 0x7F, 0xF0, 0xFF, 0x01, 0xF0, 0x03, 0x80, 0x07, 0x00, 0x0E, 0x00, 0x1C, 0x00, 0x3E, 0x0F,
    0x7F, 0xFE, 0x7F, 0xFC, 0x7F, 0xF8, 0x00, 0x07, 0x30, 0x0F, 0xBC, 0x07, 0xFE, 0x03, 0xEF, 0x00,
    0x87, 0x81, 0xC3, 0xC7, 0xF1, 0xFF, 0xF8, 0xFF, 0xF0, 0x7F, 0xC0, 0x3E, 0x00, 0x1E, 0x00, 0x0F,
    0x00, 0x07, 0x80, 0x03, 0xC0, 0x01, 0xF0, 0x7C, 0xFF, 0xFE, 0x3F, 0xFF, 0x0F, 0xFF, 0x00, 0x00,
    0x02, 0x00, 0x07, 0xFC, 0x03, 0x7E, 0x01, 0xBF, 0x01, 0xFF, 0x83, 0xF3, 0xCF, 0xF1, 0xFF, 0xF0,
    0xFF, 0xE0, 0x7F, 0x80, 0x3E, 0x00, 0x1E, 0x00, 0x0F, 0x00, 0x07, 0x80, 0x03, 0xC0, 0x01, 0xF0,
    0x7C, 0xFF, 0xFE, 0x3F, 0xFF, 0x0F, 0xFF, 0x00, 0x00, 0x00, 0x7F, 0xFF, 0xBF, 0xFF, 0xFF, 0xFF,
    0xE0, 0x00, 0xF0, 0x00, 0x78, 0x00, 0x3C, 0x00, 0x3C, 0x00, 0x1E, 0x00, 0x1E, 0x00, 0x1F, 0x00,
    0x1F, 0x00, 0x3F, 0x00, 0x7F, 0x00, 0xFF, 0x00, 0x3E, 0x00, 0x0E, 0x00, 0x00, 0x00, 0x00, 0x00,
    0x01, 0xB8, 0x00, 0x3F, 0x00, 0x03, 0xFF, 0xFF, 0xF1, 0xFF, 0xFE, 0x3F, 0xFF, 0xC0, 0x00, 0x78,
    0x00, 0x1E, 0x00, 0x03, 0xC0, 0x00, 0x78, 0x00, 0x1E, 0x00, 0x03, 0xC0, 0x00, 0xF0, 0x00, 0x3E,
    0x00, 0x1F, 0x80, 0x0F, 0xE0, 0x07, 0xF8, 0x00, 0xFC, 0x00, 0x0F, 0x00, 0x00, 0x00, 0x00, 0x00,
    0x03, 0xC0, 0x00, 0xFC, 0x00, 0x19, 0xFF, 0xFF, 0xFF, 0xFF, 0xFD, 0xFF, 0xFE, 0x00, 0x03, 0xC0,
    0x00, 0xF0, 0x00, 0x1E, 0x00, 0x03, 0xC0, 0x00, 0xF0, 0x00, 0x1E, 0x00, 0x07, 0x80, 0x01, 0xF0,
    0x00, 0xFC, 0x00, 0x7F, 0x00, 0x3F, 0xC0, 0x07, 0xE0, 0x00, 0x78, 0x00, 0x00, 0x00, 0x00, 0x00,
    0x00, 0x00, 0x0F, 0x00, 0x00, 0xFC, 0x00, 0x0F, 0xF0, 0x00, 0xFF, 0xC0, 0x0F, 0x9F, 0x00, 0x78,
    0x78, 0x07, 0x81, 0xE0, 0x7C, 0x0F, 0x83, 0xC0, 0x3E, 0x0C, 0x00, 0xF8, 0x00, 0x03, 0xE0, 0x00,
    0x0F, 0x00, 0x00, 0x30, 0x00, 0x01, 0x00, 0x00, 0x00, 0x40, 0x00, 0x2E, 0x00, 0x87, 0xE0, 0x3E,
    0x77, 0x07, 0xF3, 0xE0, 0x7F, 0xB0, 0x0F, 0x7C, 0x01, 0xE3, 0xE0, 0x3E, 0x1F, 0x07, 0xC0, 0xF8,
    0x78, 0x07, 0xC3, 0x80, 0x7E, 0x10, 0x03, 0xE0, 0x00, 0x1F, 0x00, 0x00, 0xE0, 0x00, 0x04, 0x00,
    0x01, 0x80, 0x00, 0x3E, 0x00, 0x87, 0x60, 0x3E, 0x76, 0x07, 0xF3, 0xE0, 0x7F, 0xBC, 0x0F, 0x7C,
    0x01, 0xE3, 0xE0, 0x3E, 0x1F, 0x07, 0xC0, 0xF8, 0x78, 0x07, 0xC3, 0x00, 0x7E, 0x10, 0x03, 0xE0,
    0x00, 0x1F, 0x00, 0x00, 0xE0, 0x00, 0x04, 0x00, 0xF0, 0x00, 0x1C, 0x00, 0x03, 0x80, 0x3F, 0xFF,
    0xE7, 0xFF, 0xFC, 0xFF, 0xFF, 0x80, 0x38, 0x00, 0x07, 0x00, 0x1C, 0xE7, 0x03, 0xDC, 0xF0, 0xF3,
    0x8E, 0x3C, 0x71, 0xE7, 0x8E, 0x1F, 0xE1, 0xC3, 0xD8, 0x38, 0x30, 0x3F, 0x00, 0x07, 0xE0, 0x00,
    0xFC, 0x00, 0x00, 0x00, 0x20, 0x03, 0x9F, 0x80, 0x1C, 0xFC, 0x00, 0xE3, 0xE0, 0x07, 0x18, 0x3F,
    0xFF, 0xF1, 0xFF, 0xFF, 0x8F, 0xFF, 0xFC, 0x00, 0x70, 0x00, 0x63, 0x8C, 0x03, 0x9C, 0xE0, 0x3C,
    0xE7, 0x83, 0xC7, 0x1E, 0x3E, 0x38, 0xF1, 0xE1, 0xC3, 0xCE, 0x0E, 0x1C, 0x03, 0xF0, 0x00, 0x1F,
    0x80, 0x00, 0xFC, 0x00, 0x00, 0x01, 0xE0, 0x07, 0x1F, 0x00, 0x71, 0xB0, 0x07, 0x1F, 0x00, 0x70,
    0xC7, 0xFF, 0xFE, 0x7F, 0xFF, 0xE7, 0xFF, 0xFE, 0x00, 0x70, 0x00, 0xC7, 0x18, 0x0E, 0x73, 0x81,
    0xE7, 0x3C, 0x3C, 0x71, 0xE7, 0xC7, 0x1E, 0x78, 0x70, 0xF7, 0x07, 0x0E, 0x03, 0xF0, 0x00, 0x3F,
    0x00, 0x03, 0xF0, 0x00, 0x7F, 0xFF, 0xDF, 0xFF, 0xFF, 0xFF, 0xFF, 0x80, 0x01, 0xE0, 0x00, 0x78,
    0x00, 0x1F, 0x03, 0x87, 0xC0, 0xF9, 0xF0, 0x1F, 0xFC, 0x00, 0xFF, 0x00, 0x0F, 0xC0, 0x00, 0xF8,
    0x00, 0x0F, 0x80, 0x00, 0xF8, 0x00, 0x0F, 0x00, 0x00, 0xC0, 0x00, 0x00, 0x00, 0x08, 0x00, 0x1F,
    0xC0, 0x1F, 0xFC, 0x1F, 0xFE, 0x00, 0xFE, 0x00, 0x0E, 0x1C, 0x00, 0x3F, 0xC0, 0x3F, 0xFC, 0x0F,
    0xFC, 0x00, 0xFC, 0x00, 0x08, 0x78, 0x00, 0x7F, 0x80, 0x7F, 0xF8, 0x3F, 0xFE, 0x01, 0xFE, 0x00,
    0x1C, 0x01, 0x80, 0x00, 0x3C, 0x00, 0x0F, 0x00, 0x01, 0xE0, 0x00, 0x3C, 0x00, 0x07, 0x00, 0x01,
    0xE0, 0x00, 0x3C, 0x00, 0x07, 0x0E, 0x01, 0xE1, 0xE0, 0x3C, 0x3C, 0x07, 0x03, 0xC1, 0xE0, 0x78,
    0x3F, 0xFF, 0xBF, 0xFF, 0xF7, 0xFF, 0xFF, 0xFF, 0x81, 0xE0, 0x00, 0x38, 0x00, 0x08, 0x00, 0x07,
    0x80, 0x03, 0xC0, 0x03, 0xC1, 0xC1, 0xE1, 0xF1, 0xE0, 0x7E, 0xF0, 0x1F, 0xF0, 0x03, 0xF8, 0x00,
    0xFC, 0x00, 0x7F, 0x00, 0x7F, 0xC0, 0x7D, 0xF0, 0xFC, 0x7C, 0xFC, 0x1F, 0xFC, 0x06, 0xF8, 0x00,
    0x38, 0x00, 0x00, 0x7F, 0xFF, 0x1F, 0xFF, 0xC7, 0xFF, 0xF0, 0x1E, 0x00, 0x07, 0x80, 0x01, 0xE0,
    0x0F, 0xFF, 0xFB, 0xFF, 0xFE, 0xFF, 0xFF, 0x81, 0xE0, 0x00, 0x78, 0x00, 0x1E, 0x00, 0x07, 0x80,
    0x00, 0xF1, 0xE0, 0x3F, 0xF8, 0x0F, 0xFE, 0x00, 0xFF, 0x80, 0x06, 0x00, 0x0F, 0x00, 0x03, 0x80,
    0x81, 0xCF, 0xE0, 0xFF, 0xF7, 0xFF, 0xF9, 0xFE, 0x38, 0xFF, 0x3C, 0x07, 0xBC, 0x01, 0xDC, 0x00,
    0xE4, 0x00, 0x78, 0x00, 0x3C, 0x00, 0x0E, 0x00, 0x07, 0x80, 0x03, 0xC0, 0x0F, 0x00, 0x00, 0xF0,
    0x00, 0x07, 0x00, 0xC0, 0x79, 0xFF, 0x07, 0xFF, 0xF7, 0xFF, 0xFE, 0x7F, 0xFB, 0xC7, 0xFC, 0x3C,
    0x63, 0xC7, 0x80, 0x1C, 0xF0, 0x01, 0xEF, 0x00, 0x1E, 0x20, 0x01, 0xE0, 0x00, 0x0E, 0x00, 0x00,
    0xF0, 0x00, 0x0F, 0x00, 0x00, 0xF0, 0x00, 0x07, 0x80, 0x00, 0x40, 0x00, 0x00, 0x10, 0x3F, 0xFC,
    0x3F, 0xFC, 0x1F, 0xFC, 0x00, 0x3C, 0x00, 0x3C, 0x00, 0x38, 0x00, 0x38, 0x00, 0x38, 0x7F, 0xFF,
    0x7F, 0xFF, 0x7F, 0xFF, 0x00, 0x00, 0x3F, 0xFE, 0x07, 0xFF, 0xE0, 0xFF, 0xFC, 0x00, 0x07, 0x80,
    0x00, 0xF0, 0x00, 0x1C, 0x00, 0x03, 0x80, 0x00, 0xF0, 0x00, 0x1E, 0x00, 0x03, 0xC0, 0x00, 0x78,
    0x7F, 0xFF, 0xFF, 0xFF, 0xFF, 0xFF, 0xFF, 0xC0, 0x00, 0x00, 0x00, 0x07, 0xFF, 0xFF, 0xFF, 0xFF,
    0xF0, 0x03, 0x80, 0x1D, 0xFF, 0xEF, 0xFF, 0x7F, 0xF8, 0x01, 0xC0, 0x0F, 0xFF, 0xFF, 0xFF, 0xFF,
    0xFC, 0x00, 0xE0, 0x00, 0x00, 0x7F, 0xFF, 0x7F, 0xFF, 0x7F, 0xFF, 0x00, 0x0F, 0x00, 0x0F, 0x00,
    0x0F, 0x3F, 0xFF, 0x3F, 0xFF, 0x3F, 0xFF, 0x00, 0x0F, 0x00, 0x0F, 0x00, 0x0F, 0x7F, 0xFF, 0x7F,
    0xFF, 0x7F, 0xFF, 0x00, 0x07, 0x00, 0x00, 0x1F, 0xFF, 0x0F, 0xFF, 0x87, 0xFF, 0xC0, 0x00, 0x00,
    0x00, 0x03, 0xFF, 0xFF, 0xFF, 0xFF, 0xFF, 0xFF, 0x80, 0x07, 0x80, 0x03, 0xC0, 0x03, 0xC0, 0x03,
    0xE0, 0x03, 0xE0, 0x07, 0xE0, 0x1F, 0xE0, 0x0F, 0xC0, 0x03, 0xC0, 0x00, 0x00, 0x00, 0xE0, 0x7F,
    0x03, 0xF8, 0x1F, 0xC0, 0xFE, 0x07, 0xF0, 0x3F, 0x81, 0xFC, 0x0F, 0xE0, 0x7F, 0x03, 0xF8, 0x1F,
    0xC0, 0xE0, 0x0F, 0x00, 0xF8, 0x1F, 0x83, 0xF8, 0x1F, 0x80, 0x70, 0x00, 0x0F, 0x3C, 0x00, 0x39,
    0xE0, 0x01, 0xCF, 0x00, 0x0E, 0x78, 0x00, 0x73, 0xC0, 0x03, 0x9E, 0x00, 0x3C, 0xF0, 0x01, 0xE7,
    0x80, 0x0F, 0x3C, 0x20, 0x79, 0xE3, 0x83, 0xCF, 0x3C, 0x3C, 0x7B, 0xE1, 0xE3, 0xFE, 0x1E, 0x1F,
    0xE1, 0xF0, 0xFE, 0x0F, 0x07, 0xC0, 0x30, 0x18, 0x00, 0xF0, 0x00, 0xF0, 0x00, 0xF0, 0x00, 0xF0,
    0x00, 0xF0, 0x00, 0xF0, 0x00, 0xF0, 0x04, 0xF0, 0x0E, 0xF0, 0x1F, 0xF0, 0x3E, 0xF0, 0xFC, 0xF3,
    0xF8, 0xFF, 0xF0, 0xFF, 0xC0, 0xFF, 0x00, 0xFC, 0x00, 0x60, 0x00, 0x00, 0x00, 0x7F, 0xFF, 0xFF,
    0xFF, 0xFF, 0xFF, 0xFF, 0x00, 0x7F, 0x80, 0x3F, 0xC0, 0x1F, 0xE0, 0x0F, 0xF0, 0x07, 0xF8, 0x03,
    0xFC, 0x01, 0xFE, 0x00, 0xFF, 0xFF, 0xFF, 0xFF, 0xFF, 0xFF, 0xFF, 0xE0, 0x0F, 0x60, 0x03, 0x00,
    0xFF, 0xFD, 0xFF, 0xFF, 0xFF, 0xFF, 0x80, 0xFF, 0x01, 0xDE, 0x03, 0xBC, 0x0F, 0x00, 0x1E, 0x00,
    0x78, 0x01, 0xE0, 0x0F, 0xC0, 0x7F, 0x01, 0xF8, 0x01, 0xE0, 0x00, 0x00, 0x00, 0x00, 0x00, 0x7F,
    0xFF, 0xBF, 0xFF, 0xFF, 0xFF, 0xFF, 0x00, 0x7F, 0x80, 0x3B, 0xC0, 0x3D, 0xE0, 0x1E, 0xF0, 0x0F,
    0x00, 0x0F, 0x00, 0x0F, 0x80, 0x0F, 0x80, 0x0F, 0x80, 0x1F, 0xC0, 0x3F, 0x80, 0x1F, 0x80, 0x07,
    0x00, 0x00, 0x00, 0x00, 0x00, 0x1C, 0x00, 0x03, 0x80, 0x00, 0x70, 0x3F, 0xFF, 0xE7, 0xFF, 0xFC,
    0xFF, 0xFF, 0x83, 0xC7, 0x00, 0x78, 0xE0, 0x0F, 0x1C, 0x01, 0xE3, 0x80, 0x3C, 0x70, 0x7F, 0xFF,
    0xFF, 0xFF, 0xFF, 0xFF, 0xFF, 0xC0, 0x07, 0x00, 0x00, 0xE0, 0x00, 0x1C, 0x00, 0x03, 0x80, 0x00,
    0x00, 0x00, 0x00, 0x00, 0x8F, 0xFF, 0xF9, 0xFF, 0xFF, 0x3F, 0xFF, 0xE0, 0x00, 0x78, 0x03, 0xDF,
    0x00, 0x7F, 0xC0, 0x0F, 0xF0, 0x01, 0xE4, 0x00, 0x3C, 0x00, 0x07, 0x80, 0x00, 0xF0, 0x00, 0x1E,
    0x01, 0xFF, 0xFF, 0xFF, 0xFF, 0xFF, 0xFF, 0xFF, 0xFF, 0xFE, 0xFF, 0xFF, 0xFF, 0xFF, 0x00, 0x0F,
    0x00, 0x0E, 0x00, 0x1E, 0xFF, 0xFE, 0xFF, 0xFE, 0xFF, 0xFC, 0x00, 0x3C, 0x00, 0x78, 0x00, 0xF8,
    0x01, 0xF0, 0x07, 0xE0, 0x3F, 0xC0, 0x3F, 0x00, 0x1E, 0x00, 0x00, 0x00, 0x30, 0x00, 0x1F, 0x00,
    0x07, 0xE0, 0x00, 0xFC, 0x06, 0x1F, 0x81, 0x81, 0xC0, 0xF0, 0x20, 0x7C, 0x00, 0x3E, 0x00, 0x1F,
    0x00, 0x0F, 0x80, 0x07, 0xE0, 0x07, 0xE0, 0x07, 0xF0, 0x1F, 0xF8, 0x0F, 0xF8, 0x01, 0xF8, 0x00,
    0x30, 0x00, 0x00, 0x00, 0x00, 0x00, 0x00, 0x2C, 0x01, 0xE7, 0xE0, 0x1E, 0x76, 0x01, 0xE3, 0xC7,
    0xFF, 0xF8, 0xFF, 0xFF, 0xC7, 0xFF, 0xFC, 0x70, 0x07, 0x87, 0x00, 0x78, 0x70, 0x07, 0x87, 0x00,
    0x78, 0x70, 0x0F, 0x00, 0x00, 0xF0, 0x00, 0x1E, 0x00, 0x03, 0xE0, 0x00, 0xFC, 0x00, 0x7F, 0x80,
    0x0F, 0xF0, 0x00, 0x7C, 0x00, 0x03, 0x00, 0x00, 0x00, 0x00, 0x07, 0x00, 0x0E, 0x00, 0x1C, 0x07,
    0xFF, 0xEF, 0xFF, 0xDF, 0xFF, 0x83, 0xC7, 0x07, 0x0E, 0x0E, 0x1C, 0x3C, 0x38, 0xF0, 0xF3, 0xE9,
    0xEF, 0x9F, 0x9E, 0x3F, 0x18, 0x7C, 0x00, 0x00, 0x0F, 0x00, 0x0F, 0x00, 0x0E, 0x00, 0x1F, 0xFF,
    0x3F, 0xFF, 0x3F, 0xFF, 0x78, 0xF0, 0xF0, 0xF0, 0x60, 0xE0, 0x01, 0xE0, 0x01, 0xE0, 0x03, 0xC0,
    0x0F, 0x80, 0x0F, 0x80, 0x06, 0x00, 0x00, 0x00, 0x00, 0x00, 0x00, 0x00, 0xF8, 0x00, 0x1F, 0x80,
    0x03, 0xF7, 0xFF, 0xF0, 0xFF, 0xFF, 0x9F, 0xFF, 0xE3, 0x80, 0x3C, 0x70, 0x07, 0x8E, 0x00, 0xF1,
    0xC0, 0x1E, 0x38, 0x07, 0x87, 0x00, 0xF0, 0x00, 0x3E, 0x00, 0x07, 0x80, 0x03, 0xE0, 0x00, 0xFC,
    0x00, 0x7F, 0x00, 0x3F, 0xC0, 0x03, 0xE0, 0x00, 0x30, 0x00, 0x00, 0x00, 0x60, 0x01, 0xFE, 0x00,
    0x1D, 0xE0, 0x01, 0xD8, 0x7F, 0xFF, 0xC7, 0xFF, 0xFC, 0x7F, 0xFF, 0xC0, 0xF1, 0xC0, 0x0F, 0x1C,
    0x00, 0xF1, 0xC0, 0x0F, 0x1C, 0x00, 0xF1, 0xC0, 0xFF, 0xFF, 0xCF, 0xFF, 0xFC, 0xFF, 0xFF, 0xC0,
    0x01, 0xC0, 0x00, 0x1C, 0x00, 0x01, 0xC0, 0x00, 0x1C, 0x00, 0x01, 0xC0, 0x00, 0x00, 0x00, 0x00,
    0x78, 0x00, 0x1B, 0x80, 0x03, 0xF0, 0x00, 0x30, 0xFF, 0xFF, 0x9F, 0xFF, 0xF3, 0xFF, 0xFE, 0x00,
    0x07, 0x80, 0x3D, 0xE0, 0x07, 0xFC, 0x00, 0xFF, 0x00, 0x1E, 0x40, 0x03, 0xC0, 0x00, 0x78, 0x00,
    0x0F, 0x00, 0xFF, 0xFF, 0xFF, 0xFF, 0xFF, 0xFF, 0xFF, 0x80, 0x00, 0x00, 0x00, 0x00, 0x00, 0x03,
    0xE0, 0x00, 0xFC, 0x00, 0x3F, 0xFF, 0xFF, 0x3F, 0xFF, 0xCF, 0xFF, 0xF0, 0x00, 0x3C, 0x00, 0x0E,
    0x00, 0x03, 0x8F, 0xFF, 0xE3, 0xFF, 0xF8, 0xFF, 0xFC, 0x00, 0x0F, 0x00, 0x07, 0x80, 0x03, 0xE0,
    0x03, 0xF0, 0x03, 0xF8, 0x03, 0xFC, 0x00, 0xFC, 0x00, 0x1C, 0x00, 0x00, 0x10, 0xF9, 0xF7, 0xE7,
    0xCF, 0x00, 0x00, 0x00, 0x1F, 0xFF, 0xF7, 0xFF, 0xFD, 0xFF, 0xFF, 0x40, 0x00, 0x00, 0x30, 0x0F,
    0x80, 0x7C, 0x03, 0xE0, 0x1F, 0x00, 0xF8, 0x07, 0xC0, 0x7C, 0x03, 0xE0, 0x1E, 0x00, 0xC0, 0x00,
    0x30, 0x07, 0xC0, 0x1F, 0x8C, 0x76, 0x78, 0xC1, 0xF0, 0x03, 0xE0, 0x07, 0xC0, 0x0F, 0x80, 0x1F,
    0x00, 0x3E, 0x00, 0x7C, 0x00, 0xF0, 0x03, 0x00, 0x7F, 0xFD, 0xFF, 0xF7, 0xFF, 0xC0, 0x07, 0x00,
    0x1C, 0x00, 0x70, 0x01, 0xC0, 0x07, 0x00, 0x1C, 0x00, 0x70, 0x01, 0xC0, 0x07, 0x00, 0x1C, 0x00,
    0x70, 0x01, 0xC0, 0x07, 0x00, 0x1C, 0x00, 0x70, 0x01, 0x80, 0xFF, 0xFF, 0xF7, 0xFF, 0xFF, 0xBF,
    0xFF, 0xFC, 0x00, 0xE0, 0x00, 0x0E, 0x00, 0x00, 0xE0, 0x00, 0x0E, 0x00, 0x00, 0xE0, 0x00, 0x0E,
    0x00, 0x00, 0xFF, 0xE0, 0x0F, 0xFE, 0x00, 0xFF, 0xE0, 0x0E, 0x00, 0x00, 0xE0, 0x00, 0x0E, 0x00,
    0x00, 0xE0, 0x00, 0x0E, 0x00, 0x00, 0xE0, 0x00, 0x0E, 0x00, 0x7F, 0xFF, 0xF7, 0xFF, 0xFF, 0x7F,
    0xFF, 0xF0, 0xFF, 0xFF, 0xFF, 0xFF, 0xFF, 0xFF, 0xFF, 0x80, 0xF0, 0x00, 0x1E, 0x00, 0x03, 0xC0,
    0x00, 0x7E, 0x00, 0x0F, 0xE0, 0x01, 0xFF, 0x00, 0x3F, 0xF8, 0x07, 0x9F, 0x00, 0xF1, 0xC0, 0x1E,
    0x18, 0x03, 0xC0, 0x00, 0x78, 0x00, 0x0F, 0x00, 0x01, 0xE0, 0x00, 0x3C, 0x00, 0x07, 0x80, 0x00,
    0xFF, 0xFF, 0xFF, 0xFF, 0xFF, 0xFF, 0xFF, 0x80, 0x70, 0x00, 0x0E, 0x01, 0xFF, 0xFF, 0xBF, 0xFF,
    0xF7, 0xFF, 0xFE, 0xFE, 0xED, 0xDF, 0xDD, 0xFB, 0xFB, 0xBF, 0x7F, 0x77, 0xEF, 0xFF, 0xFD, 0xFF,
    0xFF, 0xBF, 0xFF, 0xF7, 0xF0, 0x7E, 0xFE, 0x05, 0xDE, 0x01, 0xFB, 0xC0, 0x1F, 0x00, 0x00, 0x00,
    0x00, 0xE0, 0x00, 0x1C, 0x00, 0x03, 0x80, 0x00, 0x70, 0x0F, 0xFF, 0xFD, 0xFF, 0xFF, 0xBF, 0xFF,
    0xF7, 0x87, 0x0E, 0xF0, 0xE1, 0xDE, 0x1C, 0x3B, 0xC3, 0x87, 0x7F, 0xFF, 0xEF, 0xFF, 0xFD, 0xFF,
    0xFF, 0x9C, 0x38, 0x70, 0x07, 0x00, 0x00, 0xE0, 0x00, 0x1C, 0x00, 0x03, 0x80, 0x00, 0x70, 0x00,
    0xFF, 0xFF, 0x7F, 0xFF, 0xFF, 0xFF, 0xE0, 0x03, 0xE0, 0x03, 0xE0, 0x03, 0xE0, 0x07, 0xE0, 0x03,
    0xE0, 0x01, 0xC0, 0x00, 0xE0, 0x00, 0x70, 0x00, 0x38, 0x00, 0x1C, 0x00, 0x0E, 0x00, 0x07, 0x00,
    0x03, 0x80, 0x1F, 0xC0, 0x0F, 0xE0, 0x07, 0xE0, 0x00, 0x06, 0x0E, 0x00, 0x78, 0x70, 0x03, 0xBB,
    0x80, 0x3D, 0xDC, 0xC1, 0xCE, 0xFF, 0x1E, 0x77, 0xF9, 0xF3, 0xFF, 0xDF, 0xBF, 0xEE, 0xFF, 0xFE,
    0x73, 0xFF, 0x73, 0x9F, 0xFB, 0x9C, 0x39, 0xDF, 0xE1, 0xCE, 0xFE, 0x0E, 0x77, 0xF0, 0x73, 0xB8,
    0x83, 0x9C, 0x07, 0x1C, 0xE0, 0x70, 0xE7, 0xFF, 0x87, 0x1F, 0xFC, 0x38, 0x3F, 0x80, 0x07, 0x01,
    0xC0, 0x38, 0x0E, 0x03, 0xC0, 0x70, 0x3C, 0x03, 0x81, 0xFF, 0xFF, 0x1E, 0xFF, 0xFC, 0xF7, 0xFF,
    0xEF, 0x80, 0x38, 0xFC, 0x21, 0xC3, 0xE7, 0x0E, 0x1F, 0x3C, 0x70, 0x38, 0xF3, 0x81, 0xC7, 0x9C,
    0x0E, 0x1C, 0xE0, 0x70, 0xC7, 0x03, 0x80, 0x38, 0x1C, 0x01, 0xC0, 0xE1, 0xFE, 0x07, 0x07, 0xF0,
    0x38, 0x3F, 0x00, 0x00, 0x00, 0x00, 0x0E, 0x0E, 0x00, 0x7F, 0x70, 0x03, 0xBB, 0x80, 0x3D, 0xDC,
    0x01, 0xDF, 0xFE, 0x1E, 0xFF, 0xF1, 0xF7, 0xFF, 0x9F, 0xF9, 0xC0, 0xFF, 0x8E, 0x03, 0xE4, 0x70,
    0x1F, 0xFF, 0xFC, 0x3F, 0xFF, 0xE1, 0xFF, 0xFF, 0x0E, 0x07, 0x00, 0x70, 0x38, 0x03, 0x81, 0xC0,
    0x1C, 0x0E, 0x00, 0xE0, 0x70, 0x07, 0x03, 0x80, 0x38, 0x1C, 0x00, 0x06, 0x0E, 0x00, 0x78, 0x70,
    0x03, 0x83, 0x80, 0x3C, 0x1C, 0x01, 0xDF, 0xFF, 0x1E, 0xFF, 0xF9, 0xF7, 0xFF, 0xDF, 0x8C, 0x38,
    0xFC, 0xE1, 0xE3, 0xE3, 0x8E, 0x17, 0x1C, 0x70, 0x38, 0xE3, 0x81, 0xC7, 0x3C, 0x0E, 0x39, 0xC0,
    0x71, 0xEE, 0x03, 0x8F, 0x70, 0x1D, 0xFF, 0xF0, 0xFF, 0xFF, 0xC7, 0xFF, 0xFE, 0x38, 0x00, 0x00,
    0x0E, 0x1E, 0x00, 0x70, 0xF0, 0x07, 0x87, 0x80, 0x38, 0x3C, 0x03, 0xFF, 0xFF, 0x1F, 0xFF, 0xF9,
    0xFF, 0xFF, 0xDF, 0x87, 0xE0, 0xFC, 0x7F, 0x83, 0xE3, 0xFC, 0x1F, 0x3F, 0xF0, 0x39, 0xFF, 0x81,
    0xDD, 0xEE, 0x0F, 0xEF, 0x78, 0x7F, 0xFF, 0xE3, 0xFF, 0xFE, 0x1D, 0x7F, 0xA0, 0xE0, 0xF0, 0x07,
    0x07, 0x80, 0x38, 0x3C, 0x00, 0x00, 0xF0, 0x00, 0x0F, 0xC0, 0x00, 0xFF, 0x00, 0x0F, 0xBE, 0x00,
    0xF8, 0xF8, 0x1F, 0x83, 0xF3, 0xFF, 0xFF, 0xEF, 0xFF, 0xFE, 0x67, 0xFF, 0x60, 0x03, 0x80, 0x0F,
    0xFF, 0xF8, 0x7F, 0xFF, 0xC3, 0xFF, 0xFE, 0x00, 0x38, 0x80, 0x39, 0xDE, 0x03, 0xCE, 0xF8, 0x3C,
    0x73, 0xE7, 0xDF, 0x8F, 0x9C, 0xFC, 0x3C, 0x47, 0xC0, 0x00, 0x06, 0x38, 0x00, 0x79, 0xC0, 0x03,
    0x9E, 0x00, 0x3C, 0xFF, 0xE1, 0xC7, 0xFF, 0x9E, 0x7F, 0xFD, 0xF7, 0xF8, 0x1F, 0xFB, 0xC0, 0xFF,
    0xDF, 0xF3, 0xEC, 0xFF, 0x97, 0x07, 0xFC, 0x38, 0x3C, 0x01, 0xC1, 0xE0, 0x0E, 0x0F, 0xF8, 0x70,
    0x7F, 0xC3, 0x83, 0xFE, 0x1C, 0x1E, 0x00, 0xE0, 0xF0, 0x07, 0x07, 0x80, 0x38, 0x3C, 0x00, 0x07,
    0x0E, 0x00, 0x78, 0x70, 0x03, 0xFF, 0xFE, 0x3F, 0xFF, 0xF1, 0xDF, 0xFF, 0x1E, 0x07, 0x01, 0xF7,
    0xFF, 0xDF, 0xBF, 0xFE, 0xFD, 0xCE, 0x73, 0xEE, 0x73, 0x97, 0x7F, 0xFC, 0x3B, 0xFF, 0xE1, 0xDD,
    0xE0, 0x0E, 0xFF, 0x00, 0x73, 0xF0, 0x03, 0x8F, 0x80, 0x1C, 0xFF, 0x80, 0xFF, 0xFF, 0xC7, 0xF9,
    0xFC, 0x3B, 0x01, 0xE0, 0x06, 0x00, 0x00, 0x7F, 0xFF, 0x03, 0xBF, 0xF8, 0x3D, 0xFF, 0xC1, 0xCE,
    0x0E, 0x1E, 0x70, 0x71, 0xF3, 0xFF, 0x9F, 0x9F, 0xFC, 0xFC, 0xFF, 0xE3, 0xE0, 0x70, 0x17, 0xFF,
    0xFC, 0x3F, 0xFF, 0xE1, 0xDF, 0xFF, 0x0E, 0x3F, 0xC0, 0x71, 0xFF, 0x03, 0xBF, 0xFC, 0x1F, 0xEE,
    0xF8, 0xFE, 0x73, 0xC7, 0x63, 0x8C, 0x38, 0x1C, 0x00, 0x06, 0x00, 0x00, 0x7F, 0xFF, 0x03, 0xBF,
    0xF8, 0x3C, 0x00, 0x01, 0xFF, 0xFF, 0x9F, 0xFF, 0xFD, 0xF0, 0x00, 0x1F, 0x9F, 0xFC, 0xFC, 0xFF,
    0xE3, 0xE0, 0x00, 0x17, 0x3F, 0xF8, 0x39, 0xFF, 0xC1, 0xC0, 0x00, 0x0E, 0x7F, 0xF0, 0x73, 0xFF,
    0x83, 0x9C, 0x1C, 0x1C, 0xE0, 0xE0, 0xE7, 0xFF, 0x07, 0x3F, 0xF8, 0x39, 0xC1, 0xC0, 0x0E, 0x71,
    0xC0, 0xFF, 0xFF, 0x87, 0xFF, 0xFC, 0x3F, 0xFF, 0xE3, 0xC7, 0x1C, 0x1C, 0x38, 0xC1, 0xEF, 0xFF,
    0xFF, 0x7F, 0xFF, 0xFB, 0xFF, 0xF7, 0xDF, 0xFF, 0x9E, 0xFF, 0xFC, 0x77, 0xEE, 0xE3, 0xBF, 0xFF,
    0x1D, 0xFF, 0xF8, 0xEF, 0xDD, 0xC7, 0x7F, 0xFE, 0x3F, 0xFF, 0xF1, 0xFB, 0xBB, 0x8F, 0xDD, 0xFC,
    0x7E, 0xEF, 0xE0, 0x00, 0x00, 0x00, 0x1C, 0x00, 0x00, 0xE1, 0xFF, 0xC7, 0xCF, 0xFE, 0x7F, 0x0F,
    0x03, 0xB9, 0xFF, 0x1D, 0xFF, 0xF9, 0xEF, 0xE1, 0xDF, 0x7F, 0xFE, 0xFB, 0xDF, 0xF7, 0xDC, 0xC3,
    0x9E, 0xE7, 0xFC, 0x77, 0x3F, 0xE3, 0xBF, 0x87, 0x1D, 0xFC, 0x38, 0xEF, 0xFF, 0xC7, 0x7F, 0xFE,
    0x3B, 0xFC, 0xE1, 0xC1, 0xFF, 0x8E, 0x1F, 0x1E, 0x70, 0xE0, 0x60, 0x0E, 0x70, 0x00, 0xF7, 0xF8,
    0x07, 0x7F, 0xE0, 0x3F, 0x8E, 0x03, 0xFF, 0xFF, 0x1F, 0xFF, 0xF9, 0xE7, 0x31, 0xDF, 0x39, 0x8E,
    0xF9, 0xFF, 0xF7, 0xCF, 0xFF, 0x9E, 0x7E, 0xCC, 0x77, 0xFF, 0xE3, 0xBF, 0xFF, 0x1C, 0xFF, 0xE0,
    0xEF, 0xFF, 0x07, 0x7F, 0xFC, 0x39, 0xFE, 0xF1, 0xFF, 0x73, 0xCE, 0xFF, 0x8C, 0x70, 0x78, 0x00,
    0x0E, 0x70, 0x00, 0xE7, 0x00, 0x0E, 0x70, 0x01, 0xFF, 0xFC, 0x1F, 0xFF, 0xC3, 0xFF, 0xFC, 0x38,
    0x70, 0x03, 0x87, 0x00, 0x10, 0x70, 0x07, 0xFF, 0xFF, 0x7F, 0xFF, 0xF7, 0xFF, 0xFF, 0x07, 0x9E,
    0x00, 0x79, 0xE0, 0x07, 0x1E, 0x60, 0xF1, 0xE7, 0x1E, 0x1E, 0x77, 0xE1, 0xFF, 0x7C, 0x0F, 0xF3,
    0x00, 0x7C, 0x00, 0x70, 0x00, 0xC3, 0x8F, 0x0F, 0x1C, 0x78, 0x38, 0xE3, 0x81, 0xE7, 0x3C, 0x07,
    0x39, 0xC0, 0x39, 0xCE, 0x00, 0x0E, 0x00, 0x7F, 0xFF, 0xF3, 0xFF, 0xFF, 0x9F, 0xFF, 0xFC, 0x07,
    0x3C, 0x00, 0x79, 0xE0, 0x03, 0xCF, 0x00, 0x1C, 0x78, 0x81, 0xE3, 0xCE, 0x1F, 0x1E, 0x73, 0xF0,
    0xFF, 0xBF, 0x03, 0xFC, 0xE0, 0x1F, 0xC0, 0x00, 0x00, 0x00, 0x07, 0xF0, 0x00, 0x7F, 0x80, 0x03,
    0xFC, 0x00, 0x00, 0xF0, 0x00, 0x07, 0x80, 0x00, 0x7C, 0x00, 0x03, 0xE0, 0x00, 0x3F, 0x00, 0x01,
    0xFC, 0x00, 0x0F, 0xE0, 0x00, 0xF7, 0x80, 0x07, 0xBC, 0x00, 0x78, 0xF0, 0x07, 0xC7, 0xC0, 0x7C,
    0x1F, 0x07, 0xC0, 0x7C, 0xFC, 0x01, 0xF3, 0xC0, 0x07, 0x8C, 0x00, 0x18, 0x00, 0xF0, 0x00, 0x0F,
    0xC0, 0x00, 0x7F, 0x00, 0x07, 0xBC, 0x00, 0x79, 0xF0, 0x0F, 0x87, 0xC0, 0xF8, 0x0F, 0x8F, 0xFF,
    0xFF, 0xFF, 0xFF, 0xF3, 0x7F, 0xFD, 0x00, 0x1C, 0x00, 0x00, 0xE0, 0x01, 0xFF, 0xFC, 0x0F, 0xFF,
    0xE0, 0x7F, 0xFE, 0x00, 0x0E, 0x00, 0x00, 0x70, 0x03, 0xFF, 0xFF, 0x9F, 0xFF, 0xFC, 0x7F, 0xFF,
    0xC0, 0x00, 0xE0, 0x00, 0x1C, 0x00, 0x03, 0x80, 0x3F, 0xFF, 0xEF, 0xFF, 0xFD, 0xFF, 0xFF, 0xBC,
    0x38, 0x77, 0x87, 0x0E, 0xF1, 0xE1, 0xDE, 0x3E, 0x3B, 0xC7, 0xE7, 0x79, 0xFE, 0xEF, 0x79, 0xFD,
    0xFE, 0x3F, 0xBF, 0x83, 0xF7, 0xE0, 0x2E, 0xF0, 0x01, 0xDE, 0x01, 0xFB, 0xC0, 0x3F, 0x78, 0x07,
    0xC0, 0x00, 0x00, 0x7F, 0xFF, 0xF3, 0xFF, 0xFF, 0x9F, 0xFF, 0xF8, 0x00, 0xE0, 0x01, 0xFF, 0xFC,
    0x0F, 0xFF, 0xE0, 0x7F, 0xFF, 0x03, 0x8E, 0x38, 0x1F, 0xFF, 0xC0, 0xFF, 0xFE, 0x07, 0x1C, 0x70,
    0xFF, 0xFF, 0xEF, 0xFF, 0xFF, 0xFF, 0xFF, 0xFC, 0x70, 0x07, 0x03, 0x80, 0x38, 0x1C, 0x0F, 0xC0,
    0xE0, 0x7E, 0x07, 0x03, 0xE0, 0x01, 0xC0, 0x00, 0xE0, 0x1C, 0x71, 0xCE, 0x38, 0xE7, 0x1C, 0x73,
    0x8E, 0x39, 0xC7, 0x1C, 0xFF, 0xFE, 0x7F, 0xFF, 0x3F, 0xFF, 0x80, 0x70, 0x1C, 0x38, 0x7E, 0x1C,
    0x3F, 0x0E, 0x1F, 0x87, 0x0F, 0xC3, 0x87, 0xFF, 0xFF, 0xFF, 0xFF, 0xFF, 0xFF, 0xFC, 0x00, 0x70,
    0x03, 0x06, 0x00, 0x3C, 0x70, 0x01, 0xE3, 0xC0, 0x1E, 0x0F, 0x00, 0xF0, 0x7C, 0x0F, 0x01, 0xE0,
    0xF0, 0x07, 0x8F, 0x80, 0x3E, 0xFF, 0xFF, 0xFB, 0xFF, 0xFF, 0x8B, 0xFF, 0xE0, 0x03, 0x87, 0x00,
    0x1C, 0x38, 0x01, 0xE1, 0xC0, 0x0F, 0x0E, 0x00, 0xF0, 0x70, 0x0F, 0x83, 0x81, 0xF9, 0xFC, 0x1F,
    0x8F, 0xC0, 0x70, 0x7E, 0x00, 0x00, 0x00, 0x00, 0x18, 0x00, 0x03, 0xCF, 0xFF, 0x3C, 0xFF, 0xF3,
    0xCF, 0xFF, 0x3C, 0x1C, 0x73, 0xFD, 0xC7, 0xFF, 0xDC, 0x7F, 0xFD, 0xC7, 0xFC, 0x1C, 0x73, 0xC1,
    0xC7, 0x3C, 0x1C, 0x73, 0xDB, 0xC7, 0x3D, 0xF8, 0x73, 0xFF, 0x8F, 0x1F, 0xF8, 0xF1, 0xFF, 0x0F,
    0x00, 0xF0, 0xE0, 0x3E, 0x7E, 0x01, 0xC7, 0xE0, 0x18, 0x78, 0x07, 0x00, 0x60, 0x70, 0x0F, 0x7F,
    0xFE, 0xF7, 0xFF, 0xEF, 0x7F, 0xFE, 0xF0, 0xE0, 0xEF, 0x1E, 0xCE, 0xF7, 0xDE, 0xEF, 0x7B, 0xCE,
    0xF3, 0xF8, 0xEF, 0x1F, 0x4E, 0xF1, 0xFF, 0xEF, 0x7C, 0xEE, 0xF7, 0x9E, 0xEF, 0x33, 0xCE, 0xF0,
    0xFC, 0x0F, 0x1F, 0xE0, 0xF7, 0xFF, 0x7F, 0xF8, 0xF3, 0xE7, 0x06, 0x3E, 0x0F, 0x00, 0x76, 0xF7,
    0x0F, 0x7F, 0xFE, 0xF7, 0xFE, 0xEF, 0x7F, 0xEE, 0xF3, 0xFC, 0xEF, 0x7F, 0xEE, 0xF7, 0xFE, 0xEF,
    0x7F, 0xEE, 0xF7, 0x0E, 0xEF, 0x7F, 0xEE, 0xF7, 0xFE, 0xEF, 0x70, 0xEE, 0xF7, 0xFE, 0xEF, 0x7F,
    0xEE, 0xF7, 0x0E, 0x0F, 0x70, 0xE0, 0xF7, 0x3E, 0x7F, 0x73, 0xE7, 0xE7, 0x38, 0x3E, 0x0E, 0x03,
    0x80, 0xF0, 0x78, 0x07, 0x07, 0x07, 0xFF, 0xFF, 0x7F, 0xFF, 0xF7, 0xFF, 0xFF, 0x00, 0x00, 0xE3,
    0xFE, 0xEE, 0x3F, 0xEE, 0xE3, 0x9E, 0xEE, 0x3F, 0xEE, 0xE3, 0xFE, 0xEE, 0x38, 0xEE, 0xE3, 0x8E,
    0xEE, 0x3F, 0xEE, 0xE3, 0xFE, 0xEE, 0x38, 0xEC, 0xE3, 0x9E, 0x7E, 0x3B, 0xE7, 0xE3, 0xBC, 0x3C,
    0x00, 0x00, 0x00, 0x00, 0x00, 0x77, 0xFF, 0x87, 0x7F, 0xFF, 0x70, 0x00, 0x77, 0x3F, 0xF7, 0x73,
    0xFF, 0x77, 0x38, 0x77, 0x73, 0x87, 0x77, 0x3F, 0xF7, 0x73, 0xFF, 0x77, 0x00, 0x07, 0x77, 0xFF,
    0xF7, 0x7F, 0xFF, 0x77, 0x73, 0xF7, 0x7F, 0xFF, 0x77, 0xFF, 0x87, 0x77, 0x38, 0x77, 0xFF, 0xBF,
    0x7F, 0xFB, 0xF7, 0x03, 0xBE, 0x07, 0x00, 0x70, 0x70, 0x07, 0xFF, 0xF6, 0x7F, 0xFF, 0xE7, 0xE7,
    0x7E, 0x77, 0xFF, 0xE7, 0x7F, 0xEE, 0x70, 0x70, 0xE7, 0x3F, 0xEE, 0x73, 0xFE, 0xE7, 0x07, 0x0E,
    0x7F, 0xFF, 0xE7, 0x7F, 0xFE, 0x73, 0xFE, 0xE7, 0x3F, 0xE0, 0x73, 0x8E, 0x07, 0x38, 0xE0, 0x73,
    0xFE, 0x3F, 0x3F, 0xE3, 0xF3, 0x8E, 0x3E, 0x00, 0xE0, 0x00, 0x0E, 0x00, 0x00, 0xE0, 0x00, 0x0E,
    0x00, 0x7F, 0xFF, 0xE7, 0xFF, 0xFE, 0x7F, 0xFF, 0xE0, 0x1E, 0x0E, 0x01, 0xE0, 0xE0, 0x1E, 0x0E,
    0x01, 0xC0, 0xE0, 0x3C, 0x0E, 0x03, 0xC0, 0xE0, 0x78, 0x1E, 0x0F, 0x81, 0xE1, 0xF0, 0x1E, 0x3E,
    0x03, 0xC7, 0xE1, 0xFC, 0x78, 0x1F, 0xC3, 0x01, 0xF0, 0x00, 0x0E, 0x00, 0x00, 0xE0, 0x7F, 0x8E,
    0x0F, 0xF8, 0xE0, 0xFF, 0xFF, 0xF1, 0xC7, 0xFF, 0x1C, 0x7F, 0xF1, 0xC1, 0xE7, 0x1C, 0x1E, 0x71,
    0xC1, 0xC7, 0x1C, 0x1C, 0x71, 0xC9, 0xC7, 0x1F, 0xBC, 0x7F, 0xFF, 0x8F, 0xFF, 0xF8, 0xF7, 0xC7,
    0x8E, 0x40, 0xF0, 0xE0, 0x3E, 0x7E, 0x01, 0xC7, 0xE0, 0x08, 0x78, 0x1C, 0x00, 0x01, 0xC0, 0x00,
    0x1C, 0x1F, 0xE1, 0xC1, 0xFF, 0x7F, 0xFF, 0xF7, 0xFF, 0xCF, 0x7F, 0xFC, 0xF1, 0xCF, 0xCF, 0x1C,
    0xFC, 0xF1, 0xCF, 0xCF, 0x1C, 0xFC, 0xF1, 0xDF, 0xCF, 0x3D, 0xFC, 0xF3, 0x9F, 0xCF, 0x39, 0xFC,
    0xF3, 0x9D, 0xFF, 0x79, 0xDF, 0xFF, 0xFD, 0xFF, 0xF7, 0xDC, 0xF6, 0x71, 0xC6, 0x07, 0x07, 0x00,
    0xF0, 0x70, 0x7F, 0xE7, 0x07, 0xFF, 0x70, 0x7F, 0xFF, 0xF1, 0x9D, 0xFF, 0x39, 0xDF, 0xF3, 0x8E,
    0x77, 0x70, 0xFF, 0x7F, 0x3E, 0xE7, 0x7F, 0x8E, 0x73, 0xF8, 0xE7, 0x1F, 0x8E, 0x70, 0xF8, 0xE7,
    0x0F, 0xDE, 0x71, 0xFD, 0xC7, 0x3D, 0xFC, 0xFF, 0x8F, 0xFE, 0x70, 0x7B, 0xE6, 0x03, 0x3E, 0x00,
    0x00, 0x00, 0x07, 0xC7, 0x07, 0xFE, 0x70, 0x7F, 0xE7, 0x00, 0xF0, 0x70, 0xFF, 0xF7, 0x0F, 0xFF,
    0xFF, 0x7F, 0xFF, 0xF7, 0xFE, 0x7F, 0x7F, 0xE7, 0x77, 0xFE, 0x77, 0x7F, 0xEF, 0x77, 0xFE, 0xE7,
    0x7F, 0xEE, 0x70, 0xF0, 0xE7, 0x7F, 0xFE, 0x77, 0xFF, 0xC7, 0x0F, 0xFC, 0xFF, 0xFF, 0xBF, 0xFF,
    0xFB, 0xE4, 0x03, 0x3E, 0x00, 0x00, 0x00, 0x06, 0x38, 0x00, 0x3D, 0xC0, 0x01, 0xCE, 0x00, 0x1E,
    0x70, 0x01, 0xE3, 0x86, 0x1F, 0x1C, 0xF0, 0xF8, 0xEF, 0xCF, 0xC7, 0xF8, 0xFE, 0x3F, 0x87, 0xF1,
    0xF0, 0x1F, 0x8E, 0x00, 0x3C, 0x70, 0x01, 0xE3, 0x80, 0x0F, 0x1C, 0x10, 0x78, 0xE0, 0xE3, 0xC7,
    0x0F, 0x1E, 0x38, 0x70, 0xF1, 0xFF, 0x87, 0x8F, 0xFC, 0x3C, 0x1F, 0x80, 0x3F, 0xFF, 0xF1, 0xFF,
    0xFF, 0x8F, 0xFF, 0xFC, 0x70, 0x78, 0x03, 0xBF, 0xFE, 0x1D, 0xFF, 0xF0, 0xEE, 0x07, 0x87, 0x7F,
    0xFC, 0x3B, 0xFF, 0xE1, 0xDC, 0x0F, 0x0E, 0xFF, 0xF8, 0x77, 0xFF, 0xC3, 0x99, 0xC8, 0x3D, 0xEF,
    0xE1, 0xCE, 0x77, 0x8E, 0xF3, 0x9E, 0x7F, 0x7C, 0x77, 0xF7, 0xE3, 0x18, 0x3E, 0x00, 0x00, 0x70,
    0x00, 0x07, 0x00, 0x00, 0x70, 0x03, 0xFF, 0xFE, 0x3F, 0xFF, 0xE3, 0xFF, 0xFE, 0x00, 0x70, 0x00,
    0x07, 0x00, 0x7F, 0xFF, 0xF7, 0xFF, 0xFF, 0x7F, 0xFF, 0xF0, 0x3C, 0x00, 0x03, 0xC7, 0x00, 0x38,
    0x78, 0x07, 0x83, 0xC0, 0x70, 0xFC, 0x7F, 0xFF, 0xE7, 0xFF, 0xFF, 0x3F, 0xFF, 0xF0, 0x00, 0x06,
    0x00, 0x00, 0x00, 0x1F, 0xFF, 0xE1, 0xFF, 0xFE, 0x1F, 0xFF, 0xE1, 0xC0, 0x00, 0x1C, 0x00, 0x01,
    0xFF, 0xF8, 0x1F, 0xFF, 0xC1, 0xFF, 0xFC, 0x1F, 0xC3, 0xC1, 0xDC, 0x38, 0x1D, 0xE7, 0x83, 0xCF,
    0xF0, 0x3C, 0xFF, 0x03, 0x87, 0xE0, 0x38, 0x7F, 0x07, 0xBF, 0xFC, 0x7F, 0xFF, 0xF7, 0x7C, 0x3F,
    0x27, 0x00, 0xE0, 0x03, 0x80, 0x00, 0x3F, 0xFF, 0x0D, 0xFF, 0xFC, 0x7F, 0xFF, 0xE3, 0xFB, 0x8F,
    0x1F, 0xDC, 0x70, 0xFE, 0xE3, 0x87, 0xF7, 0x1C, 0x3F, 0xBD, 0xE1, 0xFC, 0xEE, 0x0F, 0xE7, 0xF0,
    0x7F, 0x3F, 0x83, 0xF8, 0xF8, 0x7F, 0xC7, 0xC3, 0xFE, 0x3E, 0x0E, 0xF3, 0xF8, 0x07, 0xFF, 0xE0,
    0x3F, 0xEF, 0xC1, 0xFC, 0x3C, 0x0F, 0xC0, 0x40, 0x7F, 0xF0, 0x03, 0xFF, 0xFF, 0x9F, 0xFF, 0xFC,
    0x73, 0xFF, 0xE3, 0xFD, 0xC7, 0x1F, 0xEE, 0x78, 0xFF, 0x73, 0x87, 0x3B, 0x9C, 0x39, 0xDE, 0xE1,
    0xFE, 0x7F, 0x0F, 0xF3, 0xF0, 0x7F, 0x8F, 0x83, 0x9C, 0x78, 0x1F, 0xE3, 0xC3, 0xFF, 0x3F, 0x1F,
    0xFB, 0xFE, 0x71, 0xFE, 0xF8, 0x0F, 0xE3, 0x80, 0x74, 0x08, 0x00, 0x07, 0xC3, 0xFF, 0xFC, 0x7F,
    0xFF, 0xE3, 0xFF, 0xF8, 0x1C, 0x73, 0xC0, 0xE7, 0x38, 0x7F, 0xFF, 0xF7, 0xFF, 0xFF, 0x7F, 0xFF,
    0xF7, 0x00, 0x07, 0x7F, 0xFF, 0xF0, 0xFF, 0xF8, 0x0F, 0xFF, 0x00, 0x78, 0xF0, 0x03, 0xFE, 0x00,
    0x1F, 0xC0, 0x0F, 0xFF, 0x87, 0xFF, 0xFF, 0x7F, 0x0F, 0xE3, 0x80, 0x0E, 0x01, 0xE0, 0x00, 0x1E,
    0x00, 0x01, 0xC0, 0x07, 0xFF, 0xFF, 0x7F, 0xFF, 0xF7, 0xFF, 0xFF, 0x03, 0x80, 0x00, 0x78, 0x00,
    0x0F, 0x00, 0x00, 0xFF, 0xFC, 0x1F, 0xFF, 0xE3, 0xFF, 0xFE, 0x7F, 0x01, 0xEF, 0xF0, 0x1E, 0x77,
    0x01, 0xE2, 0x70, 0x1E, 0x07, 0xFF, 0xE0, 0x7F, 0xFE, 0x07, 0xFF, 0xE0, 0x70, 0x1E, 0x0F, 0xFF,
    0x81, 0xFF, 0xFC, 0x1F, 0xFF, 0xC1, 0xC0, 0x3C, 0x1C, 0x03, 0xC1, 0xFF, 0xFC, 0x1F, 0xFF, 0xC0,
    0xFF, 0xF8, 0x7F, 0xFF, 0xF7, 0xFF, 0xFF, 0x7F, 0xFF, 0xF0, 0xF0, 0x00, 0x0F, 0xFF, 0xC0, 0xFF,
    0xFC, 0x1F, 0xFF, 0x80, 0xC0, 0x38, 0x00, 0x03, 0x80, 0x07, 0xF8, 0x00, 0x7F, 0x00, 0x07, 0xF0,
    0x00, 0x00, 0x00, 0x00, 0x00, 0x00, 0x0E, 0x00, 0x00, 0xF0, 0x00, 0x0F, 0xFF, 0x80, 0xFF, 0xFC,
    0x0F, 0xFF, 0xC1, 0xFE, 0x3C, 0x0F, 0x7F, 0xC0, 0x31, 0xFC, 0x00, 0x1F, 0xF0, 0x07, 0xFF, 0xF9,
    0xFF, 0x1F, 0xF7, 0xE0, 0x3F, 0x3F, 0xFF, 0xF0, 0x3F, 0xFE, 0x01, 0xFF, 0xF0, 0x0E, 0x03, 0x80,
    0x70, 0x1C, 0x03, 0xFF, 0xE0, 0x1F, 0xFF, 0x00, 0xFF, 0xF8, 0x00, 0x00, 0xF0, 0x00, 0x07, 0xC0,
    0x00, 0x7F, 0x00, 0x07, 0xBC, 0x00, 0x79, 0xF0, 0x0F, 0x87, 0xE0, 0xF8, 0x0F, 0x9F, 0xFF, 0xFF,
    0x7F, 0xFF, 0xF3, 0x3F, 0xF9, 0x00, 0x00, 0x00, 0x3F, 0xFF, 0x81, 0xFF, 0xFC, 0x0F, 0xFF, 0xE0,
    0x78, 0x0F, 0x03, 0xC0, 0x78, 0x1E, 0x03, 0xC0, 0xFF, 0xFE, 0x07, 0xFF, 0xF0, 0x3F, 0xFF, 0x80,
    0xFF, 0xFF, 0xFF, 0xFF, 0xFF, 0xFF, 0xFF, 0xF0, 0x00, 0xFE, 0xFF, 0xFF, 0xDF, 0xFF, 0xF8, 0x00,
    0x7F, 0x00, 0x0F, 0xE7, 0xFD, 0xFC, 0xFF, 0xBF, 0x9C, 0x77, 0xF3, 0x8E, 0xFE, 0x71, 0xDF, 0xCF,
    0xFB, 0xF9, 0xFF, 0x7F, 0x38, 0x0F, 0xE7, 0x07, 0xFC, 0x00, 0xFB, 0x80, 0x1F, 0x00, 0x00, 0x00,
    0x01, 0xC0, 0x00, 0x78, 0x00, 0x1F, 0xFC, 0x07, 0xFF, 0x81, 0xFF, 0xF0, 0xFC, 0x3C, 0x3F, 0xE7,
    0x83, 0xBF, 0xE0, 0x23, 0xF8, 0x00, 0x3E, 0x00, 0x0F, 0xFF, 0x87, 0xFF, 0xF3, 0xFF, 0xFF, 0xFF,
    0x01, 0xDE, 0xE0, 0x3B, 0x1C, 0x07, 0x03, 0xFF, 0xE0, 0x7F, 0xFC, 0x0F, 0xFF, 0x81, 0xC0, 0x70,
    0x01, 0xE0, 0x00, 0x3C, 0x00, 0x07, 0x00, 0x3F, 0xFF, 0xEF, 0xFF, 0xFD, 0xFF, 0xFF, 0xBC, 0x00,
    0x77, 0x80, 0x0E, 0xF7, 0xFD, 0xDE, 0xFF, 0xBB, 0xDF, 0xF7, 0x7B, 0x8E, 0xEF, 0x71, 0xDD, 0xEF,
    0xFB, 0xBD, 0xFF, 0x77, 0xBF, 0xCE, 0xF7, 0x01, 0xDE, 0x01, 0xFB, 0xC0, 0x3F, 0x78, 0x07, 0xE0,
    0x1C, 0xF0, 0x03, 0x9E, 0x00, 0xF3, 0xC0, 0x1F, 0xFF, 0xE7, 0xFF, 0xFD, 0xFF, 0xFF, 0x3C, 0x3C,
    0x07, 0xFF, 0xFF, 0xFF, 0xFF, 0xFF, 0xFF, 0xFC, 0x00, 0x00, 0x0F, 0xFF, 0xC3, 0xFF, 0xF8, 0x7F,
    0xFF, 0x0F, 0x00, 0xE1, 0xE0, 0x1C, 0x3F, 0xFF, 0x87, 0xFF, 0xF0, 0xFF, 0xFE, 0x1E, 0x01, 0xC0,
    0xFF, 0xFF, 0xFF, 0xFF, 0xFF, 0xFF, 0xFF, 0xF0, 0x00, 0xFE, 0x7F, 0x9F, 0xCF, 0xFB, 0xF9, 0xFF,
    0x7F, 0x38, 0xEF, 0xE7, 0x1D, 0xFC, 0xE3, 0xBF, 0x9F, 0xF7, 0xF3, 0xFE, 0xFE, 0x7F, 0xDF, 0xC0,
    0x03, 0xF8, 0x00, 0x7F, 0xFF, 0xFF, 0xFF, 0xFF, 0xFF, 0xFF, 0xFF, 0x80, 0x07, 0x80, 0xFF, 0xFF,
    0xFF, 0xFF, 0xFF, 0xFF, 0xFF, 0xF0, 0x70, 0xFE, 0x0E, 0x1F, 0xDF, 0xFF, 0xFF, 0xFF, 0xFF, 0xFF,
    0xFF, 0xE1, 0xE1, 0xFC, 0x3E, 0x3F, 0x8F, 0xC7, 0xF3, 0xDC, 0xFE, 0xFB, 0xFF, 0xFE, 0x3F, 0xFB,
    0x83, 0xFF, 0xFF, 0xFF, 0xFF, 0xFF, 0xFF, 0xFF, 0xFF, 0x80, 0x07, 0x80, 0xFF, 0xFF, 0xFF, 0xFF,
    0xFF, 0xFF, 0xFF, 0xF1, 0xDC, 0xFE, 0x3B, 0x9F, 0xDF, 0xFF, 0xFB, 0xFF, 0xFF, 0x1D, 0xCF, 0xE3,
    0xB9, 0xFF, 0xFF, 0xFF, 0xFF, 0xFF, 0xF3, 0x9C, 0xFE, 0x73, 0x9F, 0xDE, 0x73, 0xFB, 0x8E, 0x7F,
    0xFF, 0xFF, 0xFF, 0xFF, 0xFF, 0xFF, 0xFF, 0x80, 0x07, 0x80, 0x01, 0xC0, 0x00, 0x1C, 0x00, 0x01,
    0xC0, 0x07, 0xFF, 0xFF, 0x7F, 0xFF, 0xF7, 0xFF, 0xFF, 0x07, 0x0E, 0x00, 0xF0, 0xE0, 0x1E, 0x0E,
    0x03, 0xE0, 0xE0, 0x7C, 0xFF, 0xEF, 0xCF, 0xFE, 0x7C, 0xFF, 0xE7, 0xC0, 0xE0, 0x1C, 0x0E, 0x01,
    0xC0, 0xE0, 0x1C, 0x0E, 0x01, 0xDF, 0xFF, 0x1D, 0xFF, 0xF1, 0xDF, 0xFF, 0x1C, 0x00, 0x00, 0xE7,
    0xFF, 0x87, 0x3F, 0xFC, 0x39, 0xDD, 0xE1, 0xCE, 0xEF, 0x7F, 0xFF, 0xFB, 0xFF, 0xFF, 0xCF, 0xFD,
    0xDE, 0x1C, 0xEE, 0xF0, 0xE7, 0xFF, 0x87, 0x3F, 0xFC, 0x3E, 0x1C, 0x01, 0xFF, 0xFE, 0x3F, 0xFF,
    0xFB, 0xFB, 0xFF, 0xCF, 0x01, 0xC0, 0x60, 0x0E, 0x00, 0x1F, 0xFF, 0xC0, 0xFF, 0xFE, 0x03, 0xFF,
    0xE0, 0x0E, 0x00, 0x00, 0x71, 0xFF, 0x9F, 0xFF, 0xFC, 0xFF, 0xFF, 0xE0, 0xE3, 0x87, 0x07, 0x1D,
    0xFB, 0xFF, 0xEF, 0x9F, 0xFF, 0x20, 0x31, 0xBF, 0xF1, 0xDD, 0xFF, 0x9F, 0xFF, 0x9C, 0xFF, 0xFF,
    0xC0, 0xE3, 0xFE, 0x07, 0x1F, 0xF1, 0xFF, 0xEF, 0x0F, 0xFF, 0x78, 0x0E, 0x3B, 0xE0, 0x71, 0xFF,
    0x83, 0x8F, 0xDC, 0x1C, 0x7C, 0x60, 0x18, 0x00, 0x00, 0xE7, 0xFF, 0x07, 0x3F, 0xF8, 0x39, 0xFF,
    0xC7, 0xEF, 0xFE, 0x3F, 0xF0, 0x71, 0xFF, 0xFF, 0x83, 0x8F, 0xFC, 0x1C, 0x00, 0x00, 0xEF, 0xFF,
    0xC7, 0x7F, 0xFE, 0x3D, 0xE0, 0x01, 0xFF, 0xFF, 0x3F, 0xFF, 0xFB, 0xFF, 0xEF, 0xCF, 0x6F, 0xEE,
    0x40, 0xFF, 0x70, 0x0F, 0xF7, 0x80, 0x7F, 0xF8, 0x00, 0x33, 0xC0, 0x00, 0x00, 0x00, 0x00, 0x70,
    0x00, 0x03, 0x80, 0x1F, 0xFF, 0xFC, 0xFF, 0xFF, 0xE7, 0xFF, 0xFF, 0x0E, 0xE7, 0xE0, 0xF7, 0x3F,
    0x8F, 0x7B, 0xDE, 0x77, 0xFE, 0x71, 0x3F, 0xE3, 0x00, 0xFC, 0x00, 0x0F, 0xFF, 0x00, 0xFF, 0xF8,
    0x1F, 0xC7, 0x81, 0xFF, 0x7C, 0x07, 0x3F, 0xC0, 0x03, 0xFE, 0x03, 0xFF, 0xFF, 0x9F, 0xF7, 0xFC,
    0xFC, 0x07, 0xE0, 0x00, 0x00, 0x00, 0x07, 0x07, 0x80, 0x78, 0x3C, 0x03, 0x81, 0xE0, 0x1F, 0xEF,
    0x01, 0xFF, 0x78, 0x0F, 0xFF, 0xC0, 0xF3, 0xFE, 0x0F, 0x1F, 0xF0, 0x7C, 0xEF, 0x87, 0xFF, 0x7C,
    0x1B, 0xF1, 0xF0, 0x0F, 0x8F, 0xC0, 0x3C, 0x7F, 0x83, 0xC3, 0xF8, 0x3C, 0x1F, 0xC3, 0xE0, 0xF0,
    0x3E, 0x07, 0x83, 0xE0, 0x3C, 0x1E, 0x01, 0xE0, 0x60, 0x0F, 0x00, 0x00, 0x70, 0x00, 0x03, 0x80,
    0x00, 0x1C, 0x00, 0x01, 0xE0, 0x00, 0x0F, 0x00, 0x00, 0x78, 0x01, 0xFF, 0xFF, 0xCF, 0xFF, 0xFE,
    0x7F, 0xFF, 0xF0, 0x07, 0xC0, 0x00, 0x7F, 0x00, 0x03, 0xF8, 0x00, 0x3D, 0xE0, 0x01, 0xEF, 0x00,
    0x1E, 0x3C, 0x01, 0xE0, 0xF0, 0x3F, 0x07, 0xE3, 0xF0, 0x1F, 0x9E, 0x00, 0x7C, 0x60, 0x00, 0xC0,
    0x00, 0xF0, 0x00, 0x07, 0x80, 0x00, 0x3C, 0x00, 0x01, 0xE0, 0x00, 0x0F, 0x00, 0x3F, 0xFF, 0xF9,
    0xFF, 0xFF, 0xCF, 0xFF, 0xFE, 0x00, 0xF8, 0x00, 0x0F, 0xE0, 0x00, 0x7F, 0x00, 0x03, 0xB8, 0x00,
    0x3D, 0xE0, 0x03, 0xC7, 0x80, 0x3F, 0xBE, 0x03, 0xFE, 0xF8, 0x3E, 0xFB, 0xE7, 0xE3, 0xEF, 0xDE,
    0x0E, 0x3C, 0x60, 0x20, 0xC0, 0x00, 0x70, 0x00, 0x03, 0x80, 0x00, 0x1C, 0x00, 0x3F, 0xFF, 0x81,
    0xFF, 0xFC, 0x0F, 0xFF, 0xE0, 0x71, 0xC7, 0x03, 0x8E, 0x38, 0x1C, 0x71, 0xC0, 0xE7, 0x8E, 0x1F,
    0xFF, 0xFC, 0xFF, 0xFF, 0xE7, 0xFF, 0xFF, 0x00, 0xFE, 0x00, 0x0F, 0x78, 0x00, 0xFB, 0xE0, 0x1F,
    0x8F, 0xC3, 0xF8, 0x3F, 0xDF, 0x00, 0x7C, 0xE0, 0x00, 0xC0, 0x0C, 0x70, 0x00, 0xF3, 0x80, 0x07,
    0x9C, 0x00, 0x3F, 0xFF, 0x83, 0xFF, 0xFC, 0x1F, 0xFF, 0xE1, 0xE1, 0xC0, 0x0F, 0x0E, 0x00, 0x30,
    0x70, 0x03, 0xFF, 0xFF, 0x9F, 0xFF, 0xFC, 0xFF, 0xFF, 0xE0, 0x1F, 0x80, 0x00, 0xFE, 0x00, 0x0F,
    0x78, 0x01, 0xFB, 0xE0, 0x1F, 0x8F, 0xC3, 0xF8, 0x3F, 0xDF, 0x00, 0x7C, 0x60, 0x00, 0xC0, 0x00,
    0xE0, 0x00, 0x1C, 0x03, 0xFF, 0xFF, 0xFF, 0xFF, 0xFF, 0xFF, 0xFF, 0xC0, 0x03, 0xFF, 0xFF, 0xFF,
    0xFF, 0xFF, 0x0F, 0xFC, 0x00, 0x0F, 0x80, 0x03, 0xC0, 0x7F, 0xFF, 0xFF, 0xFF, 0xFF, 0xFF, 0xFF,
    0xC0, 0x38, 0x00, 0x07, 0x00, 0x00, 0xE0, 0x01, 0xFC, 0x00, 0x3F, 0x80, 0x03, 0xE0, 0x00, 0x01,
    0xC0, 0x00, 0x0E, 0x00, 0x00, 0x70, 0x00, 0xFF, 0xFF, 0xE7, 0xFF, 0xFF, 0x3F, 0xFF, 0xF8, 0x1C,
    0x00, 0x01, 0xFF, 0xFC, 0x1E, 0xFF, 0xE1, 0xF3, 0xFE, 0x1F, 0x03, 0xE1, 0xF8, 0x1E, 0x07, 0xDF,
    0xFF, 0x3E, 0xFF, 0xF8, 0x77, 0xFF, 0xC3, 0x81, 0xC0, 0x1C, 0x0E, 0x00, 0xE3, 0xF0, 0x07, 0x1F,
    0x80, 0x38, 0x7C, 0x00, 0x00, 0x70, 0x00, 0x03, 0x80, 0x1F, 0xFF, 0xFC, 0xFF, 0xFF, 0xE7, 0xFF,
    0xFF, 0x38, 0x00, 0x79, 0xDF, 0xFF, 0xC0, 0xFF, 0xE0, 0x07, 0xFF, 0x00, 0x00, 0x00, 0x1F, 0xFF,
    0xFC, 0xFF, 0xFF, 0xE7, 0xFF, 0xFF, 0x03, 0xCE, 0x00, 0x1E, 0x70, 0x01, 0xE3, 0x8E, 0x3F, 0x1C,
    0x77, 0xF0, 0xFF, 0x9F, 0x03, 0xFC, 0xE0, 0x0F, 0x80, 0x00, 0x70, 0x00, 0x03, 0x80, 0x1F, 0xFF,
    0xFC, 0xFF, 0xFF, 0xE7, 0xFF, 0xFF, 0x38, 0x00, 0x79, 0xFF, 0xFF, 0xCF, 0xFF, 0xFE, 0x0F, 0xFF,
    0x80, 0x03, 0x80, 0x03, 0x9C, 0x00, 0x1C, 0xFF, 0x81, 0xE7, 0xFC, 0x0F, 0x3F, 0xE0, 0x79, 0xC0,
    0x07, 0xFE, 0x00, 0x3F, 0xF0, 0x03, 0xDF, 0xFF, 0xBC, 0x3F, 0xFC, 0x40, 0x7F, 0xC0, 0x00, 0x70,
    0x00, 0x03, 0x80, 0x1F, 0xFF, 0xFC, 0xFF, 0xFF, 0xE7, 0xFF, 0xFF, 0x3B, 0x80, 0x39, 0xFC, 0x7F,
    0x81, 0xFB, 0xFC, 0x1F, 0xFF, 0xE1, 0xFF, 0xE7, 0x0F, 0x7F, 0x39, 0xFB, 0xB9, 0xC7, 0xFD, 0xFE,
    0x17, 0xCF, 0xE0, 0x1E, 0x74, 0x81, 0xE3, 0x8E, 0x3E, 0x1C, 0x73, 0xE0, 0xFF, 0x9E, 0x07, 0xFC,
    0x40, 0x0F, 0x80, 0x00, 0xE0, 0x00, 0x1C, 0x03, 0xFF, 0xFF, 0xFF, 0xFF, 0xFF, 0xFF, 0xFF, 0xFF,
    0xFF, 0xC7, 0xFF, 0xC0, 0x07, 0x00, 0x3F, 0xFF, 0x87, 0xFF, 0xF0, 0x03, 0x80, 0x7F, 0xFF, 0xFF,
    0xFF, 0xFE, 0x00, 0x00, 0x07, 0xFF, 0xC0, 0xFF, 0xF8, 0x1C, 0x07, 0x03, 0xFF, 0xE0, 0x7F, 0xFC,
    0x0E, 0x03, 0x80, 0x00, 0x00, 0x01, 0x83, 0x8E, 0x1E, 0xFF, 0xFC, 0x7F, 0xFF, 0xE1, 0xC1, 0xC0,
    0x04, 0x7F, 0xF1, 0xF3, 0xFF, 0x8F, 0x9F, 0xFC, 0x1C, 0xE1, 0xE0, 0xE7, 0xFF, 0x07, 0x38, 0x78,
    0xFF, 0xFF, 0xC7, 0xFF, 0xFF, 0x31, 0xFF, 0xF8, 0x00, 0x1C, 0x0F, 0xFF, 0xFE, 0x7F, 0xFF, 0xF0,
    0x78, 0x38, 0x01, 0xE3, 0xC0, 0x07, 0x7E, 0x00, 0x03, 0xE0, 0x00, 0x00, 0x70, 0x00, 0x03, 0x80,
    0x00, 0x1C, 0x00, 0x00, 0xE0, 0x00, 0x07, 0x00, 0x0E, 0x38, 0xC0, 0x79, 0xCF, 0x03, 0x8E, 0x78,
    0x3C, 0x71, 0xE1, 0xE3, 0x8F, 0x0F, 0x1C, 0x3C, 0xF0, 0xE1, 0xE7, 0x87, 0x07, 0x78, 0x38, 0x3D,
    0xC1, 0xC1, 0xE0, 0x0E, 0x0C, 0x00, 0x70, 0x00, 0x3F, 0x80, 0x01, 0xFC, 0x00, 0x07, 0xC0, 0x00,
    0x00, 0x00, 0x00, 0x3F, 0xFF, 0xE3, 0xFF, 0xFE, 0x38, 0x00, 0xE3, 0x80, 0x0E, 0x3F, 0xFF, 0xE3,
    0xFF, 0xFE, 0x38, 0x3F, 0x03, 0xFF, 0xF8, 0x3B, 0xF8, 0xC3, 0x87, 0xFC, 0x3F, 0xFF, 0xC3, 0xFF,
    0xC6, 0x3A, 0x7F, 0xF7, 0xFF, 0xFF, 0x77, 0xFE, 0x67, 0x73, 0x87, 0xF0, 0x3F, 0xFF, 0x03, 0xFE,
    0x20, 0x0F, 0xC0, 0x01, 0xC0, 0x00, 0x1C, 0x00, 0x01, 0xC0, 0x07, 0xFF, 0xFF, 0x7F, 0xFF, 0xF7,
    0xFF, 0xFF, 0x03, 0x80, 0x00, 0x78, 0x00, 0x07, 0x00, 0x00, 0x7F, 0xFE, 0x0F, 0xFF, 0xF0, 0xFF,
    0xFF, 0x1E, 0x1C, 0x01, 0xC1, 0xC0, 0x3C, 0x1C, 0x07, 0x81, 0xC0, 0xF0, 0x1C, 0x07, 0x7F, 0xFF,
    0x67, 0xFF, 0xF0, 0x7F, 0xFF, 0x18, 0xE3, 0x07, 0x9C, 0xF0, 0x73, 0x9C, 0x7F, 0xFF, 0xFF, 0xFF,
    0xFF, 0xFF, 0xFF, 0xFB, 0xFF, 0xBF, 0xFF, 0xF7, 0x1E, 0x0E, 0x03, 0xFF, 0xC0, 0x7F, 0xF8, 0x00,
    0x70, 0x07, 0xFF, 0xFC, 0xFF, 0xFF, 0x9F, 0xFF, 0xF3, 0xC7, 0x1E, 0x78, 0xE3, 0xCF, 0x1D, 0xF9,
    0xE3, 0xBE, 0x00, 0x73, 0x00, 0x00, 0x78, 0x00, 0x03, 0xC0, 0x00, 0x1E, 0x00, 0x7F, 0xFF, 0xE3,
    0xFF, 0xFF, 0x1F, 0xFF, 0xF8, 0xE1, 0xC0, 0x07, 0x0F, 0x00, 0x38, 0x70, 0x01, 0xC3, 0x80, 0x0E,
    0x3C, 0x00, 0x71, 0xE7, 0x03, 0x8E, 0x78, 0x1C, 0x71, 0xE1, 0xE7, 0x87, 0x8F, 0x38, 0x3C, 0x7F,
    0xFF, 0xF7, 0xFF, 0xFF, 0xBF, 0xFF, 0xFE, 0xC0, 0x00, 0xE0, 0x00, 0x78, 0x00, 0x03, 0xC0, 0x0F,
    0xFF, 0xFC, 0x7F, 0xFF, 0xE3, 0xFF, 0xFF, 0x1C, 0x71, 0xC0, 0xFF, 0xFF, 0xC7, 0xFF, 0xFE, 0x38,
    0xE3, 0x81, 0xC7, 0xFC, 0x0E, 0x3F, 0xE0, 0x70, 0x00, 0x03, 0xFF, 0xFE, 0x1F, 0xFF, 0xF1, 0xE7,
    0x8F, 0x0E, 0x1F, 0xF0, 0x70, 0x7F, 0x07, 0xFF, 0xFF, 0xBB, 0xFF, 0xFC, 0x4F, 0x83, 0xC0, 0x01,
    0xC0, 0x70, 0xE3, 0xFC, 0x71, 0xEE, 0x38, 0xE7, 0x9C, 0xF1, 0xCE, 0x70, 0xC7, 0x39, 0xFF, 0xFF,
    0xFF, 0xFF, 0xFF, 0xFF, 0xC0, 0x01, 0xE0, 0x00, 0xF7, 0xFF, 0xFB, 0xFF, 0xFD, 0xFF, 0xFE, 0x00,
    0x0F, 0xFF, 0xFF, 0xFF, 0xFF, 0xFF, 0xFF, 0xE0, 0x00, 0xF0, 0x0E, 0x3F, 0x80, 0xF3, 0xFC, 0x0F,
    0x9F, 0xE0, 0xF8, 0xE7, 0x0F, 0xE7, 0x3B, 0x37, 0xF9, 0xD8, 0x3F, 0x8F, 0xC3, 0xFC, 0x3E, 0x7C,
    0xC0, 0x47, 0xEF, 0xFF, 0x3F, 0x7F, 0xF8, 0xF9, 0xFF, 0x81, 0xC7, 0xBC, 0x0E, 0x3F, 0xE0, 0x70,
    0xFE, 0x03, 0x83, 0xE0, 0x1C, 0x7F, 0xC0, 0xEF, 0xFF, 0xC7, 0x7C, 0xFC, 0x3B, 0x81, 0xC0, 0x0C,
    0x00, 0x01, 0xEF, 0xFE, 0x3E, 0xFF, 0xE7, 0xCF, 0xFE, 0xF8, 0xFF, 0xE6, 0xFE, 0x0E, 0x0E, 0xFF,
    0xE1, 0xEF, 0xFE, 0x3C, 0x00, 0x07, 0xDF, 0xFF, 0xFD, 0xFF, 0xF7, 0xC0, 0x38, 0x5F, 0xFF, 0xF1,
    0xFF, 0xFF, 0x1C, 0xE3, 0xC1, 0xCF, 0x38, 0x1C, 0x73, 0x81, 0xC3, 0xF8, 0x1C, 0x2F, 0x81, 0xC0,
    0xF8, 0x01, 0x80, 0x00, 0x1F, 0x0C, 0x00, 0xFC, 0x78, 0x01, 0xF7, 0x80, 0x37, 0xBC, 0x01, 0xDB,
    0xC0, 0xEE, 0x3C, 0x07, 0x71, 0xF8, 0x3B, 0x9F, 0xC3, 0xDD, 0xEF, 0x1C, 0xFE, 0x38, 0xE7, 0xE1,
    0xEF, 0x3E, 0x07, 0x13, 0xE1, 0x3C, 0x3E, 0x0F, 0x87, 0xF0, 0x70, 0xFF, 0x87, 0x83, 0xDF, 0xFC,
    0x08, 0xFF, 0xC0, 0x03, 0xFC, 0x00, 0x1C, 0x0E, 0x00, 0xEF, 0xFF, 0x87, 0xFF, 0xFC, 0x3C, 0x1C,
    0x07, 0xFF, 0xFE, 0x3F, 0xFF, 0xF1, 0xFF, 0xFF, 0xDF, 0xFF, 0xFF, 0xFF, 0xFF, 0xF7, 0xEF, 0xFF,
    0x07, 0x7F, 0xF8, 0x3B, 0x81, 0xC1, 0xDF, 0xFE, 0x0E, 0xFF, 0xF0, 0x77, 0x03, 0x83, 0xBF, 0xFC,
    0x1D, 0xFF, 0xE0, 0xEE, 0x07, 0x07, 0x70, 0xF8, 0x3B, 0x87, 0x80, 0x00, 0x00, 0x00, 0x1C, 0x1C,
    0x40, 0xEC, 0xFF, 0x0F, 0x77, 0xF8, 0xFF, 0xFE, 0x07, 0xFF, 0xC7, 0x1F, 0xEF, 0xF8, 0xFF, 0x7F,
    0x87, 0x3B, 0x88, 0x3F, 0xDF, 0xE1, 0xFE, 0xFF, 0x0F, 0xF7, 0xC8, 0x7F, 0xB8, 0xE3, 0xBD, 0xFF,
    0x1D, 0xFF, 0xF0, 0xC3, 0xE2, 0x03, 0xFF, 0x38, 0x3F, 0xB7, 0xE3, 0xDC, 0x3F, 0x9C, 0xFF, 0xDC,
    0xC7, 0xFC, 0xC0, 0x00, 0x00, 0x00, 0x01, 0xFC, 0x00, 0x0F, 0xF0, 0x00, 0x7B, 0xC3, 0xFF, 0xFF,
    0x1F, 0xFF, 0xF8, 0xFF, 0xFF, 0xC7, 0x03, 0x80, 0x38, 0x1C, 0xE1, 0xFE, 0xEF, 0x0F, 0xF7, 0x70,
    0x7F, 0xBF, 0x83, 0x9D, 0xFC, 0x1C, 0xE7, 0xC0, 0xE7, 0x3E, 0x07, 0xF9, 0xE6, 0x7F, 0xDF, 0x33,
    0xBF, 0xFB, 0x9C, 0x3F, 0xFD, 0xE1, 0xF7, 0xE6, 0x06, 0x1E, 0x00, 0x00, 0x00, 0x7F, 0xFF, 0xF3,
    0xFF, 0xFF, 0x8F, 0xFF, 0xF8, 0x3F, 0xFF, 0xC1, 0xFF, 0xFE, 0x0E, 0x00, 0x70, 0x70, 0x03, 0x83,
    0xFF, 0xFC, 0x1F, 0xFF, 0xE1, 0xE1, 0xC0, 0x0F, 0xFF, 0xF8, 0x7F, 0xFF, 0xE3, 0xFF, 0xFF, 0x1C,
    0x3E, 0x00, 0xE3, 0xF8, 0x0F, 0x3F, 0xF0, 0xFF, 0xE7, 0xF7, 0xFE, 0x1F, 0x89, 0xC0, 0x38, 0x1C,
    0x38, 0x00, 0xE1, 0xC0, 0x07, 0x0E, 0x00, 0x39, 0xFF, 0xEF, 0xFF, 0xFF, 0x7F, 0xFF, 0xF9, 0xFC,
    0xE0, 0x03, 0x87, 0xF8, 0x1C, 0x3F, 0xE0, 0xF9, 0xFF, 0x1F, 0xDE, 0x39, 0xFE, 0xF3, 0x8F, 0xC7,
    0xDC, 0x2E, 0x7F, 0xE0, 0x73, 0xBE, 0x03, 0x9D, 0xF0, 0x1D, 0xEF, 0xC3, 0xFF, 0xFF, 0x9F, 0xEF,
    0x7C, 0xF2, 0x30, 0xE0, 0x00, 0x00, 0x00, 0x1C, 0x00, 0x00, 0xE3, 0xFF, 0x87, 0x1F, 0xFC, 0x38,
    0xFF, 0xEF, 0xFF, 0x07, 0x7F, 0xF8, 0x39, 0xFF, 0xC1, 0xC3, 0x8E, 0x0E, 0x1C, 0x7F, 0xF0, 0xFF,
    0xFF, 0xBF, 0xFF, 0xFD, 0xFF, 0xEF, 0x0F, 0xC7, 0x38, 0x2E, 0x39, 0xC0, 0x73, 0xCF, 0x03, 0x9C,
    0x38, 0x1D, 0xE1, 0xE3, 0xEF, 0x07, 0xDF, 0xF0, 0x3E, 0xFB, 0x00, 0x60, 0x00, 0x00, 0x00, 0x1C,
    0x00, 0x01, 0xCF, 0xFF, 0x1C, 0xFF, 0xF1, 0xCF, 0xFF, 0xFF, 0xEE, 0x7F, 0xFE, 0xE7, 0x7F, 0xFF,
    0xF1, 0xCF, 0xFF, 0x1C, 0xFF, 0xF1, 0xFE, 0xE7, 0x7F, 0xFF, 0xFF, 0xFF, 0xFF, 0x7C, 0xFF, 0xF5,
    0xCE, 0xE7, 0x1C, 0x0E, 0x01, 0xC0, 0xE0, 0x1C, 0x0E, 0x07, 0xC0, 0xE0, 0x7C, 0x0E, 0x07, 0x80,
    0xE0, 0x00, 0x00, 0x00, 0x1C, 0x0E, 0x00, 0xE0, 0x70, 0x07, 0x1B, 0x80, 0x39, 0xDF, 0xCF, 0xFE,
    0xFE, 0x7F, 0xF7, 0x01, 0xFF, 0xFF, 0xC3, 0xBF, 0xFE, 0x1D, 0xFF, 0xF0, 0xF3, 0x73, 0x3F, 0xFB,
    0xB9, 0xFF, 0xDD, 0xCF, 0xDC, 0xFE, 0x0F, 0xFF, 0xE0, 0x72, 0xFF, 0x03, 0x83, 0xF0, 0x1C, 0x1F,
    0x03, 0xEF, 0xF0, 0x1E, 0x7F, 0x00, 0xF1, 0xE0, 0x00, 0x00, 0x00, 0x00, 0x1C, 0x0E, 0x00, 0xE0,
    0x70, 0x07, 0x7F, 0xFC, 0x3B, 0xFF, 0xEF, 0xF7, 0x9C, 0x7F, 0x9C, 0xE1, 0xFC, 0xEF, 0x03, 0xBF,
    0xFE, 0x1D, 0xFF, 0xF0, 0xF8, 0xE0, 0x0F, 0xCF, 0x01, 0xFF, 0xFF, 0xEF, 0xFF, 0xFF, 0x3E, 0x38,
    0xE0, 0x71, 0xEF, 0x03, 0x9F, 0xF0, 0x1C, 0x7F, 0xC3, 0xE7, 0xFF, 0x1F, 0xFF, 0x7C, 0xF3, 0xE0,
    0xC0, 0x00, 0x00, 0x00, 0x18, 0x61, 0xC1, 0x8F, 0x1C, 0x18, 0x71, 0xC1, 0x9F, 0xFF, 0xFF, 0xFF,
    0xFF, 0xFF, 0xFF, 0x7E, 0x00, 0x71, 0x9F, 0xB7, 0x19, 0xFB, 0x71, 0xFD, 0xB7, 0xFF, 0xFB, 0x7F,
    0xFF, 0xB7, 0xF9, 0xFB, 0x71, 0x9F, 0xB7, 0x19, 0xFB, 0x71, 0x9F, 0xB7, 0x19, 0xD8, 0x77, 0x9D,
    0x87, 0x79, 0xF9, 0xF7, 0x9F, 0x9E, 0x38, 0x00, 0x01, 0xE3, 0xFE, 0x0F, 0x1F, 0xF0, 0x78, 0xE3,
    0x8F, 0xE7, 0xFC, 0x7F, 0x3F, 0xE1, 0xFF, 0xEF, 0xC7, 0xBF, 0xFE, 0x3D, 0xDF, 0x71, 0xFE, 0xFB,
    0x9F, 0xFF, 0xFD, 0xFF, 0xFF, 0xEF, 0xC0, 0xE0, 0x3E, 0xFF, 0xF8, 0xF7, 0xFF, 0xC7, 0x87, 0xF0,
    0x3C, 0xFF, 0xC3, 0xFF, 0xFF, 0x9E, 0xFB, 0xBC, 0xF7, 0x1C, 0x40, 0x00, 0x40, 0x00, 0x00, 0x0E,
    0x03, 0xFE, 0xF0, 0x1F, 0xF7, 0x80, 0xE3, 0xB8, 0x07, 0x1D, 0xFF, 0xBF, 0xFF, 0xFD, 0xFF, 0xFF,
    0xCE, 0x3F, 0xBC, 0x71, 0xFD, 0xE3, 0xFF, 0xEE, 0x1F, 0xFF, 0xF0, 0xE3, 0x9F, 0x87, 0xFC, 0xF8,
    0x3F, 0xE3, 0xC0, 0xEE, 0x3E, 0x07, 0xF3, 0xF8, 0x7B, 0xFF, 0xF3, 0xCF, 0xEF, 0xFC, 0x7E, 0x3C,
    0xC0, 0x40, 0x40, 0x2E, 0xCE, 0x03, 0xF7, 0x70, 0x0F, 0xFB, 0x80, 0x7F, 0x9C, 0x0F, 0xFF, 0xFF,
    0xFF, 0xFF, 0xFC, 0x7E, 0x7F, 0xCF, 0xFF, 0xDC, 0xFF, 0xFE, 0xE3, 0x73, 0xFF, 0x03, 0x8F, 0xF1,
    0xFF, 0xEF, 0x8F, 0xFF, 0x7C, 0x1C, 0xE3, 0xC1, 0xFE, 0x1F, 0x0F, 0xF1, 0xF8, 0x3F, 0xDF, 0xF3,
    0xFF, 0xF7, 0xDF, 0x7F, 0x3C, 0xE1, 0x60, 0x40, 0x00, 0x70, 0x00, 0x03, 0x80, 0x00, 0x1C, 0x00,
    0xFF, 0xFF, 0xE7, 0xFF, 0xFF, 0x3F, 0xFF, 0xF8, 0x38, 0x1E, 0x01, 0xE0, 0xF0, 0x07, 0x0F, 0x00,
    0x3C, 0x78, 0x00, 0xF7, 0x80, 0x07, 0xFC, 0x00, 0x1F, 0xC0, 0x00, 0x7C, 0x00, 0x07, 0xF0, 0x00,
    0xFF, 0xE0, 0x3F, 0xDF, 0xE7, 0xF8, 0x7F, 0x9F, 0x80, 0xFC, 0xE0, 0x00, 0xC0, 0x0E, 0x00, 0x60,
    0x70, 0xBF, 0x9F, 0xFF, 0xFC, 0xFF, 0xFF, 0x03, 0x9D, 0xC0, 0x1D, 0xCE, 0x00, 0xEE, 0x70, 0x1F,
    0xFF, 0xFF, 0xFF, 0xFF, 0xF8, 0x70, 0xFF, 0x83, 0x87, 0x78, 0xFF, 0xFB, 0xC7, 0xFF, 0xDE, 0x0F,
    0x8E, 0xF0, 0xFE, 0xF7, 0x8F, 0xFF, 0x3C, 0xFF, 0xF9, 0xE7, 0xF3, 0x8F, 0x1B, 0xBC, 0x78, 0x1C,
    0x43, 0xC0, 0x3F, 0xBF, 0xF1, 0xFF, 0xFF, 0x8F, 0xFF, 0xFC, 0x73, 0xBB, 0xC3, 0x9D, 0xDE, 0x1F,
    0xEE, 0xE0, 0xFF, 0x77, 0x07, 0x3B, 0xB8, 0x3F, 0xFF, 0xF9, 0xFF, 0xFF, 0xCF, 0xFF, 0xFC, 0x7E,
    0x0F, 0x03, 0xB8, 0x78, 0x1D, 0xE7, 0xC1, 0xFF, 0x7E, 0xDF, 0xFF, 0xF7, 0x7C, 0xFF, 0xBB, 0x0F,
    0xDF, 0x80, 0x3C, 0x7C, 0x00, 0x81, 0x80, 0xFF, 0xFF, 0xFF, 0xFF, 0xFF, 0xFF, 0x00, 0x7E, 0x00,
    0xFC, 0x01, 0xF8, 0x03, 0xFF, 0xFF, 0xFF, 0xFF, 0xFF, 0xFF, 0x80, 0x3F, 0x00, 0x7E, 0x00, 0xFC,
    0x01, 0xFF, 0xFF, 0xFF, 0xFF, 0xFF, 0xFF, 0xC0, 0x1F, 0x80, 0x38, 0x00, 0x0E, 0x0F, 0xE0, 0xE0,
    0xFE, 0xFF, 0xEF, 0xEF, 0xFE, 0xEE, 0xFF, 0xCE, 0xE0, 0xE0, 0xEF, 0xFF, 0xEF, 0xFF, 0xFF, 0xFF,
    0xFF, 0xFF, 0xE0, 0x38, 0xEF, 0xFF, 0xEE, 0xFF, 0xFE, 0xEF, 0xFF, 0xEF, 0xE6, 0x38, 0xFE, 0xF3,
    0x8F, 0xE7, 0x38, 0xE0, 0x7B, 0x8E, 0x03, 0xF8, 0x00, 0x0F, 0x80, 0x00, 0xF8, 0x00, 0x1E, 0x0F,
    0xEF, 0xFE, 0xFF, 0xFF, 0xEF, 0xFF, 0xFE, 0xEE, 0x73, 0xCE, 0xE7, 0x38, 0xEF, 0xFF, 0xEF, 0xFF,
    0xFF, 0xFF, 0xFF, 0xFF, 0xE0, 0x00, 0xEE, 0xFF, 0xCE, 0xEF, 0xFC, 0xEE, 0xE1, 0xCF, 0xEE, 0x1C,
    0xFE, 0xFF, 0xCF, 0xEF, 0xFC, 0xE0, 0xE1, 0xCE, 0x0F, 0xFC, 0x00, 0xFF, 0xC0, 0x0E, 0x1C, 0x7F,
    0xFF, 0xF3, 0xFF, 0xFF, 0x9F, 0xFF, 0xFC, 0x00, 0xE0, 0x01, 0xFF, 0xFE, 0x0F, 0xFF, 0xF0, 0x71,
    0xC7, 0x83, 0xFF, 0xFC, 0x1F, 0xFF, 0xE0, 0xE3, 0x8F, 0x07, 0xFF, 0xF8, 0x3F, 0xFF, 0xC1, 0xEF,
    0x00, 0x0F, 0xF0, 0x00, 0x3F, 0x80, 0x01, 0xFF, 0xC0, 0x7F, 0xFF, 0xFB, 0xF3, 0xFF, 0x8E, 0x00,
    0xFC, 0x00, 0x70, 0x01, 0xFF, 0xFC, 0x1F, 0xFF, 0xC7, 0xFF, 0xFF, 0x7F, 0xFF, 0xF7, 0xFF, 0xFF,
    0x1F, 0xFF, 0xC1, 0xFF, 0xFC, 0x3F, 0xFF, 0xE3, 0xFF, 0xFE, 0x7F, 0xFF, 0xF7, 0xFF, 0xFF, 0x7F,
    0xFF, 0xF1, 0xFF, 0xFC, 0x1F, 0xFF, 0xC1, 0xFF, 0xFC, 0x1F, 0xFF, 0xC1, 0xC0, 0x1C, 0x1F, 0xFF,
    0xC1, 0xFF, 0xFC, 0x00, 0x00, 0x00, 0x0E, 0x07, 0x00, 0x70, 0x38, 0x1F, 0xFF, 0xFC, 0xFF, 0xFF,
    0xE0, 0xE0, 0x70, 0x3F, 0xFF, 0xF9, 0xFF, 0xFF, 0xC3, 0xE1, 0xF8, 0x3F, 0xDF, 0xE3, 0xFF, 0xE7,
    0x9E, 0x6E, 0x3C, 0x7F, 0xFF, 0xC1, 0xFF, 0xFC, 0x0E, 0x01, 0xE0, 0x7F, 0xFF, 0x03, 0xFF, 0xF8,
    0x1C, 0x03, 0xC0, 0xFF, 0xFE, 0x07, 0xFF, 0xF0, 0x38, 0x07, 0x80, 0x1F, 0xFF, 0xC0, 0xFF, 0xFE,
    0x07, 0x00, 0xF0, 0x3F, 0xFF, 0x81, 0xFF, 0xFC, 0x0F, 0xFF, 0xE0, 0x7F, 0xFF, 0x00, 0x00, 0x00,
    0x7F, 0xFF, 0xF3, 0xFF, 0xFF, 0x8E, 0x70, 0x00, 0x7F, 0xFF, 0xC3, 0xFF, 0xFE, 0x1F, 0xEE, 0xF0,
    0xFF, 0x3F, 0x07, 0x39, 0xF8, 0x7F, 0xCF, 0x83, 0xFF, 0xFF, 0x9F, 0xFF, 0xFC, 0x03, 0xF1, 0xC0,
    0x39, 0xC0, 0x03, 0x9D, 0xFF, 0x7F, 0xFF, 0xFF, 0xFF, 0xFF, 0xFF, 0xFC, 0x73, 0x9D, 0xFF, 0x3F,
    0xDF, 0xF3, 0xFD, 0xFF, 0x39, 0xDC, 0x73, 0xFD, 0xC7, 0x3F, 0xDF, 0xF3, 0x9D, 0xFF, 0x7F, 0xFF,
    0xFF, 0xFF, 0xC7, 0xFF, 0xFC, 0x71, 0x99, 0xC7, 0x3F, 0xDC, 0x77, 0x9F, 0xBF, 0xF0, 0xFB, 0xF6,
    0x01, 0x9E, 0x00, 0x00, 0x00, 0x00, 0x70, 0x00, 0x03, 0x80, 0x00, 0x1C, 0x00, 0x7F, 0xFF, 0x83,
    0xFF, 0xFE, 0x1F, 0xFF, 0xF0, 0x01, 0xC0, 0x00, 0x0E, 0x00, 0x7F, 0xFF, 0xF3, 0xFF, 0xFF, 0x9F,
    0xFF, 0xFC, 0x03, 0xF8, 0x00, 0x3F, 0xE0, 0x03, 0xFF, 0x80, 0x3D, 0xFE, 0x07, 0xCE, 0xFC, 0xFC,
    0x73, 0xF3, 0xC3, 0x87, 0x9C, 0x1C, 0x18, 0x00, 0xE0, 0x00, 0x00, 0x70, 0x00, 0x03, 0x80, 0x00,
    0x1C, 0x00, 0xFF, 0xFF, 0xE7, 0xFF, 0xFF, 0x3F, 0xFF, 0xF8, 0x01, 0xC0, 0x00, 0x0E, 0x00, 0x3F,
    0xFF, 0xE1, 0xFF, 0xFF, 0x0F, 0xFF, 0xF8, 0x03, 0xF8, 0x00, 0x3F, 0xE0, 0x03, 0xFF, 0x80, 0x3D,
    0xDE, 0x07, 0xCE, 0x7C, 0xFC, 0x71, 0xF3, 0xC3, 0x87, 0x8C, 0x1C, 0x18, 0x00, 0xE0, 0x00, 0x00,
    0x70, 0x00, 0x03, 0x80, 0x00, 0x1C, 0x00, 0x00, 0xE0, 0x07, 0xFF, 0xFF, 0x3F, 0xFF, 0xF9, 0xFF,
    0xFF, 0xC0, 0x3F, 0x80, 0x03, 0xFE, 0x00, 0x1F, 0xF0, 0x01, 0xFF, 0xC0, 0x1E, 0xEF, 0x01, 0xE7,
    0x7C, 0x1F, 0x39, 0xFB, 0xFF, 0xFF, 0xFE, 0xFF, 0xFE, 0x67, 0xFE, 0x20, 0x03, 0x80, 0x00, 0x1C,
    0x00, 0x00, 0xE0, 0x00, 0x1E, 0x00, 0xC0, 0xF1, 0x3F, 0x07, 0x8F, 0xFC, 0x3C, 0x7F, 0x07, 0xFB,
    0x80, 0x3F, 0xDC, 0x01, 0xFE, 0xE0, 0x03, 0xC7, 0xFF, 0x3E, 0x3F, 0xF9, 0xFB, 0xFF, 0x8F, 0xFE,
    0x70, 0xFF, 0xF3, 0x87, 0xFF, 0x1C, 0x7F, 0xB8, 0xE3, 0xF9, 0xC7, 0x0B, 0xDE, 0x38, 0x1E, 0xE1,
    0xC0, 0xFF, 0x0E, 0x07, 0xF0, 0x70, 0x3D, 0x83, 0x80, 0x1C, 0x0F, 0x00, 0xE0, 0xFC, 0x07, 0x0F,
    0xF0, 0x38, 0xF7, 0xC7, 0xFF, 0x1F, 0xBF, 0xFF, 0xFD, 0xFF, 0xFF, 0xC3, 0x81, 0xC0, 0x3E, 0xFF,
    0xF1, 0xFF, 0xFF, 0x8F, 0xFB, 0x9C, 0xFF, 0xDC, 0xE7, 0xFF, 0xFF, 0x7E, 0x7F, 0xF9, 0xF0, 0x3C,
    0x0B, 0x83, 0xF0, 0x1C, 0x3F, 0xE0, 0xEF, 0xCF, 0xC7, 0x7C, 0x3C, 0x39, 0x80, 0x60, 0x1C, 0x39,
    0xC0, 0xE1, 0xCE, 0x07, 0x3F, 0xFC, 0x39, 0xFF, 0xE7, 0xFF, 0xFF, 0x3F, 0xFF, 0xF9, 0xFC, 0xE7,
    0x03, 0xBF, 0xFF, 0x3E, 0xFF, 0xF1, 0xF7, 0xFF, 0x8F, 0xFF, 0xFC, 0xFF, 0xDC, 0xE7, 0xFF, 0xFF,
    0x7E, 0x7F, 0xFB, 0xF3, 0xB9, 0xCB, 0xBF, 0xFF, 0x1D, 0xFF, 0xF8, 0xE7, 0x07, 0x87, 0x38, 0xF8,
    0x39, 0xC3, 0xC0, 0x1C, 0x00, 0x00, 0xE7, 0xFF, 0xC7, 0x3F, 0xFE, 0x38, 0x3F, 0x07, 0xFF, 0xFF,
    0x3F, 0xFF, 0xF9, 0xFF, 0xFF, 0xC3, 0x9F, 0xFE, 0x3E, 0xFF, 0xF1, 0xF0, 0x00, 0x0F, 0xDF, 0xF8,
    0xFE, 0xFF, 0xC7, 0xF0, 0x00, 0x7F, 0xFF, 0xFF, 0xF7, 0xFF, 0xEB, 0x8F, 0xFC, 0x1C, 0xFF, 0xE0,
    0xEF, 0x7B, 0x87, 0x77, 0x9C, 0x39, 0x3C, 0x40, 0x1C, 0x39, 0xC0, 0xE1, 0xCE, 0x07, 0x3F, 0xFC,
    0x39, 0xFF, 0xE7, 0xF3, 0x9C, 0x3F, 0xFF, 0xFD, 0xFF, 0xFF, 0xE3, 0x81, 0xC0, 0x3E, 0xFF, 0xF1,
    0xF7, 0xFF, 0x8F, 0xFB, 0x9C, 0xFF, 0xFF, 0xE7, 0xFF, 0xFF, 0x7E, 0x77, 0x3B, 0xF3, 0xFF, 0xCB,
    0x9F, 0xFE, 0x1C, 0x39, 0xC0, 0xE7, 0xCF, 0x87, 0x7C, 0x3E, 0x39, 0x80, 0x60, 0x00, 0xE0, 0x01,
    0x07, 0x80, 0x0E, 0x38, 0x00, 0xF9, 0xC0, 0x03, 0xFF, 0xFF, 0x0E, 0xFF, 0xF8, 0x2F, 0xFF, 0xC0,
    0x7B, 0x9E, 0x07, 0x9C, 0xE0, 0x38, 0xEF, 0x03, 0x07, 0x90, 0x3C, 0x7C, 0x03, 0xE3, 0xE0, 0x3E,
    0x3F, 0x83, 0xE1, 0xDE, 0x0E, 0x1E, 0x78, 0x63, 0xE3, 0xE0, 0x7E, 0x0F, 0xC3, 0xE0, 0x3C, 0x0C,
    0x00, 0x40, 0x00, 0x38, 0x00, 0x03, 0x80, 0x00, 0x38, 0x00, 0x03, 0x80, 0x1C, 0x38, 0x01, 0xC3,
    0x80, 0x1C, 0x3F, 0xE1, 0xC3, 0xFE, 0x1C, 0x3F, 0xE1, 0xC3, 0x80, 0x1C, 0x38, 0x01, 0xC3, 0x80,
    0x1C, 0x38, 0x01, 0xC3, 0x80, 0x1C, 0x38, 0x01, 0xC3, 0x80, 0x7F, 0xFF, 0xFF, 0xFF, 0xFF, 0xFF,
    0xFF, 0xF0, 0x7F, 0xFF, 0xF7, 0xFF, 0xFF, 0x7F, 0xFF, 0xF0, 0x07, 0x80, 0x00, 0x78, 0x00, 0x07,
    0x80, 0x1C, 0x78, 0x01, 0xC7, 0xFE, 0x1C, 0x7F, 0xE1, 0xC7, 0xFE, 0x1C, 0x78, 0x01, 0xC7, 0x80,
    0x1C, 0x78, 0x01, 0xC7, 0x80, 0x1C, 0x78, 0x07, 0xFF, 0xFF, 0x7F, 0xFF, 0xF7, 0xFF, 0xFF, 0x00,
    0x00, 0x00, 0x00, 0xFE, 0x1F, 0xE7, 0xF8, 0xFF, 0x1D, 0xC7, 0xF9, 0xFF, 0x1E, 0x3F, 0xF0, 0xFF,
    0xF8, 0x07, 0xF1, 0xFC, 0x3F, 0xFF, 0xE3, 0x9F, 0xFF, 0x1E, 0xE3, 0xFD, 0xFE, 0xFF, 0xEF, 0xF7,
    0xF7, 0x37, 0xA3, 0xF8, 0x38, 0x1F, 0x81, 0xC0, 0xF8, 0x1E, 0x0F, 0xA0, 0xE1, 0xFD, 0xCF, 0x3F,
    0xFE, 0xF1, 0xF3, 0xE3, 0x0E, 0x0F, 0x00, 0x00, 0x00, 0x03, 0x80, 0x01, 0x7F, 0xFE, 0x0F, 0xFF,
    0xF0, 0x7C, 0x7F, 0x83, 0x83, 0x9C, 0x1F, 0xDC, 0xFC, 0xFE, 0xE7, 0xE7, 0xFF, 0x3F, 0x38, 0xF1,
    0xF1, 0xFF, 0xFE, 0x0F, 0xFF, 0xFC, 0x7F, 0xFF, 0xC3, 0x83, 0x9E, 0x1C, 0xEE, 0xF3, 0xFF, 0x7F,
    0x1F, 0xF9, 0xF0, 0xFE, 0x1F, 0xC1, 0xC7, 0xFF, 0xCE, 0x3F, 0x7C, 0x70, 0xE0, 0xC0, 0x07, 0x00,
    0x00, 0x78, 0x00, 0x03, 0xFF, 0xFC, 0x3F, 0xFF, 0xE3, 0xFF, 0xFE, 0x3F, 0xFF, 0xC1, 0xFF, 0xFF,
    0x07, 0xFF, 0xF8, 0x0E, 0x71, 0xC0, 0x73, 0x8E, 0x3F, 0xFF, 0xFF, 0xFF, 0xFF, 0xF7, 0xFF, 0xFF,
    0x0F, 0x39, 0xC0, 0x7F, 0xFF, 0x83, 0xFF, 0xFE, 0x1F, 0xFF, 0xF0, 0xE0, 0x3C, 0x07, 0x0F, 0xE0,
    0x00, 0x3E, 0x00, 0x00, 0x00, 0x00, 0x10, 0x1C, 0x01, 0xE0, 0xE0, 0x0F, 0x87, 0x00, 0x3F, 0xFF,
    0xC0, 0x5F, 0xFE, 0x00, 0xFF, 0xF1, 0xC0, 0x73, 0x8F, 0x03, 0x9C, 0x7C, 0x1C, 0xE0, 0xDF, 0xFF,
    0x80, 0xFF, 0xFE, 0x1F, 0xFF, 0xF0, 0xE3, 0xF0, 0x0F, 0x1F, 0x80, 0x71, 0xFE, 0x07, 0x9E, 0x78,
    0x39, 0xF3, 0xE3, 0xDF, 0x0F, 0x9D, 0xF0, 0x3C, 0x23, 0x00, 0xC0, 0x18, 0x38, 0x01, 0xF1, 0xE0,
    0x0F, 0x8F, 0xC0, 0x1C, 0x3E, 0x00, 0x5F, 0xFF, 0x00, 0xFF, 0xF9, 0xC7, 0xFF, 0xDF, 0x81, 0xC0,
    0x7C, 0x0E, 0x00, 0xC0, 0x70, 0x00, 0x3F, 0xF8, 0x09, 0xFF, 0xC0, 0xEF, 0xFE, 0x07, 0x07, 0x00,
    0x78, 0x38, 0x03, 0x81, 0xC0, 0x3D, 0xFF, 0xF3, 0xDF, 0xFF, 0xCE, 0xFF, 0xFE, 0x20, 0x00, 0x00,
    0x30, 0x0E, 0x43, 0xDC, 0xE7, 0x3F, 0xEE, 0xF1, 0xEE, 0xEE, 0x0C, 0xEF, 0xE0, 0x04, 0xE4, 0x71,
    0xFF, 0xEF, 0x9F, 0xFE, 0x7D, 0xFF, 0xE1, 0x9E, 0x0E, 0x01, 0xFF, 0xE0, 0x9F, 0xFE, 0x0D, 0xE0,
    0xE1, 0xFE, 0x0E, 0x1D, 0xFF, 0xE3, 0xDF, 0xFE, 0x39, 0xE0, 0xE7, 0x9E, 0x3E, 0x71, 0xE3, 0xE3,
    0x1E, 0x3E, 0x00, 0x00, 0x00, 0x38, 0x01, 0xC3, 0xFF, 0xFF, 0x0F, 0xFF, 0xF8, 0x1B, 0xFF, 0x00,
    0x03, 0xC0, 0x01, 0xFF, 0xF9, 0xCF, 0xFF, 0xDF, 0xFF, 0xFE, 0x78, 0xF3, 0xC0, 0xDF, 0xCF, 0x81,
    0xFE, 0x3E, 0x17, 0x70, 0xE1, 0xFF, 0xBE, 0x0E, 0xFF, 0xF0, 0xF7, 0xFF, 0xC7, 0x77, 0x6E, 0x7F,
    0xBB, 0xFB, 0x9B, 0xD9, 0x9C, 0x3E, 0x00, 0x60, 0xF0, 0x00, 0x38, 0x0E, 0x01, 0xE0, 0x70, 0x0F,
    0xFF, 0xFC, 0x1F, 0xFF, 0xE0, 0x5F, 0xFF, 0x00, 0x3F, 0xC1, 0xC0, 0xFC, 0x1F, 0xBF, 0xFE, 0x7F,
    0xFF, 0xF0, 0xDF, 0x0F, 0x80, 0x78, 0x78, 0x01, 0xFF, 0xC0, 0xEF, 0xFE, 0x0F, 0x70, 0x70, 0x73,
    0xFF, 0x87, 0xBF, 0xFC, 0x39, 0xC1, 0xE3, 0xDE, 0x07, 0x1C, 0xE0, 0x38, 0x27, 0x01, 0xC0, 0x00,
    0x00, 0x00, 0x38, 0x00, 0x03, 0xFF, 0xFF, 0x8F, 0xFF, 0xFC, 0x1F, 0xFF, 0xE0, 0x3C, 0x70, 0x01,
    0xFF, 0xF9, 0xCF, 0xFF, 0xDF, 0xFF, 0x0E, 0x7B, 0xFF, 0xF0, 0xDF, 0xFF, 0x80, 0xFE, 0x1C, 0x37,
    0x7F, 0xE1, 0xFB, 0xFF, 0x0F, 0xD3, 0xB0, 0xFE, 0xFF, 0x87, 0xFE, 0xFE, 0x7F, 0xF7, 0x73, 0xFF,
    0xBB, 0xDF, 0xDF, 0xCC, 0x6C, 0x3C, 0x00, 0x00, 0x00, 0x00, 0x18, 0xF7, 0x03, 0xEE, 0x70, 0x1D,
    0xFF, 0xE6, 0x7F, 0xFE, 0x7F, 0xCE, 0x0F, 0xFF, 0xFE, 0x3B, 0xFF, 0xE0, 0xDC, 0xE0, 0x0F, 0xFF,
    0xE1, 0xFF, 0xFE, 0x3D, 0xCE, 0x07, 0x9F, 0xFF, 0x31, 0xFF, 0xF0, 0x07, 0x00, 0x7F, 0xFF, 0xF7,
    0xFF, 0xFF, 0x7F, 0xFF, 0xF0, 0x07, 0x00, 0x00, 0x70, 0x00, 0x07, 0x00, 0x0E, 0x00, 0x00, 0xF0,
    0x00, 0x07, 0xFF, 0xF8, 0x7F, 0xFF, 0xCF, 0xFF, 0xFE, 0x3E, 0xEF, 0xC0, 0xF7, 0x7E, 0x0F, 0xFF,
    0xFE, 0x7F, 0xFF, 0xF3, 0xFF, 0xFF, 0x87, 0x77, 0xE0, 0x3B, 0xBF, 0x07, 0xFF, 0xFF, 0x3F, 0xFF,
    0xF9, 0xFF, 0xFF, 0x87, 0xBB, 0xBC, 0x39, 0xDD, 0xE3, 0xCE, 0xF7, 0x9E, 0x77, 0x9C, 0xE3, 0x98,
    0xE0, 0x00, 0x7F, 0xE3, 0xFF, 0xFF, 0x9F, 0xFF, 0xFC, 0xFF, 0x3C, 0xE7, 0x39, 0xC7, 0x3F, 0xFF,
    0xF9, 0xFF, 0xEF, 0x8F, 0xFE, 0x00, 0x73, 0xFF, 0xE3, 0x9F, 0xFF, 0x1C, 0xFC, 0x38, 0xFF, 0xE1,
    0xC7, 0xFF, 0xFE, 0x3F, 0xBF, 0xF0, 0xC0, 0x01, 0x07, 0xF3, 0xBC, 0x3B, 0xDC, 0xE3, 0xCE, 0xF7,
    0x9C, 0x73, 0x9C, 0xE3, 0x9C, 0xC0, 0x0E, 0x07, 0x03, 0xF0, 0x38, 0x1F, 0x9F, 0xFC, 0xFC, 0xFF,
    0xE7, 0xFF, 0xFE, 0x3F, 0xC3, 0x83, 0xFF, 0xFF, 0xFD, 0xDF, 0xFF, 0x6E, 0xFF, 0xF0, 0x7C, 0x0E,
    0x1F, 0xFF, 0xFD, 0xFF, 0xFF, 0xE7, 0xEF, 0xFF, 0x37, 0x38, 0xE0, 0x39, 0xE7, 0x01, 0xC7, 0xB8,
    0x0E, 0x19, 0xC0, 0x70, 0x7E, 0x03, 0x83, 0xF0, 0x1C, 0x0F, 0x00, 0x00, 0x00, 0x00, 0x0E, 0x0E,
    0x40, 0x70, 0x7E, 0x03, 0x83, 0xF8, 0xFC, 0x1D, 0xE7, 0xE0, 0xE7, 0x3F, 0x07, 0x20, 0xFF, 0xFF,
    0xC7, 0xFF, 0xFE, 0x0F, 0xFF, 0xF0, 0x70, 0xF0, 0x03, 0x87, 0xC0, 0x7C, 0x3E, 0x07, 0xE3, 0xF8,
    0x7F, 0x1F, 0xC1, 0xB9, 0xEF, 0x09, 0xCF, 0x3C, 0x0E, 0xF1, 0xF0, 0x7F, 0x07, 0xC3, 0xF8, 0x1C,
    0x1D, 0x80, 0x40, 0x66, 0x0E, 0x03, 0xB8, 0x70, 0x1F, 0xC3, 0x80, 0x7D, 0xFF, 0xE3, 0xCF, 0xFF,
    0x3F, 0x7F, 0xFB, 0xFB, 0xBB, 0xCD, 0xCF, 0xDC, 0x0E, 0x7E, 0xE0, 0xF3, 0xF6, 0x07, 0xFF, 0xFC,
    0x7F, 0xFF, 0xEF, 0xFF, 0xFF, 0x7F, 0x0F, 0x81, 0xB8, 0xFE, 0x01, 0xC7, 0xF8, 0x0E, 0x79, 0xE3,
    0xFF, 0x8F, 0x9F, 0xF8, 0x3C, 0xFB, 0x80, 0xE0, 0x00, 0x00, 0x00, 0x00, 0x70, 0x00, 0x07, 0x00,
    0x7F, 0xFF, 0xF7, 0xFF, 0xFF, 0x3F, 0xFF, 0xE3, 0x9F, 0x8E, 0x7F, 0xDD, 0xE3, 0xFF, 0xBC, 0x09,
    0xFD, 0x80, 0x4F, 0xFC, 0x3F, 0xFF, 0xE7, 0xFF, 0xFF, 0x7B, 0xF7, 0x67, 0xFF, 0xFF, 0x7F, 0xFF,
    0xF7, 0xFF, 0xFF, 0x00, 0x70, 0x00, 0x07, 0x00, 0x00, 0x70, 0x00, 0x07, 0x00, 0x00, 0x00, 0x07,
    0xFF, 0xFF, 0xBF, 0xFF, 0xFC, 0xFE, 0xE1, 0xE1, 0xC7, 0xFF, 0x0E, 0x3F, 0xF8, 0x71, 0xC3, 0xCF,
    0xEF, 0xFE, 0x7F, 0x7F, 0xF3, 0xFB, 0x87, 0x87, 0x1C, 0x3C, 0x38, 0xFF, 0xE1, 0xD7, 0xFF, 0x0F,
    0xDD, 0xC3, 0xFE, 0xEE, 0x1F, 0xEF, 0x74, 0xF8, 0x73, 0xB8, 0x0F, 0x9F, 0xC0, 0xF8, 0xFC, 0x07,
    0x87, 0xE0, 0x00, 0x00, 0x00, 0x1F, 0xFF, 0xE3, 0xFF, 0xFC, 0x7F, 0xFF, 0x8E, 0x38, 0x71, 0xC7,
    0x0E, 0x3F, 0xFF, 0xC7, 0xFF, 0xF8, 0xFF, 0xFF, 0x1C, 0x70, 0xE3, 0x8E, 0x1C, 0x7F, 0xFF, 0x9F,
    0xFF, 0xF3, 0xFF, 0xFE, 0x70, 0xE1, 0xCE, 0x1C, 0x3B, 0xC3, 0x87, 0x70, 0x77, 0xFE, 0x0E, 0xFD,
    0x81, 0xDF, 0x00, 0x00, 0x00, 0xFF, 0xFF, 0xFF, 0xFF, 0xFF, 0xFF, 0xFF, 0xB0, 0x70, 0x6E, 0xFF,
    0xFF, 0xDF, 0xFF, 0xFB, 0xBB, 0xFF, 0x77, 0x7F, 0xEF, 0xFF, 0xFD, 0xFF, 0xFF, 0xBB, 0xBF, 0xF7,
    0x77, 0xFE, 0xFF, 0xFF, 0xDF, 0xFF, 0xF8, 0x00, 0x7F, 0xFF, 0xFF, 0xFF, 0xFF, 0xFF, 0xFF, 0xFF,
    0x80, 0x07, 0x00, 0x00, 0x7F, 0x81, 0xFF, 0xFE, 0x0F, 0xFF, 0xE0, 0x1C, 0xE7, 0x00, 0xF7, 0x78,
    0x07, 0xBB, 0x81, 0xFF, 0xFF, 0xCF, 0xFF, 0xFE, 0x07, 0xFF, 0x00, 0xFF, 0xFE, 0x1F, 0x9C, 0xFE,
    0xFF, 0xFF, 0xE3, 0xFF, 0xFE, 0x0E, 0x39, 0xE0, 0x7F, 0xFF, 0x03, 0xFF, 0xF8, 0x1C, 0x73, 0xC0,
    0xFF, 0xFE, 0x07, 0xFF, 0xF0, 0x38, 0x03, 0x80, 0x03, 0xC0, 0x01, 0xE0, 0x00, 0xE0, 0x1F, 0xFF,
    0xFF, 0xFF, 0xFF, 0xFF, 0xFF, 0x80, 0x1F, 0xC0, 0x0F, 0xE0, 0x07, 0xFF, 0xFF, 0xFF, 0xFF, 0xFF,
    0xFF, 0xFE, 0x00, 0x7F, 0x00, 0x3F, 0x80, 0x1F, 0xC0, 0x0F, 0xFF, 0xFF, 0xFF, 0xFF, 0xFF, 0xFF,
    0xFC, 0x00, 0xF0, 0x1C, 0x1C, 0x03, 0x87, 0x80, 0x70, 0xE0, 0x3F, 0x9F, 0xFF, 0xFF, 0xFF, 0xFF,
    0xFF, 0xF8, 0xFC, 0x3F, 0x1F, 0x07, 0xE3, 0xF8, 0xFF, 0xF7, 0x1F, 0xFE, 0xF3, 0xFF, 0xCF, 0x7E,
    0x38, 0xEF, 0xC7, 0x1D, 0xF8, 0xE1, 0x7F, 0xFC, 0x0E, 0xFF, 0x81, 0xDF, 0xF3, 0xFB, 0x80, 0x7E,
    0x70, 0x07, 0x80, 0x7F, 0xFF, 0x7F, 0xFF, 0x7F, 0xFF, 0x70, 0x07, 0x70, 0x07, 0x7F, 0xFF, 0x7F,
    0xFF, 0x7F, 0xFF, 0x70, 0x07, 0x70, 0x07, 0x7F, 0xFF, 0x7F, 0xFF, 0x7F, 0xFF, 0x70, 0x07, 0x70,
    0x07, 0x7F, 0xFF, 0x7F, 0xFF, 0x7F, 0xFF, 0x70, 0x07, 0x38, 0x00, 0x01, 0xC3, 0xFF, 0x8F, 0xFF,
    0xFC, 0xFF, 0x00, 0x07, 0xF8, 0x00, 0x3F, 0x1F, 0xFB, 0xB8, 0xFF, 0xCD, 0xC7, 0xFE, 0xFF, 0xF8,
    0xF7, 0xFF, 0xFF, 0x9F, 0xFF, 0xFC, 0x1C, 0x7F, 0xE1, 0xF3, 0x8E, 0x0F, 0xDC, 0x70, 0x7F, 0x77,
    0x07, 0xBB, 0xB8, 0x39, 0x9D, 0xC3, 0xC7, 0xFF, 0xDC, 0x3F, 0xFE, 0x41, 0xFF, 0xE0, 0x00, 0x07,
    0x03, 0xFC, 0x38, 0x1F, 0xFF, 0xFC, 0xFF, 0xFF, 0xE1, 0xCF, 0xFF, 0x1C, 0x7E, 0xF8, 0xE0, 0xF7,
    0x07, 0xEF, 0xFE, 0x3F, 0xFF, 0xF3, 0xFF, 0xDC, 0x1E, 0xFF, 0xFD, 0xF7, 0xFF, 0xEF, 0xBF, 0xB8,
    0x7D, 0xFD, 0xC1, 0xEF, 0xFF, 0xC7, 0xFF, 0xFE, 0x3F, 0xFB, 0x81, 0xFB, 0xFF, 0xCE, 0x1F, 0xFE,
    0x00, 0xF0, 0x00, 0x1F, 0xFF, 0xC1, 0xFF, 0xFC, 0x1F, 0xFF, 0xC0, 0x00, 0x00, 0x00, 0x00, 0x07,
    0xFF, 0xFF, 0x7F, 0xFF, 0xF7, 0xFF, 0xFF, 0x00, 0x70, 0x00, 0x87, 0x18, 0x1E, 0x73, 0x81, 0xE7,
    0x3C, 0x3C, 0x71, 0xE3, 0xC7, 0x1E, 0x78, 0x70, 0xFF, 0x07, 0x0F, 0x77, 0xF0, 0x70, 0x3F, 0x00,
    0x03, 0xE0, 0x00, 0x03, 0x07, 0x01, 0xFC, 0x38, 0x3F, 0xE1, 0xC0, 0xFC, 0x4E, 0xC1, 0xE7, 0xFE,
    0x0F, 0x3B, 0xFB, 0xFF, 0xDD, 0xDF, 0xFE, 0xEE, 0x7F, 0xF7, 0x70, 0xF7, 0x3B, 0xCF, 0xF9, 0xC8,
    0x7F, 0x3F, 0xE7, 0xF9, 0xFE, 0x3F, 0x8F, 0xF3, 0xF8, 0x0F, 0x0F, 0xC0, 0xF8, 0x5E, 0x1F, 0x80,
    0xF7, 0xF8, 0x07, 0xBF, 0x00, 0x3C, 0xE0, 0x00, 0x03, 0x0E, 0x01, 0xFC, 0x70, 0x3F, 0xE7, 0xF8,
    0xFC, 0xFF, 0xC1, 0xEF, 0x9E, 0x0F, 0x7F, 0xE3, 0xFF, 0x7E, 0x1F, 0xF3, 0xE0, 0x7F, 0xFF, 0x00,
    0xF7, 0xF8, 0x0F, 0xDB, 0xFC, 0x7F, 0x3F, 0xE7, 0xFF, 0xCF, 0x7F, 0xFF, 0xF3, 0xF9, 0xFF, 0x8F,
    0xC0, 0xF8, 0x1E, 0x1F, 0x80, 0xF7, 0xF8, 0x07, 0xBF, 0x00, 0x3C, 0xE0, 0x00, 0x00, 0xE0, 0x00,
    0x1C, 0x03, 0xFF, 0xFF, 0xFF, 0xFF, 0xFF, 0xFF, 0xFF, 0xCF, 0x73, 0xF9, 0xCE, 0x30, 0xF9, 0xC7,
    0xFE, 0x3F, 0xDF, 0x83, 0xF9, 0xE0, 0x00, 0x1F, 0xFF, 0xC3, 0xFF, 0xF8, 0x7F, 0xFF, 0x00, 0x38,
    0x00, 0x07, 0x00, 0x00, 0xE0, 0x1F, 0xFF, 0xFF, 0xFF, 0xFF, 0xFF, 0xFF, 0xF0, 0x00, 0x70, 0x00,
    0x07, 0x00, 0x3F, 0xFF, 0xE3, 0xFF, 0xFE, 0x07, 0x0F, 0x07, 0xFF, 0xFF, 0x7F, 0xFF, 0xF0, 0x00,
    0x00, 0x1F, 0xFF, 0xC1, 0xFF, 0xFC, 0x1F, 0xFF, 0xC1, 0xFF, 0xFC, 0x1C, 0x01, 0xC1, 0xFF, 0xFC,
    0x1F, 0xFF, 0xC0, 0x07, 0x00, 0x7F, 0xFF, 0xF7, 0xFF, 0xFF, 0x00, 0x70, 0x00, 0x07, 0x00, 0x1C,
    0x0E, 0x00, 0xE7, 0x73, 0x87, 0x3B, 0x9C, 0x39, 0xDC, 0xE7, 0xFF, 0xFF, 0x3F, 0xFF, 0xF9, 0xFD,
    0xFF, 0x8C, 0xFF, 0xFE, 0x77, 0xFF, 0xFB, 0xFF, 0xFF, 0xDF, 0x83, 0x80, 0xFD, 0xFF, 0xE7, 0xEF,
    0xFF, 0x17, 0xFF, 0xF9, 0xFF, 0xFF, 0xDF, 0xFF, 0xFE, 0xFC, 0xFF, 0xF2, 0x07, 0xFF, 0x80, 0x3F,
    0xFC, 0x01, 0xFF, 0xE0, 0x1C, 0x0E, 0x01, 0xC1, 0xE0, 0x3F, 0xFF, 0xF7, 0xFF, 0xFF, 0xFF, 0x7B,
    0x87, 0x77, 0x38, 0x3F, 0xFF, 0xC3, 0xFF, 0xFC, 0x00, 0x71, 0xC1, 0xFF, 0xFC, 0x1F, 0xFF, 0xC1,
    0xC7, 0x00, 0x3C, 0x70, 0x03, 0xFF, 0xFF, 0x3F, 0xFF, 0xF3, 0xFF, 0x0E, 0x1F, 0xF7, 0xE7, 0xE7,
    0x7E, 0x7C, 0x73, 0xC3, 0x07, 0x00, 0x1C, 0x0C, 0x03, 0xC1, 0xE0, 0x3F, 0xFF, 0xF7, 0xFF, 0xFF,
    0xF7, 0x7B, 0x83, 0xFF, 0xFC, 0x1F, 0xFF, 0xC1, 0xFF, 0xFC, 0x1F, 0xFF, 0xC1, 0xFF, 0xFC, 0x1F,
    0xFF, 0xC1, 0xFF, 0xFC, 0x1F, 0xFF, 0xC0, 0x38, 0xF0, 0x7F, 0xFF, 0xF7, 0xFF, 0xFF, 0x0F, 0x0F,
    0x07, 0xF0, 0xF0, 0x7E, 0x0F, 0x03, 0x80, 0x70, 0x1C, 0x0E, 0x01, 0xE0, 0xF0, 0x0F, 0xFF, 0xFC,
    0xFF, 0xFF, 0xEF, 0xF7, 0xB8, 0x37, 0x19, 0xC1, 0xFF, 0xFF, 0xCF, 0xFF, 0xFE, 0x0E, 0x1F, 0xF3,
    0xFE, 0xE7, 0x9F, 0xF7, 0x3C, 0xFF, 0xB9, 0xE7, 0xFD, 0xFE, 0x3F, 0xEE, 0xF1, 0xFF, 0x76, 0x01,
    0xC3, 0x86, 0xFF, 0xFC, 0x3F, 0xFF, 0xFF, 0xC3, 0x87, 0xFC, 0x1C, 0x1F, 0xE0, 0x1C, 0x0E, 0x01,
    0xC1, 0xE0, 0x3F, 0xFF, 0xF7, 0xFF, 0xFF, 0xFF, 0xBB, 0x87, 0xF1, 0xDC, 0x7F, 0xFF, 0xF7, 0xFF,
    0xFF, 0x0E, 0x1D, 0xC7, 0xF9, 0xDC, 0x7F, 0xFF, 0xF0, 0xE7, 0xFF, 0x7F, 0xFF, 0xE7, 0xFF, 0xFE,
    0x1F, 0x38, 0xE3, 0xFB, 0xFE, 0x7F, 0xFF, 0xEF, 0xFB, 0xFE, 0x6E, 0x3F, 0xE0, 0xE3, 0x8E, 0x1C,
    0x00, 0xE0, 0xE0, 0x7F, 0x8F, 0x9F, 0xFC, 0xFE, 0xFF, 0x07, 0x77, 0x38, 0x7F, 0x39, 0xC1, 0xF9,
    0xCE, 0x07, 0xEE, 0x70, 0x3B, 0xFF, 0xFF, 0xFF, 0xFF, 0xFF, 0xFF, 0xFD, 0xFB, 0xE7, 0x07, 0xF7,
    0x38, 0x3F, 0xF9, 0xE1, 0xFF, 0xC7, 0x0F, 0xBE, 0x3F, 0xFD, 0xFF, 0xFF, 0xE7, 0xFF, 0xC7, 0x3F,
    0xBC, 0x38, 0xC0, 0xE0, 0x00, 0x00, 0x00, 0x00, 0x70, 0x03, 0xFF, 0xFE, 0x7F, 0xFF, 0xF7, 0xFF,
    0xFF, 0x00, 0x70, 0x07, 0xFF, 0xFF, 0x7F, 0xFF, 0xF7, 0x1E, 0xC7, 0x77, 0xCE, 0x77, 0xFB, 0xE7,
    0x0F, 0xFE, 0x00, 0x7F, 0xF8, 0x03, 0xE7, 0xC7, 0xFF, 0xFE, 0x7F, 0xFF, 0xF3, 0xF7, 0x76, 0x1F,
    0x77, 0xC7, 0xE7, 0x3E, 0x78, 0x70, 0xF3, 0x07, 0x06, 0x18, 0x00, 0x01, 0xC7, 0xFF, 0x3C, 0x7F,
    0xF7, 0xB7, 0xFF, 0x7F, 0x77, 0x7F, 0xF7, 0x77, 0x7E, 0x77, 0x73, 0xF7, 0x77, 0x3B, 0xF7, 0x7F,
    0xFF, 0xFF, 0xFF, 0xFF, 0xF7, 0xDF, 0xFF, 0x7F, 0x77, 0x77, 0xFF, 0x77, 0x7F, 0xF7, 0x77, 0xDF,
    0x77, 0xFD, 0xFF, 0xFF, 0xC7, 0xFF, 0x1C, 0x7F, 0xF1, 0xC7, 0x07, 0x1C, 0x1E, 0x00, 0xE0, 0xE0,
    0x0E, 0x8F, 0xF8, 0xFE, 0xFF, 0xCF, 0x77, 0xDE, 0x3F, 0xFF, 0xE0, 0xFF, 0xFF, 0x07, 0xE9, 0xF0,
    0x3B, 0x1F, 0x87, 0xFF, 0xFF, 0x3F, 0xFF, 0x7E, 0xBB, 0xFD, 0xE7, 0xF4, 0xFA, 0x3F, 0xC3, 0xE1,
    0xFE, 0x0E, 0x1F, 0xB7, 0x80, 0xFD, 0xFF, 0x87, 0xE0, 0xFF, 0x07, 0x00, 0xF8, 0x38, 0x01, 0x80,
    0x00, 0x00, 0x00, 0x1C, 0x07, 0x00, 0xE0, 0x38, 0x0E, 0xBF, 0xFC, 0xFF, 0xFF, 0xEF, 0x70, 0x70,
    0x7F, 0x3F, 0xF9, 0xF9, 0xFF, 0xC7, 0xE0, 0x00, 0x3F, 0xFF, 0xF7, 0xFF, 0xFF, 0xBF, 0xF8, 0x0C,
    0xBB, 0xFF, 0xE7, 0xF5, 0xFB, 0x3F, 0x8F, 0xC1, 0xFE, 0xEE, 0x1F, 0xF7, 0x76, 0xFD, 0xFB, 0xBF,
    0xE7, 0x9F, 0xC7, 0x78, 0x7E, 0x39, 0x83, 0xE0, 0x1C, 0x00, 0x01, 0xCF, 0xFF, 0x3A, 0xFF, 0xF7,
    0xFF, 0xFF, 0xF7, 0xFF, 0xF7, 0xEF, 0xFF, 0x3C, 0xE0, 0x73, 0xFE, 0x07, 0x3F, 0xFF, 0xFF, 0xFF,
    0xFF, 0xFF, 0xE0, 0x05, 0xFF, 0xFF, 0x1F, 0xFF, 0xF7, 0xFF, 0xFF, 0x7F, 0xFF, 0xFF, 0xFF, 0xFF,
    0xFF, 0xFF, 0xFF, 0xDF, 0xFF, 0x1D, 0xFF, 0xF1, 0xCB, 0xFF, 0x18, 0x76, 0x71, 0xC7, 0xF3, 0x8F,
    0x39, 0xDC, 0xFF, 0x8F, 0xCF, 0xFF, 0x7E, 0x3F, 0x3F, 0xF8, 0xF3, 0xFF, 0xC7, 0xDD, 0xFE, 0x3F,
    0xE1, 0xC7, 0xFF, 0x6E, 0x3F, 0xFB, 0xF8, 0xBF, 0xDF, 0xE5, 0xCE, 0xDF, 0x3F, 0xF7, 0xE1, 0xFF,
    0xBF, 0x0F, 0xFD, 0xF8, 0xFF, 0xFF, 0xC7, 0xFF, 0xFE, 0x17, 0x3E, 0xFE, 0x39, 0xF3, 0xE0, 0x80,
    0x00, 0x00, 0x7F, 0xFF, 0xC7, 0xFF, 0xFC, 0x7F, 0xFF, 0xC7, 0xFF, 0xFC, 0x00, 0xE0, 0x0F, 0xFF,
    0xFE, 0xFF, 0xFF, 0xE0, 0x0E, 0x00, 0x77, 0xFF, 0x87, 0x7F, 0xF8, 0x77, 0xFF, 0x87, 0x7F, 0xF8,
    0x77, 0xFF, 0x87, 0x7F, 0xF8, 0x77, 0xFF, 0x87, 0x7F, 0xF8, 0x7F, 0xFF, 0xE7, 0xFF, 0xFE, 0x70,
    0x00, 0x00, 0x3E, 0x70, 0x07, 0xE7, 0x7F, 0x7E, 0x77, 0xF7, 0xFF, 0xFF, 0x7F, 0xFF, 0x77, 0xEF,
    0xF7, 0x7E, 0x77, 0x77, 0xFF, 0xF7, 0x7F, 0xFF, 0x77, 0xFF, 0xF7, 0x7E, 0xE7, 0x77, 0xEE, 0x77,
    0x7E, 0xFF, 0x77, 0xEF, 0xF7, 0x7F, 0xDF, 0xF7, 0xFF, 0xFF, 0x6F, 0xFF, 0xEF, 0xFE, 0xF0, 0xFE,
    0x0F, 0x07, 0xE0, 0x70, 0x00, 0x00, 0x00, 0x03, 0xC0, 0x01, 0xE0, 0x00, 0xF0, 0x0F, 0xFF, 0xE7,
    0xFF, 0xF3, 0xFF, 0xF9, 0xC0, 0x1C, 0xFF, 0xFE, 0x7F, 0xFF, 0x3F, 0xFF, 0x9C, 0x01, 0xCE, 0x00,
    0xE7, 0xFF, 0xF3, 0xFF, 0xF9, 0xFF, 0xFC, 0xE0, 0x0E, 0x7F, 0xFF, 0x3F, 0xFF, 0x9F, 0xFF, 0xCE,
    0x00, 0xE0, 0x0E, 0x1F, 0x80, 0x70, 0xFE, 0x03, 0x87, 0xF0, 0x7F, 0x3B, 0x83, 0xFB, 0xDF, 0x9E,
    0xDC, 0xFC, 0xFE, 0xE7, 0xE7, 0xFF, 0x3E, 0x35, 0xB0, 0x01, 0xFF, 0xFF, 0xBF, 0xFF, 0xF9, 0xFF,
    0x7F, 0xC3, 0xF9, 0xDE, 0x3F, 0xCF, 0xE1, 0xFE, 0x3F, 0x0F, 0xF1, 0xF0, 0x71, 0x9F, 0xC3, 0x9F,
    0xFF, 0xF9, 0xFF, 0x7C, 0xCF, 0x60, 0xE0, 0x03, 0x80, 0x00, 0x3F, 0xC0, 0x01, 0xFF, 0x80, 0x1F,
    0xFC, 0x01, 0xE3, 0xC0, 0x1F, 0xFF, 0xE3, 0xFF, 0xFF, 0x8F, 0xFF, 0xFC, 0x3C, 0x71, 0xE0, 0xE3,
    0x8F, 0x07, 0xFF, 0xF8, 0x3F, 0xFF, 0xC1, 0xFF, 0xFE, 0x0E, 0x00, 0xF0, 0x70, 0x00, 0x03, 0x80,
    0x0E, 0x1C, 0x00, 0x70, 0xFF, 0xFF, 0x87, 0xFF, 0xFC, 0x1F, 0xFF, 0xC0, 0x07, 0x0F, 0x03, 0xFF,
    0xFF, 0x9F, 0xFF, 0xFC, 0xFF, 0xFF, 0xE1, 0x73, 0xE0, 0x1E, 0x3C, 0x00, 0xFB, 0xFF, 0x83, 0xFF,
    0xFC, 0x07, 0xFB, 0xC3, 0x9F, 0xFC, 0x3F, 0x5F, 0xF0, 0x7F, 0xFF, 0xF1, 0xBF, 0x1F, 0x07, 0xFF,
    0xF0, 0x3F, 0xFF, 0x83, 0xF8, 0x3C, 0x3D, 0xC1, 0xE3, 0xCF, 0xFF, 0x1C, 0x7F, 0xF8, 0x63, 0x83,
    0x80, 0x06, 0x00, 0x00, 0x7B, 0xFF, 0x87, 0x9F, 0xFC, 0x78, 0xFF, 0xEF, 0x80, 0x00, 0x3B, 0xC0,
    0x01, 0xBC, 0x00, 0x01, 0xFF, 0xFE, 0x3E, 0xFF, 0xF3, 0xF7, 0xFF, 0xBF, 0x80, 0xF1, 0xFC, 0x07,
    0x87, 0xE0, 0x3C, 0x0F, 0x01, 0xE0, 0x78, 0x0F, 0x03, 0xC0, 0x78, 0x1E, 0x03, 0xC0, 0xF0, 0xFC,
    0x07, 0x87, 0xE0, 0x3C, 0x3F, 0x00, 0x00, 0x00, 0x00, 0x00, 0x70, 0x00, 0x03, 0x80, 0x0F, 0xFF,
    0xF8, 0x7F, 0xFF, 0xC0, 0x07, 0x00, 0x0F, 0xFF, 0xF0, 0x7F, 0xFF, 0x80, 0x0E, 0x00, 0x7F, 0xFF,
    0xF3, 0xFF, 0xFF, 0x80, 0xFF, 0x10, 0x1F, 0xB9, 0xE7, 0xF1, 0xFE, 0x7F, 0x8F, 0xE1, 0xFC, 0x3C,
    0x00, 0xE7, 0xF0, 0x07, 0xFF, 0xE1, 0xFF, 0xDF, 0x8F, 0xF8, 0x7C, 0x3C, 0x00, 0xC0, 0x1C, 0x07,
    0xC0, 0xE0, 0x3F, 0x87, 0x01, 0xDC, 0x39, 0xFF, 0xF7, 0xFF, 0xFF, 0xBF, 0xFF, 0xF9, 0xFC, 0x1C,
    0x01, 0xDF, 0xFE, 0x1F, 0xFF, 0xF0, 0xFF, 0x3B, 0x8F, 0xFF, 0xFC, 0xFF, 0xFF, 0xEF, 0xFE, 0x77,
    0x7F, 0xF3, 0xB9, 0xF3, 0xFF, 0xC3, 0x9F, 0xFE, 0x1C, 0xE7, 0x70, 0xE7, 0x3B, 0x87, 0x39, 0xFC,
    0x39, 0xCF, 0xC0, 0x00, 0x00, 0x00, 0x3F, 0xFF, 0xE7, 0xFF, 0xFF, 0x7F, 0xFF, 0xF0, 0x39, 0xC0,
    0x3F, 0xFF, 0xE3, 0xFF, 0xFE, 0x3B, 0x9C, 0xE3, 0xB9, 0xCE, 0x3F, 0xFF, 0xE3, 0xFF, 0xFE, 0x01,
    0xC0, 0x00, 0x3C, 0x00, 0xFF, 0xFF, 0xFF, 0xFF, 0xFF, 0x0F, 0x0F, 0x00, 0xFF, 0xE0, 0x1F, 0xFE,
    0x03, 0xFF, 0xFE, 0x7F, 0xEF, 0xE3, 0xF0, 0x1E, 0x00, 0x00, 0x00, 0x0F, 0xFF, 0x80, 0xFF, 0xFE,
    0x07, 0xFF, 0xF0, 0x38, 0x07, 0x81, 0xFF, 0xFC, 0x0F, 0xFF, 0xE0, 0x70, 0x0F, 0x03, 0x80, 0x78,
    0x1F, 0xFF, 0xC0, 0xFF, 0xFE, 0x07, 0x00, 0xF0, 0x3F, 0xFF, 0x81, 0xFF, 0xFC, 0x07, 0xFF, 0xC0,
    0x1E, 0x70, 0x80, 0xF3, 0x86, 0x0F, 0x1C, 0x73, 0xF8, 0xFF, 0x9F, 0x87, 0xFC, 0xF0, 0x1F, 0xC0,
    0x00, 0x00, 0x00, 0x1E, 0x00, 0x00, 0xF3, 0xFF, 0x07, 0x9F, 0xF8, 0x3C, 0xE1, 0xC7, 0xFF, 0xFE,
    0x3F, 0xFF, 0xF1, 0xFF, 0xC3, 0x80, 0xEE, 0x1C, 0x0F, 0x7F, 0xE0, 0xF3, 0xFF, 0x0F, 0xFC, 0x38,
    0xFF, 0xFF, 0xCF, 0xFF, 0xFE, 0x3F, 0xCF, 0xC1, 0x78, 0xFE, 0x03, 0xC7, 0x74, 0x1E, 0x7B, 0xB8,
    0xF7, 0x9D, 0xC7, 0xFC, 0xFC, 0x3D, 0xC3, 0xE0, 0x00, 0x00, 0x00, 0x1C, 0x00, 0x00, 0xE1, 0xFF,
    0x8F, 0xEF, 0xFC, 0x7F, 0x1C, 0xE7, 0xB8, 0xE7, 0x7F, 0xEF, 0x3B, 0xFF, 0xF7, 0xCE, 0xDF, 0xBC,
    0x36, 0xFB, 0x81, 0xFE, 0xFC, 0x0F, 0xFF, 0xFC, 0x6D, 0xFF, 0xE3, 0xFF, 0xB8, 0x1F, 0xF9, 0xC1,
    0xC3, 0xFF, 0xEE, 0x1F, 0xFF, 0x70, 0xFF, 0xF3, 0x86, 0x1C, 0x38, 0xF0, 0xE0, 0xC7, 0x87, 0x00,
    0x00, 0x00, 0x00, 0x0F, 0xFF, 0x80, 0xFF, 0xF8, 0x00, 0x00, 0x07, 0xFF, 0xFF, 0x7F, 0xFF, 0xF0,
    0x00, 0x00, 0x0F, 0xFF, 0x80, 0xFF, 0xF8, 0x00, 0x00, 0x00, 0xFF, 0xF8, 0x0F, 0xFF, 0x80, 0x00,
    0x00, 0x0F, 0xFF, 0x80, 0xFF, 0xF8, 0x0E, 0x03, 0x80, 0xE0, 0x38, 0x0F, 0xFF, 0x80, 0xFF, 0xF8,
    0x0E, 0x03, 0x80, 0x00, 0x07, 0x03, 0xFC, 0x38, 0x1F, 0xE1, 0xC0, 0x00, 0x0E, 0x0F, 0xFC, 0x70,
    0x7F, 0xE3, 0x81, 0xFE, 0x1C, 0x0F, 0xFF, 0xFF, 0x7F, 0xFF, 0xFB, 0xFF, 0xFF, 0xDF, 0xE1, 0xC0,
    0x00, 0x0E, 0x07, 0xF8, 0x70, 0x3F, 0xC3, 0x81, 0xCE, 0x1C, 0x0E, 0x70, 0xE0, 0x73, 0x87, 0x03,
    0xFC, 0x38, 0x1F, 0xE1, 0xC0, 0xE0, 0x0E, 0x00, 0x7F, 0xBF, 0xF3, 0xFD, 0xFF, 0x80, 0x0F, 0xFD,
    0xFF, 0x81, 0xEF, 0xFC, 0x0F, 0x3F, 0xC0, 0x79, 0xFE, 0x03, 0xCF, 0xF7, 0xFE, 0x7F, 0xBF, 0xF3,
    0xFD, 0xFF, 0x80, 0x0E, 0x18, 0xFF, 0x70, 0x07, 0xFB, 0x80, 0x39, 0xDC, 0x19, 0xCE, 0xE1, 0xEE,
    0x77, 0x0E, 0x7F, 0xBF, 0xF3, 0xFD, 0xFF, 0x9C, 0x03, 0xF0, 0x00, 0x3F, 0x83, 0xF9, 0xFC, 0x1F,
    0xCF, 0xE0, 0x00, 0x77, 0x0F, 0xFB, 0xBA, 0x7F, 0xFD, 0xDD, 0xFD, 0xCF, 0xCF, 0xFE, 0x3E, 0x7F,
    0xE0, 0xE3, 0xFB, 0xFF, 0x1F, 0xDF, 0xF8, 0x00, 0x73, 0xC7, 0xF3, 0x9C, 0x3F, 0x9F, 0xE1, 0xCC,
    0x7E, 0x0E, 0x61, 0xF0, 0x73, 0x1F, 0xC3, 0xFF, 0xFF, 0x9F, 0xFF, 0x7C, 0xE0, 0xE1, 0xC0, 0x7F,
    0x7F, 0xF3, 0xFB, 0xFF, 0x80, 0x1F, 0xFD, 0xFF, 0x0E, 0x0F, 0xF8, 0x70, 0x00, 0x0B, 0x81, 0xFD,
    0xDC, 0x0F, 0xEE, 0xFE, 0x00, 0x77, 0xF3, 0xFB, 0xBF, 0x9F, 0xDD, 0xC0, 0x00, 0xEE, 0x07, 0xF7,
    0x70, 0x3F, 0xBB, 0x81, 0xDD, 0xDC, 0x0E, 0xFF, 0xFE, 0x7F, 0xFF, 0xFB, 0xFF, 0xFF, 0xDC, 0x00,
    0x00, 0x00, 0x03, 0xE3, 0xF8, 0x1F, 0x9F, 0xC0, 0xFE, 0x00, 0x07, 0x6F, 0xFF, 0xFF, 0x7F, 0xFF,
    0xF9, 0xFF, 0xFF, 0xCF, 0xE0, 0x70, 0x7F, 0x7F, 0x83, 0xFF, 0xFC, 0x1F, 0xFF, 0xE0, 0x00, 0x77,
    0x07, 0xF3, 0x9C, 0x3F, 0x9C, 0xE1, 0xDC, 0xE7, 0xCE, 0xE7, 0xFF, 0x77, 0xFF, 0xFB, 0xFF, 0xFF,
    0xDF, 0xF8, 0x3C, 0xE0, 0x00, 0xE0, 0x00, 0x00, 0x00, 0x00, 0x10, 0xE3, 0xF9, 0xC7, 0x1F, 0xCE,
    0x38, 0x00, 0x3B, 0x8F, 0xFF, 0xFF, 0x7F, 0xFF, 0xF9, 0xFD, 0xFF, 0xCF, 0xE0, 0xE0, 0x7F, 0x3F,
    0xE3, 0xFB, 0xFF, 0x9F, 0xDF, 0xFC, 0x00, 0x0E, 0x07, 0xFF, 0xFF, 0x3F, 0xFF, 0xFD, 0xCF, 0xFF,
    0xEE, 0x60, 0xE0, 0x73, 0x07, 0x03, 0xF8, 0x38, 0x1F, 0xC1, 0xC0, 0xE0, 0x0E, 0x00, 0x7F, 0x7F,
    0xF3, 0xFB, 0xFF, 0x80, 0x0B, 0x9D, 0xFF, 0xFC, 0xEF, 0xFF, 0xE7, 0x3F, 0x9F, 0xB9, 0xFC, 0xFF,
    0x8F, 0xFF, 0x7C, 0x7F, 0xF7, 0xE3, 0xFA, 0x7C, 0x00, 0x03, 0xC0, 0xFE, 0x3F, 0xC7, 0xF7, 0xFE,
    0x3B, 0xFE, 0x79, 0xDF, 0xF1, 0xCE, 0xFF, 0xBE, 0x7F, 0xFF, 0xFB, 0xFE, 0xFF, 0x9C, 0x07, 0xE0,
    0x00, 0x00, 0x03, 0xFB, 0xFF, 0x9F, 0xDF, 0xFC, 0x00, 0x38, 0x0F, 0xFF, 0xFE, 0x7F, 0xFF, 0xF0,
    0x00, 0x73, 0x8F, 0xE3, 0x9C, 0x7F, 0x7F, 0xF1, 0xF7, 0xFF, 0xDF, 0xFF, 0xFE, 0xFE, 0x00, 0x00,
    0x07, 0xFE, 0x3F, 0xBF, 0xF1, 0xFD, 0xFF, 0x8E, 0xEF, 0x1C, 0x77, 0x7F, 0xE3, 0xFB, 0xFF, 0x1F,
    0xDF, 0xF8, 0xE0, 0xE1, 0xC0, 0x00, 0x0E, 0x03, 0xF8, 0x78, 0x1F, 0xFF, 0xFC, 0x01, 0xFF, 0xEF,
    0xF0, 0xF0, 0x7F, 0xBF, 0xF8, 0x01, 0xFF, 0xCF, 0xE0, 0x00, 0x7F, 0xFF, 0xF3, 0xFF, 0xFF, 0x9F,
    0xF8, 0x1C, 0x01, 0xFF, 0xE7, 0xF3, 0xB8, 0x3F, 0x9D, 0xC1, 0xDC, 0xEE, 0x0E, 0xE7, 0x76, 0x77,
    0x7B, 0xBB, 0xFF, 0x9F, 0xDF, 0xF8, 0xFC, 0xE1, 0x83, 0xE0, 0x00, 0x00, 0x00, 0x0E, 0x00, 0x00,
    0x70, 0xFF, 0x1F, 0xF7, 0xF8, 0xFF, 0xBF, 0xC3, 0xFC, 0x0E, 0x07, 0x00, 0x73, 0xFF, 0xFF, 0x9F,
    0xFF, 0xFC, 0x7F, 0xDF, 0xE3, 0xB8, 0xE0, 0x1D, 0xF7, 0x00, 0xEF, 0xF8, 0x67, 0x7F, 0xC3, 0x3B,
    0x8F, 0xF9, 0xFC, 0x7F, 0xCF, 0xE1, 0xFE, 0x7F, 0x80, 0x07, 0xFF, 0xFF, 0xF9, 0xFF, 0xFD, 0xC1,
    0xFF, 0xE0, 0x00, 0x00, 0x00, 0x0E, 0x00, 0x00, 0x70, 0xFF, 0x1F, 0xF7, 0xFC, 0xFF, 0xBF, 0xE7,
    0xFC, 0x00, 0x3F, 0xE0, 0x01, 0xFF, 0x00, 0x0F, 0xFF, 0xFE, 0x7F, 0xFF, 0xF3, 0xFF, 0xFF, 0x9F,
    0xF3, 0xC0, 0xFF, 0x9C, 0x07, 0xFC, 0xEE, 0x07, 0x07, 0x73, 0xFF, 0xBB, 0x9F, 0xFF, 0x8E, 0x7F,
    0xDF, 0xF0, 0x73, 0xFF, 0x83, 0x8F, 0xFE, 0x1C, 0x78, 0x60, 0x20, 0x00, 0x03, 0x87, 0xF0, 0x1F,
    0x3F, 0x80, 0x79, 0xFC, 0x01, 0xC0, 0xE0, 0x00, 0x0F, 0x00, 0x00, 0x78, 0x00, 0x03, 0xE0, 0x7C,
    0x3F, 0x03, 0xE1, 0xF8, 0x1F, 0x1F, 0xE0, 0x38, 0xE7, 0x81, 0xCF, 0x3C, 0x0E, 0xF0, 0xF8, 0x7F,
    0x83, 0xC7, 0xF8, 0x0C, 0x7F, 0x80, 0x07, 0xFF, 0xFF, 0xDD, 0xFF, 0xFC, 0xC3, 0xFF, 0xE0, 0x20,
    0x01, 0xC3, 0x87, 0xFF, 0x1F, 0x3F, 0xF8, 0x79, 0xFC, 0x01, 0xCE, 0x00, 0x04, 0x70, 0x00, 0x03,
    0xFF, 0xC0, 0x1F, 0xFE, 0x7C, 0xFF, 0xF3, 0xE7, 0x1C, 0x1F, 0x38, 0xE0, 0x3B, 0xC7, 0x01, 0xDC,
    0x38, 0x0F, 0xE1, 0xC0, 0x7E, 0x0E, 0x07, 0xF0, 0x70, 0x7F, 0x83, 0x87, 0xFF, 0xFF, 0xDD, 0xFF,
    0xFC, 0xC3, 0xFF, 0xE0, 0x20, 0x1E, 0x03, 0xC0, 0xE0, 0x1F, 0x7F, 0xF0, 0x7B, 0xFF, 0x81, 0xDC,
    0x1C, 0x00, 0xE0, 0xE0, 0x07, 0xFF, 0x00, 0x3F, 0xF8, 0x7D, 0xC0, 0x03, 0xEF, 0x00, 0x1F, 0x7F,
    0xF8, 0x3B, 0xFF, 0xC1, 0xDC, 0x0E, 0x0E, 0xF0, 0x70, 0x77, 0xFF, 0x87, 0xFF, 0xFC, 0x7F, 0x80,
    0x07, 0xFF, 0xFF, 0xDD, 0xFF, 0xFC, 0xC3, 0xFF, 0xE0, 0x00, 0x00, 0x03, 0x87, 0xFF, 0x1F, 0x3F,
    0xF8, 0x79, 0xC3, 0xC1, 0xCF, 0xFE, 0x04, 0x7F, 0xF0, 0x03, 0x87, 0x80, 0x1F, 0xFC, 0x7C, 0xFF,
    0xE3, 0xE7, 0x77, 0x1F, 0x3B, 0xFC, 0x39, 0xCF, 0xC1, 0xCE, 0xF8, 0x0E, 0xFF, 0xF0, 0x7F, 0xF7,
    0xC7, 0xFF, 0x1E, 0x7F, 0x80, 0x27, 0xFF, 0xFF, 0xDD, 0xFF, 0xFC, 0xC3, 0xFF, 0xE0, 0x20, 0xE1,
    0xC3, 0x87, 0x0F, 0x1F, 0x3C, 0xF0, 0x7B, 0xFF, 0xC1, 0xDF, 0xFF, 0x04, 0xFF, 0xF8, 0x00, 0x78,
    0x00, 0x03, 0xC0, 0x7F, 0xFF, 0xF3, 0xFF, 0xFF, 0x9F, 0x7F, 0xFC, 0x38, 0x7E, 0x01, 0xC3, 0xF8,
    0x0E, 0x7D, 0xF0, 0x77, 0xC7, 0xC7, 0xFC, 0x1E, 0x7F, 0x80, 0x67, 0xFF, 0xFF, 0xDD, 0xFF, 0xFC,
    0xC3, 0xFF, 0xE0, 0x00, 0xE1, 0xC3, 0x87, 0x0E, 0x1E, 0x1C, 0xE0, 0x7F, 0xFF, 0xE1, 0xFF, 0xFF,
    0x05, 0xFF, 0xF8, 0x07, 0x7B, 0x80, 0x3B, 0xDC, 0x7D, 0xDE, 0xE3, 0xEE, 0xF7, 0x1F, 0x7F, 0xF8,
    0x3B, 0xFF, 0xC1, 0xDF, 0xFE, 0x0E, 0x0E, 0x00, 0x70, 0xF0, 0x07, 0xDF, 0x00, 0x7F, 0xF0, 0x07,
    0xFF, 0xFF, 0xDD, 0xFF, 0xFC, 0xC3, 0xFF, 0xE0, 0x20, 0x73, 0x83, 0x87, 0xBC, 0x1E, 0x39, 0xC0,
    0x7B, 0xFF, 0xE1, 0xFF, 0xFF, 0x07, 0xF7, 0x80, 0x1F, 0x3C, 0x00, 0xFF, 0xFC, 0xFD, 0xFF, 0xE7,
    0xEE, 0x78, 0x1F, 0x7F, 0xF8, 0x3B, 0xFF, 0xC1, 0xDE, 0xF0, 0x0E, 0xF7, 0x80, 0x77, 0xFF, 0xC3,
    0xBF, 0xFE, 0x7F, 0x00, 0x07, 0xFF, 0xFF, 0x9D, 0xFF, 0xFC, 0x83, 0xFF, 0xE0, 0x00, 0x1C, 0x01,
    0x80, 0xF0, 0x1E, 0xFF, 0xFC, 0xFF, 0xFF, 0xE1, 0xC7, 0x38, 0x0C, 0xFF, 0xF8, 0x07, 0xFF, 0xC0,
    0x39, 0x8E, 0xFD, 0xFF, 0xF7, 0xEF, 0xFF, 0x9F, 0x7F, 0xDC, 0x3B, 0xFE, 0xE1, 0xDF, 0x37, 0x0E,
    0xFF, 0xB8, 0x77, 0xFF, 0xC7, 0xF8, 0x3C, 0x7F, 0x80, 0x87, 0xFF, 0xFF, 0x9D, 0xFF, 0xFC, 0x83,
    0xFF, 0xE0, 0x00, 0x00, 0x03, 0x9F, 0xFF, 0x1E, 0xFF, 0xF8, 0xFF, 0xFF, 0xC3, 0xBF, 0xFE, 0x09,
    0xCF, 0x98, 0x0F, 0xFF, 0xC0, 0x3F, 0x7E, 0x78, 0x73, 0x87, 0xFF, 0xFF, 0xBF, 0xFF, 0xFC, 0x38,
    0xE7, 0x01, 0xFF, 0xFF, 0x0F, 0xFF, 0xF8, 0x73, 0xCF, 0x07, 0xFC, 0x3E, 0x7F, 0xC0, 0xE7, 0xFF,
    0xFF, 0xD8, 0xFF, 0xFC, 0x80, 0xFF, 0xC0, 0xFF, 0xFF, 0xF7, 0xFF, 0xFF, 0x9F, 0xF7, 0xFC, 0x3E,
    0x00, 0xE7, 0xFC, 0x07, 0x3F, 0xE0, 0x39, 0xFB, 0x7F, 0xCF, 0xDB, 0xFE, 0x7E, 0xDF, 0xF3, 0xDE,
    0xE3, 0x9E, 0xF7, 0x1C, 0xE1, 0xB8, 0x07, 0xFD, 0xC0, 0x3F, 0xEE, 0x19, 0xC3, 0x70, 0xEF, 0xFB,
    0x8E, 0x7F, 0xDF, 0xF3, 0x86, 0xFF, 0x98, 0x31, 0xF0, 0x0F, 0xFF, 0x81, 0xFF, 0xFC, 0x1F, 0xFF,
    0xC1, 0xFF, 0xFC, 0x1F, 0xFF, 0xC1, 0xFF, 0xFC, 0x00, 0x00, 0x07, 0xFF, 0xFF, 0x7F, 0xFF, 0xF1,
    0xFF, 0xFC, 0x1F, 0xFF, 0xC1, 0xFF, 0xFC, 0x1F, 0xFF, 0xC1, 0xFF, 0xFC, 0x1F, 0xFF, 0xC3, 0xFF,
    0xFC, 0x3F, 0xFF, 0xC7, 0xFF, 0xFF, 0x7F, 0xFF, 0xF0, 0x1E, 0x00, 0x00, 0xF9, 0xFF, 0x0F, 0xEF,
    0xF8, 0xF7, 0x81, 0xCF, 0x1B, 0xFE, 0x7F, 0xDF, 0xF1, 0xFE, 0x03, 0x83, 0xFF, 0xFE, 0x0C, 0x7F,
    0xF3, 0xFF, 0xF9, 0x1F, 0xFD, 0xDC, 0x7E, 0xEF, 0xE7, 0xFB, 0xFE, 0x3F, 0xDB, 0xE1, 0xFE, 0x7F,
    0x0F, 0xEF, 0xFC, 0x1F, 0xFF, 0xFB, 0xFF, 0xFB, 0x9F, 0xD7, 0xCC, 0xC0, 0x1C, 0x00, 0x00, 0x00,
    0x00, 0x7F, 0xFE, 0x03, 0xFF, 0xF0, 0x1C, 0x00, 0x00, 0xFF, 0xF8, 0x07, 0xFF, 0xC0, 0x38, 0x00,
    0x01, 0xFF, 0xF0, 0x0F, 0xFF, 0x80, 0x70, 0x00, 0x1F, 0xFF, 0xFC, 0xFF, 0xFF, 0xE7, 0xFF, 0xFF,
    0x07, 0x1D, 0xF0, 0x38, 0xFF, 0x01, 0xC3, 0xE0, 0x0F, 0xFF, 0xC1, 0xFF, 0xBF, 0x8F, 0xFC, 0xFC,
    0x78, 0x01, 0xC0, 0xFF, 0xBF, 0xFF, 0xF7, 0xFF, 0x8E, 0xE7, 0xFF, 0xDF, 0xFF, 0xFB, 0xFF, 0xC7,
    0x7F, 0xFF, 0xEF, 0xFF, 0xFC, 0x0F, 0xEF, 0xFF, 0xFD, 0xFF, 0xFF, 0x8E, 0xE7, 0xF1, 0xDC, 0xFE,
    0xFF, 0xFF, 0xDF, 0xFF, 0xF8, 0xEE, 0x7F, 0x39, 0xCF, 0xEF, 0x3F, 0xFD, 0xC7, 0xFB, 0x90, 0x1F,
    0x00, 0x00, 0x00, 0xFF, 0xBF, 0xFF, 0xF7, 0xFF, 0x8E, 0xE7, 0xFF, 0xDF, 0xFF, 0xFB, 0xFF, 0xC7,
    0x73, 0xFF, 0xEF, 0xFF, 0xFD, 0xFF, 0xE0, 0x01, 0xFC, 0xFF, 0xBF, 0x9F, 0xF7, 0xF3, 0x8E, 0xFE,
    0x7F, 0xDF, 0xCF, 0xFB, 0xF9, 0xC7, 0x7F, 0x3F, 0xEF, 0xE7, 0xFF, 0xFC, 0xE0, 0xFB, 0x80, 0x1F,
    0x00, 0x00, 0x1C, 0x0F, 0xE3, 0xE0, 0xFE, 0x7F, 0x0F, 0xEF, 0x78, 0xEF, 0xE3, 0xEF, 0xFC, 0x1F,
    0xFF, 0xFF, 0xEF, 0xDF, 0xFA, 0xFC, 0x1C, 0x0E, 0xE1, 0xC0, 0xEF, 0xFF, 0xEE, 0xFF, 0xFE, 0xEE,
    0x1C, 0x0F, 0xED, 0xD8, 0xFD, 0xDF, 0xCE, 0x1D, 0xDC, 0xE3, 0x9C, 0xEE, 0x7F, 0xCE, 0xE3, 0x7C,
    0x4E, 0x03, 0x80, 0x00, 0xCC, 0x0F, 0xDD, 0xC0, 0xFD, 0xFF, 0xEF, 0xFF, 0xFE, 0xFF, 0xFE, 0xEF,
    0xFF, 0x7C, 0xFF, 0xF7, 0xCF, 0x9E, 0x38, 0xF9, 0xC3, 0xCF, 0xFF, 0xFF, 0xFF, 0xFF, 0xEF, 0xF0,
    0x04, 0xFD, 0xFF, 0xCF, 0xDF, 0xFC, 0xFD, 0x1C, 0x8F, 0xDD, 0xF8, 0xE3, 0x9D, 0xCE, 0x79, 0xDE,
    0xE7, 0x7C, 0xEE, 0x07, 0x80, 0x00, 0x1C, 0x0F, 0xFF, 0xFE, 0xFF, 0xFF, 0xEF, 0xEE, 0x38, 0xEE,
    0x73, 0x8F, 0xFF, 0xFE, 0xFF, 0xFF, 0xEF, 0xDF, 0xFC, 0xFD, 0xFF, 0xCE, 0xFC, 0x1C, 0xEF, 0xFF,
    0xCE, 0xFF, 0xFC, 0xEF, 0xFF, 0xCF, 0xFF, 0xFC, 0xFC, 0x1C, 0x0E, 0x3F, 0xFF, 0xE3, 0xFF, 0xFE,
    0x01, 0xC0, 0xE0, 0x1C, 0x0E, 0x01, 0xC0, 0x00, 0x1F, 0xCF, 0xFF, 0xFC, 0xFF, 0xFF, 0x8F, 0xED,
    0xCE, 0xEF, 0xDD, 0xEF, 0xCF, 0xDC, 0xFC, 0xE9, 0x8F, 0xDF, 0xFC, 0xFD, 0xFF, 0xCE, 0xFF, 0xFC,
    0xEF, 0xFF, 0xCE, 0xE0, 0x1C, 0xEF, 0xFF, 0xCF, 0xFF, 0xFC, 0xFC, 0x3E, 0x8E, 0x3F, 0xFC, 0xE3,
    0xF3, 0xEE, 0x7F, 0x3E, 0xE7, 0x7F, 0xEE, 0x37, 0xF4, 0x40, 0x00, 0x00, 0x07, 0x3C, 0x00, 0x79,
    0xC0, 0x07, 0xFF, 0xF8, 0x7F, 0xFF, 0xC7, 0xC7, 0x00, 0x7F, 0xFF, 0xE3, 0xFF, 0xFF, 0x07, 0xFF,
    0xF8, 0x1F, 0xFF, 0xC0, 0xFF, 0xFE, 0x07, 0xFF, 0xFC, 0x3F, 0xFF, 0xE0, 0x07, 0x00, 0x3F, 0xFF,
    0xF9, 0xFF, 0xFF, 0xC0, 0xFF, 0xE0, 0x1F, 0xFF, 0xC7, 0xFB, 0xBF, 0x9F, 0x1C, 0x7C, 0xC0, 0xE0,
    0xC0, 0x7F, 0xFF, 0x87, 0xFF, 0xF8, 0x00, 0xE0, 0x0F, 0xFF, 0xFE, 0xFF, 0xFF, 0xEE, 0x0E, 0x0E,
    0xFF, 0xFF, 0xEF, 0xFF, 0xFE, 0x3F, 0xFF, 0x01, 0xFF, 0xF0, 0x3F, 0xFF, 0x83, 0xFF, 0xF8, 0x38,
    0xE3, 0x83, 0xFF, 0xF8, 0x3F, 0xFF, 0x83, 0xFF, 0xF8, 0x3F, 0xFF, 0xE3, 0x8E, 0x0F, 0x00, 0xFF,
    0xE0, 0x0F, 0xFE, 0x03, 0x9C, 0x00, 0x1C, 0xE0, 0x00, 0xE7, 0x00, 0xFF, 0x3F, 0xE7, 0xF9, 0xFF,
    0x3F, 0xCF, 0xF8, 0x0E, 0x70, 0x07, 0xF3, 0xFC, 0x7F, 0x9F, 0xF3, 0xFC, 0xFF, 0x80, 0xE7, 0x00,
    0x07, 0xF8, 0x07, 0xFF, 0xFF, 0x7F, 0xFF, 0xFF, 0xFE, 0x7F, 0xE9, 0xE3, 0x80, 0x1E, 0x1C, 0x01,
    0xF0, 0xE0, 0x1F, 0x07, 0x00, 0x70, 0x38, 0x00, 0x00, 0x00, 0x00, 0xFF, 0xFF, 0xFF, 0xFF, 0xFF,
    0xFF, 0xFF, 0x80, 0xF0, 0x07, 0xFF, 0xFC, 0xFF, 0xFF, 0x9F, 0xFF, 0xF3, 0xB9, 0xCE, 0x77, 0xF9,
    0xCE, 0xFF, 0x39, 0xDC, 0xE7, 0x3B, 0x9C, 0xE7, 0x7F, 0x9C, 0xEF, 0xF3, 0x9D, 0xCE, 0x73, 0xFF,
    0xFE, 0x7F, 0xFF, 0xCF, 0xFF, 0xF9, 0xC0, 0x07, 0x00, 0x00, 0xFF, 0xFB, 0xFF, 0xFF, 0xDF, 0xE3,
    0xC0, 0xFE, 0xFF, 0xE1, 0xC7, 0xFF, 0x0E, 0x38, 0x38, 0x71, 0xC1, 0xC3, 0x8F, 0xFE, 0x1C, 0x7F,
    0xF0, 0xE3, 0x83, 0x87, 0x7F, 0xFC, 0x3F, 0xFF, 0xEF, 0xFF, 0x07, 0x7F, 0x3F, 0xF9, 0xC1, 0xFF,
    0xC0, 0x07, 0x38, 0x01, 0xF9, 0xF0, 0x1F, 0x87, 0xC0, 0x70, 0x0C, 0x06, 0x00, 0x00, 0x31, 0xFF,
    0x9D, 0xFF, 0xFC, 0xEF, 0x8F, 0x07, 0x71, 0xFF, 0x3B, 0x0F, 0xFB, 0xFF, 0xE1, 0xDF, 0xFF, 0x0E,
    0x7F, 0xFF, 0xF1, 0xFE, 0xFF, 0x9F, 0xBE, 0x1C, 0xED, 0xFF, 0xEF, 0x7F, 0xFF, 0x3F, 0xEC, 0x38,
    0x7F, 0x7F, 0xC0, 0xF3, 0xFE, 0x1F, 0x1C, 0xE3, 0xF1, 0xFF, 0x9F, 0x1F, 0x1E, 0x60, 0x60, 0x60,
    0x3F, 0x1F, 0xBF, 0x9F, 0xFF, 0xDF, 0xFF, 0x6F, 0xAF, 0x07, 0x87, 0xFB, 0xFF, 0xFD, 0xFF, 0xFE,
    0xFF, 0xF0, 0x78, 0x78, 0x3C, 0x3C, 0x1E, 0x1E, 0x0F, 0x0F, 0x07, 0x87, 0x83, 0xC3, 0xC1, 0xE1,
    0xE0, 0xF0, 0x3F, 0x7B, 0xFB, 0xFF, 0xDF, 0xF0, 0xFF, 0x00, 0x7F, 0xBF, 0xFD, 0xFF, 0xEF, 0xF0,
    0x7F, 0x83, 0xFC, 0x1F, 0xE0, 0xFF, 0x07, 0xF8, 0x3F, 0xC1, 0xFE, 0x0F, 0x3F, 0x78, 0xFE, 0xF3,
    0xFD, 0xE7, 0xC3, 0xCF, 0x07, 0x9F, 0xEF, 0x3F, 0xDE, 0x7F, 0xBC, 0xF0, 0x79, 0xE0, 0xF3, 0xC1,
    0xE7, 0x83, 0xCF, 0x07, 0xDE, 0x0F, 0xBC, 0x1F, 0x78, 0x1E, 0x3F, 0x1F, 0xB9, 0xFC, 0xFF, 0xFF,
    0xF7, 0xF7, 0xFE, 0xDF, 0x4E, 0xF0, 0x78, 0x03, 0xFD, 0xFE, 0xFF, 0xF7, 0xFB, 0xFF, 0xDF, 0xEF,
    0xF0, 0x78, 0x3F, 0xC1, 0xE0, 0xFF, 0x07, 0x83, 0xFC, 0x1E, 0x0F, 0xF0, 0x78, 0x3F, 0xC1, 0xE0,
    0xFF, 0x07, 0x83, 0xFC, 0x1E, 0x0F, 0x3F, 0x1F, 0xBC, 0xFE, 0x7F, 0x7B, 0xFD, 0xFC, 0xF7, 0xDB,
    0xE9, 0xEF, 0x07, 0x83, 0xDF, 0xEF, 0xF7, 0xBF, 0xDF, 0xEF, 0x7F, 0xBF, 0xDE, 0xF0, 0x78, 0x3D,
    0xE0, 0xF0, 0x7B, 0xC1, 0xE0, 0xF7, 0x83, 0xC1, 0xEF, 0x07, 0x83, 0xDE, 0x0F, 0x07, 0xFC, 0x1E,
    0x0F, 0xF8, 0x3C, 0x0F,
};

static const EpdGlyph ubuntu_10_boldGlyphs[] = {
    { 0, 0, 0, 0, 0, 0, 0 }, // U+0000
    { 0, 0, 0, 0, 0, 0, 0 }, // U+0008
    { 0, 0, 80, 0, 0, 0, 0 }, // U+0009
    { 0, 0, 80, 0, 0, 0, 0 }, // U+000D
    { 0, 0, 0, 0, 0, 0, 0 }, // U+001D
    { 0, 0, 80, 0, 0, 0, 0 }, // U+0020
    { 4, 15, 95, 1, 15, 8, 0 }, // !
    { 8, 6, 155, 1, 16, 6, 8 }, // "
    { 13, 15, 233, 1, 15, 25, 14 }, // #
    { 11, 19, 189, 0, 16, 27, 39 }, // $
    { 19, 15, 306, 0, 15, 36, 66 }, // %
    { 15, 15, 235, 0, 15, 29, 102 }, // &
    { 4, 6, 82, 1, 16, 3, 131 }, // '
    { 7, 20, 119, 1, 16, 18, 134 }, // (
    { 6, 20, 119, 0, 16, 15, 152 }, // )
    { 10, 8, 167, 0, 15, 10, 167 }, // *
    { 10, 11, 189, 1, 12, 14, 177 }, // +
    { 5, 6, 82, 0, 3, 4, 191 }, // ,
    { 7, 3, 113, 0, 8, 3, 195 }, // -
    { 5, 4, 82, 0, 4, 3, 198 }, // .
    { 11, 20, 146, -1, 16, 28, 201 }, // /
    { 12, 15, 189, 0, 15, 23, 229 }, // 0
    { 8, 15, 189, 1, 15, 15, 252 }, // 1
    { 11, 15, 189, 0, 15, 21, 267 }, // 2
    { 11, 15, 189, 0, 15, 21, 288 }, // 3
    { 12, 15, 189, 0, 15, 23, 309 }, // 4
    { 11, 15, 189, 0, 15, 21, 332 }, // 5
    { 12, 15, 189, 0, 15, 23, 353 }, // 6
    { 12, 15, 189, 0, 15, 23, 376 }, // 7
    { 12, 15, 189, 0, 15, 23, 399 }, // 8
    { 12, 15, 189, 0, 15, 23, 422 }, // 9
    { 5, 11, 82, 0, 11, 7, 445 }, // :
    { 5, 14, 82, 0, 11, 9, 452 }, // ;
    { 10, 11, 189, 1, 12, 14, 461 }, // <
    { 10, 8, 189, 1, 10, 10, 475 }, // =
    { 10, 11, 189, 1, 12, 14, 485 }, // >
    { 10, 16, 152, 0, 16, 20, 499 }, // ?
    { 19, 18, 325, 1, 15, 43, 519 }, // @
    { 15, 15, 240, 0, 15, 29, 562 }, // A
    { 13, 15, 224, 1, 15, 25, 591 }, // B
    { 13, 15, 216, 1, 15, 25, 616 }, // C
    { 14, 15, 246, 1, 15, 27, 641 }, // D
    { 11, 15, 202, 1, 15, 21, 668 }, // E
    { 11, 15, 191, 1, 15, 21, 689 }, // F
    { 13, 15, 234, 1, 15, 25, 710 }, // G
    { 13, 15, 245, 1, 15, 25, 735 }, // H
    { 4, 15, 105, 1, 15, 8, 760 }, // I
    { 10, 15, 176, 0, 15, 19, 768 }, // J
    { 14, 15, 228, 1, 15, 27, 787 }, // K
    { 11, 15, 188, 1, 15, 21, 814 }, // L
    { 17, 15, 299, 1, 15, 32, 835 }, // M
    { 14, 15, 252, 1, 15, 27, 867 }, // N
    { 15, 15, 263, 1, 15, 29, 894 }, // O
    { 12, 15, 215, 1, 15, 23, 923 }, // P
    { 15, 18, 263, 1, 15, 34, 946 }, // Q
    { 13, 15, 222, 1, 15, 25, 980 }, // R
    { 12, 15, 194, 0, 15, 23, 1005 }, // S
    { 13, 15, 205, 0, 15, 25, 1028 }, // T
    { 13, 15, 236, 1, 15, 25, 1053 }, // U
    { 15, 15, 241, 0, 15, 29, 1078 }, // V
    { 20, 15, 316, 0, 15, 38, 1107 }, // W
    { 14, 15, 225, 0, 15, 27, 1145 }, // X
    { 14, 15, 220, 0, 15, 27, 1172 }, // Y
    { 13, 15, 203, 0, 15, 25, 1199 }, // Z
    { 7, 20, 124, 1, 16, 18, 1224 }, // [
    { 11, 20, 146, -1, 16, 28, 1242 }, // <backslash>
    { 6, 20, 124, 0, 16, 15, 1270 }, // ]
    { 12, 9, 189, 0, 15, 14, 1285 }, // ^
    { 11, 3, 167, 0, -1, 5, 1299 }, // _
    { 6, 5, 95, 0, 17, 4, 1304 }, // `
    { 11, 11, 184, 0, 11, 16, 1308 }, // a
    { 11, 16, 201, 1, 16, 22, 1324 }, // b
    { 10, 11, 167, 0, 11, 14, 1346 }, // c
    { 12, 16, 201, 0, 16, 24, 1360 }, // d
    { 12, 11, 195, 0, 11, 17, 1384 }, // e
    { 9, 16, 141, 1, 16, 18, 1401 }, // f
    { 11, 15, 198, 0, 11, 21, 1419 }, // g
    { 10, 16, 196, 1, 16, 20, 1440 }, // h
    { 4, 16, 96, 1, 16, 8, 1460 }, // i
    { 7, 20, 96, -2, 16, 18, 1468 }, // j
    { 11, 16, 193, 1, 16, 22, 1486 }, // k
    { 6, 16, 105, 1, 16, 12, 1508 }, // l
    { 16, 11, 287, 1, 11, 22, 1520 }, // m
    { 10, 11, 196, 1, 11, 14, 1542 }, // n
    { 12, 11, 202, 0, 11, 17, 1556 }, // o
    { 11, 15, 201, 1, 11, 21, 1573 }, // p
    { 12, 15, 201, 0, 11, 23, 1594 }, // q
    { 8, 11, 141, 1, 11, 11, 1617 }, // r
    { 10, 11, 162, 0, 11, 14, 1628 }, // s
    { 8, 14, 148, 1, 14, 14, 1642 }, // t
    { 10, 11, 196, 1, 11, 14, 1656 }, // u
    { 12, 11, 183, 0, 11, 17, 1670 }, // v
    { 17, 11, 261, 0, 11, 24, 1687 }, // w
    { 12, 11, 185, 0, 11, 17, 1711 }, // x
    { 12, 15, 182, 0, 11, 23, 1728 }, // y
    { 10, 11, 167, 0, 11, 14, 1751 }, // z
    { 8, 20, 124, 0, 16, 20, 1765 }, // {
    { 4, 20, 107, 1, 16, 10, 1785 }, // |
    { 8, 20, 124, 0, 16, 20, 1795 }, // }
    { 12, 5, 189, 0, 9, 8, 1815 }, // ~
    { 0, 0, 80, 0, 0, 0, 1823 }, // U+00A0
    { 4, 15, 95, 1, 11, 8, 1823 }, // U+00A1
    { 10, 16, 189, 0, 14, 20, 1831 }, // U+00A2
    { 11, 15, 189, 0, 15, 21, 1851 }, // U+00A3
    { 12, 11, 189, 0, 13, 17, 1872 }, // U+00A4
    { 14, 15, 189, -1, 15, 27, 1889 }, // U+00A5
    { 4, 20, 101, 1, 16, 10, 1916 }, // U+00A6
    { 11, 19, 172, 0, 15, 27, 1926 }, // U+00A7
    { 9, 3, 179, 1, 16, 4, 1953 }, // U+00A8
    { 15, 15, 265, 1, 15, 29, 1957 }, // U+00A9
    { 8, 8, 133, 0, 15, 8, 1986 }, // U+00AA
    { 12, 11, 199, 0, 11, 17, 1994 }, // U+00AB
    { 10, 8, 189, 1, 9, 10, 2011 }, // U+00AC
    { 7, 3, 113, 0, 8, 3, 2021 }, // U+00AD
    { 15, 15, 265, 1, 15, 29, 2024 }, // U+00AE
    { 8, 2, 125, 0, 15, 2, 2053 }, // U+00AF
    { 8, 6, 121, 0, 16, 6, 2055 }, // U+00B0
    { 10, 15, 189, 1, 15, 19, 2061 }, // U+00B1
    { 7, 9, 121, 0, 15, 8, 2080 }, // U+00B2
    { 7, 9, 121, 0, 15, 8, 2088 }, // U+00B3
    { 6, 5, 95, 0, 17, 4, 2096 }, // U+00B4
    { 10, 15, 198, 1, 11, 19, 2100 }, // U+00B5
    { 14, 19, 237, 0, 15, 34, 2119 }, // U+00B6
    { 5, 4, 82, 0, 9, 3, 2153 }, // U+00B7
    { 6, 6, 109, 0, 1, 5, 2156 }, // U+00B8
    { 6, 9, 121, 0, 15, 7, 2161 }, // U+00B9
    { 9, 8, 152, 0, 15, 9, 2168 }, // U+00BA
    { 13, 11, 199, 0, 11, 18, 2177 }, // U+00BB
    { 19, 15, 293, 0, 15, 36, 2195 }, // U+00BC
    { 18, 15, 293, 0, 15, 34, 2231 }, // U+00BD
    { 19, 15, 293, 0, 15, 36, 2265 }, // U+00BE
    { 10, 15, 152, 0, 11, 19, 2301 }, // U+00BF
    { 15, 21, 240, 0, 21, 40, 2320 }, // U+00C0
    { 15, 21, 240, 0, 21, 40, 2360 }, // U+00C1
    { 15, 21, 240, 0, 21, 40, 2400 }, // U+00C2
    { 15, 19, 240, 0, 19, 36, 2440 }, // U+00C3
    { 15, 19, 240, 0, 19, 36, 2476 }, // U+00C4
    { 15, 19, 240, 0, 19, 36, 2512 }, // U+00C5
    { 21, 15, 331, 0, 15, 40, 2548 }, // U+00C6
    { 13, 20, 216, 1, 15, 33, 2588 }, // U+00C7
    { 11, 21, 202, 1, 21, 29, 2621 }, // U+00C8
    { 11, 21, 202, 1, 21, 29, 2650 }, // U+00C9
    { 11, 21, 202, 1, 21, 29, 2679 }, // U+00CA
    { 11, 19, 202, 1, 19, 27, 2708 }, // U+00CB
    { 6, 21, 105, 0, 21, 16, 2735 }, // U+00CC
    { 5, 21, 105, 1, 21, 14, 2751 }, // U+00CD
    { 7, 21, 105, 0, 21, 19, 2765 }, // U+00CE
    { 9, 19, 105, -1, 19, 22, 2784 }, // U+00CF
    { 15, 15, 249, 0, 15, 29, 2806 }, // U+00D0
    { 14, 19, 252, 1, 19, 34, 2835 }, // U+00D1
    { 15, 21, 263, 1, 21, 40, 2869 }, // U+00D2
    { 15, 21, 263, 1, 21, 40, 2909 }, // U+00D3
    { 15, 21, 263, 1, 21, 40, 2949 }, // U+00D4
    { 15, 19, 263, 1, 19, 36, 2989 }, // U+00D5
    { 15, 19, 263, 1, 19, 36, 3025 }, // U+00D6
    { 10, 9, 189, 1, 11, 12, 3061 }, // U+00D7
    { 15, 17, 263, 1, 16, 32, 3073 }, // U+00D8
    { 13, 21, 236, 1, 21, 35, 3105 }, // U+00D9
    { 13, 21, 236, 1, 21, 35, 3140 }, // U+00DA
    { 13, 21, 236, 1, 21, 35, 3175 }, // U+00DB
    { 13, 19, 236, 1, 19, 31, 3210 }, // U+00DC
    { 14, 21, 220, 0, 21, 37, 3241 }, // U+00DD
    { 12, 15, 215, 1, 15, 23, 3278 }, // U+00DE
    { 13, 16, 220, 1, 16, 26, 3301 }, // U+00DF
    { 11, 17, 184, 0, 17, 24, 3327 }, // U+00E0
    { 11, 17, 184, 0, 17, 24, 3351 }, // U+00E1
    { 11, 17, 184, 0, 17, 24, 3375 }, // U+00E2
    { 11, 16, 184, 0, 16, 22, 3399 }, // U+00E3
    { 11, 16, 184, 0, 16, 22, 3421 }, // U+00E4
    { 11, 18, 184, 0, 18, 25, 3443 }, // U+00E5
    { 18, 11, 291, 0, 11, 25, 3468 }, // U+00E6
    { 10, 15, 167, 0, 11, 19, 3493 }, // U+00E7
    { 12, 17, 195, 0, 17, 26, 3512 }, // U+00E8
    { 12, 17, 195, 0, 17, 26, 3538 }, // U+00E9
    { 12, 17, 195, 0, 17, 26, 3564 }, // U+00EA
    { 12, 16, 195, 0, 16, 24, 3590 }, // U+00EB
    { 6, 17, 96, 0, 17, 13, 3614 }, // U+00EC
    { 6, 17, 96, 0, 17, 13, 3627 }, // U+00ED
    { 8, 17, 96, -1, 17, 17, 3640 }, // U+00EE
    { 9, 16, 96, -2, 16, 18, 3657 }, // U+00EF
    { 13, 16, 200, 0, 16, 26, 3675 }, // U+00F0
    { 10, 16, 196, 1, 16, 20, 3701 }, // U+00F1
    { 12, 17, 202, 0, 17, 26, 3721 }, // U+00F2
    { 12, 17, 202, 0, 17, 26, 3747 }, // U+00F3
    { 12, 17, 202, 0, 17, 26, 3773 }, // U+00F4
    { 12, 16, 202, 0, 16, 24, 3799 }, // U+00F5
    { 12, 16, 202, 0, 16, 24, 3823 }, // U+00F6
    { 10, 13, 189, 1, 13, 17, 3847 }, // U+00F7
    { 12, 13, 202, 0, 12, 20, 3864 }, // U+00F8
    { 10, 17, 196, 1, 17, 22, 3884 }, // U+00F9
    { 10, 17, 196, 1, 17, 22, 3906 }, // U+00FA
    { 10, 17, 196, 1, 17, 22, 3928 }, // U+00FB
    { 10, 16, 196, 1, 16, 20, 3950 }, // U+00FC
    { 12, 21, 182, 0, 17, 32, 3970 }, // U+00FD
    { 11, 20, 201, 1, 16, 28, 4002 }, // U+00FE
    { 12, 20, 182, 0, 16, 30, 4030 }, // U+00FF
    { 15, 18, 240, 0, 18, 34, 4060 }, // U+0100
    { 11, 15, 184, 0, 15, 21, 4094 }, // U+0101
    { 15, 19, 240, 0, 19, 36, 4115 }, // U+0102
    { 11, 16, 184, 0, 16, 22, 4151 }, // U+0103
    { 16, 20, 240, 0, 15, 40, 4173 }, // U+0104
    { 11, 15, 184, 0, 11, 21, 4213 }, // U+0105
    { 13, 21, 216, 1, 21, 35, 4234 }, // U+0106
    { 10, 17, 167, 0, 17, 22, 4269 }, // U+0107
    { 13, 21, 216, 1, 21, 35, 4291 }, // U+0108
    { 10, 17, 167, 0, 17, 22, 4326 }, // U+0109
    { 13, 19, 216, 1, 19, 31, 4348 }, // U+010A
    { 10, 16, 167, 0, 16, 20, 4379 }, // U+010B
    { 13, 21, 216, 1, 21, 35, 4399 }, // U+010C
    { 10, 17, 167, 0, 17, 22, 4434 }, // U+010D
    { 14, 21, 246, 1, 21, 37, 4456 }, // U+010E
    { 16, 16, 228, 0, 16, 32, 4493 }, // U+010F
    { 15, 15, 249, 0, 15, 29, 4525 }, // U+0110
    { 13, 16, 202, 0, 16, 26, 4554 }, // U+0111
    { 11, 18, 202, 1, 18, 25, 4580 }, // U+0112
    { 12, 15, 195, 0, 15, 23, 4605 }, // U+0113
    { 11, 19, 202, 1, 19, 27, 4628 }, // U+0114
    { 12, 16, 195, 0, 16, 24, 4655 }, // U+0115
    { 11, 19, 202, 1, 19, 27, 4679 }, // U+0116
    { 12, 16, 195, 0, 16, 24, 4706 }, // U+0117
    { 12, 20, 202, 1, 15, 30, 4730 }, // U+0118
    { 12, 15, 195, 0, 11, 23, 4760 }, // U+0119
    { 11, 21, 202, 1, 21, 29, 4783 }, // U+011A
    { 12, 17, 195, 0, 17, 26, 4812 }, // U+011B
    { 13, 21, 234, 1, 21, 35, 4838 }, // U+011C
    { 11, 21, 198, 0, 17, 29, 4873 }, // U+011D
    { 13, 19, 234, 1, 19, 31, 4902 }, // U+011E
    { 11, 20, 198, 0, 16, 28, 4933 }, // U+011F
    { 13, 19, 234, 1, 19, 31, 4961 }, // U+0120
    { 11, 20, 198, 0, 16, 28, 4992 }, // U+0121
    { 13, 20, 234, 1, 15, 33, 5020 }, // U+0122
    { 11, 21, 198, 0, 17, 29, 5053 }, // U+0123
    { 13, 21, 245, 1, 21, 35, 5082 }, // U+0124
    { 10, 20, 196, 1, 20, 25, 5117 }, // U+0125
    { 16, 15, 252, 0, 15, 30, 5142 }, // U+0126
    { 12, 16, 200, 0, 16, 24, 5172 }, // U+0127
    { 9, 19, 105, -1, 19, 22, 5196 }, // U+0128
    { 8, 16, 96, -1, 16, 16, 5218 }, // U+0129
    { 8, 18, 105, -1, 18, 18, 5234 }, // U+012A
    { 8, 15, 96, -1, 15, 15, 5252 }, // U+012B
    { 7, 19, 105, 0, 19, 17, 5267 }, // U+012C
    { 8, 16, 96, -1, 16, 16, 5284 }, // U+012D
    { 6, 20, 105, 0, 15, 15, 5300 }, // U+012E
    { 6, 21, 96, 0, 16, 16, 5315 }, // U+012F
    { 4, 19, 105, 1, 19, 10, 5331 }, // U+0130
    { 4, 11, 96, 1, 11, 6, 5341 }, // U+0131
    { 16, 15, 280, 1, 15, 30, 5347 }, // U+0132
    { 10, 20, 192, 1, 16, 25, 5377 }, // U+0133
    { 12, 21, 176, 0, 21, 32, 5402 }, // U+0134
    { 9, 21, 96, -2, 17, 24, 5434 }, // U+0135
    { 14, 20, 228, 1, 15, 35, 5458 }, // U+0136
    { 11, 21, 193, 1, 16, 29, 5493 }, // U+0137
    { 12, 11, 194, 1, 11, 17, 5522 }, // U+0138
    { 11, 21, 188, 1, 21, 29, 5539 }, // U+0139
    { 6, 21, 105, 1, 21, 16, 5568 }, // U+013A
    { 11, 20, 188, 1, 15, 28, 5584 }, // U+013B
    { 6, 21, 105, 1, 16, 16, 5612 }, // U+013C
    { 11, 15, 188, 1, 15, 21, 5628 }, // U+013D
    { 8, 16, 123, 1, 16, 16, 5649 }, // U+013E
    { 11, 15, 188, 1, 15, 21, 5665 }, // U+013F
    { 10, 16, 173, 1, 16, 20, 5686 }, // U+0140
    { 13, 15, 198, 0, 15, 25, 5706 }, // U+0141
    { 9, 16, 121, -1, 16, 18, 5731 }, // U+0142
    { 14, 21, 252, 1, 21, 37, 5749 }, // U+0143
    { 10, 17, 196, 1, 17, 22, 5786 }, // U+0144
    { 14, 20, 252, 1, 15, 35, 5808 }, // U+0145
    { 10, 16, 196, 1, 11, 20, 5843 }, // U+0146
    { 14, 21, 252, 1, 21, 37, 5863 }, // U+0147
    { 10, 17, 196, 1, 17, 22, 5900 }, // U+0148
    { 13, 16, 206, -1, 16, 26, 5922 }, // U+0149
    { 14, 19, 252, 1, 15, 34, 5948 }, // U+014A
    { 10, 15, 196, 1, 11, 19, 5982 }, // U+014B
    { 15, 18, 263, 1, 18, 34, 6001 }, // U+014C
    { 12, 15, 202, 0, 15, 23, 6035 }, // U+014D
    { 15, 19, 263, 1, 19, 36, 6058 }, // U+014E
    { 12, 16, 202, 0, 16, 24, 6094 }, // U+014F
    { 15, 21, 263, 1, 21, 40, 6118 }, // U+0150
    { 12, 17, 202, 0, 17, 26, 6158 }, // U+0151
    { 20, 15, 332, 1, 15, 38, 6184 }, // U+0152
    { 19, 11, 312, 0, 11, 27, 6222 }, // U+0153
    { 13, 21, 222, 1, 21, 35, 6249 }, // U+0154
    { 8, 17, 141, 1, 17, 17, 6284 }, // U+0155
    { 13, 20, 222, 1, 15, 33, 6301 }, // U+0156
    { 9, 16, 141, 0, 11, 18, 6334 }, // U+0157
    { 13, 20, 222, 1, 20, 33, 6352 }, // U+0158
    { 8, 17, 141, 1, 17, 17, 6385 }, // U+0159
    { 12, 21, 194, 0, 21, 32, 6402 }, // U+015A
    { 10, 17, 162, 0, 17, 22, 6434 }, // U+015B
    { 12, 21, 194, 0, 21, 32, 6456 }, // U+015C
    { 10, 17, 162, 0, 17, 22, 6488 }, // U+015D
    { 12, 20, 194, 0, 15, 30, 6510 }, // U+015E
    { 10, 16, 162, 0, 11, 20, 6540 }, // U+015F
    { 12, 21, 194, 0, 21, 32, 6560 }, // U+0160
    { 10, 17, 162, 0, 17, 22, 6592 }, // U+0161
    { 13, 19, 205, 0, 15, 31, 6614 }, // U+0162
    { 8, 18, 148, 1, 14, 18, 6645 }, // U+0163
    { 13, 21, 205, 0, 21, 35, 6663 }, // U+0164
    { 8, 16, 148, 1, 16, 16, 6698 }, // U+0165
    { 13, 15, 205, 0, 15, 25, 6714 }, // U+0166
    { 8, 14, 148, 1, 14, 14, 6739 }, // U+0167
    { 13, 19, 236, 1, 19, 31, 6753 }, // U+0168
    { 10, 16, 196, 1, 16, 20, 6784 }, // U+0169
    { 13, 18, 236, 1, 18, 30, 6804 }, // U+016A
    { 10, 15, 196, 1, 15, 19, 6834 }, // U+016B
    { 13, 19, 236, 1, 19, 31, 6853 }, // U+016C
    { 10, 16, 196, 1, 16, 20, 6884 }, // U+016D
    { 13, 21, 236, 1, 21, 35, 6904 }, // U+016E
    { 10, 18, 196, 1, 18, 23, 6939 }, // U+016F
    { 13, 21, 236, 1, 21, 35, 6962 }, // U+0170
    { 11, 17, 196, 1, 17, 24, 6997 }, // U+0171
    { 13, 19, 236, 1, 15, 31, 7021 }, // U+0172
    { 10, 15, 196, 1, 11, 19, 7052 }, // U+0173
    { 20, 21, 316, 0, 21, 53, 7071 }, // U+0174
    { 17, 17, 261, 0, 17, 37, 7124 }, // U+0175
    { 14, 21, 220, 0, 21, 37, 7161 }, // U+0176
    { 12, 21, 182, 0, 17, 32, 7198 }, // U+0177
    { 14, 19, 220, 0, 19, 34, 7230 }, // U+0178
    { 13, 21, 203, 0, 21, 35, 7264 }, // U+0179
    { 10, 17, 167, 0, 17, 22, 7299 }, // U+017A
    { 13, 19, 203, 0, 19, 31, 7321 }, // U+017B
    { 10, 16, 167, 0, 16, 20, 7352 }, // U+017C
    { 13, 21, 203, 0, 21, 35, 7372 }, // U+017D
    { 10, 17, 167, 0, 17, 22, 7407 }, // U+017E
    { 9, 16, 110, 1, 16, 18, 7429 }, // U+017F
    { 15, 17, 263, 1, 17, 32, 7447 }, // U+01A0
    { 13, 13, 202, 0, 13, 22, 7479 }, // U+01A1
    { 15, 17, 249, 1, 17, 32, 7501 }, // U+01AF
    { 13, 13, 209, 1, 13, 22, 7533 }, // U+01B0
    { 26, 20, 433, 1, 20, 65, 7555 }, // U+01C4
    { 24, 17, 405, 1, 17, 51, 7620 }, // U+01C5
    { 23, 17, 365, 0, 17, 49, 7671 }, // U+01C6
    { 21, 15, 363, 1, 15, 40, 7720 }, // U+01C7
    { 16, 20, 283, 1, 16, 40, 7760 }, // U+01C8
    { 11, 20, 201, 1, 16, 28, 7800 }, // U+01C9
    { 25, 15, 427, 1, 15, 47, 7828 }, // U+01CA
    { 20, 20, 348, 1, 16, 50, 7875 }, // U+01CB
    { 17, 20, 293, 1, 16, 43, 7925 }, // U+01CC
    { 15, 21, 240, 0, 21, 40, 7968 }, // U+01CD
    { 11, 17, 184, 0, 17, 24, 8008 }, // U+01CE
    { 7, 21, 105, 0, 21, 19, 8032 }, // U+01CF
    { 8, 17, 96, -1, 17, 17, 8051 }, // U+01D0
    { 15, 21, 263, 1, 21, 40, 8068 }, // U+01D1
    { 12, 17, 202, 0, 17, 26, 8108 }, // U+01D2
    { 13, 21, 236, 1, 21, 35, 8134 }, // U+01D3
    { 10, 17, 196, 1, 17, 22, 8169 }, // U+01D4
    { 13, 22, 236, 1, 22, 36, 8191 }, // U+01D5
    { 10, 18, 196, 1, 18, 23, 8227 }, // U+01D6
    { 13, 22, 236, 1, 22, 36, 8250 }, // U+01D7
    { 10, 19, 196, 1, 19, 24, 8286 }, // U+01D8
    { 13, 21, 236, 1, 21, 35, 8310 }, // U+01D9
    { 10, 19, 196, 1, 19, 24, 8345 }, // U+01DA
    { 13, 22, 236, 1, 22, 36, 8369 }, // U+01DB
    { 10, 19, 196, 1, 19, 24, 8405 }, // U+01DC
    { 12, 11, 195, 0, 11, 17, 8429 }, // U+01DD
    { 15, 22, 240, 0, 22, 42, 8446 }, // U+01DE
    { 11, 18, 184, 0, 18, 25, 8488 }, // U+01DF
    { 15, 22, 240, 0, 22, 42, 8513 }, // U+01E0
    { 11, 18, 184, 0, 18, 25, 8555 }, // U+01E1
    { 21, 18, 331, 0, 18, 48, 8580 }, // U+01E2
    { 18, 15, 291, 0, 15, 34, 8628 }, // U+01E3
    { 15, 15, 243, 1, 15, 29, 8662 }, // U+01E4
    { 13, 15, 201, 0, 11, 25, 8691 }, // U+01E5
    { 13, 21, 234, 1, 21, 35, 8716 }, // U+01E6
    { 11, 21, 198, 0, 17, 29, 8751 }, // U+01E7
    { 14, 21, 228, 1, 21, 37, 8780 }, // U+01E8
    { 11, 20, 193, 1, 20, 28, 8817 }, // U+01E9
    { 15, 19, 263, 1, 15, 36, 8845 }, // U+01EA
    { 12, 15, 202, 0, 11, 23, 8881 }, // U+01EB
    { 15, 22, 263, 1, 18, 42, 8904 }, // U+01EC
    { 12, 19, 202, 0, 15, 29, 8946 }, // U+01ED
    { 12, 21, 205, 0, 21, 32, 8975 }, // U+01EE
    { 10, 22, 172, 0, 18, 28, 9007 }, // U+01EF
    { 9, 21, 96, -2, 17, 24, 9035 }, // U+01F0
    { 26, 15, 433, 1, 15, 49, 9059 }, // U+01F1
    { 24, 15, 405, 1, 15, 45, 9108 }, // U+01F2
    { 23, 16, 365, 0, 16, 46, 9153 }, // U+01F3
    { 13, 21, 234, 1, 21, 35, 9199 }, // U+01F4
    { 11, 21, 198, 0, 17, 29, 9234 }, // U+01F5
    { 21, 15, 354, 1, 15, 40, 9263 }, // U+01F6
    { 13, 19, 224, 1, 15, 31, 9303 }, // U+01F7
    { 14, 21, 252, 1, 21, 37, 9334 }, // U+01F8
    { 10, 17, 196, 1, 17, 22, 9371 }, // U+01F9
    { 15, 22, 240, 0, 22, 42, 9393 }, // U+01FA
    { 11, 20, 184, 0, 20, 28, 9435 }, // U+01FB
    { 21, 21, 331, 0, 21, 56, 9463 }, // U+01FC
    { 18, 17, 291, 0, 17, 39, 9519 }, // U+01FD
    { 15, 21, 263, 1, 20, 40, 9558 }, // U+01FE
    { 12, 18, 202, 0, 17, 27, 9598 }, // U+01FF
    { 15, 21, 240, 0, 21, 40, 9625 }, // U+0200
    { 11, 17, 184, 0, 17, 24, 9665 }, // U+0201
    { 15, 19, 240, 0, 19, 36, 9689 }, // U+0202
    { 11, 15, 184, 0, 15, 21, 9725 }, // U+0203
    { 11, 21, 202, 1, 21, 29, 9746 }, // U+0204
    { 12, 17, 195, 0, 17, 26, 9775 }, // U+0205
    { 11, 19, 202, 1, 19, 27, 9801 }, // U+0206
    { 12, 15, 195, 0, 15, 23, 9828 }, // U+0207
    { 10, 21, 105, -2, 21, 27, 9851 }, // U+0208
    { 9, 17, 96, -2, 17, 20, 9878 }, // U+0209
    { 8, 19, 105, -1, 19, 19, 9898 }, // U+020A
    { 8, 15, 96, -1, 15, 15, 9917 }, // U+020B
    { 15, 21, 263, 1, 21, 40, 9932 }, // U+020C
    { 12, 17, 202, 0, 17, 26, 9972 }, // U+020D
    { 15, 19, 263, 1, 19, 36, 9998 }, // U+020E
    { 12, 15, 202, 0, 15, 23, 10034 }, // U+020F
    { 13, 20, 222, 1, 20, 33, 10057 }, // U+0210
    { 9, 17, 141, 0, 17, 20, 10090 }, // U+0211
    { 13, 19, 222, 1, 19, 31, 10110 }, // U+0212
    { 8, 15, 141, 1, 15, 15, 10141 }, // U+0213
    { 13, 21, 236, 1, 21, 35, 10156 }, // U+0214
    { 10, 17, 196, 1, 17, 22, 10191 }, // U+0215
    { 13, 19, 236, 1, 19, 31, 10213 }, // U+0216
    { 10, 15, 196, 1, 15, 19, 10244 }, // U+0217
    { 12, 20, 194, 0, 15, 30, 10263 }, // U+0218
    { 10, 16, 162, 0, 11, 20, 10293 }, // U+0219
    { 13, 20, 205, 0, 15, 33, 10313 }, // U+021A
    { 8, 19, 148, 1, 14, 19, 10346 }, // U+021B
    { 11, 19, 189, 0, 15, 27, 10365 }, // U+021C
    { 10, 15, 159, 0, 11, 19, 10392 }, // U+021D
    { 13, 21, 245, 1, 21, 35, 10411 }, // U+021E
    { 10, 20, 196, 1, 20, 25, 10446 }, // U+021F
    { 8, 3, 130, 0, 15, 3, 10471 }, // U+0311
    { 11, 21, 202, 1, 21, 29, 10474 }, // U+0400
    { 11, 20, 202, 1, 20, 28, 10503 }, // U+0401
    { 17, 15, 271, 0, 15, 32, 10531 }, // U+0402
    { 11, 21, 198, 1, 21, 29, 10563 }, // U+0403
    { 13, 15, 229, 1, 15, 25, 10592 }, // U+0404
    { 12, 15, 194, 0, 15, 23, 10617 }, // U+0405
    { 4, 15, 105, 1, 15, 8, 10640 }, // U+0406
    { 9, 19, 105, -1, 19, 22, 10648 }, // U+0407
    { 10, 15, 176, 0, 15, 19, 10670 }, // U+0408
    { 23, 15, 377, 0, 15, 44, 10689 }, // U+0409
    { 21, 15, 358, 1, 15, 40, 10733 }, // U+040A
    { 16, 15, 257, 0, 15, 30, 10773 }, // U+040B
    { 14, 21, 228, 1, 21, 37, 10803 }, // U+040C
    { 14, 21, 252, 1, 21, 37, 10840 }, // U+040D
    { 14, 20, 217, 0, 20, 35, 10877 }, // U+040E
    { 13, 19, 243, 1, 15, 31, 10912 }, // U+040F
    { 15, 15, 240, 0, 15, 29, 10943 }, // U+0410
    { 12, 15, 217, 1, 15, 23, 10972 }, // U+0411
    { 13, 15, 224, 1, 15, 25, 10995 }, // U+0412
    { 11, 15, 198, 1, 15, 21, 11020 }, // U+0413
    { 17, 19, 274, 0, 15, 41, 11041 }, // U+0414
    { 11, 15, 202, 1, 15, 21, 11082 }, // U+0415
    { 21, 15, 328, 0, 15, 40, 11103 }, // U+0416
    { 12, 15, 203, 0, 15, 23, 11143 }, // U+0417
    { 14, 15, 252, 1, 15, 27, 11166 }, // U+0418
    { 14, 20, 252, 1, 20, 35, 11193 }, // U+0419
    { 14, 15, 228, 1, 15, 27, 11228 }, // U+041A
    { 15, 15, 263, 0, 15, 29, 11255 }, // U+041B
    { 17, 15, 299, 1, 15, 32, 11284 }, // U+041C
    { 13, 15, 245, 1, 15, 25, 11316 }, // U+041D
    { 15, 15, 263, 1, 15, 29, 11341 }, // U+041E
    { 13, 15, 243, 1, 15, 25, 11370 }, // U+041F
    { 12, 15, 215, 1, 15, 23, 11395 }, // U+0420
    { 13, 15, 216, 1, 15, 25, 11418 }, // U+0421
    { 13, 15, 205, 0, 15, 25, 11443 }, // U+0422
    { 14, 15, 217, 0, 15, 27, 11468 }, // U+0423
    { 18, 16, 290, 0, 16, 36, 11495 }, // U+0424
    { 14, 15, 225, 0, 15, 27, 11531 }, // U+0425
    { 16, 19, 263, 1, 15, 38, 11558 }, // U+0426
    { 13, 15, 227, 0, 15, 25, 11596 }, // U+0427
    { 19, 15, 340, 1, 15, 36, 11621 }, // U+0428
    { 22, 19, 360, 1, 15, 53, 11657 }, // U+0429
    { 16, 15, 258, 0, 15, 30, 11710 }, // U+042A
    { 17, 15, 309, 1, 15, 32, 11740 }, // U+042B
    { 12, 15, 220, 1, 15, 23, 11772 }, // U+042C
    { 14, 15, 227, 0, 15, 27, 11795 }, // U+042D
    { 21, 15, 360, 1, 15, 40, 11822 }, // U+042E
    { 13, 15, 230, 0, 15, 25, 11862 }, // U+042F
    { 11, 11, 184, 0, 11, 16, 11887 }, // U+0430
    { 12, 16, 200, 0, 16, 24, 11903 }, // U+0431
    { 11, 11, 199, 1, 11, 16, 11927 }, // U+0432
    { 9, 11, 151, 1, 11, 13, 11943 }, // U+0433
    { 14, 14, 226, 0, 11, 25, 11956 }, // U+0434
    { 12, 11, 195, 0, 11, 17, 11981 }, // U+0435
    { 18, 11, 283, 0, 11, 25, 11998 }, // U+0436
    { 10, 11, 165, 0, 11, 14, 12023 }, // U+0437
    { 11, 11, 206, 1, 11, 16, 12037 }, // U+0438
    { 11, 17, 206, 1, 17, 24, 12053 }, // U+0439
    { 12, 11, 195, 1, 11, 17, 12077 }, // U+043A
    { 12, 11, 209, 0, 11, 17, 12094 }, // U+043B
    { 14, 11, 254, 1, 11, 20, 12111 }, // U+043C
    { 10, 11, 198, 1, 11, 14, 12131 }, // U+043D
    { 12, 11, 202, 0, 11, 17, 12145 }, // U+043E
    { 10, 11, 198, 1, 11, 14, 12162 }, // U+043F
    { 11, 15, 201, 1, 11, 21, 12176 }, // U+0440
    { 10, 11, 167, 0, 11, 14, 12197 }, // U+0441
    { 11, 11, 175, 0, 11, 16, 12211 }, // U+0442
    { 12, 15, 182, 0, 11, 23, 12227 }, // U+0443
    { 16, 20, 265, 0, 16, 40, 12250 }, // U+0444
    { 12, 11, 185, 0, 11, 17, 12290 }, // U+0445
    { 12, 14, 211, 1, 11, 21, 12307 }, // U+0446
    { 11, 11, 189, 0, 11, 16, 12328 }, // U+0447
    { 16, 11, 287, 1, 11, 22, 12344 }, // U+0448
    { 18, 14, 300, 1, 11, 32, 12366 }, // U+0449
    { 13, 11, 213, 0, 11, 18, 12398 }, // U+044A
    { 15, 11, 275, 1, 11, 21, 12416 }, // U+044B
    { 11, 11, 188, 1, 11, 16, 12437 }, // U+044C
    { 11, 11, 174, 0, 11, 16, 12453 }, // U+044D
    { 17, 11, 291, 1, 11, 24, 12469 }, // U+044E
    { 11, 11, 195, 0, 11, 16, 12493 }, // U+044F
    { 12, 17, 195, 0, 17, 26, 12509 }, // U+0450
    { 12, 16, 195, 0, 16, 24, 12535 }, // U+0451
    { 12, 20, 200, 0, 16, 30, 12559 }, // U+0452
    { 9, 17, 151, 1, 17, 20, 12589 }, // U+0453
    { 11, 11, 174, 0, 11, 16, 12609 }, // U+0454
    { 10, 11, 162, 0, 11, 14, 12625 }, // U+0455
    { 4, 16, 96, 1, 16, 8, 12639 }, // U+0456
    { 9, 16, 96, -2, 16, 18, 12647 }, // U+0457
    { 7, 20, 96, -2, 16, 18, 12665 }, // U+0458
    { 19, 11, 301, 0, 11, 27, 12683 }, // U+0459
    { 17, 11, 289, 1, 11, 24, 12710 }, // U+045A
    { 12, 16, 200, 0, 16, 24, 12734 }, // U+045B
    { 12, 17, 195, 1, 17, 26, 12758 }, // U+045C
    { 11, 17, 206, 1, 17, 24, 12784 }, // U+045D
    { 12, 21, 182, 0, 17, 32, 12808 }, // U+045E
    { 10, 14, 198, 1, 11, 18, 12840 }, // U+045F
    { 15, 16, 249, 0, 16, 30, 12858 }, // U+0462
    { 13, 16, 212, 0, 16, 26, 12888 }, // U+0463
    { 15, 15, 263, 1, 15, 29, 12914 }, // U+0472
    { 12, 11, 202, 0, 11, 17, 12943 }, // U+0473
    { 18, 15, 264, 0, 15, 34, 12960 }, // U+0474
    { 13, 11, 199, 0, 11, 18, 12994 }, // U+0475
    { 16, 23, 276, 1, 19, 46, 13012 }, // U+048A
    { 13, 19, 210, 1, 16, 31, 13058 }, // U+048B
    { 13, 15, 220, 0, 15, 25, 13089 }, // U+048C
    { 12, 11, 189, 0, 11, 17, 13114 }, // U+048D
    { 12, 15, 218, 1, 15, 23, 13131 }, // U+048E
    { 11, 15, 205, 1, 11, 21, 13154 }, // U+048F
    { 11, 18, 191, 1, 18, 25, 13175 }, // U+0490
    { 9, 14, 154, 1, 14, 16, 13200 }, // U+0491
    { 12, 15, 211, 1, 15, 23, 13216 }, // U+0492
    { 10, 11, 175, 1, 11, 14, 13239 }, // U+0493
    { 13, 19, 225, 1, 15, 31, 13253 }, // U+0494
    { 11, 15, 190, 1, 11, 21, 13284 }, // U+0495
    { 22, 19, 341, 0, 15, 53, 13305 }, // U+0496
    { 18, 14, 291, 0, 11, 32, 13358 }, // U+0497
    { 12, 20, 203, 0, 15, 30, 13390 }, // U+0498
    { 10, 16, 165, 0, 11, 20, 13420 }, // U+0499
    { 15, 19, 246, 1, 15, 36, 13440 }, // U+049A
    { 12, 14, 202, 1, 11, 21, 13476 }, // U+049B
    { 16, 15, 261, 1, 15, 30, 13497 }, // U+049C
    { 14, 11, 227, 1, 11, 20, 13527 }, // U+049D
    { 15, 16, 236, 0, 16, 30, 13547 }, // U+049E
    { 13, 12, 202, 0, 12, 20, 13577 }, // U+049F
    { 17, 15, 266, 0, 15, 32, 13597 }, // U+04A0
    { 14, 11, 219, 0, 11, 20, 13629 }, // U+04A1
    { 16, 19, 269, 1, 15, 38, 13649 }, // U+04A2
    { 12, 14, 212, 1, 11, 21, 13687 }, // U+04A3
    { 17, 15, 279, 1, 15, 32, 13708 }, // U+04A4
    { 13, 11, 218, 1, 11, 18, 13740 }, // U+04A5
    { 22, 19, 370, 1, 15, 53, 13758 }, // U+04A6
    { 17, 15, 291, 1, 11, 32, 13811 }, // U+04A7
    { 16, 19, 267, 1, 15, 38, 13843 }, // U+04A8
    { 13, 14, 211, 0, 11, 23, 13881 }, // U+04A9
    { 13, 20, 216, 1, 15, 33, 13904 }, // U+04AA
    { 10, 15, 167, 0, 11, 19, 13937 }, // U+04AB
    { 13, 19, 205, 0, 15, 31, 13956 }, // U+04AC
    { 11, 14, 168, 0, 11, 20, 13987 }, // U+04AD
    { 14, 15, 220, 0, 15, 27, 14007 }, // U+04AE
    { 12, 15, 183, 0, 11, 23, 14034 }, // U+04AF
    { 14, 15, 220, 0, 15, 27, 14057 }, // U+04B0
    { 12, 15, 183, 0, 11, 23, 14084 }, // U+04B1
    { 15, 19, 239, 0, 15, 36, 14107 }, // U+04B2
    { 12, 14, 196, 0, 11, 21, 14143 }, // U+04B3
    { 20, 19, 313, 0, 15, 48, 14164 }, // U+04B4
    { 15, 14, 232, 0, 11, 27, 14212 }, // U+04B5
    { 14, 19, 241, 1, 15, 34, 14239 }, // U+04B6
    { 13, 14, 196, 0, 11, 23, 14273 }, // U+04B7
    { 12, 15, 227, 1, 15, 23, 14296 }, // U+04B8
    { 11, 11, 187, 0, 11, 16, 14319 }, // U+04B9
    { 13, 15, 233, 1, 15, 25, 14335 }, // U+04BA
    { 10, 16, 196, 1, 16, 20, 14360 }, // U+04BB
    { 18, 15, 293, 0, 15, 34, 14380 }, // U+04BC
    { 14, 11, 236, 0, 11, 20, 14414 }, // U+04BD
    { 18, 19, 293, 0, 15, 43, 14434 }, // U+04BE
    { 14, 14, 236, 0, 11, 25, 14477 }, // U+04BF
    { 4, 15, 105, 1, 15, 8, 14502 }, // U+04C0
    { 21, 20, 328, 0, 20, 53, 14510 }, // U+04C1
    { 18, 17, 283, 0, 17, 39, 14563 }, // U+04C2
    { 13, 19, 234, 1, 15, 31, 14602 }, // U+04C3
    { 11, 15, 191, 1, 11, 21, 14633 }, // U+04C4
    { 18, 19, 277, 0, 15, 43, 14654 }, // U+04C5
    { 14, 14, 225, 0, 11, 25, 14697 }, // U+04C6
    { 13, 19, 245, 1, 15, 31, 14722 }, // U+04C7
    { 11, 15, 200, 1, 11, 21, 14753 }, // U+04C8
    { 16, 19, 262, 1, 15, 38, 14774 }, // U+04C9
    { 12, 14, 209, 1, 11, 21, 14812 }, // U+04CA
    { 13, 19, 227, 0, 15, 31, 14833 }, // U+04CB
    { 11, 14, 189, 0, 11, 20, 14864 }, // U+04CC
    { 19, 19, 317, 1, 15, 46, 14884 }, // U+04CD
    { 16, 14, 265, 1, 11, 28, 14930 }, // U+04CE
    { 4, 15, 96, 1, 15, 8, 14958 }, // U+04CF
    { 15, 20, 240, 0, 20, 38, 14966 }, // U+04D0
    { 11, 17, 184, 0, 17, 24, 15004 }, // U+04D1
    { 15, 19, 240, 0, 19, 36, 15028 }, // U+04D2
    { 11, 16, 184, 0, 16, 22, 15064 }, // U+04D3
    { 21, 15, 331, 0, 15, 40, 15086 }, // U+04D4
    { 18, 11, 291, 0, 11, 25, 15126 }, // U+04D5
    { 11, 20, 202, 1, 20, 28, 15151 }, // U+04D6
    { 12, 17, 195, 0, 17, 26, 15179 }, // U+04D7
    { 14, 15, 243, 1, 15, 27, 15205 }, // U+04D8
    { 12, 11, 195, 0, 11, 17, 15232 }, // U+04D9
    { 14, 19, 243, 1, 19, 34, 15249 }, // U+04DA
    { 12, 16, 195, 0, 16, 24, 15283 }, // U+04DB
    { 21, 19, 328, 0, 19, 50, 15307 }, // U+04DC
    { 18, 16, 283, 0, 16, 36, 15357 }, // U+04DD
    { 12, 20, 203, 0, 20, 30, 15393 }, // U+04DE
    { 10, 16, 165, 0, 16, 20, 15423 }, // U+04DF
    { 12, 15, 205, 0, 15, 23, 15443 }, // U+04E0
    { 10, 15, 172, 0, 11, 19, 15466 }, // U+04E1
    { 14, 18, 252, 1, 18, 32, 15485 }, // U+04E2
    { 11, 15, 206, 1, 15, 21, 15517 }, // U+04E3
    { 14, 19, 252, 1, 19, 34, 15538 }, // U+04E4
    { 11, 16, 206, 1, 16, 22, 15572 }, // U+04E5
    { 15, 19, 263, 1, 19, 36, 15594 }, // U+04E6
    { 12, 16, 202, 0, 16, 24, 15630 }, // U+04E7
    { 15, 15, 263, 1, 15, 29, 15654 }, // U+04E8
    { 12, 11, 202, 0, 11, 17, 15683 }, // U+04E9
    { 15, 19, 263, 1, 19, 36, 15700 }, // U+04EA
    { 12, 16, 202, 0, 16, 24, 15736 }, // U+04EB
    { 14, 19, 227, 0, 19, 34, 15760 }, // U+04EC
    { 11, 16, 174, 0, 16, 22, 15794 }, // U+04ED
    { 14, 18, 217, 0, 18, 32, 15816 }, // U+04EE
    { 12, 19, 182, 0, 15, 29, 15848 }, // U+04EF
    { 14, 19, 217, 0, 19, 34, 15877 }, // U+04F0
    { 12, 20, 182, 0, 16, 30, 15911 }, // U+04F1
    { 14, 21, 217, 0, 21, 37, 15941 }, // U+04F2
    { 12, 21, 182, 0, 17, 32, 15978 }, // U+04F3
    { 13, 19, 227, 0, 19, 31, 16010 }, // U+04F4
    { 11, 16, 189, 0, 16, 22, 16041 }, // U+04F5
    { 11, 19, 198, 1, 15, 27, 16063 }, // U+04F6
    { 9, 14, 151, 1, 11, 16, 16090 }, // U+04F7
    { 17, 19, 309, 1, 19, 41, 16106 }, // U+04F8
    { 15, 16, 275, 1, 16, 30, 16147 }, // U+04F9
    { 14, 21, 220, 0, 21, 37, 16177 }, // U+1EF2
    { 12, 21, 182, 0, 17, 32, 16214 }, // U+1EF3
    { 11, 3, 167, 0, 8, 5, 16246 }, // U+2013
    { 21, 3, 333, 0, 8, 8, 16251 }, // U+2014
    { 21, 3, 333, 0, 8, 8, 16259 }, // U+2015
    { 5, 6, 81, 0, 16, 4, 16267 }, // U+2018
    { 5, 6, 81, 0, 16, 4, 16271 }, // U+2019
    { 5, 6, 81, 0, 3, 4, 16275 }, // U+201A
    { 10, 6, 151, 0, 16, 8, 16279 }, // U+201C
    { 9, 6, 151, 0, 16, 7, 16287 }, // U+201D
    { 9, 6, 151, 0, 3, 7, 16294 }, // U+201E
    { 10, 18, 165, 0, 15, 23, 16301 }, // U+2020
    { 10, 18, 165, 0, 15, 23, 16324 }, // U+2021
    { 7, 6, 121, 0, 10, 6, 16347 }, // U+2022
    { 19, 4, 333, 1, 4, 10, 16353 }, // U+2026
    { 27, 15, 440, 0, 15, 51, 16363 }, // U+2030
    { 7, 11, 109, 0, 11, 10, 16414 }, // U+2039
    { 7, 11, 109, 0, 11, 10, 16424 }, // U+203A
    { 11, 15, 51, -4, 15, 21, 16434 }, // U+2044
    { 8, 9, 121, 0, 15, 9, 16455 }, // U+2070
    { 8, 8, 121, 0, 15, 8, 16464 }, // U+2074
    { 7, 9, 121, 0, 15, 8, 16472 }, // U+2075
    { 8, 9, 121, 0, 15, 9, 16480 }, // U+2076
    { 8, 8, 121, 0, 15, 8, 16489 }, // U+2077
    { 8, 9, 121, 0, 15, 9, 16497 }, // U+2078
    { 8, 9, 121, 0, 15, 9, 16506 }, // U+2079
    { 8, 9, 121, 0, 9, 9, 16515 }, // U+2080
    { 6, 9, 121, 0, 9, 7, 16524 }, // U+2081
    { 7, 9, 121, 0, 9, 8, 16531 }, // U+2082
    { 7, 9, 121, 0, 9, 8, 16539 }, // U+2083
    { 8, 8, 121, 0, 9, 8, 16547 }, // U+2084
    { 7, 9, 121, 0, 9, 8, 16555 }, // U+2085
    { 8, 9, 121, 0, 9, 9, 16563 }, // U+2086
    { 8, 8, 121, 0, 9, 8, 16572 }, // U+2087
    { 8, 9, 121, 0, 9, 9, 16580 }, // U+2088
    { 8, 9, 121, 0, 9, 9, 16589 }, // U+2089
    { 12, 15, 189, 0, 15, 23, 16598 }, // U+20AC
    { 12, 15, 189, 0, 15, 23, 16621 }, // U+20AE
    { 12, 15, 189, 0, 15, 23, 16644 }, // U+20B4
    { 13, 15, 189, 0, 15, 25, 16667 }, // U+20B9
    { 12, 15, 204, 0, 15, 23, 16692 }, // U+2202
    { 15, 15, 231, 0, 15, 29, 16715 }, // U+2206
    { 13, 17, 243, 1, 15, 28, 16744 }, // U+220F
    { 11, 17, 181, 0, 15, 24, 16772 }, // U+2211
    { 10, 3, 189, 1, 8, 4, 16796 }, // U+2212
    { 11, 15, 51, -4, 15, 21, 16800 }, // U+2215
    { 5, 4, 82, 0, 9, 3, 16821 }, // U+2219
    { 14, 15, 201, 0, 15, 27, 16824 }, // U+221A
    { 13, 7, 212, 0, 10, 12, 16851 }, // U+221E
    { 9, 21, 134, 0, 16, 24, 16863 }, // U+222B
    { 12, 11, 189, 0, 12, 17, 16887 }, // U+2248
    { 10, 14, 189, 1, 14, 18, 16904 }, // U+2260
    { 10, 13, 189, 1, 13, 17, 16922 }, // U+2264
    { 10, 13, 189, 1, 13, 17, 16939 }, // U+2265
    { 0, 0, 333, 0, 0, 0, 16956 }, // U+3000
    { 8, 7, 333, 0, 5, 7, 16956 }, // U+3001
    { 8, 7, 333, 0, 5, 7, 16963 }, // U+3002
    { 13, 11, 333, 4, 13, 18, 16970 }, // U+3003
    { 20, 20, 333, 0, 18, 50, 16988 }, // U+3004
    { 18, 18, 333, 1, 17, 41, 17038 }, // U+3005
    { 17, 19, 333, 2, 17, 41, 17079 }, // U+3006
    { 20, 20, 333, 0, 18, 50, 17120 }, // U+3007
    { 9, 20, 333, 11, 18, 23, 17170 }, // U+3008
    { 9, 20, 333, 1, 18, 23, 17193 }, // U+3009
    { 11, 20, 333, 10, 18, 28, 17216 }, // U+300A
    { 11, 20, 333, 0, 18, 28, 17244 }, // U+300B
    { 8, 14, 333, 13, 18, 14, 17272 }, // U+300C
    { 8, 14, 333, 0, 12, 14, 17286 }, // U+300D
    { 9, 14, 333, 12, 18, 16, 17300 }, // U+300E
    { 9, 14, 333, 0, 12, 16, 17316 }, // U+300F
    { 8, 20, 333, 13, 18, 20, 17332 }, // U+3010
    { 8, 20, 333, 0, 18, 20, 17352 }, // U+3011
    { 15, 16, 333, 3, 16, 30, 17372 }, // U+3012
    { 17, 18, 333, 2, 17, 39, 17402 }, // U+3013
    { 7, 22, 333, 14, 19, 20, 17441 }, // U+3014
    { 7, 22, 333, 0, 19, 20, 17461 }, // U+3015
    { 8, 20, 333, 13, 18, 20, 17481 }, // U+3016
    { 8, 20, 333, 0, 18, 20, 17501 }, // U+3017
    { 8, 22, 333, 13, 19, 22, 17521 }, // U+3018
    { 8, 22, 333, 0, 19, 22, 17543 }, // U+3019
    { 7, 20, 333, 14, 18, 18, 17565 }, // U+301A
    { 7, 20, 333, 0, 18, 18, 17583 }, // U+301B
    { 21, 6, 333, 0, 11, 16, 17601 }, // U+301C
    { 7, 10, 333, 13, 18, 9, 17617 }, // U+301D
    { 6, 10, 333, 1, 18, 8, 17626 }, // U+301E
    { 6, 10, 333, 1, 8, 8, 17634 }, // U+301F
    { 20, 15, 333, 0, 15, 38, 17642 }, // U+3020
    { 3, 19, 333, 9, 17, 8, 17680 }, // U+3021
    { 9, 19, 333, 6, 18, 22, 17688 }, // U+3022
    { 14, 19, 333, 4, 17, 34, 17710 }, // U+3023
    { 18, 18, 333, 1, 17, 41, 17744 }, // U+3024
    { 12, 18, 333, 4, 17, 27, 17785 }, // U+3025
    { 19, 9, 333, 1, 17, 22, 17812 }, // U+3026
    { 19, 14, 333, 1, 17, 34, 17834 }, // U+3027
    { 19, 18, 333, 1, 17, 43, 17868 }, // U+3028
    { 19, 20, 333, 1, 18, 48, 17911 }, // U+3029
    { 6, 5, 0, -22, -2, 4, 17959 }, // U+302A
    { 6, 5, 0, -22, 23, 4, 17963 }, // U+302B
    { 6, 5, 0, -5, 23, 4, 17967 }, // U+302C
    { 6, 5, 0, -5, -2, 4, 17971 }, // U+302D
    { 5, 4, 83, 0, 10, 3, 17975 }, // U+302E
    { 5, 9, 83, 0, 12, 6, 17978 }, // U+302F
    { 21, 6, 333, 0, 11, 16, 17984 }, // U+3030
    { 14, 40, 333, 3, 28, 70, 18000 }, // U+3031
    { 16, 40, 333, 3, 28, 80, 18070 }, // U+3032
    { 13, 20, 333, 3, 18, 33, 18150 }, // U+3033
    { 16, 20, 333, 3, 18, 40, 18183 }, // U+3034
    { 14, 20, 333, 3, 19, 35, 18223 }, // U+3035
    { 20, 20, 333, 0, 18, 50, 18258 }, // U+3036
    { 21, 20, 333, 0, 18, 53, 18308 }, // U+3037
    { 19, 20, 333, 1, 18, 48, 18361 }, // U+3038
    { 19, 20, 333, 1, 18, 48, 18409 }, // U+3039
    { 19, 20, 333, 1, 18, 48, 18457 }, // U+303A
    { 12, 20, 333, 4, 18, 30, 18505 }, // U+303B
    { 17, 16, 333, 2, 16, 34, 18535 }, // U+303C
    { 19, 15, 333, 1, 15, 36, 18569 }, // U+303D
    { 19, 20, 333, 1, 18, 48, 18605 }, // U+303E
    { 12, 16, 333, 4, 16, 24, 18653 }, // U+303F
    { 16, 17, 333, 3, 15, 34, 18677 }, // U+3041
    { 19, 20, 333, 1, 18, 48, 18711 }, // U+3042
    { 16, 14, 333, 3, 13, 28, 18759 }, // U+3043
    { 18, 17, 333, 2, 16, 39, 18787 }, // U+3044
    { 13, 16, 333, 4, 14, 26, 18826 }, // U+3045
    { 16, 19, 333, 2, 17, 38, 18852 }, // U+3046
    { 15, 16, 333, 3, 14, 30, 18890 }, // U+3047
    { 18, 20, 333, 2, 18, 45, 18920 }, // U+3048
    { 16, 16, 333, 3, 14, 32, 18965 }, // U+3049
    { 20, 19, 333, 1, 18, 48, 18997 }, // U+304A
    { 20, 19, 333, 1, 17, 48, 19045 }, // U+304B
    { 20, 21, 333, 1, 19, 53, 19093 }, // U+304C
    { 16, 20, 333, 3, 18, 40, 19146 }, // U+304D
    { 19, 21, 333, 2, 19, 50, 19186 }, // U+304E
    { 13, 19, 333, 3, 17, 31, 19236 }, // U+304F
    { 16, 19, 333, 2, 17, 38, 19267 }, // U+3050
    { 19, 19, 333, 1, 17, 46, 19305 }, // U+3051
    { 20, 20, 333, 1, 18, 50, 19351 }, // U+3052
    { 15, 17, 333, 3, 16, 32, 19401 }, // U+3053
    { 19, 20, 333, 2, 19, 48, 19433 }, // U+3054
    { 17, 19, 333, 2, 18, 41, 19481 }, // U+3055
    { 19, 21, 333, 2, 19, 50, 19522 }, // U+3056
    { 16, 18, 333, 4, 17, 36, 19572 }, // U+3057
    { 15, 19, 333, 4, 17, 36, 19608 }, // U+3058
    { 19, 19, 333, 1, 17, 46, 19644 }, // U+3059
    { 19, 20, 333, 1, 18, 48, 19690 }, // U+305A
    { 20, 18, 333, 0, 17, 45, 19738 }, // U+305B
    { 21, 18, 333, 0, 17, 48, 19783 }, // U+305C
    { 18, 19, 333, 1, 17, 43, 19831 }, // U+305D
    { 19, 19, 333, 1, 17, 46, 19874 }, // U+305E
    { 19, 18, 333, 1, 17, 43, 19920 }, // U+305F
    { 20, 19, 333, 1, 17, 48, 19963 }, // U+3060
    { 17, 20, 333, 2, 18, 43, 20011 }, // U+3061
    { 20, 22, 333, 1, 19, 55, 20054 }, // U+3062
    { 17, 12, 333, 2, 11, 26, 20109 }, // U+3063
    { 19, 14, 333, 1, 14, 34, 20135 }, // U+3064
    { 21, 18, 333, 0, 18, 48, 20169 }, // U+3065
    { 18, 17, 333, 1, 16, 39, 20217 }, // U+3066
    { 19, 17, 333, 1, 16, 41, 20256 }, // U+3067
    { 15, 18, 333, 3, 17, 34, 20297 }, // U+3068
    { 18, 19, 333, 3, 18, 43, 20331 }, // U+3069
    { 19, 20, 333, 1, 18, 48, 20374 }, // U+306A
    { 17, 18, 333, 2, 17, 39, 20422 }, // U+306B
    { 20, 18, 333, 1, 17, 45, 20461 }, // U+306C
    { 21, 18, 333, 0, 17, 48, 20506 }, // U+306D
    { 19, 17, 333, 1, 16, 41, 20554 }, // U+306E
    { 20, 19, 333, 1, 17, 48, 20595 }, // U+306F
    { 20, 20, 333, 1, 18, 50, 20643 }, // U+3070
    { 20, 20, 333, 1, 18, 50, 20693 }, // U+3071
    { 20, 18, 333, 1, 17, 45, 20743 }, // U+3072
    { 20, 20, 333, 1, 18, 50, 20788 }, // U+3073
    { 20, 20, 333, 1, 18, 50, 20838 }, // U+3074
    { 21, 18, 333, 0, 17, 48, 20888 }, // U+3075
    { 21, 18, 333, 0, 17, 48, 20936 }, // U+3076
    { 21, 18, 333, 0, 17, 48, 20984 }, // U+3077
    { 21, 15, 333, 0, 15, 40, 21032 }, // U+3078
    { 20, 17, 333, 0, 16, 43, 21072 }, // U+3079
    { 20, 17, 333, 0, 16, 43, 21115 }, // U+307A
    { 19, 19, 333, 1, 17, 46, 21158 }, // U+307B
    { 20, 20, 333, 1, 18, 50, 21204 }, // U+307C
    { 20, 21, 333, 1, 19, 53, 21254 }, // U+307D
    { 16, 19, 333, 3, 17, 38, 21307 }, // U+307E
    { 19, 19, 333, 1, 17, 46, 21345 }, // U+307F
    { 19, 19, 333, 1, 18, 46, 21391 }, // U+3080
    { 19, 19, 333, 1, 17, 46, 21437 }, // U+3081
    { 18, 19, 333, 1, 18, 43, 21483 }, // U+3082
    { 17, 16, 333, 1, 14, 34, 21526 }, // U+3083
    { 20, 20, 333, 0, 18, 50, 21560 }, // U+3084
    { 16, 16, 333, 3, 14, 32, 21610 }, // U+3085
    { 18, 19, 333, 2, 17, 43, 21642 }, // U+3086
    { 14, 16, 333, 3, 14, 28, 21685 }, // U+3087
    { 17, 18, 333, 2, 17, 39, 21713 }, // U+3088
    { 16, 19, 333, 3, 17, 38, 21752 }, // U+3089
    { 14, 20, 333, 3, 18, 35, 21790 }, // U+308A
    { 18, 19, 333, 1, 17, 43, 21825 }, // U+308B
    { 21, 19, 333, 0, 18, 50, 21868 }, // U+308C
    { 18, 19, 333, 1, 17, 43, 21918 }, // U+308D
    { 17, 16, 333, 2, 14, 34, 21961 }, // U+308E
    { 20, 20, 333, 0, 18, 50, 21995 }, // U+308F
    { 18, 19, 333, 1, 17, 43, 22045 }, // U+3090
    { 20, 19, 333, 0, 17, 48, 22088 }, // U+3091
    { 18, 19, 333, 1, 18, 43, 22136 }, // U+3092
    { 20, 19, 333, 1, 17, 48, 22179 }, // U+3093
    { 19, 19, 333, 2, 17, 46, 22227 }, // U+3094
    { 18, 16, 333, 2, 14, 36, 22273 }, // U+3095
    { 16, 16, 333, 3, 13, 32, 22309 }, // U+3096
    { 7, 5, 0, -6, 19, 5, 22341 }, // U+3099
    { 6, 6, 0, -5, 19, 5, 22346 }, // U+309A
    { 7, 6, 333, 0, 18, 6, 22351 }, // U+309B
    { 6, 6, 333, 0, 18, 5, 22357 }, // U+309C
    { 11, 14, 333, 6, 14, 20, 22362 }, // U+309D
    { 13, 16, 333, 5, 16, 26, 22382 }, // U+309E
    { 18, 20, 333, 1, 18, 45, 22408 }, // U+309F
    { 11, 4, 333, 5, 10, 6, 22453 }, // U+30A0
    { 16, 16, 333, 3, 13, 32, 22459 }, // U+30A1
    { 18, 18, 333, 2, 16, 41, 22491 }, // U+30A2
    { 15, 16, 333, 2, 14, 30, 22532 }, // U+30A3
    { 18, 18, 333, 1, 17, 41, 22562 }, // U+30A4
    { 15, 16, 333, 3, 14, 30, 22603 }, // U+30A5
    { 17, 20, 333, 2, 18, 43, 22633 }, // U+30A6
    { 15, 13, 333, 3, 12, 25, 22676 }, // U+30A7
    { 19, 15, 333, 1, 15, 36, 22701 }, // U+30A8
    { 16, 16, 333, 3, 14, 32, 22737 }, // U+30A9
    { 18, 18, 333, 1, 17, 41, 22769 }, // U+30AA
    { 18, 18, 333, 1, 17, 41, 22810 }, // U+30AB
    { 20, 20, 333, 1, 18, 50, 22851 }, // U+30AC
    { 18, 19, 333, 1, 17, 43, 22901 }, // U+30AD
    { 19, 20, 333, 1, 18, 48, 22944 }, // U+30AE
    { 18, 20, 333, 1, 18, 45, 22992 }, // U+30AF
    { 21, 21, 333, 0, 19, 56, 23037 }, // U+30B0
    { 20, 20, 333, 0, 18, 50, 23093 }, // U+30B1
    { 21, 20, 333, 0, 18, 53, 23143 }, // U+30B2
    { 17, 16, 333, 2, 15, 34, 23196 }, // U+30B3
    { 19, 21, 333, 2, 19, 50, 23230 }, // U+30B4
    { 19, 19, 333, 1, 17, 46, 23280 }, // U+30B5
    { 21, 20, 333, 0, 18, 53, 23326 }, // U+30B6
    { 19, 18, 333, 1, 17, 43, 23379 }, // U+30B7
    { 20, 19, 333, 1, 18, 48, 23422 }, // U+30B8
    { 19, 17, 333, 1, 16, 41, 23470 }, // U+30B9
    { 20, 21, 333, 1, 19, 53, 23511 }, // U+30BA
    { 19, 18, 333, 0, 17, 43, 23564 }, // U+30BB
    { 21, 20, 333, 0, 19, 53, 23607 }, // U+30BC
    { 18, 17, 333, 1, 16, 39, 23660 }, // U+30BD
    { 20, 20, 333, 1, 18, 50, 23699 }, // U+30BE
    { 18, 20, 333, 1, 18, 45, 23749 }, // U+30BF
    { 21, 21, 333, 0, 19, 56, 23794 }, // U+30C0
    { 19, 19, 333, 1, 17, 46, 23850 }, // U+30C1
    { 20, 19, 333, 1, 17, 48, 23896 }, // U+30C2
    { 16, 15, 333, 3, 13, 30, 23944 }, // U+30C3
    { 19, 18, 333, 1, 17, 43, 23974 }, // U+30C4
    { 20, 20, 333, 1, 18, 50, 24017 }, // U+30C5
    { 19, 19, 333, 1, 17, 46, 24067 }, // U+30C6
    { 20, 21, 333, 1, 19, 53, 24113 }, // U+30C7
    { 13, 18, 333, 6, 17, 30, 24166 }, // U+30C8
    { 14, 18, 333, 5, 17, 32, 24196 }, // U+30C9
    { 19, 19, 333, 1, 17, 46, 24228 }, // U+30CA
    { 18, 15, 333, 1, 15, 34, 24274 }, // U+30CB
    { 16, 18, 333, 2, 16, 36, 24308 }, // U+30CC
    { 19, 20, 333, 1, 18, 48, 24344 }, // U+30CD
    { 16, 17, 333, 2, 16, 34, 24392 }, // U+30CE
    { 19, 16, 333, 1, 16, 38, 24426 }, // U+30CF
    { 21, 19, 333, 0, 18, 50, 24464 }, // U+30D0
    { 21, 19, 333, 0, 18, 50, 24514 }, // U+30D1
    { 15, 18, 333, 4, 17, 34, 24564 }, // U+30D2
    { 17, 19, 333, 3, 18, 41, 24598 }, // U+30D3
    { 17, 19, 333, 3, 18, 41, 24639 }, // U+30D4
    { 17, 17, 333, 2, 16, 37, 24680 }, // U+30D5
    { 19, 21, 333, 2, 19, 50, 24717 }, // U+30D6
    { 19, 20, 333, 2, 18, 48, 24767 }, // U+30D7
    { 21, 15, 333, 0, 15, 40, 24815 }, // U+30D8
    { 20, 16, 333, 0, 16, 40, 24855 }, // U+30D9
    { 20, 16, 333, 0, 16, 40, 24895 }, // U+30DA
    { 19, 18, 333, 1, 17, 43, 24935 }, // U+30DB
    { 21, 19, 333, 0, 18, 50, 24978 }, // U+30DC
    { 20, 19, 333, 0, 18, 48, 25028 }, // U+30DD
    { 19, 17, 333, 1, 15, 41, 25076 }, // U+30DE
    { 16, 18, 333, 2, 17, 36, 25117 }, // U+30DF
    { 19, 18, 333, 1, 17, 43, 25153 }, // U+30E0
    { 17, 18, 333, 2, 17, 39, 25196 }, // U+30E1
    { 18, 17, 333, 2, 16, 39, 25235 }, // U+30E2
    { 17, 16, 333, 2, 14, 34, 25274 }, // U+30E3
    { 20, 19, 333, 0, 17, 48, 25308 }, // U+30E4
    { 16, 13, 333, 2, 12, 26, 25356 }, // U+30E5
    { 19, 15, 333, 1, 15, 36, 25382 }, // U+30E6
    { 13, 15, 333, 4, 13, 25, 25418 }, // U+30E7
    { 16, 17, 333, 2, 16, 34, 25443 }, // U+30E8
    { 17, 19, 333, 2, 17, 41, 25477 }, // U+30E9
    { 13, 18, 333, 4, 17, 30, 25518 }, // U+30EA
    { 21, 17, 333, 0, 16, 45, 25548 }, // U+30EB
    { 16, 17, 333, 4, 16, 34, 25593 }, // U+30EC
    { 17, 17, 333, 2, 16, 37, 25627 }, // U+30ED
    { 15, 15, 333, 3, 12, 29, 25664 }, // U+30EE
    { 17, 18, 333, 2, 16, 39, 25693 }, // U+30EF
    { 19, 19, 333, 1, 17, 46, 25732 }, // U+30F0
    { 19, 16, 333, 1, 16, 38, 25778 }, // U+30F1
    { 16, 18, 333, 3, 16, 36, 25816 }, // U+30F2
    { 18, 17, 333, 2, 16, 39, 25852 }, // U+30F3
    { 20, 21, 333, 1, 19, 53, 25891 }, // U+30F4
    { 15, 16, 333, 2, 14, 30, 25944 }, // U+30F5
    { 16, 17, 333, 2, 14, 34, 25974 }, // U+30F6
    { 19, 21, 333, 1, 19, 50, 26008 }, // U+30F7
    { 20, 20, 333, 1, 18, 50, 26058 }, // U+30F8
    { 19, 20, 333, 1, 19, 48, 26108 }, // U+30F9
    { 18, 21, 333, 2, 19, 48, 26156 }, // U+30FA
    { 7, 6, 333, 7, 11, 6, 26204 }, // U+30FB
    { 18, 5, 333, 1, 11, 12, 26210 }, // U+30FC
    { 12, 11, 333, 5, 13, 17, 26222 }, // U+30FD
    { 14, 14, 333, 4, 16, 25, 26239 }, // U+30FE
    { 14, 19, 333, 3, 17, 34, 26264 }, // U+30FF
    { 21, 3, 333, 0, 10, 8, 26298 }, // U+4E00
    { 20, 19, 333, 0, 18, 48, 26306 }, // U+4E0A
    { 19, 19, 333, 1, 17, 46, 26354 }, // U+4E0B
    { 19, 20, 333, 1, 17, 48, 26400 }, // U+4E21
    { 19, 20, 333, 1, 18, 48, 26448 }, // U+4E2D
    { 17, 19, 333, 2, 17, 41, 26496 }, // U+4E86
    { 21, 20, 333, 0, 18, 53, 26537 }, // U+4ED6
    { 21, 21, 333, 0, 18, 56, 26590 }, // U+4ED8
    { 21, 20, 333, 0, 18, 53, 26646 }, // U+4EF6
    { 21, 20, 333, 0, 18, 53, 26699 }, // U+4F4D
    { 21, 20, 333, 0, 18, 53, 26752 }, // U+4F53
    { 21, 20, 333, 0, 18, 53, 26805 }, // U+4F59
    { 21, 20, 333, 0, 18, 53, 26858 }, // U+4F5C
    { 21, 20, 333, 0, 18, 53, 26911 }, // U+4F7F
    { 21, 20, 333, 0, 18, 53, 26964 }, // U+4FDD
    { 21, 20, 333, 0, 18, 53, 27017 }, // U+4FE1
    { 21, 21, 333, 0, 18, 56, 27070 }, // U+5099
    { 21, 20, 333, 0, 18, 53, 27126 }, // U+50BE
    { 21, 20, 333, 0, 18, 53, 27179 }, // U+50CF
    { 20, 20, 333, 0, 18, 50, 27232 }, // U+5148
    { 21, 21, 333, 0, 18, 56, 27282 }, // U+5149
    { 21, 19, 333, 0, 17, 50, 27338 }, // U+5165
    { 21, 20, 333, 0, 18, 53, 27388 }, // U+5168
    { 19, 21, 333, 1, 18, 50, 27441 }, // U+5185
    { 21, 19, 333, 0, 17, 50, 27491 }, // U+518D
    { 17, 20, 333, 2, 18, 43, 27541 }, // U+51FA
    { 21, 21, 333, 0, 18, 56, 27584 }, // U+5206
    { 20, 20, 333, 0, 18, 50, 27640 }, // U+5207
    { 20, 20, 333, 0, 18, 50, 27690 }, // U+523B
    { 20, 20, 333, 0, 18, 50, 27740 }, // U+524A
    { 20, 21, 333, 0, 18, 53, 27790 }, // U+524D
    { 20, 20, 333, 0, 18, 50, 27843 }, // U+526F
    { 20, 20, 333, 0, 18, 50, 27893 }, // U+5272
    { 20, 20, 333, 0, 18, 50, 27943 }, // U+529B
    { 20, 20, 333, 0, 18, 50, 27993 }, // U+529F
    { 20, 20, 333, 0, 18, 50, 28043 }, // U+52A0
    { 20, 21, 333, 0, 18, 53, 28093 }, // U+52B9
    { 20, 21, 333, 0, 18, 53, 28146 }, // U+52D5
    { 21, 20, 333, 0, 18, 53, 28199 }, // U+5316
    { 21, 19, 333, 0, 17, 50, 28252 }, // U+539F
    { 20, 21, 333, 0, 18, 53, 28302 }, // U+53BB
    { 20, 19, 333, 0, 17, 48, 28355 }, // U+53CD
    { 21, 20, 333, 0, 18, 53, 28403 }, // U+53CE
    { 21, 19, 333, 0, 17, 50, 28456 }, // U+53D6
    { 20, 20, 333, 0, 18, 50, 28506 }, // U+53D7
    { 20, 20, 333, 0, 18, 50, 28556 }, // U+53F3
    { 20, 21, 333, 0, 18, 53, 28606 }, // U+53F7
    { 21, 21, 333, 0, 19, 56, 28659 }, // U+5404
    { 21, 20, 333, 0, 18, 53, 28715 }, // U+5408
    { 19, 20, 333, 1, 17, 48, 28768 }, // U+540C
    { 19, 20, 333, 0, 18, 48, 28816 }, // U+540D
    { 19, 20, 333, 1, 18, 48, 28864 }, // U+5411
    { 19, 20, 333, 1, 18, 48, 28912 }, // U+544A
    { 19, 19, 333, 1, 17, 46, 28960 }, // U+56DE
    { 19, 19, 333, 1, 17, 46, 29006 }, // U+56E0
    { 19, 19, 333, 1, 17, 46, 29052 }, // U+56F2
    { 20, 20, 333, 0, 18, 50, 29098 }, // U+5728
    { 21, 20, 333, 0, 18, 53, 29148 }, // U+57CB
    { 21, 20, 333, 0, 18, 53, 29201 }, // U+5831
    { 21, 21, 333, 0, 18, 56, 29254 }, // U+5834
    { 21, 21, 333, 0, 18, 56, 29310 }, // U+5909
    { 21, 20, 333, 0, 18, 53, 29366 }, // U+5916
    { 21, 20, 333, 0, 18, 53, 29419 }, // U+5927
    { 21, 20, 333, 0, 18, 53, 29472 }, // U+592A
    { 21, 20, 333, 0, 18, 53, 29525 }, // U+592E
    { 21, 20, 333, 0, 18, 53, 29578 }, // U+5931
    { 19, 20, 333, 1, 18, 48, 29631 }, // U+5B57
    { 21, 20, 333, 0, 18, 53, 29679 }, // U+5B58
    { 21, 20, 333, 0, 18, 53, 29732 }, // U+5B8C
    { 21, 20, 333, 0, 18, 53, 29785 }, // U+5B9A
    { 21, 20, 333, 0, 18, 53, 29838 }, // U+5B9B
    { 19, 20, 333, 1, 18, 48, 29891 }, // U+5BB3
    { 21, 21, 333, 0, 19, 56, 29939 }, // U+5C0E
    { 21, 21, 333, 0, 18, 56, 29995 }, // U+5C0F
    { 20, 19, 333, 0, 17, 48, 30051 }, // U+5C3E
    { 20, 20, 333, 0, 18, 50, 30099 }, // U+5DE6
    { 19, 20, 333, 1, 18, 48, 30149 }, // U+5E38
    { 21, 20, 333, 0, 18, 53, 30197 }, // U+5E83
    { 21, 20, 333, 0, 18, 53, 30250 }, // U+5EA6
    { 17, 20, 333, 2, 18, 43, 30303 }, // U+5F53
    { 21, 20, 333, 0, 18, 53, 30346 }, // U+5F79
    { 20, 20, 333, 0, 18, 50, 30399 }, // U+5F97
    { 21, 20, 333, 0, 18, 53, 30449 }, // U+5FC5
    { 21, 21, 333, 0, 18, 56, 30502 }, // U+60C5
    { 21, 20, 333, 0, 18, 53, 30558 }, // U+614B
    { 21, 22, 333, 0, 19, 58, 30611 }, // U+6210
    { 21, 19, 333, 0, 17, 50, 30669 }, // U+623B
    { 21, 21, 333, 0, 18, 56, 30719 }, // U+629C
    { 21, 21, 333, 0, 18, 56, 30775 }, // U+629E
    { 20, 21, 333, 0, 18, 53, 30831 }, // U+62BC
    { 21, 21, 333, 0, 18, 56, 30884 }, // U+6357
    { 21, 21, 333, 0, 18, 56, 30940 }, // U+63A5
    { 20, 20, 333, 0, 18, 50, 30996 }, // U+63C3
    { 21, 21, 333, 0, 18, 56, 31046 }, // U+64CD
    { 21, 20, 333, 0, 18, 53, 31102 }, // U+6557
    { 21, 20, 333, 0, 18, 53, 31155 }, // U+6570
    { 21, 20, 333, 0, 18, 53, 31208 }, // U+6587
    { 21, 20, 333, 0, 18, 53, 31261 }, // U+65B0
    { 21, 20, 333, 0, 18, 53, 31314 }, // U+65E2
    { 15, 19, 333, 3, 17, 36, 31367 }, // U+65E5
    { 20, 20, 333, 1, 18, 50, 31403 }, // U+6642
    { 20, 20, 333, 1, 18, 50, 31453 }, // U+6697
    { 21, 19, 333, 0, 17, 50, 31503 }, // U+66F4
    { 20, 21, 333, 0, 18, 53, 31553 }, // U+66F8
    { 21, 20, 333, 0, 18, 53, 31606 }, // U+66FF
    { 21, 20, 333, 0, 18, 53, 31659 }, // U+6700
    { 20, 21, 333, 0, 18, 53, 31712 }, // U+671F
    { 21, 20, 333, 0, 18, 53, 31765 }, // U+672A
    { 21, 20, 333, 0, 18, 53, 31818 }, // U+672B
    { 21, 20, 333, 0, 18, 53, 31871 }, // U+672C
    { 21, 20, 333, 0, 18, 53, 31924 }, // U+6790
    { 21, 20, 333, 0, 18, 53, 31977 }, // U+691C
    { 21, 20, 333, 0, 18, 53, 32030 }, // U+69CB
    { 21, 20, 333, 0, 18, 53, 32083 }, // U+6A19
    { 21, 20, 333, 0, 18, 53, 32136 }, // U+6A2A
    { 21, 20, 333, 0, 18, 53, 32189 }, // U+6B21
    { 20, 19, 333, 0, 18, 48, 32242 }, // U+6B62
    { 20, 18, 333, 0, 17, 45, 32290 }, // U+6B63
    { 21, 22, 333, 0, 19, 58, 32335 }, // U+6B8B
    { 21, 20, 333, 0, 18, 53, 32393 }, // U+6BB5
    { 21, 21, 333, 0, 18, 56, 32446 }, // U+6BCE
    { 21, 20, 333, 0, 18, 53, 32502 }, // U+6C7A
    { 21, 20, 333, 0, 18, 53, 32555 }, // U+6CE8
    { 20, 21, 333, 0, 18, 53, 32608 }, // U+6D88
    { 21, 20, 333, 0, 18, 53, 32661 }, // U+6DFB
    { 21, 21, 333, 0, 18, 56, 32714 }, // U+6E08
    { 21, 21, 333, 0, 18, 56, 32770 }, // U+6E90
    { 20, 20, 333, 0, 18, 50, 32826 }, // U+6E96
    { 21, 20, 333, 0, 18, 53, 32876 }, // U+7121
    { 21, 20, 333, 0, 18, 53, 32929 }, // U+7167
    { 21, 21, 333, 0, 18, 56, 32982 }, // U+7279
    { 21, 20, 333, 0, 18, 53, 33038 }, // U+72B6
    { 21, 21, 333, 0, 18, 56, 33091 }, // U+72ED
    { 20, 20, 333, 0, 18, 50, 33147 }, // U+7387
    { 21, 21, 333, 0, 18, 56, 33197 }, // U+73FE
    { 19, 20, 333, 0, 17, 48, 33253 }, // U+7528
    { 19, 19, 333, 1, 17, 46, 33301 }, // U+753B
    { 21, 20, 333, 0, 18, 53, 33347 }, // U+756A
    { 17, 20, 333, 2, 18, 43, 33400 }, // U+767D
    { 19, 20, 333, 1, 18, 48, 33443 }, // U+7684
    { 16, 19, 333, 2, 17, 38, 33491 }, // U+76EE
    { 21, 20, 333, 0, 18, 53, 33529 }, // U+77ED
    { 21, 20, 333, 0, 18, 53, 33582 }, // U+78BA
    { 20, 19, 333, 0, 17, 48, 33635 }, // U+793A
    { 21, 20, 333, 0, 18, 53, 33683 }, // U+79D2
    { 21, 20, 333, 0, 18, 53, 33736 }, // U+79FB
    { 19, 20, 333, 1, 18, 48, 33789 }, // U+7A7A
    { 20, 20, 333, 0, 18, 50, 33837 }, // U+7AE0
    { 21, 20, 333, 0, 18, 53, 33887 }, // U+7AEF
    { 20, 20, 333, 0, 18, 50, 33940 }, // U+7B2C
    { 20, 20, 333, 0, 18, 50, 33990 }, // U+7B97
    { 21, 20, 333, 0, 18, 53, 34040 }, // U+7BC4
    { 20, 20, 333, 0, 18, 50, 34093 }, // U+7C4D
    { 21, 21, 333, 0, 18, 56, 34143 }, // U+7D19
    { 20, 20, 333, 0, 18, 50, 34199 }, // U+7D22
    { 20, 20, 333, 0, 18, 50, 34249 }, // U+7D30
    { 21, 21, 333, 0, 18, 56, 34299 }, // U+7D42
    { 21, 20, 333, 0, 18, 53, 34355 }, // U+7D9A
    { 20, 20, 333, 0, 18, 50, 34408 }, // U+7DE8
    { 21, 21, 333, 0, 18, 56, 34458 }, // U+7E26
    { 20, 19, 333, 1, 17, 48, 34514 }, // U+7F6E
    { 20, 21, 333, 0, 18, 53, 34562 }, // U+811A
    { 17, 20, 333, 2, 18, 43, 34615 }, // U+81EA
    { 21, 20, 333, 0, 18, 53, 34658 }, // U+822C
    { 21, 20, 333, 0, 18, 53, 34711 }, // U+8272
    { 21, 20, 333, 0, 18, 53, 34764 }, // U+843D
    { 21, 21, 333, 0, 18, 56, 34817 }, // U+884C
    { 21, 20, 333, 0, 18, 53, 34873 }, // U+8868
    { 21, 21, 333, 0, 18, 56, 34926 }, // U+88DC
    { 20, 21, 333, 0, 18, 53, 34982 }, // U+8981
    { 21, 21, 333, 0, 18, 56, 35035 }, // U+898B
    { 21, 21, 333, 0, 18, 56, 35091 }, // U+8996
    { 21, 21, 333, 0, 18, 56, 35147 }, // U+89E3
    { 20, 19, 333, 0, 17, 48, 35203 }, // U+8A00
    { 21, 20, 333, 0, 18, 53, 35251 }, // U+8A08
    { 21, 19, 333, 0, 17, 50, 35304 }, // U+8A18
    { 21, 20, 333, 0, 18, 53, 35354 }, // U+8A2D
    { 21, 19, 333, 0, 17, 50, 35407 }, // U+8A3C
    { 21, 21, 333, 0, 18, 56, 35457 }, // U+8A66
    { 21, 20, 333, 0, 18, 53, 35513 }, // U+8A73
    { 21, 19, 333, 0, 17, 50, 35566 }, // U+8A8D
    { 21, 20, 333, 0, 18, 53, 35616 }, // U+8A9E
    { 21, 21, 333, 0, 18, 56, 35669 }, // U+8AAD
    { 21, 21, 333, 0, 18, 56, 35725 }, // U+8D77
    { 21, 20, 333, 0, 18, 53, 35781 }, // U+8EE2
    { 21, 20, 333, 0, 18, 53, 35834 }, // U+8FBC
    { 21, 20, 333, 0, 18, 53, 35887 }, // U+8FD1
    { 21, 20, 333, 0, 18, 53, 35940 }, // U+8FFD
    { 21, 20, 333, 0, 18, 53, 35993 }, // U+9000
    { 21, 20, 333, 0, 18, 53, 36046 }, // U+9001
    { 21, 20, 333, 0, 18, 53, 36099 }, // U+9006
    { 21, 20, 333, 0, 18, 53, 36152 }, // U+9032
    { 21, 20, 333, 0, 18, 53, 36205 }, // U+9069
    { 21, 20, 333, 0, 18, 53, 36258 }, // U+9078
    { 21, 19, 333, 0, 17, 50, 36311 }, // U+914D
    { 20, 19, 333, 0, 18, 48, 36361 }, // U+91CF
    { 21, 20, 333, 0, 18, 53, 36409 }, // U+9332
    { 21, 20, 333, 0, 18, 53, 36462 }, // U+9577
    { 19, 20, 333, 1, 17, 48, 36515 }, // U+958B
    { 19, 19, 333, 1, 17, 46, 36563 }, // U+9593
    { 20, 20, 333, 1, 18, 50, 36609 }, // U+9664
    { 20, 20, 333, 1, 18, 50, 36659 }, // U+969B
    { 20, 20, 333, 1, 18, 50, 36709 }, // U+969C
    { 20, 21, 333, 1, 18, 53, 36759 }, // U+96A0
    { 21, 20, 333, 0, 18, 53, 36812 }, // U+96C6
    { 20, 20, 333, 1, 18, 50, 36865 }, // U+96FB
    { 21, 21, 333, 0, 18, 56, 36915 }, // U+975E
    { 19, 19, 333, 1, 17, 46, 36971 }, // U+9762
    { 21, 19, 333, 0, 17, 50, 37017 }, // U+9805
    { 21, 20, 333, 0, 18, 53, 37067 }, // U+983B
    { 17, 16, 280, 1, 16, 34, 37120 }, // U+FB00
    { 13, 16, 236, 1, 16, 26, 37154 }, // U+FB01
    { 15, 16, 245, 1, 16, 30, 37180 }, // U+FB02
    { 22, 16, 376, 1, 16, 44, 37210 }, // U+FB03
    { 23, 16, 385, 1, 16, 46, 37254 }, // U+FB04
};

static const EpdUnicodeInterval ubuntu_10_boldIntervals[] = {
    { 0x0, 0x0, 0x0 },
    { 0x8, 0x9, 0x1 },
    { 0xD, 0xD, 0x3 },
    { 0x1D, 0x1D, 0x4 },
    { 0x20, 0x7E, 0x5 },
    { 0xA0, 0xFF, 0x64 },
    { 0x100, 0x17F, 0xC4 },
    { 0x1A0, 0x1A1, 0x144 },
    { 0x1AF, 0x1B0, 0x146 },
    { 0x1C4, 0x21F, 0x148 },
    { 0x311, 0x311, 0x1A4 },
    { 0x400, 0x45F, 0x1A5 },
    { 0x462, 0x463, 0x205 },
    { 0x472, 0x475, 0x207 },
    { 0x48A, 0x4F9, 0x20B },
    { 0x1EF2, 0x1EF3, 0x27B },
    { 0x2013, 0x2015, 0x27D },
    { 0x2018, 0x201A, 0x280 },
    { 0x201C, 0x201E, 0x283 },
    { 0x2020, 0x2022, 0x286 },
    { 0x2026, 0x2026, 0x289 },
    { 0x2030, 0x2030, 0x28A },
    { 0x2039, 0x203A, 0x28B },
    { 0x2044, 0x2044, 0x28D },
    { 0x2070, 0x2070, 0x28E },
    { 0x2074, 0x2079, 0x28F },
    { 0x2080, 0x2089, 0x295 },
    { 0x20AC, 0x20AC, 0x29F },
    { 0x20AE, 0x20AE, 0x2A0 },
    { 0x20B4, 0x20B4, 0x2A1 },
    { 0x20B9, 0x20B9, 0x2A2 },
    { 0x2202, 0x2202, 0x2A3 },
    { 0x2206, 0x2206, 0x2A4 },
    { 0x220F, 0x220F, 0x2A5 },
    { 0x2211, 0x2212, 0x2A6 },
    { 0x2215, 0x2215, 0x2A8 },
    { 0x2219, 0x221A, 0x2A9 },
    { 0x221E, 0x221E, 0x2AB },
    { 0x222B, 0x222B, 0x2AC },
    { 0x2248, 0x2248, 0x2AD },
    { 0x2260, 0x2260, 0x2AE },
    { 0x2264, 0x2265, 0x2AF },
    { 0x3000, 0x303F, 0x2B1 },
    { 0x3041, 0x3096, 0x2F1 },
    { 0x3099, 0x309F, 0x347 },
    { 0x30A0, 0x30FF, 0x34E },
    { 0x4E00, 0x4E00, 0x3AE },
    { 0x4E0A, 0x4E0B, 0x3AF },
    { 0x4E21, 0x4E21, 0x3B1 },
    { 0x4E2D, 0x4E2D, 0x3B2 },
    { 0x4E86, 0x4E86, 0x3B3 },
    { 0x4ED6, 0x4ED6, 0x3B4 },
    { 0x4ED8, 0x4ED8, 0x3B5 },
    { 0x4EF6, 0x4EF6, 0x3B6 },
    { 0x4F4D, 0x4F4D, 0x3B7 },
    { 0x4F53, 0x4F53, 0x3B8 },
    { 0x4F59, 0x4F59, 0x3B9 },
    { 0x4F5C, 0x4F5C, 0x3BA },
    { 0x4F7F, 0x4F7F, 0x3BB },
    { 0x4FDD, 0x4FDD, 0x3BC },
    { 0x4FE1, 0x4FE1, 0x3BD },
    { 0x5099, 0x5099, 0x3BE },
    { 0x50BE, 0x50BE, 0x3BF },
    { 0x50CF, 0x50CF, 0x3C0 },
    { 0x5148, 0x5149, 0x3C1 },
    { 0x5165, 0x5165, 0x3C3 },
    { 0x5168, 0x5168, 0x3C4 },
    { 0x5185, 0x5185, 0x3C5 },
    { 0x518D, 0x518D, 0x3C6 },
    { 0x51FA, 0x51FA, 0x3C7 },
    { 0x5206, 0x5207, 0x3C8 },
    { 0x523B, 0x523B, 0x3CA },
    { 0x524A, 0x524A, 0x3CB },
    { 0x524D, 0x524D, 0x3CC },
    { 0x526F, 0x526F, 0x3CD },
    { 0x5272, 0x5272, 0x3CE },
    { 0x529B, 0x529B, 0x3CF },
    { 0x529F, 0x52A0, 0x3D0 },
    { 0x52B9, 0x52B9, 0x3D2 },
    { 0x52D5, 0x52D5, 0x3D3 },
    { 0x5316, 0x5316, 0x3D4 },
    { 0x539F, 0x539F, 0x3D5 },
    { 0x53BB, 0x53BB, 0x3D6 },
    { 0x53CD, 0x53CE, 0x3D7 },
    { 0x53D6, 0x53D7, 0x3D9 },
    { 0x53F3, 0x53F3, 0x3DB },
    { 0x53F7, 0x53F7, 0x3DC },
    { 0x5404, 0x5404, 0x3DD },
    { 0x5408, 0x5408, 0x3DE },
    { 0x540C, 0x540D, 0x3DF },
    { 0x5411, 0x5411, 0x3E1 },
    { 0x544A, 0x544A, 0x3E2 },
    { 0x56DE, 0x56DE, 0x3E3 },
    { 0x56E0, 0x56E0, 0x3E4 },
    { 0x56F2, 0x56F2, 0x3E5 },
    { 0x5728, 0x5728, 0x3E6 },
    { 0x57CB, 0x57CB, 0x3E7 },
    { 0x5831, 0x5831, 0x3E8 },
    { 0x5834, 0x5834, 0x3E9 },
    { 0x5909, 0x5909, 0x3EA },
    { 0x5916, 0x5916, 0x3EB },
    { 0x5927, 0x5927, 0x3EC },
    { 0x592A, 0x592A, 0x3ED },
    { 0x592E, 0x592E, 0x3EE },
    { 0x5931, 0x5931, 0x3EF },
    { 0x5B57, 0x5B58, 0x3F0 },
    { 0x5B8C, 0x5B8C, 0x3F2 },
    { 0x5B9A, 0x5B9B, 0x3F3 },
    { 0x5BB3, 0x5BB3, 0x3F5 },
    { 0x5C0E, 0x5C0F, 0x3F6 },
    { 0x5C3E, 0x5C3E, 0x3F8 },
    { 0x5DE6, 0x5DE6, 0x3F9 },
    { 0x5E38, 0x5E38, 0x3FA },
    { 0x5E83, 0x5E83, 0x3FB },
    { 0x5EA6, 0x5EA6, 0x3FC },
    { 0x5F53, 0x5F53, 0x3FD },
    { 0x5F79, 0x5F79, 0x3FE },
    { 0x5F97, 0x5F97, 0x3FF },
    { 0x5FC5, 0x5FC5, 0x400 },
    { 0x60C5, 0x60C5, 0x401 },
    { 0x614B, 0x614B, 0x402 },
    { 0x6210, 0x6210, 0x403 },
    { 0x623B, 0x623B, 0x404 },
    { 0x629C, 0x629C, 0x405 },
    { 0x629E, 0x629E, 0x406 },
    { 0x62BC, 0x62BC, 0x407 },
    { 0x6357, 0x6357, 0x408 },
    { 0x63A5, 0x63A5, 0x409 },
    { 0x63C3, 0x63C3, 0x40A },
    { 0x64CD, 0x64CD, 0x40B },
    { 0x6557, 0x6557, 0x40C },
    { 0x6570, 0x6570, 0x40D },
    { 0x6587, 0x6587, 0x40E },
    { 0x65B0, 0x65B0, 0x40F },
    { 0x65E2, 0x65E2, 0x410 },
    { 0x65E5, 0x65E5, 0x411 },
    { 0x6642, 0x6642, 0x412 },
    { 0x6697, 0x6697, 0x413 },
    { 0x66F4, 0x66F4, 0x414 },
    { 0x66F8, 0x66F8, 0x415 },
    { 0x66FF, 0x6700, 0x416 },
    { 0x671F, 0x671F, 0x418 },
    { 0x672A, 0x672C, 0x419 },
    { 0x6790, 0x6790, 0x41C },
    { 0x691C, 0x691C, 0x41D },
    { 0x69CB, 0x69CB, 0x41E },
    { 0x6A19, 0x6A19, 0x41F },
    { 0x6A2A, 0x6A2A, 0x420 },
    { 0x6B21, 0x6B21, 0x421 },
    { 0x6B62, 0x6B63, 0x422 },
    { 0x6B8B, 0x6B8B, 0x424 },
    { 0x6BB5, 0x6BB5, 0x425 },
    { 0x6BCE, 0x6BCE, 0x426 },
    { 0x6C7A, 0x6C7A, 0x427 },
    { 0x6CE8, 0x6CE8, 0x428 },
    { 0x6D88, 0x6D88, 0x429 },
    { 0x6DFB, 0x6DFB, 0x42A },
    { 0x6E08, 0x6E08, 0x42B },
    { 0x6E90, 0x6E90, 0x42C },
    { 0x6E96, 0x6E96, 0x42D },
    { 0x7121, 0x7121, 0x42E },
    { 0x7167, 0x7167, 0x42F },
    { 0x7279, 0x7279, 0x430 },
    { 0x72B6, 0x72B6, 0x431 },
    { 0x72ED, 0x72ED, 0x432 },
    { 0x7387, 0x7387, 0x433 },
    { 0x73FE, 0x73FE, 0x434 },
    { 0x7528, 0x7528, 0x435 },
    { 0x753B, 0x753B, 0x436 },
    { 0x756A, 0x756A, 0x437 },
    { 0x767D, 0x767D, 0x438 },
    { 0x7684, 0x7684, 0x439 },
    { 0x76EE, 0x76EE, 0x43A },
    { 0x77ED, 0x77ED, 0x43B },
    { 0x78BA, 0x78BA, 0x43C },
    { 0x793A, 0x793A, 0x43D },
    { 0x79D2, 0x79D2, 0x43E },
    { 0x79FB, 0x79FB, 0x43F },
    { 0x7A7A, 0x7A7A, 0x440 },
    { 0x7AE0, 0x7AE0, 0x441 },
    { 0x7AEF, 0x7AEF, 0x442 },
    { 0x7B2C, 0x7B2C, 0x443 },
    { 0x7B97, 0x7B97, 0x444 },
    { 0x7BC4, 0x7BC4, 0x445 },
    { 0x7C4D, 0x7C4D, 0x446 },
    { 0x7D19, 0x7D19, 0x447 },
    { 0x7D22, 0x7D22, 0x448 },
    { 0x7D30, 0x7D30, 0x449 },
    { 0x7D42, 0x7D42, 0x44A },
    { 0x7D9A, 0x7D9A, 0x44B },
    { 0x7DE8, 0x7DE8, 0x44C },
    { 0x7E26, 0x7E26, 0x44D },
    { 0x7F6E, 0x7F6E, 0x44E },
    { 0x811A, 0x811A, 0x44F },
    { 0x81EA, 0x81EA, 0x450 },
    { 0x822C, 0x822C, 0x451 },
    { 0x8272, 0x8272, 0x452 },
    { 0x843D, 0x843D, 0x453 },
    { 0x884C, 0x884C, 0x454 },
    { 0x8868, 0x8868, 0x455 },
    { 0x88DC, 0x88DC, 0x456 },
    { 0x8981, 0x8981, 0x457 },
    { 0x898B, 0x898B, 0x458 },
    { 0x8996, 0x8996, 0x459 },
    { 0x89E3, 0x89E3, 0x45A },
    { 0x8A00, 0x8A00, 0x45B },
    { 0x8A08, 0x8A08, 0x45C },
    { 0x8A18, 0x8A18, 0x45D },
    { 0x8A2D, 0x8A2D, 0x45E },
    { 0x8A3C, 0x8A3C, 0x45F },
    { 0x8A66, 0x8A66, 0x460 },
    { 0x8A73, 0x8A73, 0x461 },
    { 0x8A8D, 0x8A8D, 0x462 },
    { 0x8A9E, 0x8A9E, 0x463 },
    { 0x8AAD, 0x8AAD, 0x464 },
    { 0x8D77, 0x8D77, 0x465 },
    { 0x8EE2, 0x8EE2, 0x466 },
    { 0x8FBC, 0x8FBC, 0x467 },
    { 0x8FD1, 0x8FD1, 0x468 },
    { 0x8FFD, 0x8FFD, 0x469 },
    { 0x9000, 0x9001, 0x46A },
    { 0x9006, 0x9006, 0x46C },
    { 0x9032, 0x9032, 0x46D },
    { 0x9069, 0x9069, 0x46E },
    { 0x9078, 0x9078, 0x46F },
    { 0x914D, 0x914D, 0x470 },
    { 0x91CF, 0x91CF, 0x471 },
    { 0x9332, 0x9332, 0x472 },
    { 0x9577, 0x9577, 0x473 },
    { 0x958B, 0x958B, 0x474 },
    { 0x9593, 0x9593, 0x475 },
    { 0x9664, 0x9664, 0x476 },
    { 0x969B, 0x969C, 0x477 },
    { 0x96A0, 0x96A0, 0x479 },
    { 0x96C6, 0x96C6, 0x47A },
    { 0x96FB, 0x96FB, 0x47B },
    { 0x975E, 0x975E, 0x47C },
    { 0x9762, 0x9762, 0x47D },
    { 0x9805, 0x9805, 0x47E },
    { 0x983B, 0x983B, 0x47F },
    { 0xFB00, 0xFB04, 0x480 },
};

static const EpdLigaturePair ubuntu_10_boldLigaturePairs[] = {
    { 0x00660066, 0xFB00 }, // f f -> U+FB00
    { 0x00660069, 0xFB01 }, // f i -> U+FB01
    { 0x0066006C, 0xFB02 }, // f l -> U+FB02
    { 0xFB000069, 0xFB03 }, // U+FB00 i -> U+FB03
    { 0xFB00006C, 0xFB04 }, // U+FB00 l -> U+FB04
};

static const EpdFontData ubuntu_10_bold = {
    ubuntu_10_boldBitmaps,
    ubuntu_10_boldGlyphs,
    ubuntu_10_boldIntervals,
    241,
    24,
    20,
    -4,
    false,
    nullptr,
    0,
    nullptr,
    nullptr,
    nullptr,
    nullptr,
    0,
    0,
    0,
    0,
    ubuntu_10_boldLigaturePairs,
    5,
};
