/**
 * generated by fontconvert.py
 * name: ubuntu_10_regular
 * size: 10
 * mode: 1-bit
 * Command used: fontconvert.py ubuntu_10_regular 10 ../builtinFonts/source/Ubuntu/Ubuntu-Regular.ttf ../builtinFonts/source/NotoSansJP/NotoSansJP-Regular-jp-only.ttf --no-kerning --additional-intervals=0x3000,0x303F --additional-intervals=0x3040,0x309F --additional-intervals=0x30A0,0x30FF --additional-intervals=0x4E00,0x4E00 --additional-intervals=0x4E0A,0x4E0B --additional-intervals=0x4E21,0x4E21 --additional-intervals=0x4E2D,0x4E2D --additional-intervals=0x4E86,0x4E86 --additional-intervals=0x4ED6,0x4ED6 --additional-intervals=0x4ED8,0x4ED8 --additional-intervals=0x4EF6,0x4EF6 --additional-intervals=0x4F4D,0x4F4D --additional-intervals=0x4F53,0x4F53 --additional-intervals=0x4F59,0x4F59 --additional-intervals=0x4F5C,0x4F5C --additional-intervals=0x4F7F,0x4F7F --additional-intervals=0x4FDD,0x4FDD --additional-intervals=0x4FE1,0x4FE1 --additional-intervals=0x5099,0x5099 --additional-intervals=0x50BE,0x50BE --additional-intervals=0x50CF,0x50CF --additional-intervals=0x5148,0x5149 --additional-intervals=0x5165,0x5165 --additional-intervals=0x5168,0x5168 --additional-intervals=0x5185,0x5185 --additional-intervals=0x518D,0x518D --additional-intervals=0x51FA,0x51FA --additional-intervals=0x5206,0x5207 --additional-intervals=0x523B,0x523B --additional-intervals=0x524A,0x524A --additional-intervals=0x524D,0x524D --additional-intervals=0x526F,0x526F --additional-intervals=0x5272,0x5272 --additional-intervals=0x529B,0x529B --additional-intervals=0x529F,0x52A0 --additional-intervals=0x52B9,0x52B9 --additional-intervals=0x52D5,0x52D5 --additional-intervals=0x5316,0x5316 --additional-intervals=0x539F,0x539F --additional-intervals=0x53BB,0x53BB --additional-intervals=0x53CD,0x53CE --additional-intervals=0x53D6,0x53D7 --additional-intervals=0x53F3,0x53F3 --additional-intervals=0x53F7,0x53F7 --additional-intervals=0x5404,0x5404 --additional-intervals=0x5408,0x5408 --additional-intervals=0x540C,0x540D --additional-intervals=0x5411,0x5411 --additional-intervals=0x544A,0x544A --additional-intervals=0x56DE,0x56DE --additional-intervals=0x56E0,0x56E0 --additional-intervals=0x56F2,0x56F2 --additional-intervals=0x5728,0x5728 --additional-intervals=0x57CB,0x57CB --additional-intervals=0x5831,0x5831 --additional-intervals=0x5834,0x5834 --additional-intervals=0x5909,0x5909 --additional-intervals=0x5916,0x5916 --additional-intervals=0x5927,0x5927 --additional-intervals=0x592A,0x592A --additional-intervals=0x592E,0x592E --additional-intervals=0x5931,0x5931 --additional-intervals=0x5B57,0x5B58 --additional-intervals=0x5B8C,0x5B8C --additional-intervals=0x5B9A,0x5B9B --additional-intervals=0x5BB3,0x5BB3 --additional-intervals=0x5C0E,0x5C0F --additional-intervals=0x5C3E,0x5C3E --additional-intervals=0x5DE6,0x5DE6 --additional-intervals=0x5E38,0x5E38 --additional-intervals=0x5E83,0x5E83 --additional-intervals=0x5EA6,0x5EA6 --additional-intervals=0x5F53,0x5F53 --additional-intervals=0x5F79,0x5F79 --additional-intervals=0x5F97,0x5F97 --additional-intervals=0x5FC5,0x5FC5 --additional-intervals=0x60C5,0x60C5 --additional-intervals=0x614B,0x614B --additional-intervals=0x6210,0x6210 --additional-intervals=0x623B,0x623B --additional-intervals=0x629C,0x629C --additional-intervals=0x629E,0x629E --additional-intervals=0x62BC,0x62BC --additional-intervals=0x6357,0x6357 --additional-intervals=0x63A5,0x63A5 --additional-intervals=0x63C3,0x63C3 --additional-intervals=0x64CD,0x64CD --additional-intervals=0x6557,0x6557 --additional-intervals=0x6570,0x6570 --additional-intervals=0x6587,0x6587 --additional-intervals=0x65B0,0x65B0 --additional-intervals=0x65E2,0x65E2 --additional-intervals=0x65E5,0x65E5 --additional-intervals=0x6642,0x6642 --additional-intervals=0x6697,0x6697 --additional-intervals=0x66F4,0x66F4 --additional-intervals=0x66F8,0x66F8 --additional-intervals=0x66FF,0x6700 --additional-intervals=0x671F,0x671F --additional-intervals=0x672A,0x672C --additional-intervals=0x6790,0x6790 --additional-intervals=0x691C,0x691C --additional-intervals=0x69CB,0x69CB --additional-intervals=0x6A19,0x6A19 --additional-intervals=0x6A2A,0x6A2A --additional-intervals=0x6B21,0x6B21 --additional-intervals=0x6B62,0x6B63 --additional-intervals=0x6B8B,0x6B8B --additional-intervals=0x6BB5,0x6BB5 --additional-intervals=0x6BCE,0x6BCE --additional-intervals=0x6C7A,0x6C7A --additional-intervals=0x6CE8,0x6CE8 --additional-intervals=0x6D88,0x6D88 --additional-intervals=0x6DFB,0x6DFB --additional-intervals=0x6E08,0x6E08 --additional-intervals=0x6E90,0x6E90 --additional-intervals=0x6E96,0x6E96 --additional-intervals=0x7121,0x7121 --additional-intervals=0x7167,0x7167 --additional-intervals=0x7279,0x7279 --additional-intervals=0x72B6,0x72B6 --additional-intervals=0x72ED,0x72ED --additional-intervals=0x7387,0x7387 --additional-intervals=0x73FE,0x73FE --additional-intervals=0x7528,0x7528 --additional-intervals=0x753B,0x753B --additional-intervals=0x756A,0x756A --additional-intervals=0x767D,0x767D --additional-intervals=0x7684,0x7684 --additional-intervals=0x76EE,0x76EE --additional-intervals=0x77ED,0x77ED --additional-intervals=0x78BA,0x78BA --additional-intervals=0x793A,0x793A --additional-intervals=0x79D2,0x79D2 --additional-intervals=0x79FB,0x79FB --additional-intervals=0x7A7A,0x7A7A --additional-intervals=0x7AE0,0x7AE0 --additional-intervals=0x7AEF,0x7AEF --additional-intervals=0x7B2C,0x7B2C --additional-intervals=0x7B97,0x7B97 --additional-intervals=0x7BC4,0x7BC4 --additional-intervals=0x7C4D,0x7C4D --additional-intervals=0x7D19,0x7D19 --additional-intervals=0x7D22,0x7D22 --additional-intervals=0x7D30,0x7D30 --additional-intervals=0x7D42,0x7D42 --additional-intervals=0x7D9A,0x7D9A --additional-intervals=0x7DE8,0x7DE8 --additional-intervals=0x7E26,0x7E26 --additional-intervals=0x7F6E,0x7F6E --additional-intervals=0x811A,0x811A --additional-intervals=0x81EA,0x81EA --additional-intervals=0x822C,0x822C --additional-intervals=0x8272,0x8272 --additional-intervals=0x843D,0x843D --additional-intervals=0x884C,0x884C --additional-intervals=0x8868,0x8868 --additional-intervals=0x88DC,0x88DC --additional-intervals=0x8981,0x8981 --additional-intervals=0x898B,0x898B --additional-intervals=0x8996,0x8996 --additional-intervals=0x89E3,0x89E3 --additional-intervals=0x8A00,0x8A00 --additional-intervals=0x8A08,0x8A08 --additional-intervals=0x8A18,0x8A18 --additional-intervals=0x8A2D,0x8A2D --additional-intervals=0x8A3C,0x8A3C --additional-intervals=0x8A66,0x8A66 --additional-intervals=0x8A73,0x8A73 --additional-intervals=0x8A8D,0x8A8D --additional-intervals=0x8A9E,0x8A9E --additional-intervals=0x8AAD,0x8AAD --additional-intervals=0x8D77,0x8D77 --additional-intervals=0x8EE2,0x8EE2 --additional-intervals=0x8FBC,0x8FBC --additional-intervals=0x8FD1,0x8FD1 --additional-intervals=0x8FFD,0x8FFD --additional-intervals=0x9000,0x9001 --additional-intervals=0x9006,0x9006 --additional-intervals=0x9032,0x9032 --additional-intervals=0x9069,0x9069 --additional-intervals=0x9078,0x9078 --additional-intervals=0x914D,0x914D --additional-intervals=0x91CF,0x91CF --additional-intervals=0x9332,0x9332 --additional-intervals=0x9577,0x9577 --additional-intervals=0x958B,0x958B --additional-intervals=0x9593,0x9593 --additional-intervals=0x9664,0x9664 --additional-intervals=0x969B,0x969C --additional-intervals=0x96A0,0x96A0 --additional-intervals=0x96C6,0x96C6 --additional-intervals=0x96FB,0x96FB --additional-intervals=0x975E,0x975E --additional-intervals=0x9762,0x9762 --additional-intervals=0x9805,0x9805 --additional-intervals=0x983B,0x983B
 */
#pragma once
#include "EpdFontData.h"

static const uint8_t ubuntu_10_regularBitmaps[34515] = {
    0xEE, 0xEE, 0xE6, 0x66, 0x66, 0x00, 0xEF, 0xE0, 0xEF, 0xDF, 0xBF, 0x6E, 0xC0, 0x1C, 0x61, 0xCE,
    0x1C, 0xE1, 0x8E, 0xFF, 0xFF, 0xFF, 0x38, 0xC3, 0x9C, 0x31, 0xCF, 0xFF, 0xFF, 0xF7, 0x18, 0x73,
    0x87, 0x38, 0x63, 0x80, 0x0C, 0x03, 0x03, 0xF9, 0xFE, 0xF1, 0xB8, 0x0E, 0x01, 0xE0, 0x7E, 0x07,
    0xE0, 0x78, 0x07, 0x01, 0xF8, 0xFF, 0xFB, 0xFC, 0x0C, 0x03, 0x00, 0xC0, 0x7C, 0x38, 0xEE, 0x38,
    0xC6, 0x70, 0xC6, 0x70, 0xC6, 0xE0, 0xEE, 0xC0, 0x7D, 0xC0, 0x01, 0x80, 0x03, 0xBE, 0x03, 0x77,
    0x07, 0x63, 0x0E, 0x63, 0x0E, 0x63, 0x1C, 0x77, 0x1C, 0x3E, 0x0F, 0x80, 0x7F, 0x03, 0xDC, 0x0E,
    0x30, 0x39, 0xC0, 0x6E, 0x01, 0xF8, 0x07, 0x80, 0x3F, 0x19, 0xCE, 0xE6, 0x1F, 0x18, 0x3C, 0x78,
    0xF1, 0xFF, 0xE3, 0xF9, 0xC0, 0xFF, 0xFE, 0x1C, 0x73, 0x8C, 0x71, 0xC6, 0x38, 0xE3, 0x8E, 0x38,
    0xE1, 0x87, 0x1C, 0x30, 0xE1, 0xC7, 0xC3, 0x87, 0x1C, 0x38, 0xE3, 0x86, 0x18, 0x71, 0xC6, 0x18,
    0xE3, 0x8E, 0x71, 0xCE, 0x30, 0x0C, 0x03, 0x06, 0xD9, 0xFE, 0x1E, 0x07, 0x83, 0xF0, 0xCC, 0x0C,
    0x03, 0x00, 0xC0, 0x30, 0xFF, 0xFF, 0xF0, 0xC0, 0x30, 0x0C, 0x03, 0x00, 0x77, 0x76, 0x60, 0xFF,
    0xF0, 0xFF, 0x80, 0x01, 0xC0, 0x60, 0x38, 0x0E, 0x03, 0x01, 0xC0, 0x70, 0x18, 0x0E, 0x03, 0x81,
    0xC0, 0x70, 0x1C, 0x0E, 0x03, 0x80, 0xC0, 0x70, 0x1C, 0x06, 0x03, 0x80, 0x3F, 0x1F, 0xE7, 0x3B,
    0x87, 0xE1, 0xF8, 0x7E, 0x1F, 0x07, 0xE1, 0xF8, 0x7E, 0x1F, 0x87, 0x73, 0x9F, 0xE3, 0xF0, 0x0E,
    0x3D, 0xFB, 0xF7, 0xE1, 0xC3, 0x87, 0x0E, 0x1C, 0x38, 0x70, 0xE1, 0xC3, 0x80, 0x7E, 0x3F, 0xCE,
    0x78, 0x0E, 0x03, 0x80, 0xE0, 0x70, 0x3C, 0x1E, 0x0F, 0x03, 0x81, 0xC0, 0xE0, 0x3F, 0xFF, 0xFC,
    0x7E, 0x3F, 0xC6, 0x78, 0x0E, 0x03, 0x81, 0xE3, 0xF0, 0xFC, 0x07, 0x80, 0x60, 0x1C, 0x07, 0xC7,
    0xBF, 0xEF, 0xE0, 0x03, 0xC0, 0x78, 0x1F, 0x07, 0xE1, 0xDC, 0x3B, 0x8E, 0x73, 0x8E, 0x61, 0xDF,
    0xFF, 0xFF, 0x80, 0xE0, 0x1C, 0x03, 0x80, 0x70, 0x7F, 0x9F, 0xE7, 0x01, 0xC0, 0x70, 0x1F, 0x87,
    0xF0, 0x7E, 0x03, 0x80, 0x70, 0x1C, 0x07, 0xE7, 0xBF, 0xEF, 0xE0, 0x07, 0x87, 0xE3, 0xF1, 0xC0,
    0x60, 0x3F, 0xCF, 0xFB, 0xCF, 0xE1, 0xF8, 0x7E, 0x1F, 0x87, 0x73, 0xDF, 0xE3, 0xF0, 0xFF, 0xFF,
    0xF0, 0x1C, 0x0E, 0x07, 0x01, 0xC0, 0xE0, 0x38, 0x0C, 0x07, 0x01, 0xC0, 0x60, 0x38, 0x0E, 0x03,
    0x80, 0x3F, 0x1F, 0xEF, 0x3B, 0x87, 0xE1, 0xFC, 0xE7, 0xF8, 0xFC, 0x7F, 0xB8, 0xFE, 0x1F, 0x87,
    0xF3, 0xDF, 0xE3, 0xF0, 0x3F, 0x1F, 0xEF, 0x7B, 0x87, 0xE1, 0xF8, 0x7F, 0x3D, 0xFF, 0x3F, 0xC0,
    0x60, 0x38, 0x1E, 0x1F, 0x1F, 0x87, 0x80, 0xFF, 0x80, 0x00, 0xFF, 0x80, 0x77, 0x70, 0x00, 0x00,
    0x07, 0x77, 0x66, 0x01, 0xC3, 0xF7, 0xFB, 0xF0, 0xF0, 0x3F, 0x07, 0xF8, 0x3F, 0x01, 0xC0, 0xFF,
    0xFF, 0xF0, 0x00, 0x00, 0x00, 0x3F, 0xFF, 0xFC, 0xE0, 0x3F, 0x07, 0xF8, 0x3F, 0x03, 0xC3, 0xF7,
    0xFB, 0xF0, 0xE0, 0x00, 0xFE, 0xFF, 0x6F, 0x07, 0x07, 0x06, 0x0E, 0x1C, 0x38, 0x38, 0x00, 0x00,
    0x38, 0x38, 0x38, 0x07, 0xF8, 0x03, 0xFF, 0x81, 0xF3, 0xF0, 0xE0, 0x1C, 0x70, 0x03, 0x9C, 0x7E,
    0x6E, 0x7F, 0x9F, 0x9E, 0xE7, 0xE6, 0x19, 0xFB, 0x86, 0x7E, 0xE1, 0x9F, 0xB8, 0x67, 0xE7, 0xBB,
    0xB9, 0xFF, 0xE7, 0x3F, 0xF1, 0xC0, 0x00, 0x38, 0x00, 0x07, 0xC6, 0x00, 0xFF, 0x80, 0x1F, 0xE0,
    0x07, 0x00, 0x1E, 0x00, 0x78, 0x03, 0xF0, 0x0D, 0xC0, 0x73, 0x01, 0xCE, 0x06, 0x18, 0x38, 0x70,
    0xFF, 0xC7, 0xFF, 0x1C, 0x0E, 0x60, 0x3B, 0x80, 0x7E, 0x01, 0xC0, 0x7F, 0x8F, 0xFC, 0xE3, 0xEE,
    0x0E, 0xE0, 0xEE, 0x3E, 0xFF, 0xCF, 0xFE, 0xE1, 0xEE, 0x07, 0xE0, 0x7E, 0x07, 0xE1, 0xEF, 0xFE,
    0x7F, 0x80, 0x0F, 0xE3, 0xFF, 0x7C, 0x67, 0x00, 0xE0, 0x0E, 0x00, 0xE0, 0x0E, 0x00, 0xE0, 0x0E,
    0x00, 0xE0, 0x07, 0x00, 0x7C, 0x63, 0xFF, 0x0F, 0xE0, 0x7F, 0x87, 0xFF, 0x38, 0xFD, 0xC0, 0xEE,
    0x07, 0xF0, 0x1F, 0x80, 0xFC, 0x07, 0xE0, 0x3F, 0x01, 0xF8, 0x0F, 0xC0, 0xEE, 0x3F, 0x7F, 0xF1,
    0xFE, 0x00, 0xFF, 0xDF, 0xFB, 0x80, 0x70, 0x0E, 0x01, 0xC0, 0x3F, 0xE7, 0xFC, 0xE0, 0x1C, 0x03,
    0x80, 0x70, 0x0E, 0x01, 0xFF, 0xFF, 0xF8, 0xFF, 0xFF, 0xFE, 0x03, 0x80, 0xE0, 0x38, 0x0F, 0xFB,
    0xFE, 0xE0, 0x38, 0x0E, 0x03, 0x80, 0xE0, 0x38, 0x0E, 0x00, 0x0F, 0xE3, 0xFF, 0x7C, 0x77, 0x00,
    0xE0, 0x0E, 0x00, 0xE0, 0x0E, 0x00, 0xE0, 0x7E, 0x07, 0xE0, 0x77, 0x07, 0x7C, 0x73, 0xFF, 0x0F,
    0xF0, 0xE0, 0x3E, 0x03, 0xE0, 0x3E, 0x03, 0xE0, 0x3E, 0x03, 0xFF, 0xFF, 0xFF, 0xE0, 0x3E, 0x03,
    0xE0, 0x3E, 0x03, 0xE0, 0x3E, 0x03, 0xE0, 0x30, 0xFF, 0xFF, 0xFF, 0xFF, 0xFF, 0xF8, 0x03, 0x81,
    0xC0, 0xE0, 0x70, 0x38, 0x1C, 0x0E, 0x07, 0x03, 0x81, 0xC0, 0xE0, 0x7E, 0x7F, 0xF9, 0xF8, 0xE0,
    0xF7, 0x07, 0x38, 0x71, 0xC7, 0x0E, 0x70, 0x77, 0x03, 0xF0, 0x1F, 0x80, 0xFE, 0x07, 0x78, 0x39,
    0xE1, 0xC7, 0x8E, 0x1E, 0x70, 0x7B, 0x81, 0xC0, 0xE0, 0x38, 0x0E, 0x03, 0x80, 0xE0, 0x38, 0x0E,
    0x03, 0x80, 0xE0, 0x38, 0x0E, 0x03, 0x80, 0xE0, 0x3F, 0xFF, 0xFC, 0x70, 0x0E, 0x70, 0x0E, 0x78,
    0x1E, 0x78, 0x1F, 0x6C, 0x3F, 0x6C, 0x37, 0x66, 0x37, 0xE6, 0x67, 0xE7, 0x67, 0xE3, 0xE7, 0xE3,
    0xC7, 0xE3, 0xC7, 0xE1, 0xC7, 0xE0, 0x07, 0xE0, 0x03, 0xE0, 0x3F, 0x81, 0xFE, 0x0F, 0xF8, 0x7F,
    0xC3, 0xF7, 0x1F, 0x9C, 0xFC, 0x77, 0xE3, 0xBF, 0x0F, 0xF8, 0x3F, 0xC1, 0xFE, 0x07, 0xF0, 0x3F,
    0x80, 0xE0, 0x0F, 0xE0, 0x7F, 0xE1, 0xF3, 0xE3, 0x81, 0xEE, 0x01, 0xDC, 0x03, 0xB8, 0x07, 0x70,
    0x06, 0xE0, 0x1D, 0xC0, 0x3B, 0x80, 0x73, 0x81, 0xE7, 0xCF, 0x87, 0xFE, 0x03, 0xF8, 0x00, 0x7F,
    0x8F, 0xFC, 0xE3, 0xEE, 0x0E, 0xE0, 0xEE, 0x0E, 0xE3, 0xEF, 0xFC, 0xFF, 0x8E, 0x00, 0xE0, 0x0E,
    0x00, 0xE0, 0x0E, 0x00, 0xE0, 0x00, 0x0F, 0xE0, 0x7F, 0xE1, 0xF3, 0xE3, 0x81, 0xEE, 0x01, 0xDC,
    0x03, 0xB8, 0x07, 0x70, 0x06, 0xE0, 0x1D, 0xC0, 0x3B, 0x80, 0x73, 0x81, 0xE7, 0xCF, 0x87, 0xFE,
    0x03, 0xF8, 0x01, 0xC0, 0x01, 0xF0, 0x01, 0xF0, 0x01, 0xE0, 0x7F, 0x8F, 0xFC, 0xE3, 0xEE, 0x0E,
    0xE0, 0xEE, 0x0E, 0xE3, 0xEF, 0xFC, 0xFF, 0x8E, 0x38, 0xE3, 0xCE, 0x1C, 0xE0, 0xEE, 0x0E, 0xE0,
    0x70, 0x1F, 0xCF, 0xF9, 0xE7, 0x38, 0x07, 0x00, 0xE0, 0x1F, 0x80, 0xFC, 0x07, 0xC0, 0x3C, 0x03,
    0x80, 0x77, 0x3F, 0xFF, 0x9F, 0xE0, 0xFF, 0xFF, 0xFF, 0x06, 0x00, 0x60, 0x06, 0x00, 0x60, 0x06,
    0x00, 0x60, 0x06, 0x00, 0x60, 0x06, 0x00, 0x60, 0x06, 0x00, 0x60, 0x06, 0x00, 0xE0, 0x7E, 0x07,
    0xE0, 0x7E, 0x07, 0xE0, 0x7E, 0x07, 0xE0, 0x7E, 0x07, 0xE0, 0x7E, 0x07, 0xE0, 0x77, 0x07, 0x79,
    0xE3, 0xFE, 0x1F, 0xC0, 0xE0, 0x1F, 0x80, 0xE7, 0x03, 0x9C, 0x0E, 0x70, 0x70, 0xE1, 0xC3, 0x87,
    0x0E, 0x38, 0x1C, 0xE0, 0x73, 0x80, 0xFC, 0x03, 0xF0, 0x0F, 0x80, 0x1E, 0x00, 0x70, 0x00, 0xE0,
    0x00, 0xFC, 0x00, 0x1D, 0xC3, 0x83, 0xB8, 0x78, 0x77, 0x0F, 0x0C, 0xE3, 0xE3, 0x9C, 0x7E, 0x71,
    0xCD, 0xCE, 0x3B, 0x99, 0xC7, 0x73, 0xB0, 0xEC, 0x7E, 0x0F, 0x87, 0xC1, 0xF0, 0xF8, 0x3C, 0x1E,
    0x03, 0x81, 0xC0, 0x70, 0x7B, 0x83, 0x8E, 0x38, 0x3B, 0xC1, 0xDC, 0x07, 0xC0, 0x1E, 0x00, 0xE0,
    0x0F, 0x80, 0x7E, 0x07, 0x70, 0x71, 0xC3, 0x87, 0x38, 0x3B, 0x80, 0xE0, 0xE0, 0x3B, 0x83, 0x9C,
    0x38, 0x71, 0xC3, 0x9C, 0x0E, 0xE0, 0x7E, 0x01, 0xF0, 0x07, 0x00, 0x38, 0x01, 0xC0, 0x0E, 0x00,
    0x70, 0x03, 0x80, 0x1C, 0x00, 0x7F, 0xE7, 0xFE, 0x00, 0xE0, 0x1C, 0x03, 0x80, 0x78, 0x07, 0x00,
    0xE0, 0x1C, 0x01, 0xC0, 0x38, 0x07, 0x00, 0x70, 0x0F, 0xFF, 0xFF, 0xF0, 0xFF, 0xF1, 0x8C, 0x63,
    0x18, 0xC6, 0x31, 0x8C, 0x63, 0x18, 0xC6, 0x3F, 0xF0, 0xE0, 0x18, 0x07, 0x01, 0xC0, 0x30, 0x0E,
    0x03, 0x80, 0x60, 0x1C, 0x07, 0x00, 0xE0, 0x38, 0x06, 0x01, 0xC0, 0x70, 0x0C, 0x03, 0x80, 0xE0,
    0x18, 0x07, 0xFF, 0xC6, 0x31, 0x8C, 0x63, 0x18, 0xC6, 0x31, 0x8C, 0x63, 0x18, 0xFF, 0xF0, 0x0E,
    0x01, 0xE0, 0x7E, 0x0D, 0xC3, 0x9C, 0x63, 0x9C, 0x3B, 0x03, 0x7F, 0xF7, 0xFF, 0xC7, 0x1C, 0x60,
    0x3F, 0x0F, 0xE3, 0x3C, 0x07, 0x3F, 0xDF, 0xF7, 0x9D, 0x87, 0x71, 0xDF, 0xF3, 0xFC, 0xE0, 0x1C,
    0x03, 0x80, 0x70, 0x0E, 0x01, 0xFE, 0x3F, 0xE7, 0x9E, 0xE1, 0xDC, 0x1F, 0x83, 0xF0, 0x7E, 0x1D,
    0xC7, 0xBF, 0xE7, 0xF8, 0x3F, 0x3F, 0xBE, 0x5C, 0x0E, 0x07, 0x03, 0x81, 0xC0, 0xF9, 0x3F, 0xCF,
    0xE0, 0x01, 0xC0, 0x70, 0x1C, 0x07, 0x01, 0xCF, 0xF7, 0xFF, 0xCF, 0xE1, 0xF8, 0x7E, 0x1F, 0x87,
    0xE1, 0xFE, 0x77, 0xFC, 0xFF, 0x3F, 0x1F, 0xEF, 0x3F, 0x87, 0xFF, 0xFF, 0xFE, 0x03, 0x80, 0xF9,
    0x9F, 0xE3, 0xF8, 0x3F, 0x7E, 0x72, 0xE0, 0xE0, 0xFE, 0xFE, 0xE0, 0xE0, 0xE0, 0xE0, 0xE0, 0xE0,
    0xE0, 0xE0, 0xE0, 0x3F, 0xDF, 0xFF, 0x9F, 0x87, 0xE1, 0xF8, 0x7E, 0x1F, 0x87, 0xF3, 0xDF, 0xF3,
    0xFC, 0x07, 0x63, 0xBF, 0xEF, 0xF0, 0xE0, 0x38, 0x0E, 0x03, 0x80, 0xE0, 0x3F, 0xCF, 0xFB, 0xCF,
    0xE1, 0xF8, 0x7E, 0x1F, 0x87, 0xE1, 0xF8, 0x7E, 0x1F, 0x87, 0xFC, 0x01, 0xFF, 0xFF, 0xFF, 0xFF,
    0x1C, 0x70, 0x00, 0x00, 0x71, 0xC7, 0x1C, 0x71, 0xC7, 0x1C, 0x71, 0xC7, 0x1C, 0xFF, 0xBE, 0xE0,
    0x38, 0x0E, 0x03, 0x80, 0xE0, 0x38, 0xEE, 0x73, 0xBC, 0xEE, 0x3F, 0x0F, 0x83, 0xF0, 0xEE, 0x39,
    0xCE, 0x3B, 0x87, 0xE7, 0x39, 0xCE, 0x73, 0x9C, 0xE7, 0x39, 0xCE, 0x79, 0xEE, 0xFF, 0xFC, 0xFF,
    0xFE, 0xE7, 0xCF, 0xE3, 0x87, 0xE1, 0x87, 0xE1, 0x87, 0xE1, 0x87, 0xE1, 0x87, 0xE1, 0x87, 0xE1,
    0x87, 0xE1, 0x87, 0xFF, 0x3F, 0xEE, 0x3F, 0x87, 0xE1, 0xF8, 0x7E, 0x1F, 0x87, 0xE1, 0xF8, 0x7E,
    0x1C, 0x3F, 0x0F, 0xF3, 0xEF, 0x70, 0xEE, 0x0F, 0xC1, 0xF8, 0x3F, 0x0E, 0xF3, 0xCF, 0xF0, 0xFC,
    0x00, 0xFF, 0x1F, 0xF3, 0x8F, 0x70, 0xEE, 0x0F, 0xC1, 0xF8, 0x3F, 0x0E, 0xF3, 0xDF, 0xF3, 0xFC,
    0x70, 0x0E, 0x01, 0xC0, 0x38, 0x00, 0x3F, 0xDF, 0xFF, 0x9F, 0x87, 0xE1, 0xF8, 0x7E, 0x1F, 0x87,
    0xF3, 0xDF, 0xF3, 0xFC, 0x07, 0x01, 0xC0, 0x70, 0x1C, 0x7F, 0xFF, 0x8F, 0x0E, 0x1C, 0x38, 0x70,
    0xE1, 0xC3, 0x80, 0x3F, 0x3F, 0x9C, 0xCE, 0x07, 0xC1, 0xF8, 0x3E, 0x07, 0x47, 0xBF, 0xDF, 0xC0,
    0xE0, 0xE0, 0xE0, 0xFE, 0xFE, 0xE0, 0xE0, 0xE0, 0xE0, 0xE0, 0xE0, 0xF2, 0x7E, 0x7E, 0xE1, 0xF8,
    0x7E, 0x1F, 0x87, 0xE1, 0xF8, 0x7E, 0x1F, 0x87, 0x71, 0xDF, 0xF3, 0xFC, 0xE0, 0xDC, 0x39, 0x87,
    0x38, 0xE7, 0x38, 0x67, 0x0E, 0xC0, 0xF8, 0x1F, 0x03, 0xC0, 0x38, 0x00, 0xE1, 0xC7, 0xE1, 0xC7,
    0x63, 0xC7, 0x73, 0xC6, 0x73, 0xEE, 0x33, 0xEE, 0x3F, 0x6C, 0x3E, 0x7C, 0x1E, 0x7C, 0x1E, 0x38,
    0x1C, 0x38, 0xE1, 0xCE, 0x70, 0xEE, 0x0F, 0x81, 0xE0, 0x1C, 0x07, 0xC1, 0xF8, 0x73, 0x8E, 0x3B,
    0x83, 0x00, 0xE0, 0xDC, 0x39, 0xC7, 0x38, 0xC7, 0x18, 0x77, 0x0E, 0xE0, 0xD8, 0x1F, 0x01, 0xC0,
    0x38, 0x07, 0x01, 0xC1, 0xF8, 0x3E, 0x00, 0x7F, 0x9F, 0xE0, 0x38, 0x1C, 0x0E, 0x07, 0x03, 0x81,
    0xE0, 0x70, 0x3F, 0xEF, 0xF8, 0x0E, 0x3C, 0x71, 0xC3, 0x87, 0x0E, 0x1C, 0x79, 0xE3, 0xE3, 0xC3,
    0x87, 0x0E, 0x1C, 0x38, 0x38, 0x78, 0x70, 0xFF, 0xFF, 0xFF, 0xFF, 0xFF, 0xE1, 0xE1, 0xC1, 0xC3,
    0x87, 0x0E, 0x1C, 0x3C, 0x3C, 0xF9, 0xE3, 0x87, 0x0E, 0x1C, 0x38, 0xE3, 0xC7, 0x00, 0x3C, 0x6F,
    0xFD, 0xBF, 0xB1, 0xE0, 0xEF, 0xE0, 0x06, 0x66, 0x66, 0xEE, 0xEE, 0xE0, 0x0E, 0x03, 0x80, 0xE0,
    0x7E, 0x3F, 0x9E, 0x67, 0x01, 0x80, 0xE0, 0x18, 0x07, 0x01, 0xE2, 0x3F, 0x87, 0xE0, 0xE0, 0x38,
    0x0E, 0x00, 0x0F, 0xC7, 0xF3, 0xC8, 0xE0, 0x38, 0x0E, 0x03, 0x83, 0xFE, 0xFF, 0x8E, 0x03, 0x00,
    0xC0, 0x30, 0x1F, 0xF7, 0xFC, 0x60, 0x6F, 0xFC, 0xFF, 0x1C, 0xE3, 0x0C, 0x61, 0x8E, 0x71, 0xFE,
    0x7F, 0xEC, 0x0C, 0xE0, 0x77, 0x0E, 0x70, 0xE3, 0x9C, 0x1B, 0x81, 0xF8, 0x0F, 0x07, 0xFE, 0x7F,
    0xE0, 0x60, 0x06, 0x07, 0xFE, 0x7F, 0xE0, 0x60, 0x06, 0x00, 0xFF, 0xFF, 0x00, 0xFF, 0xFF, 0x1F,
    0x8F, 0xE7, 0x99, 0xC0, 0x38, 0x0F, 0x87, 0xF9, 0x8F, 0x61, 0xD8, 0x77, 0x98, 0xFE, 0x1F, 0x00,
    0xE0, 0x19, 0x8E, 0x7F, 0x9F, 0xC0, 0x66, 0x66, 0x0F, 0xE0, 0x3F, 0xF0, 0xF1, 0xE3, 0x80, 0xE6,
    0x7E, 0xFD, 0xC9, 0xF3, 0x01, 0xEE, 0x03, 0xCC, 0x07, 0xDC, 0x9D, 0x9F, 0xBB, 0x80, 0xE3, 0xC7,
    0x83, 0xFF, 0x03, 0xF8, 0x00, 0x7C, 0x2E, 0x06, 0x7E, 0x66, 0xE6, 0x66, 0x7E, 0x19, 0xCE, 0x73,
    0xB9, 0xDC, 0xE7, 0x1D, 0xC3, 0xB8, 0xE7, 0x19, 0xC0, 0xFF, 0xFF, 0xF0, 0x0C, 0x03, 0x00, 0xC0,
    0x30, 0x0C, 0x03, 0xFF, 0xF0, 0x0F, 0xE0, 0x3F, 0xF0, 0xF1, 0xE3, 0x80, 0xE6, 0xFC, 0xFD, 0x9D,
    0xF3, 0x39, 0xE7, 0xE3, 0xCD, 0xC7, 0xD9, 0xDD, 0xB1, 0xBB, 0x80, 0xE3, 0xC7, 0x83, 0xFF, 0x03,
    0xF8, 0x00, 0x7E, 0xFC, 0x7C, 0xFB, 0xBF, 0x77, 0xCF, 0x80, 0x0C, 0x03, 0x00, 0xC0, 0x30, 0xFF,
    0xFF, 0xF0, 0xC0, 0x30, 0x0C, 0x03, 0x00, 0x03, 0xFF, 0xFF, 0xC0, 0x7C, 0xD8, 0x38, 0xE3, 0xCF,
    0x18, 0x3F, 0x7C, 0xD8, 0x31, 0xE0, 0xE0, 0xD3, 0xFE, 0x39, 0xDC, 0xC0, 0xE1, 0xF8, 0x7E, 0x1F,
    0x87, 0xE1, 0xF8, 0x7E, 0x1F, 0x87, 0xF9, 0xFF, 0xFF, 0xFF, 0x80, 0xE0, 0x38, 0x0E, 0x00, 0x1F,
    0xF3, 0xF7, 0x7F, 0x77, 0xF7, 0x7F, 0x77, 0xF7, 0x7F, 0x77, 0xF7, 0x3F, 0x70, 0xF7, 0x07, 0x70,
    0x77, 0x07, 0x70, 0x77, 0x07, 0x70, 0x77, 0x07, 0x70, 0x77, 0x07, 0x70, 0xFF, 0x80, 0x33, 0x8F,
    0xE0, 0x3F, 0xF3, 0x33, 0x33, 0x3E, 0x3B, 0x98, 0xEC, 0x76, 0x3B, 0x1D, 0xDC, 0x7C, 0x66, 0x1D,
    0xC3, 0x38, 0xE7, 0x1D, 0xCE, 0x73, 0x39, 0xDC, 0x66, 0x00, 0x30, 0x18, 0x78, 0x1C, 0x3C, 0x0C,
    0x06, 0x0E, 0x03, 0x0E, 0x01, 0x87, 0x00, 0xC7, 0x00, 0x63, 0x0E, 0x03, 0x87, 0x01, 0x87, 0x81,
    0xC6, 0xC0, 0xC7, 0x60, 0xE3, 0xF8, 0x60, 0x18, 0x70, 0x0C, 0x30, 0x38, 0x78, 0x18, 0x3C, 0x1C,
    0x06, 0x0C, 0x03, 0x0E, 0x01, 0x8E, 0x00, 0xC7, 0x00, 0x67, 0x3E, 0x03, 0x3B, 0x03, 0x81, 0x81,
    0x81, 0xC1, 0xC1, 0xC0, 0xC1, 0xC0, 0xE0, 0xC0, 0x60, 0xFE, 0x7C, 0x0E, 0x1B, 0x07, 0x00, 0xC1,
    0xC0, 0xF0, 0xE0, 0x0E, 0x30, 0x01, 0x9C, 0x04, 0xE6, 0x03, 0xF3, 0x8E, 0x00, 0xC3, 0x80, 0x71,
    0xE0, 0x38, 0xD8, 0x0E, 0x76, 0x07, 0x1F, 0xC1, 0x80, 0x60, 0xE0, 0x18, 0x1C, 0x0F, 0x07, 0x00,
    0x00, 0x00, 0x60, 0x30, 0x38, 0x38, 0x38, 0x18, 0x1C, 0x0F, 0x33, 0xF8, 0xFC, 0x06, 0x00, 0x3C,
    0x00, 0x70, 0x00, 0xC0, 0x00, 0x00, 0x1C, 0x00, 0x78, 0x01, 0xE0, 0x0F, 0xC0, 0x37, 0x01, 0xCC,
    0x07, 0x38, 0x18, 0x60, 0xE1, 0xC3, 0xFF, 0x1F, 0xFC, 0x70, 0x39, 0x80, 0xEE, 0x01, 0xF8, 0x07,
    0x01, 0xC0, 0x07, 0x00, 0x38, 0x00, 0xC0, 0x00, 0x00, 0x1C, 0x00, 0x78, 0x01, 0xE0, 0x0F, 0xC0,
    0x37, 0x01, 0xCC, 0x07, 0x38, 0x18, 0x60, 0xE1, 0xC3, 0xFF, 0x1F, 0xFC, 0x70, 0x39, 0x80, 0xEE,
    0x01, 0xF8, 0x07, 0x03, 0x00, 0x1E, 0x00, 0xFC, 0x03, 0x30, 0x00, 0x00, 0x1C, 0x00, 0x78, 0x01,
    0xE0, 0x0F, 0xC0, 0x37, 0x01, 0xCC, 0x07, 0x38, 0x18, 0x60, 0xE1, 0xC3, 0xFF, 0x1F, 0xFC, 0x70,
    0x39, 0x80, 0xEE, 0x01, 0xF8, 0x07, 0x0F, 0x60, 0x3F, 0x01, 0xBC, 0x00, 0x00, 0x07, 0x00, 0x1E,
    0x00, 0x78, 0x03, 0xF0, 0x0D, 0xC0, 0x73, 0x01, 0xCE, 0x06, 0x18, 0x38, 0x70, 0xFF, 0xC7, 0xFF,
    0x1C, 0x0E, 0x60, 0x3B, 0x80, 0x7E, 0x01, 0xC0, 0x0C, 0xC0, 0x33, 0x00, 0x00, 0x01, 0xC0, 0x07,
    0x80, 0x1E, 0x00, 0xFC, 0x03, 0x70, 0x1C, 0xC0, 0x73, 0x81, 0x86, 0x0E, 0x1C, 0x3F, 0xF1, 0xFF,
    0xC7, 0x03, 0x98, 0x0E, 0xE0, 0x1F, 0x80, 0x70, 0x07, 0x80, 0x1E, 0x00, 0xD8, 0x01, 0xE0, 0x07,
    0x80, 0x1E, 0x00, 0xFC, 0x03, 0xF0, 0x1C, 0xC0, 0x73, 0x81, 0x8E, 0x0E, 0x1C, 0x3F, 0xF1, 0xFF,
    0xC7, 0x03, 0x98, 0x0E, 0xE0, 0x1F, 0x80, 0x70, 0x00, 0xFF, 0xE0, 0x1F, 0xFC, 0x07, 0xC0, 0x01,
    0xD8, 0x00, 0x3B, 0x00, 0x0E, 0x60, 0x01, 0x8F, 0xF0, 0x71, 0xFE, 0x1C, 0x30, 0x03, 0xFE, 0x00,
    0xFF, 0xC0, 0x18, 0x18, 0x07, 0x03, 0x00, 0xC0, 0x7F, 0xF8, 0x0F, 0xF8, 0x0F, 0xE3, 0xFF, 0x7C,
    0x67, 0x00, 0xE0, 0x0E, 0x00, 0xE0, 0x0E, 0x00, 0xE0, 0x0E, 0x00, 0xE0, 0x07, 0x00, 0x7C, 0x63,
    0xFF, 0x1F, 0xE0, 0x70, 0x03, 0x80, 0xF0, 0x18, 0x03, 0x80, 0x38, 0x03, 0x00, 0x01, 0xFF, 0xBF,
    0xF7, 0x00, 0xE0, 0x1C, 0x03, 0x80, 0x7F, 0xCF, 0xF9, 0xC0, 0x38, 0x07, 0x00, 0xE0, 0x1C, 0x03,
    0xFF, 0xFF, 0xF0, 0x03, 0x00, 0xE0, 0x38, 0x06, 0x00, 0x01, 0xFF, 0xBF, 0xF7, 0x00, 0xE0, 0x1C,
    0x03, 0x80, 0x7F, 0xCF, 0xF9, 0xC0, 0x38, 0x07, 0x00, 0xE0, 0x1C, 0x03, 0xFF, 0xFF, 0xF0, 0x0C,
    0x03, 0xC0, 0xFC, 0x19, 0x80, 0x01, 0xFF, 0xBF, 0xF7, 0x00, 0xE0, 0x1C, 0x03, 0x80, 0x7F, 0xCF,
    0xF9, 0xC0, 0x38, 0x07, 0x00, 0xE0, 0x1C, 0x03, 0xFF, 0xFF, 0xF0, 0x3B, 0x87, 0x70, 0x00, 0x7F,
    0xEF, 0xFD, 0xC0, 0x38, 0x07, 0x00, 0xE0, 0x1F, 0xF3, 0xFE, 0x70, 0x0E, 0x01, 0xC0, 0x38, 0x07,
    0x00, 0xFF, 0xFF, 0xFC, 0xC7, 0x1C, 0x60, 0x39, 0xCE, 0x73, 0x9C, 0xE7, 0x39, 0xCE, 0x73, 0x9C,
    0xE0, 0x33, 0xB9, 0x80, 0x73, 0x9C, 0xE7, 0x39, 0xCE, 0x73, 0x9C, 0xE7, 0x39, 0xC0, 0x18, 0x79,
    0xFB, 0x30, 0x07, 0x0E, 0x1C, 0x38, 0x70, 0xE1, 0xC3, 0x87, 0x0E, 0x1C, 0x38, 0x70, 0xE1, 0xC0,
    0xEE, 0xEE, 0x00, 0x38, 0x38, 0x38, 0x38, 0x38, 0x38, 0x38, 0x38, 0x38, 0x38, 0x38, 0x38, 0x38,
    0x38, 0x38, 0x3F, 0xC0, 0x7F, 0xE0, 0xE3, 0xE1, 0x81, 0xC3, 0x01, 0xC6, 0x03, 0xBF, 0x87, 0x7F,
    0x0E, 0x30, 0x1C, 0x60, 0x38, 0xC0, 0x71, 0x81, 0xC3, 0x8F, 0x87, 0xFE, 0x0F, 0xF0, 0x00, 0x0F,
    0xC0, 0xFE, 0x06, 0xE0, 0x00, 0x0E, 0x03, 0xF8, 0x1F, 0xE0, 0xFF, 0x87, 0xFC, 0x3F, 0x71, 0xF9,
    0xCF, 0xC7, 0x7E, 0x3B, 0xF0, 0xFF, 0x83, 0xFC, 0x1F, 0xE0, 0x7F, 0x03, 0xF8, 0x0E, 0x06, 0x00,
    0x0E, 0x00, 0x0E, 0x00, 0x0C, 0x00, 0x00, 0x01, 0xFC, 0x0F, 0xFC, 0x3E, 0x7C, 0x70, 0x3D, 0xC0,
    0x3B, 0x80, 0x77, 0x00, 0xEE, 0x00, 0xDC, 0x03, 0xB8, 0x07, 0x70, 0x0E, 0x70, 0x3C, 0xF9, 0xF0,
    0xFF, 0xC0, 0x7F, 0x00, 0x00, 0xC0, 0x03, 0x80, 0x0E, 0x00, 0x18, 0x00, 0x00, 0x01, 0xFC, 0x0F,
    0xFC, 0x3E, 0x7C, 0x70, 0x3D, 0xC0, 0x3B, 0x80, 0x77, 0x00, 0xEE, 0x00, 0xDC, 0x03, 0xB8, 0x07,
    0x70, 0x0E, 0x70, 0x3C, 0xF9, 0xF0, 0xFF, 0xC0, 0x7F, 0x00, 0x03, 0x00, 0x0F, 0x00, 0x3F, 0x00,
    0x66, 0x00, 0x00, 0x01, 0xFC, 0x0F, 0xFC, 0x3E, 0x7C, 0x70, 0x3D, 0xC0, 0x3B, 0x80, 0x77, 0x00,
    0xEE, 0x00, 0xDC, 0x03, 0xB8, 0x07, 0x70, 0x0E, 0x70, 0x3C, 0xF9, 0xF0, 0xFF, 0xC0, 0x7F, 0x00,
    0x0F, 0x60, 0x1F, 0xC0, 0x3F, 0x00, 0x00, 0x00, 0xFE, 0x07, 0xFE, 0x1F, 0x3E, 0x38, 0x1E, 0xE0,
    0x1D, 0xC0, 0x3B, 0x80, 0x77, 0x00, 0x6E, 0x01, 0xDC, 0x03, 0xB8, 0x07, 0x38, 0x1E, 0x7C, 0xF8,
    0x7F, 0xE0, 0x3F, 0x80, 0x0E, 0xE0, 0x1D, 0xC0, 0x00, 0x00, 0x7F, 0x03, 0xFF, 0x0F, 0x9F, 0x1C,
    0x0F, 0x70, 0x0E, 0xE0, 0x1D, 0xC0, 0x3B, 0x80, 0x37, 0x00, 0xEE, 0x01, 0xDC, 0x03, 0x9C, 0x0F,
    0x3E, 0x7C, 0x3F, 0xF0, 0x1F, 0xC0, 0x41, 0x18, 0xE7, 0xF8, 0xFC, 0x1E, 0x0F, 0xC7, 0xF9, 0x8E,
    0x41, 0x00, 0x0F, 0xFC, 0x7F, 0xF9, 0xF3, 0xE3, 0x83, 0xEE, 0x0F, 0xDC, 0x3B, 0xB8, 0x77, 0x71,
    0xC6, 0xE7, 0x0D, 0xDC, 0x3B, 0xF0, 0x73, 0xC1, 0xE7, 0xCF, 0x8F, 0xFE, 0x1B, 0xF8, 0x00, 0x0C,
    0x00, 0xE0, 0x07, 0x00, 0x30, 0x00, 0x0E, 0x07, 0xE0, 0x7E, 0x07, 0xE0, 0x7E, 0x07, 0xE0, 0x7E,
    0x07, 0xE0, 0x7E, 0x07, 0xE0, 0x7E, 0x07, 0x70, 0x77, 0x9E, 0x3F, 0xE1, 0xFC, 0x01, 0x80, 0x38,
    0x07, 0x00, 0x60, 0x00, 0x0E, 0x07, 0xE0, 0x7E, 0x07, 0xE0, 0x7E, 0x07, 0xE0, 0x7E, 0x07, 0xE0,
    0x7E, 0x07, 0xE0, 0x7E, 0x07, 0x70, 0x77, 0x9E, 0x3F, 0xE1, 0xFC, 0x06, 0x00, 0xF0, 0x1F, 0x81,
    0x98, 0x00, 0x0E, 0x07, 0xE0, 0x7E, 0x07, 0xE0, 0x7E, 0x07, 0xE0, 0x7E, 0x07, 0xE0, 0x7E, 0x07,
    0xE0, 0x7E, 0x07, 0x70, 0x77, 0x9E, 0x3F, 0xE1, 0xFC, 0x1D, 0xC1, 0xDC, 0x00, 0x0E, 0x07, 0xE0,
    0x7E, 0x07, 0xE0, 0x7E, 0x07, 0xE0, 0x7E, 0x07, 0xE0, 0x7E, 0x07, 0xE0, 0x7E, 0x07, 0x70, 0x77,
    0x9E, 0x3F, 0xE1, 0xFC, 0x01, 0x80, 0x1C, 0x01, 0xC0, 0x0C, 0x00, 0x00, 0x70, 0x1D, 0xC1, 0xCE,
    0x1C, 0x38, 0xE1, 0xCE, 0x07, 0x70, 0x3F, 0x00, 0xF8, 0x03, 0x80, 0x1C, 0x00, 0xE0, 0x07, 0x00,
    0x38, 0x01, 0xC0, 0x0E, 0x00, 0xE0, 0x0E, 0x00, 0xFF, 0x8F, 0xFC, 0xE3, 0xEE, 0x0E, 0xE0, 0xEE,
    0x0E, 0xE0, 0xEE, 0x3E, 0xFF, 0xCF, 0xF8, 0xE0, 0x0E, 0x00, 0xE0, 0x00, 0x3F, 0x07, 0xF8, 0x7B,
    0xCE, 0x1C, 0xE1, 0x8E, 0x38, 0xE7, 0x0E, 0x60, 0xEF, 0x0E, 0x7C, 0xE3, 0xEE, 0x1E, 0xE0, 0x7E,
    0xCF, 0xEF, 0xEE, 0xFC, 0x18, 0x07, 0x00, 0xE0, 0x18, 0x00, 0x0F, 0xC3, 0xF8, 0xCF, 0x01, 0xCF,
    0xF7, 0xFD, 0xE7, 0x61, 0xDC, 0x77, 0xFC, 0xFF, 0x03, 0x01, 0xC0, 0xE0, 0x30, 0x00, 0x0F, 0xC3,
    0xF8, 0xCF, 0x01, 0xCF, 0xF7, 0xFD, 0xE7, 0x61, 0xDC, 0x77, 0xFC, 0xFF, 0x04, 0x03, 0x81, 0xF0,
    0x64, 0x00, 0x0F, 0xC3, 0xF8, 0xCF, 0x01, 0xCF, 0xF7, 0xFD, 0xE7, 0x61, 0xDC, 0x77, 0xFC, 0xFF,
    0x1D, 0x8F, 0xE3, 0x70, 0x00, 0x00, 0x0F, 0xC3, 0xF8, 0xCF, 0x01, 0xCF, 0xF7, 0xFD, 0xE7, 0x61,
    0xDC, 0x77, 0xFC, 0xFF, 0x3B, 0x8E, 0xE0, 0x00, 0x00, 0x3F, 0x0F, 0xE3, 0x3C, 0x07, 0x3F, 0xDF,
    0xF7, 0x9D, 0x87, 0x71, 0xDF, 0xF3, 0xFC, 0x0E, 0x06, 0xC1, 0xB0, 0x38, 0x00, 0x0F, 0xC3, 0xF8,
    0xCF, 0x01, 0xCF, 0xF7, 0xFD, 0xE7, 0x61, 0xDC, 0x77, 0xFC, 0xFF, 0x3F, 0x3E, 0x1F, 0xFF, 0x8C,
    0xFD, 0xE0, 0x38, 0x73, 0xFF, 0xFB, 0xFF, 0xFD, 0xE7, 0x00, 0xC3, 0x80, 0x71, 0xF1, 0x3F, 0xFF,
    0x8F, 0xFF, 0xC0, 0x3F, 0x3F, 0xBE, 0x5C, 0x0E, 0x07, 0x03, 0x81, 0xC0, 0xF9, 0x3F, 0xCF, 0xE1,
    0x80, 0xE0, 0x70, 0xF8, 0x18, 0x0F, 0x01, 0xC0, 0x30, 0x00, 0x0F, 0xC7, 0xFB, 0xCF, 0xE1, 0xFF,
    0xFF, 0xFF, 0x80, 0xE0, 0x3E, 0x67, 0xF8, 0xFE, 0x06, 0x03, 0xC0, 0xE0, 0x30, 0x00, 0x0F, 0xC7,
    0xFB, 0xCF, 0xE1, 0xFF, 0xFF, 0xFF, 0x80, 0xE0, 0x3E, 0x67, 0xF8, 0xFE, 0x0C, 0x07, 0x83, 0xF0,
    0xCC, 0x00, 0x0F, 0xC7, 0xFB, 0xCF, 0xE1, 0xFF, 0xFF, 0xFF, 0x80, 0xE0, 0x3E, 0x67, 0xF8, 0xFE,
    0x33, 0x0C, 0xC0, 0x00, 0x00, 0x3F, 0x1F, 0xEF, 0x3F, 0x87, 0xFF, 0xFF, 0xFE, 0x03, 0x80, 0xF9,
    0x9F, 0xE3, 0xF8, 0xC7, 0x1C, 0x60, 0x39, 0xCE, 0x73, 0x9C, 0xE7, 0x39, 0xCE, 0x33, 0xB9, 0x80,
    0x73, 0x9C, 0xE7, 0x39, 0xCE, 0x73, 0x9C, 0x18, 0x79, 0xF3, 0x30, 0x07, 0x0E, 0x1C, 0x38, 0x70,
    0xE1, 0xC3, 0x87, 0x0E, 0x1C, 0xEF, 0xDC, 0x00, 0x03, 0x87, 0x0E, 0x1C, 0x38, 0x70, 0xE1, 0xC3,
    0x87, 0x0E, 0x00, 0x07, 0xE1, 0xFC, 0x3E, 0x07, 0xE0, 0x1C, 0x7F, 0x9F, 0xF7, 0x9E, 0xE0, 0xFC,
    0x1B, 0x03, 0x70, 0xEE, 0x1D, 0xE7, 0x9F, 0xE1, 0xF8, 0x3D, 0x8F, 0xE7, 0xF0, 0x00, 0x00, 0x3F,
    0xCF, 0xFB, 0x8F, 0xE1, 0xF8, 0x7E, 0x1F, 0x87, 0xE1, 0xF8, 0x7E, 0x1F, 0x87, 0x18, 0x03, 0x80,
    0x38, 0x03, 0x00, 0x00, 0x7E, 0x1F, 0xE7, 0xDE, 0xE1, 0xDC, 0x1F, 0x83, 0xF0, 0x7E, 0x1D, 0xE7,
    0x9F, 0xE1, 0xF8, 0x03, 0x00, 0xE0, 0x38, 0x06, 0x00, 0x00, 0x7E, 0x1F, 0xE7, 0xDE, 0xE1, 0xDC,
    0x1F, 0x83, 0xF0, 0x7E, 0x1D, 0xE7, 0x9F, 0xE1, 0xF8, 0x0C, 0x03, 0xC0, 0xFC, 0x19, 0x80, 0x00,
    0x7E, 0x1F, 0xE7, 0xDE, 0xE1, 0xDC, 0x1F, 0x83, 0xF0, 0x7E, 0x1D, 0xE7, 0x9F, 0xE1, 0xF8, 0x3D,
    0x87, 0xF0, 0xFC, 0x00, 0x00, 0x00, 0x7E, 0x1F, 0xE7, 0xDE, 0xE1, 0xDC, 0x1F, 0x83, 0xF0, 0x7E,
    0x1D, 0xE7, 0x9F, 0xE1, 0xF8, 0x3B, 0x87, 0x70, 0x00, 0x00, 0x03, 0xF0, 0xFF, 0x3E, 0xF7, 0x0E,
    0xE0, 0xFC, 0x1F, 0x83, 0xF0, 0xEF, 0x3C, 0xFF, 0x0F, 0xC0, 0x0C, 0x07, 0x80, 0xC0, 0x00, 0x00,
    0x3F, 0xFF, 0xFC, 0x00, 0x00, 0x03, 0x01, 0xE0, 0x30, 0x3F, 0xCF, 0xFB, 0xCF, 0x71, 0xEE, 0x7F,
    0x9D, 0xFF, 0x3F, 0xCE, 0x73, 0xDF, 0xF3, 0xFC, 0x00, 0x18, 0x0F, 0x01, 0xC0, 0x30, 0x00, 0x38,
    0x7E, 0x1F, 0x87, 0xE1, 0xF8, 0x7E, 0x1F, 0x87, 0xE1, 0xDC, 0x77, 0xFC, 0xFF, 0x06, 0x03, 0xC0,
    0xE0, 0x30, 0x00, 0x38, 0x7E, 0x1F, 0x87, 0xE1, 0xF8, 0x7E, 0x1F, 0x87, 0xE1, 0xDC, 0x77, 0xFC,
    0xFF, 0x0C, 0x07, 0x83, 0xF0, 0xCC, 0x00, 0x38, 0x7E, 0x1F, 0x87, 0xE1, 0xF8, 0x7E, 0x1F, 0x87,
    0xE1, 0xDC, 0x77, 0xFC, 0xFF, 0x33, 0x0C, 0xC0, 0x00, 0x00, 0xE1, 0xF8, 0x7E, 0x1F, 0x87, 0xE1,
    0xF8, 0x7E, 0x1F, 0x87, 0x71, 0xDF, 0xF3, 0xFC, 0x03, 0x00, 0xE0, 0x38, 0x06, 0x00, 0x01, 0xC1,
    0xB8, 0x73, 0x8E, 0x71, 0x8E, 0x30, 0xEE, 0x1D, 0xC1, 0xB0, 0x3E, 0x03, 0x80, 0x70, 0x0E, 0x03,
    0x83, 0xF0, 0x7C, 0x00, 0xE0, 0x1C, 0x03, 0x80, 0x70, 0x0E, 0x01, 0xFE, 0x3F, 0xE7, 0x9E, 0xE1,
    0xDC, 0x1F, 0x83, 0xF0, 0x7E, 0x1D, 0xE7, 0xBF, 0xE7, 0xF8, 0xE0, 0x1C, 0x03, 0x80, 0x70, 0x00,
    0x3B, 0x87, 0x70, 0x00, 0x00, 0x0E, 0x0D, 0xC3, 0x9C, 0x73, 0x8C, 0x71, 0x87, 0x70, 0xEE, 0x0D,
    0x81, 0xF0, 0x1C, 0x03, 0x80, 0x70, 0x1C, 0x1F, 0x83, 0xE0, 0x00, 0x0F, 0xC0, 0x3F, 0x00, 0x00,
    0x01, 0xC0, 0x07, 0x80, 0x1E, 0x00, 0xFC, 0x03, 0x70, 0x1C, 0xC0, 0x73, 0x81, 0x86, 0x0E, 0x1C,
    0x3F, 0xF1, 0xFF, 0xC7, 0x03, 0x98, 0x0E, 0xE0, 0x1F, 0x80, 0x70, 0x3F, 0x8F, 0xE0, 0x00, 0x00,
    0x3F, 0x0F, 0xE3, 0x3C, 0x07, 0x3F, 0xDF, 0xF7, 0x9D, 0x87, 0x71, 0xDF, 0xF3, 0xFC, 0x0C, 0xC0,
    0x3F, 0x00, 0x78, 0x00, 0x00, 0x07, 0x00, 0x1E, 0x00, 0x78, 0x03, 0xF0, 0x0D, 0xC0, 0x73, 0x01,
    0xCE, 0x06, 0x18, 0x38, 0x70, 0xFF, 0xC7, 0xFF, 0x1C, 0x0E, 0x60, 0x3B, 0x80, 0x7E, 0x01, 0xC0,
    0x3B, 0x87, 0xC1, 0xF0, 0x00, 0x00, 0x0F, 0xC3, 0xF8, 0xCF, 0x01, 0xCF, 0xF7, 0xFD, 0xE7, 0x61,
    0xDC, 0x77, 0xFC, 0xFF, 0x07, 0x00, 0x1E, 0x00, 0x78, 0x03, 0xF0, 0x0D, 0xC0, 0x73, 0x01, 0xCE,
    0x06, 0x18, 0x38, 0x70, 0xFF, 0xC7, 0xFF, 0x1C, 0x0E, 0x60, 0x3B, 0x80, 0x7E, 0x01, 0xC0, 0x07,
    0x00, 0x38, 0x00, 0xE0, 0x03, 0xC0, 0x3F, 0x0F, 0xE3, 0x3C, 0x07, 0x3F, 0xDF, 0xF7, 0x9D, 0x87,
    0x71, 0xDF, 0xF3, 0xFC, 0x0E, 0x07, 0x00, 0xF0, 0x01, 0x80, 0x38, 0x07, 0x00, 0x60, 0x00, 0x00,
    0xFE, 0x3F, 0xF7, 0xC6, 0x70, 0x0E, 0x00, 0xE0, 0x0E, 0x00, 0xE0, 0x0E, 0x00, 0xE0, 0x0E, 0x00,
    0x70, 0x07, 0xC6, 0x3F, 0xF0, 0xFE, 0x07, 0x07, 0x83, 0x81, 0x80, 0x01, 0xF9, 0xFD, 0xF2, 0xE0,
    0x70, 0x38, 0x1C, 0x0E, 0x07, 0xC9, 0xFE, 0x7F, 0x03, 0x00, 0x78, 0x0F, 0xC0, 0xCC, 0x00, 0x00,
    0xFE, 0x3F, 0xF7, 0xC6, 0x70, 0x0E, 0x00, 0xE0, 0x0E, 0x00, 0xE0, 0x0E, 0x00, 0xE0, 0x0E, 0x00,
    0x70, 0x07, 0xC6, 0x3F, 0xF0, 0xFE, 0x0C, 0x0F, 0x0F, 0xC6, 0x60, 0x01, 0xF9, 0xFD, 0xF2, 0xE0,
    0x70, 0x38, 0x1C, 0x0E, 0x07, 0xC9, 0xFE, 0x7F, 0x07, 0x00, 0x70, 0x07, 0x00, 0x00, 0x0F, 0xE3,
    0xFF, 0x7C, 0x67, 0x00, 0xE0, 0x0E, 0x00, 0xE0, 0x0E, 0x00, 0xE0, 0x0E, 0x00, 0xE0, 0x07, 0x00,
    0x7C, 0x63, 0xFF, 0x0F, 0xE0, 0x0C, 0x0F, 0x03, 0x00, 0x00, 0x01, 0xF9, 0xFD, 0xF2, 0xE0, 0x70,
    0x38, 0x1C, 0x0E, 0x07, 0xC9, 0xFE, 0x7F, 0x0C, 0xC0, 0xFC, 0x07, 0x80, 0x30, 0x00, 0x00, 0xFE,
    0x3F, 0xF7, 0xC6, 0x70, 0x0E, 0x00, 0xE0, 0x0E, 0x00, 0xE0, 0x0E, 0x00, 0xE0, 0x0E, 0x00, 0x70,
    0x07, 0xC6, 0x3F, 0xF0, 0xFE, 0x33, 0x1F, 0x87, 0x81, 0x80, 0x01, 0xF9, 0xFD, 0xF2, 0xE0, 0x70,
    0x38, 0x1C, 0x0E, 0x07, 0xC9, 0xFE, 0x7F, 0x19, 0x80, 0xFC, 0x03, 0xC0, 0x0C, 0x00, 0x00, 0x3F,
    0xC3, 0xFF, 0x9C, 0x7E, 0xE0, 0x77, 0x03, 0xF8, 0x0F, 0xC0, 0x7E, 0x03, 0xF0, 0x1F, 0x80, 0xFC,
    0x07, 0xE0, 0x77, 0x1F, 0xBF, 0xF8, 0xFF, 0x00, 0x01, 0xD8, 0x07, 0x60, 0x1D, 0x80, 0x76, 0x01,
    0xD8, 0xFF, 0x07, 0xFC, 0x3C, 0xF0, 0xE1, 0xC3, 0x87, 0x0E, 0x1C, 0x38, 0x70, 0xE1, 0xC3, 0xE7,
    0x07, 0xFC, 0x0F, 0xF0, 0x3F, 0xC0, 0x7F, 0xE0, 0xE3, 0xE1, 0x81, 0xC3, 0x01, 0xC6, 0x03, 0xBF,
    0x87, 0x7F, 0x0E, 0x30, 0x1C, 0x60, 0x38, 0xC0, 0x71, 0x81, 0xC3, 0x8F, 0x87, 0xFE, 0x0F, 0xF0,
    0x00, 0x01, 0xC0, 0xFF, 0x0F, 0xF0, 0x1C, 0x01, 0xC3, 0xFC, 0x7F, 0xCF, 0x3C, 0xE1, 0xCE, 0x1C,
    0xE1, 0xCE, 0x1C, 0xE1, 0xCF, 0x9C, 0x7F, 0xC3, 0xFC, 0x3F, 0x87, 0xF0, 0x00, 0x7F, 0xEF, 0xFD,
    0xC0, 0x38, 0x07, 0x00, 0xE0, 0x1F, 0xF3, 0xFE, 0x70, 0x0E, 0x01, 0xC0, 0x38, 0x07, 0x00, 0xFF,
    0xFF, 0xFC, 0x7F, 0x1F, 0xC0, 0x00, 0x00, 0x3F, 0x1F, 0xEF, 0x3F, 0x87, 0xFF, 0xFF, 0xFE, 0x03,
    0x80, 0xF9, 0x9F, 0xE3, 0xF8, 0x33, 0x07, 0xE0, 0x78, 0x00, 0x0F, 0xFD, 0xFF, 0xB8, 0x07, 0x00,
    0xE0, 0x1C, 0x03, 0xFE, 0x7F, 0xCE, 0x01, 0xC0, 0x38, 0x07, 0x00, 0xE0, 0x1F, 0xFF, 0xFF, 0x80,
    0x33, 0x0F, 0xC1, 0xE0, 0x00, 0x00, 0x0F, 0xC7, 0xFB, 0xCF, 0xE1, 0xFF, 0xFF, 0xFF, 0x80, 0xE0,
    0x3E, 0x67, 0xF8, 0xFE, 0x0E, 0x01, 0xC0, 0x38, 0x00, 0x0F, 0xFD, 0xFF, 0xB8, 0x07, 0x00, 0xE0,
    0x1C, 0x03, 0xFE, 0x7F, 0xCE, 0x01, 0xC0, 0x38, 0x07, 0x00, 0xE0, 0x1F, 0xFF, 0xFF, 0x80, 0x0C,
    0x07, 0x80, 0xC0, 0x00, 0x00, 0x0F, 0xC7, 0xFB, 0xCF, 0xE1, 0xFF, 0xFF, 0xFF, 0x80, 0xE0, 0x3E,
    0x67, 0xF8, 0xFE, 0xFF, 0xDF, 0xFB, 0x80, 0x70, 0x0E, 0x01, 0xC0, 0x3F, 0xE7, 0xFC, 0xE0, 0x1C,
    0x03, 0x80, 0x70, 0x0E, 0x01, 0xFF, 0xFF, 0xF8, 0x0E, 0x03, 0x80, 0x70, 0x07, 0x80, 0x3F, 0x1F,
    0xEF, 0x3F, 0x87, 0xFF, 0xFF, 0xFE, 0x03, 0x80, 0xF9, 0x9F, 0xE3, 0xF8, 0x1C, 0x06, 0x01, 0xE0,
    0x33, 0x07, 0xE0, 0x78, 0x06, 0x00, 0x01, 0xFF, 0xBF, 0xF7, 0x00, 0xE0, 0x1C, 0x03, 0x80, 0x7F,
    0xCF, 0xF9, 0xC0, 0x38, 0x07, 0x00, 0xE0, 0x1C, 0x03, 0xFF, 0xFF, 0xF0, 0x33, 0x0F, 0xC1, 0xE0,
    0x30, 0x00, 0x00, 0x03, 0xF1, 0xFE, 0xF3, 0xF8, 0x7F, 0xFF, 0xFF, 0xE0, 0x38, 0x0F, 0x99, 0xFE,
    0x3F, 0x80, 0x03, 0x00, 0x78, 0x0F, 0xC0, 0xCC, 0x00, 0x00, 0xFE, 0x3F, 0xF7, 0xC7, 0x70, 0x0E,
    0x00, 0xE0, 0x0E, 0x00, 0xE0, 0x0E, 0x07, 0xE0, 0x7E, 0x07, 0x70, 0x77, 0xC7, 0x3F, 0xF0, 0xFF,
    0x0C, 0x07, 0x81, 0xF0, 0xCC, 0x00, 0x0F, 0xF7, 0xFF, 0xE7, 0xE1, 0xF8, 0x7E, 0x1F, 0x87, 0xE1,
    0xFC, 0xF7, 0xFC, 0xFF, 0x01, 0xD8, 0xEF, 0xFB, 0xFC, 0x0C, 0xC0, 0xFC, 0x07, 0x80, 0x00, 0x0F,
    0xE3, 0xFF, 0x7C, 0x77, 0x00, 0xE0, 0x0E, 0x00, 0xE0, 0x0E, 0x00, 0xE0, 0x7E, 0x07, 0xE0, 0x77,
    0x07, 0x7C, 0x73, 0xFF, 0x0F, 0xF0, 0x3B, 0x07, 0xC1, 0xF0, 0x00, 0x00, 0x0F, 0xF7, 0xFF, 0xE7,
    0xE1, 0xF8, 0x7E, 0x1F, 0x87, 0xE1, 0xFC, 0xF7, 0xFC, 0xFF, 0x01, 0xD8, 0xEF, 0xFB, 0xFC, 0x03,
    0x00, 0x70, 0x03, 0x00, 0x00, 0x0F, 0xE3, 0xFF, 0x7C, 0x77, 0x00, 0xE0, 0x0E, 0x00, 0xE0, 0x0E,
    0x00, 0xE0, 0x7E, 0x07, 0xE0, 0x77, 0x07, 0x7C, 0x73, 0xFF, 0x0F, 0xF0, 0x0E, 0x03, 0x80, 0xE0,
    0x00, 0x00, 0x0F, 0xF7, 0xFF, 0xE7, 0xE1, 0xF8, 0x7E, 0x1F, 0x87, 0xE1, 0xFC, 0xF7, 0xFC, 0xFF,
    0x01, 0xD8, 0xEF, 0xFB, 0xFC, 0x0F, 0xE3, 0xFF, 0x7C, 0x77, 0x00, 0xE0, 0x0E, 0x00, 0xE0, 0x0E,
    0x00, 0xE0, 0x7E, 0x07, 0xE0, 0x77, 0x07, 0x7C, 0x73, 0xFF, 0x0F, 0xF0, 0x00, 0x07, 0x00, 0xF0,
    0x0F, 0x00, 0x07, 0x03, 0x80, 0xE0, 0x38, 0x00, 0x00, 0x03, 0xFD, 0xFF, 0xF9, 0xF8, 0x7E, 0x1F,
    0x87, 0xE1, 0xF8, 0x7F, 0x3D, 0xFF, 0x3F, 0xC0, 0x76, 0x3B, 0xFE, 0xFF, 0x00, 0x06, 0x00, 0x70,
    0x0F, 0x81, 0x98, 0x00, 0x0E, 0x03, 0xE0, 0x3E, 0x03, 0xE0, 0x3E, 0x03, 0xE0, 0x3F, 0xFF, 0xFF,
    0xFE, 0x03, 0xE0, 0x3E, 0x03, 0xE0, 0x3E, 0x03, 0xE0, 0x3E, 0x03, 0x30, 0x3E, 0x0D, 0x80, 0x00,
    0xE0, 0x38, 0x0E, 0x03, 0x80, 0xE0, 0x3F, 0xCF, 0xFB, 0xCF, 0xE1, 0xF8, 0x7E, 0x1F, 0x87, 0xE1,
    0xF8, 0x7E, 0x1F, 0x87, 0x30, 0x1D, 0xFF, 0xFF, 0xFF, 0xF9, 0x80, 0xE3, 0x01, 0xC6, 0x03, 0x8F,
    0xFF, 0x1F, 0xFE, 0x30, 0x1C, 0x60, 0x38, 0xC0, 0x71, 0x80, 0xE3, 0x01, 0xC6, 0x03, 0x8C, 0x07,
    0x00, 0x70, 0x1F, 0xE3, 0xFC, 0x38, 0x07, 0x00, 0xFF, 0x1F, 0xF3, 0xCF, 0x70, 0xEE, 0x1D, 0xC3,
    0xB8, 0x77, 0x0E, 0xE1, 0xDC, 0x3B, 0x87, 0x7E, 0xFE, 0xDE, 0x00, 0x38, 0x38, 0x38, 0x38, 0x38,
    0x38, 0x38, 0x38, 0x38, 0x38, 0x38, 0x38, 0x38, 0x38, 0x38, 0x7E, 0xFE, 0xDC, 0x00, 0x00, 0x38,
    0x38, 0x38, 0x38, 0x38, 0x38, 0x38, 0x38, 0x38, 0x38, 0x38, 0xFF, 0xFC, 0x01, 0xC3, 0x87, 0x0E,
    0x1C, 0x38, 0x70, 0xE1, 0xC3, 0x87, 0x0E, 0x1C, 0x38, 0x70, 0xFF, 0xFC, 0x00, 0x03, 0x87, 0x0E,
    0x1C, 0x38, 0x70, 0xE1, 0xC3, 0x87, 0x0E, 0x00, 0xCF, 0xF7, 0x80, 0x71, 0xC7, 0x1C, 0x71, 0xC7,
    0x1C, 0x71, 0xC7, 0x1C, 0x71, 0xC7, 0x00, 0x6E, 0xFD, 0xF0, 0x00, 0x07, 0x0E, 0x1C, 0x38, 0x70,
    0xE1, 0xC3, 0x87, 0x0E, 0x1C, 0x73, 0x9C, 0xE7, 0x39, 0xCE, 0x73, 0x9C, 0xE7, 0x39, 0xCE, 0xE7,
    0x3C, 0x77, 0x00, 0x07, 0x77, 0x77, 0x77, 0x77, 0x77, 0x7E, 0xEF, 0xEE, 0xE0, 0xEE, 0xEE, 0xEE,
    0xEE, 0xEE, 0xEE, 0xEE, 0xE0, 0xFF, 0xFF, 0xFF, 0xFF, 0x80, 0xE0, 0x1F, 0x80, 0x7E, 0x01, 0xF8,
    0x07, 0xE0, 0x1F, 0x80, 0x7E, 0x01, 0xF8, 0x07, 0xE0, 0x1F, 0x80, 0x7E, 0x01, 0xF8, 0x07, 0xE7,
    0x7B, 0x9F, 0xEE, 0x7F, 0x00, 0xE3, 0x71, 0xC0, 0x00, 0x00, 0x07, 0x1B, 0x8D, 0xC6, 0xE3, 0x71,
    0xB8, 0xDC, 0x6E, 0x37, 0x1B, 0x8D, 0xC6, 0x03, 0x03, 0x87, 0xC3, 0xC0, 0x01, 0x80, 0x78, 0x1F,
    0x83, 0x30, 0x00, 0x07, 0x00, 0xE0, 0x1C, 0x03, 0x80, 0x70, 0x0E, 0x01, 0xC0, 0x38, 0x07, 0x00,
    0xE0, 0x1C, 0x03, 0x9C, 0xF3, 0xFC, 0x3F, 0x00, 0x0C, 0x1E, 0x3E, 0x33, 0x00, 0x1C, 0x1C, 0x1C,
    0x1C, 0x1C, 0x1C, 0x1C, 0x1C, 0x1C, 0x1C, 0x1C, 0x1C, 0x3C, 0xF8, 0xF8, 0xE0, 0xF7, 0x07, 0x38,
    0x71, 0xC7, 0x0E, 0x70, 0x77, 0x03, 0xF0, 0x1F, 0x80, 0xFE, 0x07, 0x78, 0x39, 0xE1, 0xC7, 0x8E,
    0x1E, 0x70, 0x7B, 0x81, 0xC0, 0x00, 0x06, 0x00, 0xF0, 0x07, 0x80, 0xE0, 0x38, 0x0E, 0x03, 0x80,
    0xE0, 0x38, 0xEE, 0x73, 0xBC, 0xEE, 0x3F, 0x0F, 0x83, 0xF0, 0xEE, 0x39, 0xCE, 0x3B, 0x87, 0x00,
    0x07, 0x03, 0xC0, 0xE0, 0xE3, 0xF9, 0xEE, 0x73, 0xB8, 0xFC, 0x3E, 0x0F, 0xE3, 0xBC, 0xE7, 0xB8,
    0xEE, 0x1C, 0x18, 0x0E, 0x07, 0x01, 0x80, 0x00, 0x38, 0x0E, 0x03, 0x80, 0xE0, 0x38, 0x0E, 0x03,
    0x80, 0xE0, 0x38, 0x0E, 0x03, 0x80, 0xE0, 0x38, 0x0F, 0xFF, 0xFF, 0x37, 0xBC, 0x0E, 0x73, 0x9C,
    0xE7, 0x39, 0xCE, 0x73, 0x9C, 0xE7, 0x9E, 0xE0, 0xE0, 0x38, 0x0E, 0x03, 0x80, 0xE0, 0x38, 0x0E,
    0x03, 0x80, 0xE0, 0x38, 0x0E, 0x03, 0x80, 0xE0, 0x3F, 0xFF, 0xFC, 0x00, 0x0E, 0x07, 0x01, 0xC0,
    0x71, 0xC7, 0x1C, 0x71, 0xC7, 0x1C, 0x71, 0xC7, 0x1C, 0x71, 0xE3, 0xCE, 0x00, 0xCF, 0x3C, 0xEE,
    0x3B, 0x8E, 0xE3, 0xB8, 0xEC, 0x38, 0x0E, 0x03, 0x80, 0xE0, 0x38, 0x0E, 0x03, 0x80, 0xE0, 0x3F,
    0xFF, 0xFC, 0xEF, 0xBE, 0xFB, 0xEF, 0x8E, 0x38, 0xE3, 0x8E, 0x38, 0xE3, 0xC7, 0x9C, 0xE0, 0x38,
    0x0E, 0x03, 0x80, 0xE0, 0x38, 0x0E, 0x3B, 0x8E, 0xE3, 0xB8, 0x0E, 0x03, 0x80, 0xE0, 0x3F, 0xFF,
    0xFC, 0xE1, 0xC3, 0x87, 0x0E, 0x1C, 0x38, 0x77, 0xEF, 0xDF, 0x87, 0x0E, 0x1E, 0x1E, 0x38, 0x1C,
    0x01, 0xC0, 0x1C, 0x01, 0xC0, 0x1D, 0x01, 0xF0, 0x1F, 0x03, 0xC0, 0x7C, 0x07, 0xC0, 0x1C, 0x01,
    0xC0, 0x1C, 0x01, 0xFF, 0x1F, 0xF0, 0x30, 0x60, 0xC1, 0x83, 0x06, 0x8F, 0x3C, 0xF1, 0xE0, 0xC1,
    0x83, 0x07, 0x0F, 0x1E, 0x01, 0x80, 0x1C, 0x01, 0xC0, 0x0C, 0x00, 0x00, 0x70, 0x1F, 0xC0, 0xFF,
    0x07, 0xFC, 0x3F, 0xE1, 0xFB, 0x8F, 0xCE, 0x7E, 0x3B, 0xF1, 0xDF, 0x87, 0xFC, 0x1F, 0xE0, 0xFF,
    0x03, 0xF8, 0x1F, 0xC0, 0x70, 0x07, 0x01, 0xC0, 0xE0, 0x30, 0x00, 0x3F, 0xCF, 0xFB, 0x8F, 0xE1,
    0xF8, 0x7E, 0x1F, 0x87, 0xE1, 0xF8, 0x7E, 0x1F, 0x87, 0xE0, 0x3F, 0x81, 0xFE, 0x0F, 0xF8, 0x7F,
    0xC3, 0xF7, 0x1F, 0x9C, 0xFC, 0x77, 0xE3, 0xBF, 0x0F, 0xF8, 0x3F, 0xC1, 0xFE, 0x07, 0xF0, 0x3F,
    0x80, 0xE0, 0x00, 0x07, 0x00, 0x78, 0x03, 0x80, 0xFF, 0x3F, 0xEE, 0x3F, 0x87, 0xE1, 0xF8, 0x7E,
    0x1F, 0x87, 0xE1, 0xF8, 0x7E, 0x1C, 0x00, 0x0C, 0x0F, 0x01, 0xC0, 0x0C, 0xC0, 0x7C, 0x01, 0xE0,
    0x06, 0x00, 0x00, 0x70, 0x1F, 0xC0, 0xFF, 0x07, 0xFC, 0x3F, 0xE1, 0xFB, 0x8F, 0xCE, 0x7E, 0x3B,
    0xF1, 0xDF, 0x87, 0xFC, 0x1F, 0xE0, 0xFF, 0x03, 0xF8, 0x1F, 0xC0, 0x70, 0x33, 0x0F, 0xC1, 0xE0,
    0x30, 0x00, 0x3F, 0xCF, 0xFB, 0x8F, 0xE1, 0xF8, 0x7E, 0x1F, 0x87, 0xE1, 0xF8, 0x7E, 0x1F, 0x87,
    0x60, 0x1C, 0x03, 0x80, 0x60, 0x00, 0x00, 0xFF, 0x1F, 0xF3, 0x8F, 0x70, 0xEE, 0x1D, 0xC3, 0xB8,
    0x77, 0x0E, 0xE1, 0xDC, 0x3B, 0x87, 0xE0, 0x3F, 0x81, 0xFE, 0x0F, 0xF8, 0x7F, 0xC3, 0xF7, 0x1F,
    0x9C, 0xFC, 0x77, 0xE3, 0xBF, 0x0F, 0xF8, 0x3F, 0xC1, 0xFE, 0x07, 0xF0, 0x1F, 0x80, 0xE0, 0x07,
    0x00, 0x38, 0x07, 0x80, 0x3C, 0xFF, 0x3F, 0xEE, 0x3F, 0x87, 0xE1, 0xF8, 0x7E, 0x1F, 0x87, 0xE1,
    0xF8, 0x7E, 0x1C, 0x07, 0x01, 0xC1, 0xE0, 0x78, 0x0F, 0xE0, 0x1F, 0xC0, 0x00, 0x00, 0x7F, 0x03,
    0xFF, 0x0F, 0x9F, 0x1C, 0x0F, 0x70, 0x0E, 0xE0, 0x1D, 0xC0, 0x3B, 0x80, 0x37, 0x00, 0xEE, 0x01,
    0xDC, 0x03, 0x9C, 0x0F, 0x3E, 0x7C, 0x3F, 0xF0, 0x1F, 0xC0, 0x3F, 0x87, 0xF0, 0x00, 0x00, 0x03,
    0xF0, 0xFF, 0x3E, 0xF7, 0x0E, 0xE0, 0xFC, 0x1F, 0x83, 0xF0, 0xEF, 0x3C, 0xFF, 0x0F, 0xC0, 0x0C,
    0xC0, 0x1F, 0x80, 0x1E, 0x00, 0x00, 0x00, 0xFE, 0x07, 0xFE, 0x1F, 0x3E, 0x38, 0x1E, 0xE0, 0x1D,
    0xC0, 0x3B, 0x80, 0x77, 0x00, 0x6E, 0x01, 0xDC, 0x03, 0xB8, 0x07, 0x38, 0x1E, 0x7C, 0xF8, 0x7F,
    0xE0, 0x3F, 0x80, 0x3B, 0x07, 0xE0, 0x78, 0x00, 0x00, 0x00, 0x7E, 0x1F, 0xE7, 0xDE, 0xE1, 0xDC,
    0x1F, 0x83, 0xF0, 0x7E, 0x1D, 0xE7, 0x9F, 0xE1, 0xF8, 0x03, 0x30, 0x0E, 0xE0, 0x3B, 0x80, 0x26,
    0x00, 0x00, 0x01, 0xFC, 0x0F, 0xFC, 0x3E, 0x7C, 0x70, 0x3D, 0xC0, 0x3B, 0x80, 0x77, 0x00, 0xEE,
    0x00, 0xDC, 0x03, 0xB8, 0x07, 0x70, 0x0E, 0x70, 0x3C, 0xF9, 0xF0, 0xFF, 0xC0, 0x7F, 0x00, 0x0C,
    0xC3, 0xB8, 0xEE, 0x09, 0x80, 0x00, 0x7E, 0x1F, 0xE7, 0xDE, 0xE1, 0xDC, 0x1F, 0x83, 0xF0, 0x7E,
    0x1D, 0xE7, 0x9F, 0xE1, 0xF8, 0x0F, 0xFF, 0xE3, 0xFF, 0xFE, 0x7E, 0x30, 0x07, 0x03, 0x00, 0xF0,
    0x30, 0x0E, 0x03, 0x00, 0xE0, 0x3F, 0xCE, 0x03, 0xFC, 0xE0, 0x30, 0x0E, 0x03, 0x00, 0xF0, 0x30,
    0x07, 0x03, 0x00, 0x7E, 0x30, 0x03, 0xFF, 0xFE, 0x0F, 0xFF, 0xE0, 0x3F, 0x3F, 0x1F, 0xFF, 0xEF,
    0xBF, 0x3F, 0x87, 0x87, 0xE0, 0xFF, 0xF8, 0x3F, 0xFE, 0x0E, 0x03, 0x87, 0x80, 0xF3, 0xF9, 0x9F,
    0xFF, 0xE3, 0xF1, 0xF8, 0x03, 0x00, 0x70, 0x0E, 0x00, 0xC0, 0x00, 0x07, 0xF8, 0xFF, 0xCE, 0x3E,
    0xE0, 0xEE, 0x0E, 0xE0, 0xEE, 0x3E, 0xFF, 0xCF, 0xF8, 0xE3, 0x8E, 0x3C, 0xE1, 0xCE, 0x0E, 0xE0,
    0xEE, 0x07, 0x0C, 0x38, 0xE1, 0x80, 0x0F, 0xFF, 0xF1, 0xE1, 0xC3, 0x87, 0x0E, 0x1C, 0x38, 0x70,
    0x7F, 0x8F, 0xFC, 0xE3, 0xEE, 0x0E, 0xE0, 0xEE, 0x0E, 0xE3, 0xEF, 0xFC, 0xFF, 0x8E, 0x38, 0xE3,
    0xCE, 0x1C, 0xE0, 0xEE, 0x0E, 0xE0, 0x70, 0x00, 0x0E, 0x01, 0xE0, 0x1E, 0x00, 0x3F, 0x7F, 0x71,
    0x70, 0x70, 0x70, 0x70, 0x70, 0x70, 0x70, 0x70, 0x00, 0x70, 0xF0, 0xE0, 0x33, 0x03, 0xF0, 0x1E,
    0x00, 0xC0, 0x00, 0x07, 0xF8, 0xFF, 0xCE, 0x3E, 0xE0, 0xEE, 0x0E, 0xE0, 0xEE, 0x3E, 0xFF, 0xCF,
    0xF8, 0xE3, 0x8E, 0x3C, 0xE1, 0xCE, 0x0E, 0xE0, 0xEE, 0x07, 0x66, 0xFC, 0xF0, 0xC0, 0x0F, 0xFF,
    0xF1, 0xE1, 0xC3, 0x87, 0x0E, 0x1C, 0x38, 0x70, 0x03, 0x00, 0xE0, 0x38, 0x06, 0x00, 0x00, 0x3F,
    0x9F, 0xF3, 0xCE, 0x70, 0x0E, 0x01, 0xC0, 0x3F, 0x01, 0xF8, 0x0F, 0x80, 0x78, 0x07, 0x00, 0xEE,
    0x7F, 0xFF, 0x3F, 0xC0, 0x06, 0x07, 0x07, 0x03, 0x00, 0x01, 0xF9, 0xFC, 0xE6, 0x70, 0x3E, 0x0F,
    0xC1, 0xF0, 0x3A, 0x3D, 0xFE, 0xFE, 0x06, 0x01, 0xE0, 0x7E, 0x0C, 0xC0, 0x00, 0x3F, 0x9F, 0xF3,
    0xCE, 0x70, 0x0E, 0x01, 0xC0, 0x3F, 0x01, 0xF8, 0x0F, 0x80, 0x78, 0x07, 0x00, 0xEE, 0x7F, 0xFF,
    0x3F, 0xC0, 0x0C, 0x0F, 0x0F, 0xC6, 0x60, 0x01, 0xF9, 0xFC, 0xE6, 0x70, 0x3E, 0x0F, 0xC1, 0xF0,
    0x3A, 0x3D, 0xFE, 0xFE, 0x1F, 0xCF, 0xF9, 0xE7, 0x38, 0x07, 0x00, 0xE0, 0x1F, 0x80, 0xFC, 0x07,
    0xC0, 0x3C, 0x03, 0x80, 0x77, 0x3F, 0xFF, 0x9F, 0xE0, 0x70, 0x06, 0x03, 0xC0, 0x3F, 0x3F, 0x9C,
    0xCE, 0x07, 0xC1, 0xF8, 0x3E, 0x07, 0x47, 0xBF, 0x9F, 0xC3, 0x80, 0xC1, 0xE0, 0x19, 0x83, 0xF0,
    0x3C, 0x03, 0x00, 0x00, 0x3F, 0x9F, 0xF3, 0xCE, 0x70, 0x0E, 0x01, 0xC0, 0x3F, 0x01, 0xF8, 0x0F,
    0x80, 0x78, 0x07, 0x00, 0xEE, 0x7F, 0xFF, 0x3F, 0xC0, 0x33, 0x1F, 0x07, 0x81, 0x80, 0x01, 0xF9,
    0xFC, 0xE6, 0x70, 0x3E, 0x0F, 0xC1, 0xF0, 0x3A, 0x3D, 0xFE, 0xFE, 0xFF, 0xFF, 0xFF, 0x06, 0x00,
    0x60, 0x06, 0x00, 0x60, 0x06, 0x00, 0x60, 0x06, 0x00, 0x60, 0x06, 0x00, 0x60, 0x06, 0x00, 0x60,
    0x06, 0x00, 0xE0, 0x07, 0x01, 0xE0, 0xE0, 0xE0, 0xE0, 0xFE, 0xFE, 0xE0, 0xE0, 0xE0, 0xE0, 0xE0,
    0xE0, 0xF2, 0x7E, 0x7E, 0x18, 0x1C, 0x3C, 0x19, 0x81, 0xF8, 0x0F, 0x00, 0x60, 0x00, 0x0F, 0xFF,
    0xFF, 0xF0, 0x60, 0x06, 0x00, 0x60, 0x06, 0x00, 0x60, 0x06, 0x00, 0x60, 0x06, 0x00, 0x60, 0x06,
    0x00, 0x60, 0x06, 0x00, 0x60, 0x0C, 0x0C, 0xEC, 0xEC, 0xE0, 0xFE, 0xFE, 0xE0, 0xE0, 0xE0, 0xE0,
    0xE0, 0xE0, 0xF2, 0x7E, 0x7E, 0xFF, 0xFF, 0xFF, 0x06, 0x00, 0x60, 0x06, 0x00, 0x60, 0x06, 0x03,
    0xFC, 0x3F, 0xC0, 0x60, 0x06, 0x00, 0x60, 0x06, 0x00, 0x60, 0x06, 0x00, 0xE0, 0xE0, 0xE0, 0xFE,
    0xFE, 0xE0, 0xE0, 0xE0, 0xFE, 0xFE, 0xE0, 0xF2, 0x7E, 0x7E, 0x1E, 0xC1, 0xFC, 0x1F, 0x80, 0x00,
    0xE0, 0x7E, 0x07, 0xE0, 0x7E, 0x07, 0xE0, 0x7E, 0x07, 0xE0, 0x7E, 0x07, 0xE0, 0x7E, 0x07, 0xE0,
    0x77, 0x07, 0x79, 0xE3, 0xFE, 0x1F, 0xC0, 0x3D, 0x8F, 0xC6, 0xF0, 0x00, 0x00, 0x38, 0x7E, 0x1F,
    0x87, 0xE1, 0xF8, 0x7E, 0x1F, 0x87, 0xE1, 0xDC, 0x77, 0xFC, 0xFF, 0x1F, 0xC1, 0xFC, 0x00, 0x0E,
    0x07, 0xE0, 0x7E, 0x07, 0xE0, 0x7E, 0x07, 0xE0, 0x7E, 0x07, 0xE0, 0x7E, 0x07, 0xE0, 0x7E, 0x07,
    0x70, 0x77, 0x9E, 0x3F, 0xE1, 0xFC, 0x3F, 0x0F, 0xC0, 0x00, 0x00, 0xE1, 0xF8, 0x7E, 0x1F, 0x87,
    0xE1, 0xF8, 0x7E, 0x1F, 0x87, 0x71, 0xDF, 0xF3, 0xFC, 0x1D, 0x81, 0xF8, 0x0F, 0x00, 0x00, 0xE0,
    0x7E, 0x07, 0xE0, 0x7E, 0x07, 0xE0, 0x7E, 0x07, 0xE0, 0x7E, 0x07, 0xE0, 0x7E, 0x07, 0xE0, 0x77,
    0x07, 0x79, 0xE3, 0xFE, 0x1F, 0xC0, 0x33, 0x0F, 0xC1, 0xE0, 0x00, 0x00, 0x38, 0x7E, 0x1F, 0x87,
    0xE1, 0xF8, 0x7E, 0x1F, 0x87, 0xE1, 0xDC, 0x77, 0xFC, 0xFF, 0x0F, 0x00, 0xD8, 0x0D, 0x80, 0xF0,
    0xE0, 0x7E, 0x07, 0xE0, 0x7E, 0x07, 0xE0, 0x7E, 0x07, 0xE0, 0x7E, 0x07, 0xE0, 0x7E, 0x07, 0xE0,
    0x77, 0x07, 0x79, 0xE3, 0xFE, 0x1F, 0xC0, 0x1E, 0x07, 0x81, 0xE0, 0x78, 0x00, 0x38, 0x7E, 0x1F,
    0x87, 0xE1, 0xF8, 0x7E, 0x1F, 0x87, 0xE1, 0xDC, 0x77, 0xFC, 0xFF, 0x06, 0x60, 0xEE, 0x0D, 0xC0,
    0x98, 0x00, 0x0E, 0x07, 0xE0, 0x7E, 0x07, 0xE0, 0x7E, 0x07, 0xE0, 0x7E, 0x07, 0xE0, 0x7E, 0x07,
    0xE0, 0x7E, 0x07, 0x70, 0x77, 0x9E, 0x3F, 0xE1, 0xFC, 0x0D, 0x87, 0x63, 0xB8, 0xCC, 0x00, 0x38,
    0x7E, 0x1F, 0x87, 0xE1, 0xF8, 0x7E, 0x1F, 0x87, 0xE1, 0xDC, 0x77, 0xFC, 0xFF, 0xE0, 0x7E, 0x07,
    0xE0, 0x7E, 0x07, 0xE0, 0x7E, 0x07, 0xE0, 0x7E, 0x07, 0xE0, 0x7E, 0x07, 0xE0, 0x77, 0x07, 0x79,
    0xE3, 0xFE, 0x1F, 0x80, 0x70, 0x07, 0x00, 0x78, 0xE1, 0xF8, 0x7E, 0x1F, 0x87, 0xE1, 0xF8, 0x7E,
    0x1F, 0x87, 0x71, 0xDF, 0xF3, 0xFC, 0x0E, 0x07, 0x00, 0xF0, 0x00, 0x60, 0x00, 0x1E, 0x00, 0x07,
    0xE0, 0x00, 0xCC, 0x00, 0x00, 0x01, 0xC0, 0x01, 0xF8, 0x00, 0x3B, 0x87, 0x07, 0x70, 0xF0, 0xEE,
    0x1E, 0x19, 0xC7, 0xC7, 0x38, 0xFC, 0xE3, 0x9B, 0x9C, 0x77, 0x33, 0x8E, 0xE7, 0x61, 0xD8, 0xFC,
    0x1F, 0x0F, 0x83, 0xE1, 0xF0, 0x78, 0x3C, 0x07, 0x03, 0x80, 0x01, 0x80, 0x03, 0xC0, 0x07, 0xE0,
    0x06, 0x60, 0x00, 0x00, 0xE1, 0xC7, 0xE1, 0xC7, 0x63, 0xC7, 0x73, 0xC6, 0x73, 0xEE, 0x33, 0xEE,
    0x3F, 0x6C, 0x3E, 0x7C, 0x1E, 0x7C, 0x1E, 0x38, 0x1C, 0x38, 0x06, 0x00, 0x78, 0x07, 0xE0, 0x33,
    0x00, 0x00, 0x70, 0x1D, 0xC1, 0xCE, 0x1C, 0x38, 0xE1, 0xCE, 0x07, 0x70, 0x3F, 0x00, 0xF8, 0x03,
    0x80, 0x1C, 0x00, 0xE0, 0x07, 0x00, 0x38, 0x01, 0xC0, 0x0E, 0x00, 0x04, 0x01, 0xC0, 0x7C, 0x08,
    0x80, 0x01, 0xC1, 0xB8, 0x73, 0x8E, 0x71, 0x8E, 0x30, 0xEE, 0x1D, 0xC1, 0xB0, 0x3E, 0x03, 0x80,
    0x70, 0x0E, 0x03, 0x83, 0xF0, 0x7C, 0x00, 0x1D, 0xC0, 0xEE, 0x00, 0x01, 0xC0, 0x77, 0x07, 0x38,
    0x70, 0xE3, 0x87, 0x38, 0x1D, 0xC0, 0xFC, 0x03, 0xE0, 0x0E, 0x00, 0x70, 0x03, 0x80, 0x1C, 0x00,
    0xE0, 0x07, 0x00, 0x38, 0x00, 0x03, 0x80, 0x38, 0x07, 0x00, 0x60, 0x00, 0x07, 0xFE, 0x7F, 0xE0,
    0x0E, 0x01, 0xC0, 0x38, 0x07, 0x80, 0x70, 0x0E, 0x01, 0xC0, 0x1C, 0x03, 0x80, 0x70, 0x07, 0x00,
    0xFF, 0xFF, 0xFF, 0x06, 0x03, 0x81, 0xC0, 0x60, 0x00, 0x1F, 0xE7, 0xF8, 0x0E, 0x07, 0x03, 0x81,
    0xC0, 0xE0, 0x78, 0x1C, 0x0F, 0xFB, 0xFE, 0x06, 0x00, 0x70, 0x06, 0x00, 0x00, 0x7F, 0xE7, 0xFE,
    0x00, 0xE0, 0x1C, 0x03, 0x80, 0x78, 0x07, 0x00, 0xE0, 0x1C, 0x01, 0xC0, 0x38, 0x07, 0x00, 0x70,
    0x0F, 0xFF, 0xFF, 0xF0, 0x1C, 0x07, 0x01, 0xC0, 0x00, 0x00, 0x1F, 0xE7, 0xF8, 0x0E, 0x07, 0x03,
    0x81, 0xC0, 0xE0, 0x78, 0x1C, 0x0F, 0xFB, 0xFE, 0x19, 0x81, 0xF8, 0x0F, 0x00, 0x60, 0x00, 0x07,
    0xFE, 0x7F, 0xE0, 0x0E, 0x01, 0xC0, 0x38, 0x07, 0x80, 0x70, 0x0E, 0x01, 0xC0, 0x1C, 0x03, 0x80,
    0x70, 0x07, 0x00, 0xFF, 0xFF, 0xFF, 0x33, 0x0F, 0xC1, 0xE0, 0x30, 0x00, 0x1F, 0xE7, 0xF8, 0x0E,
    0x07, 0x03, 0x81, 0xC0, 0xE0, 0x78, 0x1C, 0x0F, 0xFB, 0xFE, 0x3F, 0x7E, 0x70, 0xE0, 0xE0, 0xE0,
    0xE0, 0xE0, 0xE0, 0xE0, 0xE0, 0xE0, 0xE0, 0xE0, 0xE0, 0xE0, 0x00, 0x0E, 0x00, 0x18, 0x3F, 0xF1,
    0xFF, 0xE7, 0xCF, 0x8E, 0x07, 0xB8, 0x07, 0x70, 0x0E, 0xE0, 0x1D, 0xC0, 0x1B, 0x80, 0x77, 0x00,
    0xEE, 0x01, 0xCE, 0x07, 0x9F, 0x3E, 0x1F, 0xF8, 0x0F, 0xE0, 0x00, 0x70, 0x06, 0x3F, 0x67, 0xFE,
    0xFB, 0xCE, 0x1C, 0xE0, 0xEE, 0x0E, 0xE0, 0xEE, 0x1C, 0xF3, 0xC7, 0xF8, 0x3F, 0x00, 0x00, 0x0E,
    0x00, 0x1F, 0x81, 0xF7, 0x03, 0x8E, 0x07, 0x1C, 0x0E, 0x38, 0x1C, 0x70, 0x38, 0xE0, 0x71, 0xC0,
    0xE3, 0x81, 0xC7, 0x03, 0x8E, 0x07, 0x0E, 0x0E, 0x1E, 0x78, 0x1F, 0xF0, 0x1F, 0x80, 0x00, 0x30,
    0x07, 0xE1, 0xFE, 0x1E, 0xE1, 0xCE, 0x1C, 0xE1, 0xCE, 0x1C, 0xE1, 0xCE, 0x1C, 0x71, 0xC7, 0xFC,
    0x3F, 0xC0, 0x00, 0x00, 0x66, 0x00, 0x00, 0x1F, 0x80, 0x00, 0x03, 0xC0, 0x00, 0x00, 0x60, 0x7F,
    0x81, 0xFF, 0xBF, 0xF8, 0x7F, 0xEE, 0x3F, 0x00, 0x3B, 0x81, 0xC0, 0x1C, 0xE0, 0x78, 0x0F, 0x38,
    0x0E, 0x03, 0x8E, 0x03, 0x81, 0xC3, 0x80, 0xE0, 0xE0, 0xE0, 0x38, 0x70, 0x38, 0x0E, 0x1C, 0x0E,
    0x03, 0x8E, 0x03, 0x81, 0xC7, 0x00, 0xE3, 0xF1, 0xC0, 0x3F, 0xF8, 0xFF, 0xF7, 0xF8, 0x3F, 0xFC,
    0x00, 0x00, 0xCC, 0x7F, 0x80, 0xFC, 0xFF, 0xE0, 0x78, 0xE3, 0xF0, 0x30, 0xE0, 0x70, 0x00, 0xE0,
    0x79, 0xFE, 0xE0, 0x39, 0xFE, 0xE0, 0x38, 0x0E, 0xE0, 0x38, 0x1C, 0xE0, 0x38, 0x38, 0xE0, 0x38,
    0x70, 0xE0, 0x38, 0xE0, 0xE0, 0x71, 0xE0, 0xE3, 0xF1, 0xC0, 0xFF, 0xE3, 0xFF, 0x7F, 0x83, 0xFF,
    0x01, 0xC6, 0x60, 0x0E, 0x3F, 0x00, 0x70, 0xF0, 0x03, 0x83, 0x00, 0x1C, 0x00, 0x1F, 0xE7, 0xFD,
    0xFF, 0x3F, 0xFE, 0x78, 0x0E, 0xE1, 0xC0, 0xE7, 0x0E, 0x0F, 0x38, 0x70, 0xF1, 0xC3, 0x87, 0x0E,
    0x1C, 0x70, 0x7C, 0xE7, 0x01, 0xFF, 0x3F, 0xE7, 0xF9, 0xFF, 0xE0, 0x00, 0xFC, 0x00, 0x1F, 0x80,
    0x03, 0xF0, 0x00, 0x7E, 0x00, 0x0F, 0xC0, 0x01, 0xF8, 0x00, 0x3F, 0x00, 0x07, 0xE0, 0x00, 0xFC,
    0x00, 0x1F, 0x80, 0x03, 0xF0, 0x00, 0x7E, 0x03, 0x9F, 0xFF, 0xFF, 0xBF, 0xF7, 0xE0, 0x00, 0x1F,
    0x80, 0x7E, 0x00, 0x38, 0x00, 0xE0, 0x03, 0x80, 0x7E, 0x01, 0xF8, 0x07, 0xE0, 0x1F, 0x80, 0x7E,
    0x01, 0xF8, 0x07, 0xE0, 0x1F, 0x80, 0x7F, 0xFD, 0xFF, 0xF7, 0x00, 0x1C, 0x00, 0xF0, 0x0F, 0x80,
    0x3E, 0xE3, 0xF1, 0xF8, 0x1C, 0x0E, 0x07, 0x1F, 0x8F, 0xC7, 0xE3, 0xF1, 0xF8, 0xFC, 0x7E, 0x3F,
    0x9D, 0xEE, 0xE7, 0x03, 0x83, 0xC7, 0xC3, 0xC0, 0xE0, 0x38, 0x07, 0xF0, 0x38, 0x07, 0xF8, 0x38,
    0x07, 0xFC, 0x38, 0x07, 0xFC, 0x38, 0x07, 0xEE, 0x38, 0x07, 0xE7, 0x38, 0x07, 0xE3, 0xB8, 0x07,
    0xE3, 0xB8, 0x07, 0xE1, 0xF8, 0x07, 0xE0, 0xF8, 0x06, 0xE0, 0xF8, 0x0E, 0xE0, 0x79, 0x9E, 0xE0,
    0x7B, 0xFE, 0xE0, 0x39, 0xFC, 0x00, 0x00, 0xDC, 0x07, 0x1B, 0xC0, 0xE0, 0x7C, 0x1C, 0x0F, 0xC3,
    0x81, 0xF8, 0x71, 0xBB, 0x8E, 0x37, 0x39, 0xC6, 0xE3, 0xB8, 0xDC, 0x77, 0x1B, 0x87, 0xE3, 0x70,
    0x7C, 0x6E, 0x0F, 0x8D, 0xC0, 0xF1, 0xB8, 0x1E, 0x37, 0x01, 0xC6, 0x00, 0x00, 0xC0, 0x00, 0x38,
    0x00, 0x1F, 0x00, 0x03, 0xC0, 0x00, 0x0E, 0x00, 0x0E, 0x00, 0x00, 0x00, 0x00, 0x00, 0x00, 0xFF,
    0x0E, 0xFF, 0x8E, 0xE3, 0xCE, 0xE1, 0xCE, 0xE1, 0xCE, 0xE1, 0xCE, 0xE1, 0xCE, 0xE1, 0xCE, 0xE1,
    0xCE, 0xE1, 0xCE, 0xE1, 0xCE, 0x00, 0x0E, 0x00, 0x0E, 0x00, 0x3E, 0x00, 0x7C, 0x0C, 0xC0, 0x3F,
    0x00, 0x78, 0x00, 0xC0, 0x00, 0x00, 0x1C, 0x00, 0x78, 0x01, 0xE0, 0x0F, 0xC0, 0x37, 0x01, 0xCC,
    0x07, 0x38, 0x18, 0x60, 0xE1, 0xC3, 0xFF, 0x1F, 0xFC, 0x70, 0x39, 0x80, 0xEE, 0x01, 0xF8, 0x07,
    0x11, 0x07, 0xC0, 0xE0, 0x10, 0x00, 0x0F, 0xC3, 0xF8, 0xCF, 0x01, 0xCF, 0xF7, 0xFD, 0xE7, 0x61,
    0xDC, 0x77, 0xFC, 0xFF, 0xCF, 0xF7, 0x8C, 0x01, 0xC7, 0x1C, 0x71, 0xC7, 0x1C, 0x71, 0xC7, 0x1C,
    0x71, 0xC7, 0x1C, 0x66, 0xFC, 0xF0, 0xC0, 0x07, 0x0E, 0x1C, 0x38, 0x70, 0xE1, 0xC3, 0x87, 0x0E,
    0x1C, 0x0C, 0xC0, 0x1F, 0x80, 0x1E, 0x00, 0x18, 0x00, 0x00, 0x01, 0xFC, 0x0F, 0xFC, 0x3E, 0x7C,
    0x70, 0x3D, 0xC0, 0x3B, 0x80, 0x77, 0x00, 0xEE, 0x00, 0xDC, 0x03, 0xB8, 0x07, 0x70, 0x0E, 0x70,
    0x3C, 0xF9, 0xF0, 0xFF, 0xC0, 0x7F, 0x00, 0x33, 0x07, 0xE0, 0x78, 0x06, 0x00, 0x00, 0x7E, 0x1F,
    0xE7, 0xDE, 0xE1, 0xDC, 0x1F, 0x83, 0xF0, 0x7E, 0x1D, 0xE7, 0x9F, 0xE1, 0xF8, 0x19, 0x81, 0xF8,
    0x0F, 0x00, 0x60, 0x00, 0x0E, 0x07, 0xE0, 0x7E, 0x07, 0xE0, 0x7E, 0x07, 0xE0, 0x7E, 0x07, 0xE0,
    0x7E, 0x07, 0xE0, 0x7E, 0x07, 0x70, 0x77, 0x9E, 0x3F, 0xE1, 0xFC, 0x33, 0x0F, 0xC1, 0xE0, 0x30,
    0x00, 0x38, 0x7E, 0x1F, 0x87, 0xE1, 0xF8, 0x7E, 0x1F, 0x87, 0xE1, 0xDC, 0x77, 0xFC, 0xFF, 0x1F,
    0x81, 0xF8, 0x00, 0x01, 0x9C, 0x19, 0xC0, 0x00, 0xE0, 0x7E, 0x07, 0xE0, 0x7E, 0x07, 0xE0, 0x7E,
    0x07, 0xE0, 0x7E, 0x07, 0xE0, 0x7E, 0x07, 0xE0, 0x77, 0x07, 0x79, 0xE3, 0xFE, 0x1F, 0xC0, 0x3F,
    0x0F, 0xC0, 0x01, 0xCC, 0x73, 0x00, 0x0E, 0x1F, 0x87, 0xE1, 0xF8, 0x7E, 0x1F, 0x87, 0xE1, 0xF8,
    0x77, 0x1D, 0xFF, 0x3F, 0xC0, 0x03, 0x00, 0x30, 0x07, 0x03, 0xEC, 0x38, 0xC0, 0x00, 0xE0, 0x7E,
    0x07, 0xE0, 0x7E, 0x07, 0xE0, 0x7E, 0x07, 0xE0, 0x7E, 0x07, 0xE0, 0x7E, 0x07, 0xE0, 0x77, 0x07,
    0x79, 0xE3, 0xFE, 0x1F, 0xC0, 0x06, 0x01, 0x80, 0xE0, 0x30, 0x73, 0x9C, 0xE0, 0x03, 0x87, 0xE1,
    0xF8, 0x7E, 0x1F, 0x87, 0xE1, 0xF8, 0x7E, 0x1D, 0xC7, 0x7F, 0xCF, 0xF0, 0x0F, 0x80, 0xF8, 0x3E,
    0xC3, 0x8C, 0x00, 0x0E, 0x07, 0xE0, 0x7E, 0x07, 0xE0, 0x7E, 0x07, 0xE0, 0x7E, 0x07, 0xE0, 0x7E,
    0x07, 0xE0, 0x7E, 0x07, 0x70, 0x77, 0x9E, 0x3F, 0xE1, 0xFC, 0x3F, 0x0F, 0x80, 0xC1, 0xCE, 0x73,
    0x80, 0x0E, 0x1F, 0x87, 0xE1, 0xF8, 0x7E, 0x1F, 0x87, 0xE1, 0xF8, 0x77, 0x1D, 0xFF, 0x3F, 0xC0,
    0x0C, 0x00, 0xE0, 0x06, 0x03, 0xAC, 0x38, 0xC0, 0x00, 0xE0, 0x7E, 0x07, 0xE0, 0x7E, 0x07, 0xE0,
    0x7E, 0x07, 0xE0, 0x7E, 0x07, 0xE0, 0x7E, 0x07, 0xE0, 0x77, 0x07, 0x79, 0xE3, 0xFE, 0x1F, 0xC0,
    0x18, 0x0E, 0x01, 0xC0, 0x30, 0x73, 0x9C, 0xE0, 0x03, 0x87, 0xE1, 0xF8, 0x7E, 0x1F, 0x87, 0xE1,
    0xF8, 0x7E, 0x1D, 0xC7, 0x7F, 0xCF, 0xF0, 0x7E, 0x1F, 0xE4, 0x78, 0x07, 0xFF, 0xFF, 0xFE, 0x1F,
    0x87, 0xF7, 0x9F, 0xE3, 0xF0, 0x0F, 0xC0, 0x3F, 0x00, 0x00, 0x07, 0x30, 0x1C, 0xC0, 0x00, 0x00,
    0x70, 0x01, 0xE0, 0x07, 0x80, 0x3F, 0x00, 0xDC, 0x07, 0x30, 0x1C, 0xE0, 0x61, 0x83, 0x87, 0x0F,
    0xFC, 0x7F, 0xF1, 0xC0, 0xE6, 0x03, 0xB8, 0x07, 0xE0, 0x1C, 0x3F, 0x8F, 0xE0, 0x00, 0xEE, 0x3B,
    0x80, 0x03, 0xF0, 0xFE, 0x33, 0xC0, 0x73, 0xFD, 0xFF, 0x79, 0xD8, 0x77, 0x1D, 0xFF, 0x3F, 0xC0,
    0x0F, 0xC0, 0x3F, 0x00, 0x00, 0x00, 0xC0, 0x03, 0x00, 0x00, 0x00, 0x70, 0x01, 0xE0, 0x07, 0x80,
    0x3F, 0x00, 0xDC, 0x07, 0x30, 0x1C, 0xE0, 0x61, 0x83, 0x87, 0x0F, 0xFC, 0x7F, 0xF1, 0xC0, 0xE6,
    0x03, 0xB8, 0x07, 0xE0, 0x1C, 0x3F, 0x8F, 0xE0, 0x00, 0x38, 0x0E, 0x00, 0x03, 0xF0, 0xFE, 0x33,
    0xC0, 0x73, 0xFD, 0xFF, 0x79, 0xD8, 0x77, 0x1D, 0xFF, 0x3F, 0xC0, 0x00, 0x7F, 0x00, 0x0F, 0xE0,
    0x00, 0x00, 0x00, 0x7F, 0xF0, 0x0F, 0xFE, 0x03, 0xE0, 0x00, 0xEC, 0x00, 0x1D, 0x80, 0x07, 0x30,
    0x00, 0xC7, 0xF8, 0x38, 0xFF, 0x0E, 0x18, 0x01, 0xFF, 0x00, 0x7F, 0xE0, 0x0C, 0x0C, 0x03, 0x81,
    0x80, 0x60, 0x3F, 0xFC, 0x07, 0xFC, 0x03, 0xF0, 0x01, 0xF8, 0x00, 0x00, 0x00, 0x00, 0x03, 0xF3,
    0xE1, 0xFF, 0xF8, 0xCF, 0xDE, 0x03, 0x87, 0x3F, 0xFF, 0xBF, 0xFF, 0xDE, 0x70, 0x0C, 0x38, 0x07,
    0x1F, 0x13, 0xFF, 0xF8, 0xFF, 0xFC, 0x0F, 0xE0, 0xFF, 0xC7, 0xCF, 0x1C, 0x00, 0xE0, 0x03, 0x80,
    0x0E, 0x00, 0x38, 0x1C, 0xE1, 0xFF, 0x87, 0xFE, 0x07, 0x1C, 0x1C, 0x7C, 0x70, 0xFF, 0xC0, 0xFF,
    0x00, 0x3F, 0xC7, 0xFC, 0xF9, 0xCE, 0x1C, 0xE7, 0xEE, 0x7E, 0xE1, 0xCE, 0x1C, 0xF3, 0xC7, 0xFC,
    0x3F, 0xC0, 0x1C, 0x67, 0x8F, 0xF8, 0xFF, 0x00, 0x0C, 0xC0, 0xFC, 0x07, 0x80, 0x30, 0x00, 0x00,
    0xFE, 0x3F, 0xF7, 0xC7, 0x70, 0x0E, 0x00, 0xE0, 0x0E, 0x00, 0xE0, 0x0E, 0x07, 0xE0, 0x7E, 0x07,
    0x70, 0x77, 0xC7, 0x3F, 0xF0, 0xFF, 0x33, 0x0F, 0xC1, 0xE0, 0x30, 0x00, 0x0F, 0xF7, 0xFF, 0xE7,
    0xE1, 0xF8, 0x7E, 0x1F, 0x87, 0xE1, 0xFC, 0xF7, 0xFC, 0xFF, 0x01, 0xD8, 0xEF, 0xFB, 0xFC, 0x19,
    0x80, 0xFC, 0x03, 0xC0, 0x0C, 0x00, 0x00, 0x70, 0x7B, 0x83, 0x9C, 0x38, 0xE3, 0x87, 0x38, 0x3B,
    0x81, 0xF8, 0x0F, 0xC0, 0x7F, 0x03, 0xBC, 0x1C, 0xF0, 0xE3, 0xC7, 0x0F, 0x38, 0x3D, 0xC0, 0xE0,
    0xD8, 0x3E, 0x07, 0x00, 0x00, 0xE0, 0x38, 0x0E, 0x03, 0x80, 0xE0, 0x38, 0xEE, 0x73, 0xBC, 0xEE,
    0x3F, 0x0F, 0x83, 0xF0, 0xEE, 0x39, 0xCE, 0x3B, 0x87, 0x0F, 0xE0, 0x7F, 0xE1, 0xF3, 0xE3, 0x81,
    0xEE, 0x01, 0xDC, 0x03, 0xB8, 0x07, 0x70, 0x06, 0xE0, 0x1D, 0xC0, 0x3B, 0x80, 0x73, 0x81, 0xE7,
    0xCF, 0x87, 0xFE, 0x03, 0xF8, 0x01, 0xC0, 0x03, 0x80, 0x07, 0x80, 0x3F, 0x0F, 0xF3, 0xEF, 0x70,
    0xEE, 0x0F, 0xC1, 0xF8, 0x3F, 0x0E, 0xF3, 0xCF, 0xF0, 0xFC, 0x07, 0x01, 0xC0, 0x1E, 0x00, 0x0F,
    0xE0, 0x1F, 0xC0, 0x00, 0x00, 0x7F, 0x03, 0xFF, 0x0F, 0x9F, 0x1C, 0x0F, 0x70, 0x0E, 0xE0, 0x1D,
    0xC0, 0x3B, 0x80, 0x37, 0x00, 0xEE, 0x01, 0xDC, 0x03, 0x9C, 0x0F, 0x3E, 0x7C, 0x3F, 0xF0, 0x1F,
    0xC0, 0x0E, 0x00, 0x1C, 0x00, 0x3C, 0x00, 0x3F, 0x87, 0xF0, 0x00, 0x00, 0x03, 0xF0, 0xFF, 0x3E,
    0xF7, 0x0E, 0xE0, 0xFC, 0x1F, 0x83, 0xF0, 0xEF, 0x3C, 0xFF, 0x0F, 0xC0, 0x70, 0x1C, 0x01, 0xE0,
    0x19, 0x83, 0xF0, 0x3C, 0x03, 0x00, 0x00, 0xFF, 0xDF, 0xF8, 0x0E, 0x03, 0xC0, 0x70, 0x1C, 0x07,
    0x01, 0xF8, 0x07, 0x80, 0x38, 0x07, 0x00, 0xEE, 0x7F, 0xFF, 0x3F, 0xC0, 0x33, 0x07, 0xE0, 0x78,
    0x06, 0x00, 0x00, 0xFF, 0x9F, 0xF0, 0x1C, 0x03, 0x80, 0xE0, 0x38, 0x07, 0x01, 0xF0, 0x0F, 0x80,
    0x70, 0x06, 0x01, 0xCC, 0x79, 0xFE, 0x3F, 0x80, 0x33, 0x3F, 0x1E, 0x0C, 0x00, 0x1C, 0x1C, 0x1C,
    0x1C, 0x1C, 0x1C, 0x1C, 0x1C, 0x1C, 0x1C, 0x1C, 0x1C, 0x3C, 0xF8, 0xF8, 0x7F, 0x81, 0xFF, 0xBF,
    0xF8, 0x7F, 0xEE, 0x3F, 0x00, 0x3B, 0x81, 0xC0, 0x1C, 0xE0, 0x78, 0x0F, 0x38, 0x0E, 0x03, 0x8E,
    0x03, 0x81, 0xC3, 0x80, 0xE0, 0xE0, 0xE0, 0x38, 0x70, 0x38, 0x0E, 0x1C, 0x0E, 0x03, 0x8E, 0x03,
    0x81, 0xC7, 0x00, 0xE3, 0xF1, 0xC0, 0x3F, 0xF8, 0xFF, 0xF7, 0xF8, 0x3F, 0xFC, 0x7F, 0x80, 0x00,
    0xFF, 0xE0, 0x00, 0xE3, 0xF0, 0x00, 0xE0, 0x70, 0x00, 0xE0, 0x79, 0xFE, 0xE0, 0x39, 0xFE, 0xE0,
    0x38, 0x0E, 0xE0, 0x38, 0x1C, 0xE0, 0x38, 0x38, 0xE0, 0x38, 0x70, 0xE0, 0x38, 0xE0, 0xE0, 0x71,
    0xE0, 0xE3, 0xF1, 0xC0, 0xFF, 0xE3, 0xFF, 0x7F, 0x83, 0xFF, 0x01, 0xC0, 0x00, 0x0E, 0x00, 0x00,
    0x70, 0x00, 0x03, 0x80, 0x00, 0x1C, 0x00, 0x1F, 0xE7, 0xFD, 0xFF, 0x3F, 0xFE, 0x78, 0x0E, 0xE1,
    0xC0, 0xE7, 0x0E, 0x0F, 0x38, 0x70, 0xF1, 0xC3, 0x87, 0x0E, 0x1C, 0x70, 0x7C, 0xE7, 0x01, 0xFF,
    0x3F, 0xE7, 0xF9, 0xFF, 0x01, 0x80, 0x3C, 0x03, 0x80, 0x30, 0x00, 0x00, 0xFE, 0x3F, 0xF7, 0xC7,
    0x70, 0x0E, 0x00, 0xE0, 0x0E, 0x00, 0xE0, 0x0E, 0x07, 0xE0, 0x7E, 0x07, 0x70, 0x77, 0xC7, 0x3F,
    0xF0, 0xFF, 0x03, 0x01, 0xC0, 0xE0, 0x30, 0x00, 0x0F, 0xF7, 0xFF, 0xE7, 0xE1, 0xF8, 0x7E, 0x1F,
    0x87, 0xE1, 0xFC, 0xF7, 0xFC, 0xFF, 0x01, 0xD8, 0xEF, 0xFB, 0xFC, 0xE0, 0x30, 0x0E, 0x03, 0x00,
    0xE0, 0x30, 0x0E, 0x03, 0x00, 0xE0, 0x30, 0x7E, 0x03, 0x07, 0xFF, 0xF0, 0x7F, 0xFF, 0x07, 0xE0,
    0x30, 0x7E, 0x03, 0x07, 0xE0, 0x30, 0x7E, 0x03, 0x87, 0xE0, 0x3C, 0xFE, 0x01, 0xFE, 0xE0, 0x0F,
    0xC0, 0x7F, 0x8F, 0xFC, 0xF3, 0xEE, 0x0F, 0xE0, 0x7E, 0x07, 0xE0, 0x7E, 0x07, 0xE0, 0xEE, 0x0E,
    0xE1, 0xCE, 0x78, 0xFF, 0x0F, 0xE0, 0xF8, 0x0E, 0x00, 0xE0, 0x0E, 0x00, 0xE0, 0x00, 0x0C, 0x00,
    0x70, 0x01, 0xC0, 0x06, 0x00, 0x00, 0x70, 0x1F, 0xC0, 0xFF, 0x07, 0xFC, 0x3F, 0xE1, 0xFB, 0x8F,
    0xCE, 0x7E, 0x3B, 0xF1, 0xDF, 0x87, 0xFC, 0x1F, 0xE0, 0xFF, 0x03, 0xF8, 0x1F, 0xC0, 0x70, 0x18,
    0x07, 0x00, 0xE0, 0x18, 0x00, 0x3F, 0xCF, 0xFB, 0x8F, 0xE1, 0xF8, 0x7E, 0x1F, 0x87, 0xE1, 0xF8,
    0x7E, 0x1F, 0x87, 0x01, 0x80, 0x1E, 0x00, 0x70, 0x01, 0xE0, 0x07, 0x80, 0x1E, 0x00, 0x78, 0x01,
    0xE0, 0x07, 0x80, 0x3F, 0x00, 0xDC, 0x07, 0x38, 0x1C, 0xE0, 0x61, 0x83, 0x87, 0x0F, 0xFC, 0x7F,
    0xF1, 0xC0, 0xE6, 0x03, 0xB8, 0x07, 0xE0, 0x1C, 0x06, 0x03, 0xC0, 0xC0, 0x38, 0x1B, 0x06, 0xC0,
    0xE0, 0x00, 0x3F, 0x0F, 0xE3, 0x3C, 0x07, 0x3F, 0xDF, 0xF7, 0x9D, 0x87, 0x71, 0xDF, 0xF3, 0xFC,
    0x00, 0x0C, 0x00, 0x03, 0x80, 0x00, 0x70, 0x00, 0x0C, 0x00, 0x00, 0x00, 0x01, 0xFF, 0xC0, 0x3F,
    0xF8, 0x0F, 0x80, 0x03, 0xB0, 0x00, 0x76, 0x00, 0x1C, 0xC0, 0x03, 0x1F, 0xE0, 0xE3, 0xFC, 0x38,
    0x60, 0x07, 0xFC, 0x01, 0xFF, 0x80, 0x30, 0x30, 0x0E, 0x06, 0x01, 0x80, 0xFF, 0xF0, 0x1F, 0xF0,
    0x00, 0x60, 0x00, 0x70, 0x00, 0x70, 0x00, 0x30, 0x00, 0x00, 0x01, 0xF9, 0xF0, 0xFF, 0xFC, 0x67,
    0xEF, 0x01, 0xC3, 0x9F, 0xFF, 0xDF, 0xFF, 0xEF, 0x38, 0x06, 0x1C, 0x03, 0x8F, 0x89, 0xFF, 0xFC,
    0x7F, 0xFE, 0x00, 0xC0, 0x03, 0x80, 0x0E, 0x00, 0x18, 0x00, 0x00, 0x01, 0xFF, 0x8F, 0xFF, 0x3E,
    0x7C, 0x70, 0x7D, 0xC1, 0xFB, 0x87, 0x77, 0x0E, 0xEE, 0x38, 0xDC, 0xE1, 0xBB, 0x87, 0x7E, 0x0E,
    0x78, 0x3C, 0xF9, 0xF1, 0xFF, 0xC3, 0x7F, 0x00, 0x03, 0x00, 0xE0, 0x38, 0x06, 0x00, 0x00, 0x7F,
    0x9F, 0xF7, 0x9E, 0xE3, 0xDC, 0xFF, 0x3B, 0xFE, 0x7F, 0x9C, 0xE7, 0xBF, 0xE7, 0xF8, 0x1B, 0x00,
    0x6E, 0x01, 0xDC, 0x03, 0x30, 0x00, 0x00, 0x1C, 0x00, 0x78, 0x01, 0xE0, 0x0F, 0xC0, 0x37, 0x01,
    0xCC, 0x07, 0x38, 0x18, 0x60, 0xE1, 0xC3, 0xFF, 0x1F, 0xFC, 0x70, 0x39, 0x80, 0xEE, 0x01, 0xF8,
    0x07, 0x66, 0x1D, 0x83, 0xF0, 0x6C, 0x00, 0x0F, 0xC3, 0xF8, 0xCF, 0x01, 0xCF, 0xF7, 0xFD, 0xE7,
    0x61, 0xDC, 0x77, 0xFC, 0xFF, 0x07, 0x80, 0x3F, 0x00, 0xCC, 0x00, 0x00, 0x07, 0x00, 0x1E, 0x00,
    0x78, 0x03, 0xF0, 0x0D, 0xC0, 0x73, 0x01, 0xCE, 0x06, 0x18, 0x38, 0x70, 0xFF, 0xC7, 0xFF, 0x1C,
    0x0E, 0x60, 0x3B, 0x80, 0x7E, 0x01, 0xC0, 0x1F, 0x07, 0xC3, 0xB8, 0x00, 0x00, 0x0F, 0xC3, 0xF8,
    0xCF, 0x01, 0xCF, 0xF7, 0xFD, 0xE7, 0x61, 0xDC, 0x77, 0xFC, 0xFF, 0x66, 0x0E, 0xE0, 0xEC, 0x0D,
    0x80, 0x01, 0xFF, 0xBF, 0xF7, 0x00, 0xE0, 0x1C, 0x03, 0x80, 0x7F, 0xCF, 0xF9, 0xC0, 0x38, 0x07,
    0x00, 0xE0, 0x1C, 0x03, 0xFF, 0xFF, 0xF0, 0x6C, 0x1B, 0x87, 0x70, 0xCC, 0x00, 0x0F, 0xC7, 0xFB,
    0xCF, 0xE1, 0xFF, 0xFF, 0xFF, 0x80, 0xE0, 0x3E, 0x67, 0xF8, 0xFE, 0x1E, 0x07, 0xE0, 0xEC, 0x00,
    0x0F, 0xFD, 0xFF, 0xB8, 0x07, 0x00, 0xE0, 0x1C, 0x03, 0xFE, 0x7F, 0xCE, 0x01, 0xC0, 0x38, 0x07,
    0x00, 0xE0, 0x1F, 0xFF, 0xFF, 0x80, 0x1E, 0x0F, 0xC3, 0x30, 0x00, 0x00, 0x0F, 0xC7, 0xFB, 0xCF,
    0xE1, 0xFF, 0xFF, 0xFF, 0x80, 0xE0, 0x3E, 0x67, 0xF8, 0xFE, 0xCC, 0xEE, 0x77, 0x32, 0x00, 0x1C,
    0x1C, 0x1C, 0x1C, 0x1C, 0x1C, 0x1C, 0x1C, 0x1C, 0x1C, 0x1C, 0x1C, 0x1C, 0x1C, 0x1C, 0xCC, 0xEE,
    0x76, 0x36, 0x00, 0x1C, 0x1C, 0x1C, 0x1C, 0x1C, 0x1C, 0x1C, 0x1C, 0x1C, 0x1C, 0x1C, 0x7B, 0xFC,
    0xC0, 0x71, 0xC7, 0x1C, 0x71, 0xC7, 0x1C, 0x71, 0xC7, 0x1C, 0x71, 0xC7, 0x00, 0x3C, 0xFD, 0xB8,
    0x00, 0x07, 0x0E, 0x1C, 0x38, 0x70, 0xE1, 0xC3, 0x87, 0x0E, 0x1C, 0x1B, 0x00, 0x3F, 0x00, 0x37,
    0x00, 0x66, 0x00, 0x00, 0x01, 0xFC, 0x0F, 0xFC, 0x3E, 0x7C, 0x70, 0x3D, 0xC0, 0x3B, 0x80, 0x77,
    0x00, 0xEE, 0x00, 0xDC, 0x03, 0xB8, 0x07, 0x70, 0x0E, 0x70, 0x3C, 0xF9, 0xF0, 0xFF, 0xC0, 0x7F,
    0x00, 0x6C, 0x0F, 0xC0, 0xDC, 0x19, 0x80, 0x00, 0x7E, 0x1F, 0xE7, 0xDE, 0xE1, 0xDC, 0x1F, 0x83,
    0xF0, 0x7E, 0x1D, 0xE7, 0x9F, 0xE1, 0xF8, 0x07, 0x80, 0x1F, 0x80, 0x3B, 0x00, 0x00, 0x00, 0xFE,
    0x07, 0xFE, 0x1F, 0x3E, 0x38, 0x1E, 0xE0, 0x1D, 0xC0, 0x3B, 0x80, 0x77, 0x00, 0x6E, 0x01, 0xDC,
    0x03, 0xB8, 0x07, 0x38, 0x1E, 0x7C, 0xF8, 0x7F, 0xE0, 0x3F, 0x80, 0x1E, 0x07, 0xE0, 0xEC, 0x00,
    0x00, 0x00, 0x7E, 0x1F, 0xE7, 0xDE, 0xE1, 0xDC, 0x1F, 0x83, 0xF0, 0x7E, 0x1D, 0xE7, 0x9F, 0xE1,
    0xF8, 0x6C, 0x07, 0xE0, 0x37, 0x03, 0x30, 0x00, 0x07, 0xF8, 0xFF, 0xCE, 0x3E, 0xE0, 0xEE, 0x0E,
    0xE0, 0xEE, 0x3E, 0xFF, 0xCF, 0xF8, 0xE3, 0x8E, 0x3C, 0xE1, 0xCE, 0x0E, 0xE0, 0xEE, 0x07, 0xCC,
    0xEE, 0x77, 0x32, 0x00, 0x3F, 0x7F, 0x71, 0x70, 0x70, 0x70, 0x70, 0x70, 0x70, 0x70, 0x70, 0x1E,
    0x03, 0xF0, 0x3B, 0x00, 0x00, 0x7F, 0x8F, 0xFC, 0xE3, 0xEE, 0x0E, 0xE0, 0xEE, 0x0E, 0xE3, 0xEF,
    0xFC, 0xFF, 0x8E, 0x38, 0xE3, 0xCE, 0x1C, 0xE0, 0xEE, 0x0E, 0xE0, 0x70, 0x3C, 0xFD, 0xB8, 0x00,
    0x0F, 0xFF, 0xF1, 0xE1, 0xC3, 0x87, 0x0E, 0x1C, 0x38, 0x70, 0x36, 0x03, 0xF0, 0x1B, 0x81, 0x98,
    0x00, 0x0E, 0x07, 0xE0, 0x7E, 0x07, 0xE0, 0x7E, 0x07, 0xE0, 0x7E, 0x07, 0xE0, 0x7E, 0x07, 0xE0,
    0x7E, 0x07, 0x70, 0x77, 0x9E, 0x3F, 0xE1, 0xFC, 0x6C, 0x1B, 0x87, 0x70, 0xCC, 0x00, 0x38, 0x7E,
    0x1F, 0x87, 0xE1, 0xF8, 0x7E, 0x1F, 0x87, 0xE1, 0xDC, 0x77, 0xFC, 0xFF, 0x0F, 0x01, 0xF8, 0x1D,
    0x80, 0x00, 0xE0, 0x7E, 0x07, 0xE0, 0x7E, 0x07, 0xE0, 0x7E, 0x07, 0xE0, 0x7E, 0x07, 0xE0, 0x7E,
    0x07, 0xE0, 0x77, 0x07, 0x79, 0xE3, 0xFE, 0x1F, 0xC0, 0x1E, 0x0F, 0xC3, 0x30, 0x00, 0x00, 0x38,
    0x7E, 0x1F, 0x87, 0xE1, 0xF8, 0x7E, 0x1F, 0x87, 0xE1, 0xDC, 0x77, 0xFC, 0xFF, 0x1F, 0xCF, 0xF9,
    0xE7, 0x38, 0x07, 0x00, 0xE0, 0x1F, 0x80, 0xFC, 0x07, 0xC0, 0x3C, 0x03, 0x80, 0x77, 0x3F, 0xFF,
    0x9F, 0xE0, 0x00, 0x0E, 0x03, 0xC0, 0x70, 0x00, 0x3F, 0x3F, 0x9C, 0xCE, 0x07, 0xC1, 0xF8, 0x3E,
    0x07, 0x47, 0xBF, 0xDF, 0xC0, 0x01, 0xC1, 0xE0, 0xE0, 0xFF, 0xFF, 0xFF, 0x06, 0x00, 0x60, 0x06,
    0x00, 0x60, 0x06, 0x00, 0x60, 0x06, 0x00, 0x60, 0x06, 0x00, 0x60, 0x06, 0x00, 0x60, 0x06, 0x00,
    0x00, 0x06, 0x01, 0xE0, 0x1E, 0x00, 0xE0, 0xE0, 0xE0, 0xFE, 0xFE, 0xE0, 0xE0, 0xE0, 0xE0, 0xE0,
    0xE0, 0xF2, 0x7E, 0x7E, 0x00, 0x38, 0x78, 0x70, 0xFF, 0x1F, 0xF1, 0x9E, 0x00, 0xE0, 0x1C, 0x03,
    0x80, 0xE0, 0x7C, 0x3F, 0x07, 0xF0, 0x3F, 0x00, 0xE0, 0x1C, 0x01, 0x80, 0x70, 0x0E, 0x0F, 0x9F,
    0xE3, 0xF8, 0x00, 0xFE, 0x7F, 0x33, 0xC0, 0xE0, 0x70, 0x70, 0xF0, 0x7E, 0x0F, 0x01, 0xC0, 0xE0,
    0xE3, 0xF7, 0xF3, 0xE0, 0x19, 0x80, 0xF8, 0x07, 0x00, 0x60, 0x00, 0x0E, 0x03, 0xE0, 0x3E, 0x03,
    0xE0, 0x3E, 0x03, 0xE0, 0x3F, 0xFF, 0xFF, 0xFE, 0x03, 0xE0, 0x3E, 0x03, 0xE0, 0x3E, 0x03, 0xE0,
    0x3E, 0x03, 0xD8, 0x3E, 0x07, 0x00, 0x00, 0xE0, 0x38, 0x0E, 0x03, 0x80, 0xE0, 0x3F, 0xCF, 0xFB,
    0xCF, 0xE1, 0xF8, 0x7E, 0x1F, 0x87, 0xE1, 0xF8, 0x7E, 0x1F, 0x87, 0x7B, 0xFC, 0xC0, 0x18, 0x03,
    0x80, 0x38, 0x03, 0x00, 0x01, 0xFF, 0xBF, 0xF7, 0x00, 0xE0, 0x1C, 0x03, 0x80, 0x7F, 0xCF, 0xF9,
    0xC0, 0x38, 0x07, 0x00, 0xE0, 0x1C, 0x03, 0xFF, 0xFF, 0xF0, 0x3B, 0x87, 0x70, 0x00, 0x7F, 0xEF,
    0xFD, 0xC0, 0x38, 0x07, 0x00, 0xE0, 0x1F, 0xF3, 0xFE, 0x70, 0x0E, 0x01, 0xC0, 0x38, 0x07, 0x00,
    0xFF, 0xFF, 0xFC, 0xFF, 0xF1, 0xFF, 0xE0, 0x38, 0x00, 0x70, 0x00, 0xE0, 0x01, 0xFF, 0x03, 0xFF,
    0x07, 0x9F, 0x0E, 0x0E, 0x1C, 0x1C, 0x38, 0x38, 0x70, 0x70, 0xE1, 0xE1, 0xCF, 0x83, 0x9E, 0x00,
    0x07, 0x01, 0xC0, 0xE0, 0x30, 0x00, 0x3F, 0xFF, 0xFF, 0x80, 0xE0, 0x38, 0x0E, 0x03, 0x80, 0xE0,
    0x38, 0x0E, 0x03, 0x80, 0xE0, 0x38, 0x0E, 0x03, 0x80, 0x0F, 0xE3, 0xFF, 0x7C, 0x67, 0x00, 0xE0,
    0x0E, 0x00, 0xFF, 0x8F, 0xF8, 0xE0, 0x0E, 0x00, 0xE0, 0x07, 0x00, 0x7C, 0x63, 0xFF, 0x1F, 0xE0,
    0x1F, 0xCF, 0xF9, 0xE7, 0x38, 0x07, 0x00, 0xE0, 0x1F, 0x80, 0xFC, 0x07, 0xC0, 0x3C, 0x03, 0x80,
    0x77, 0x3F, 0xFF, 0x9F, 0xE0, 0xFF, 0xFF, 0xFF, 0xFF, 0xFF, 0xF8, 0xEE, 0xEE, 0x00, 0x38, 0x38,
    0x38, 0x38, 0x38, 0x38, 0x38, 0x38, 0x38, 0x38, 0x38, 0x38, 0x38, 0x38, 0x38, 0x03, 0x81, 0xC0,
    0xE0, 0x70, 0x38, 0x1C, 0x0E, 0x07, 0x03, 0x81, 0xC0, 0xE0, 0x7E, 0x7F, 0xF9, 0xF8, 0x0F, 0xF8,
    0x00, 0x3F, 0xE0, 0x00, 0xE1, 0x80, 0x03, 0x86, 0x00, 0x0E, 0x18, 0x00, 0x38, 0x7F, 0x80, 0xE1,
    0xFF, 0x03, 0x86, 0x3E, 0x0E, 0x18, 0x38, 0x30, 0x60, 0x61, 0xC1, 0x81, 0x87, 0x06, 0x0E, 0x78,
    0x18, 0xFB, 0xE0, 0x7F, 0xCE, 0x01, 0xFE, 0x00, 0x00, 0x00, 0xE0, 0x70, 0x0E, 0x07, 0x00, 0xE0,
    0x70, 0x0E, 0x07, 0x00, 0xE0, 0x70, 0x0F, 0xFF, 0xFC, 0xFF, 0xFF, 0xEE, 0x07, 0x1F, 0xE0, 0x70,
    0x7E, 0x07, 0x07, 0xE0, 0x70, 0x7E, 0x07, 0x07, 0xE0, 0x71, 0xFE, 0x07, 0xFE, 0xE0, 0x7F, 0x80,
    0xFF, 0xF1, 0xFF, 0xE0, 0x38, 0x00, 0x70, 0x00, 0xE0, 0x01, 0xFF, 0x03, 0xFF, 0x07, 0x9E, 0x0E,
    0x0E, 0x1C, 0x1C, 0x38, 0x38, 0x70, 0x70, 0xE0, 0xE1, 0xC1, 0xC3, 0x83, 0x80, 0x03, 0x00, 0x38,
    0x03, 0x80, 0x18, 0x00, 0x00, 0x70, 0x7B, 0x83, 0x9C, 0x38, 0xE3, 0x87, 0x38, 0x3B, 0x81, 0xF8,
    0x0F, 0xC0, 0x7F, 0x03, 0xBC, 0x1C, 0xF0, 0xE3, 0xC7, 0x0F, 0x38, 0x3D, 0xC0, 0xE0, 0x0C, 0x00,
    0x70, 0x01, 0xC0, 0x06, 0x00, 0x00, 0x70, 0x1F, 0x81, 0xFC, 0x0F, 0xE0, 0xFF, 0x0F, 0xF8, 0xEF,
    0xC7, 0x7E, 0x73, 0xF7, 0x1F, 0xF8, 0xFF, 0x87, 0xF8, 0x3F, 0xC1, 0xFC, 0x0F, 0xC0, 0x70, 0x1D,
    0xC0, 0xFC, 0x03, 0xE0, 0x00, 0x0E, 0x07, 0x38, 0x39, 0xC1, 0xCE, 0x0C, 0x38, 0xE1, 0xC7, 0x07,
    0x30, 0x3F, 0x80, 0xFC, 0x03, 0xC0, 0x1E, 0x00, 0xE0, 0x4F, 0x03, 0xF0, 0x1F, 0x00, 0xE0, 0x7E,
    0x07, 0xE0, 0x7E, 0x07, 0xE0, 0x7E, 0x07, 0xE0, 0x7E, 0x07, 0xE0, 0x7E, 0x07, 0xE0, 0x7E, 0x07,
    0xE0, 0x7F, 0xFF, 0xFF, 0xF0, 0x70, 0x07, 0x00, 0x70, 0x07, 0x00, 0x07, 0x00, 0x1E, 0x00, 0x78,
    0x03, 0xF0, 0x0D, 0xC0, 0x73, 0x01, 0xCE, 0x06, 0x18, 0x38, 0x70, 0xFF, 0xC7, 0xFF, 0x1C, 0x0E,
    0x60, 0x3B, 0x80, 0x7E, 0x01, 0xC0, 0xFF, 0xCF, 0xFC, 0xE0, 0x0E, 0x00, 0xE0, 0x0F, 0xF8, 0xFF,
    0xCE, 0x3E, 0xE0, 0xEE, 0x06, 0xE0, 0x6E, 0x0E, 0xE3, 0xEF, 0xFC, 0xFF, 0x80, 0x7F, 0x8F, 0xFC,
    0xE3, 0xEE, 0x0E, 0xE0, 0xEE, 0x3E, 0xFF, 0xCF, 0xFE, 0xE1, 0xEE, 0x07, 0xE0, 0x7E, 0x07, 0xE1,
    0xEF, 0xFE, 0x7F, 0x80, 0xFF, 0xFF, 0xFE, 0x03, 0x80, 0xE0, 0x38, 0x0E, 0x03, 0x80, 0xE0, 0x38,
    0x0E, 0x03, 0x80, 0xE0, 0x38, 0x0E, 0x00, 0x0F, 0xF8, 0x1F, 0xF0, 0x38, 0x60, 0x70, 0xC0, 0xE1,
    0x81, 0xC3, 0x03, 0x86, 0x07, 0x0C, 0x0C, 0x18, 0x38, 0x30, 0x70, 0x60, 0xE0, 0xC3, 0x81, 0x9F,
    0xFF, 0xFF, 0xFF, 0xF0, 0x07, 0xE0, 0x0F, 0xC0, 0x1F, 0x80, 0x38, 0xFF, 0xDF, 0xFB, 0x80, 0x70,
    0x0E, 0x01, 0xC0, 0x3F, 0xE7, 0xFC, 0xE0, 0x1C, 0x03, 0x80, 0x70, 0x0E, 0x01, 0xFF, 0xFF, 0xF8,
    0x70, 0xE1, 0xCF, 0x1C, 0x78, 0xE3, 0x8E, 0x0E, 0x73, 0x80, 0xEE, 0xE0, 0x1F, 0xF8, 0x01, 0xFF,
    0x00, 0x1F, 0xC0, 0x07, 0xFC, 0x01, 0xDD, 0xC0, 0x73, 0xBC, 0x1E, 0x73, 0xC3, 0x8E, 0x38, 0xE1,
    0xC3, 0xBC, 0x38, 0x78, 0x7F, 0x8F, 0xF9, 0xCF, 0x00, 0x70, 0x0C, 0x07, 0x87, 0xE0, 0xFE, 0x03,
    0xE0, 0x1C, 0x03, 0x80, 0x77, 0x3F, 0xFF, 0x9F, 0xE0, 0xE0, 0x3F, 0x03, 0xF8, 0x1F, 0xC1, 0xFE,
    0x1F, 0xF1, 0xDF, 0x8E, 0xFC, 0xE7, 0xEE, 0x3F, 0xF1, 0xFF, 0x0F, 0xF0, 0x7F, 0x83, 0xF8, 0x1F,
    0x80, 0xE0, 0x1D, 0xC0, 0x7E, 0x03, 0xE0, 0x00, 0x0E, 0x03, 0xF0, 0x3F, 0x81, 0xFC, 0x1F, 0xE1,
    0xFF, 0x1D, 0xF8, 0xEF, 0xCE, 0x7E, 0xE3, 0xFF, 0x1F, 0xF0, 0xFF, 0x07, 0xF8, 0x3F, 0x81, 0xF8,
    0x0E, 0xE0, 0xF7, 0x07, 0x38, 0x71, 0xC7, 0x0E, 0x70, 0x77, 0x03, 0xF0, 0x1F, 0x80, 0xFE, 0x07,
    0x78, 0x39, 0xE1, 0xC7, 0x8E, 0x1E, 0x70, 0x7B, 0x81, 0xC0, 0x0F, 0xF8, 0x3F, 0xE0, 0xE1, 0x83,
    0x86, 0x0E, 0x18, 0x38, 0x60, 0xE1, 0x83, 0x86, 0x0E, 0x18, 0x30, 0x61, 0xC1, 0x87, 0x06, 0x78,
    0x1B, 0xE0, 0x6E, 0x01, 0x80, 0x70, 0x0E, 0x70, 0x0E, 0x78, 0x1E, 0x78, 0x1F, 0x6C, 0x3F, 0x6C,
    0x37, 0x66, 0x37, 0xE6, 0x67, 0xE7, 0x67, 0xE3, 0xE7, 0xE3, 0xC7, 0xE3, 0xC7, 0xE1, 0xC7, 0xE0,
    0x07, 0xE0, 0x03, 0xE0, 0x3E, 0x03, 0xE0, 0x3E, 0x03, 0xE0, 0x3E, 0x03, 0xFF, 0xFF, 0xFF, 0xE0,
    0x3E, 0x03, 0xE0, 0x3E, 0x03, 0xE0, 0x3E, 0x03, 0xE0, 0x30, 0x0F, 0xE0, 0x7F, 0xE1, 0xF3, 0xE3,
    0x81, 0xEE, 0x01, 0xDC, 0x03, 0xB8, 0x07, 0x70, 0x06, 0xE0, 0x1D, 0xC0, 0x3B, 0x80, 0x73, 0x81,
    0xE7, 0xCF, 0x87, 0xFE, 0x03, 0xF8, 0x00, 0xFF, 0xFF, 0xFF, 0xE0, 0x7E, 0x07, 0xE0, 0x7E, 0x07,
    0xE0, 0x7E, 0x07, 0xE0, 0x7E, 0x07, 0xE0, 0x7E, 0x07, 0xE0, 0x7E, 0x07, 0xE0, 0x70, 0x7F, 0x8F,
    0xFC, 0xE3, 0xEE, 0x0E, 0xE0, 0xEE, 0x0E, 0xE3, 0xEF, 0xFC, 0xFF, 0x8E, 0x00, 0xE0, 0x0E, 0x00,
    0xE0, 0x0E, 0x00, 0xE0, 0x00, 0x0F, 0xE3, 0xFF, 0x7C, 0x67, 0x00, 0xE0, 0x0E, 0x00, 0xE0, 0x0E,
    0x00, 0xE0, 0x0E, 0x00, 0xE0, 0x07, 0x00, 0x7C, 0x63, 0xFF, 0x0F, 0xE0, 0xFF, 0xFF, 0xFF, 0x06,
    0x00, 0x60, 0x06, 0x00, 0x60, 0x06, 0x00, 0x60, 0x06, 0x00, 0x60, 0x06, 0x00, 0x60, 0x06, 0x00,
    0x60, 0x06, 0x00, 0xE0, 0x73, 0x83, 0x9C, 0x1C, 0xE0, 0xC3, 0x8E, 0x1C, 0x70, 0x73, 0x03, 0xF8,
    0x0F, 0xC0, 0x3C, 0x01, 0xE0, 0x0E, 0x04, 0xF0, 0x3F, 0x01, 0xF0, 0x00, 0x01, 0x80, 0x01, 0x80,
    0x1F, 0xF8, 0x3F, 0xFC, 0x7D, 0xBE, 0xF1, 0x8F, 0xE1, 0x87, 0xE1, 0x87, 0xE1, 0x87, 0xE1, 0x87,
    0xF1, 0x8F, 0x7D, 0xBE, 0x3F, 0xFC, 0x1F, 0xF8, 0x01, 0x80, 0x01, 0x80, 0x70, 0x7B, 0x83, 0x8E,
    0x38, 0x3B, 0xC1, 0xDC, 0x07, 0xC0, 0x1E, 0x00, 0xE0, 0x0F, 0x80, 0x7E, 0x07, 0x70, 0x71, 0xC3,
    0x87, 0x38, 0x3B, 0x80, 0xE0, 0xE0, 0x73, 0x81, 0xCE, 0x07, 0x38, 0x1C, 0xE0, 0x73, 0x81, 0xCE,
    0x07, 0x38, 0x1C, 0xE0, 0x73, 0x81, 0xCE, 0x07, 0x38, 0x1C, 0xE0, 0x73, 0xFF, 0xFF, 0xFF, 0xC0,
    0x07, 0x00, 0x1C, 0x00, 0x70, 0x01, 0xC0, 0xE0, 0xFC, 0x1F, 0x83, 0xF0, 0x7E, 0x0F, 0xC1, 0xF8,
    0x3F, 0x8F, 0x7F, 0xE7, 0xFC, 0x03, 0x80, 0x70, 0x0E, 0x01, 0xC0, 0x38, 0xE0, 0xE1, 0xF8, 0x38,
    0x7E, 0x0E, 0x1F, 0x83, 0x87, 0xE0, 0xE1, 0xF8, 0x38, 0x7E, 0x0E, 0x1F, 0x83, 0x87, 0xE0, 0xE1,
    0xF8, 0x38, 0x7E, 0x0E, 0x1F, 0x83, 0x87, 0xE0, 0xE1, 0xFF, 0xFF, 0xFF, 0xFF, 0xFC, 0xE0, 0xE1,
    0xCE, 0x0E, 0x1C, 0xE0, 0xE1, 0xCE, 0x0E, 0x1C, 0xE0, 0xE1, 0xCE, 0x0E, 0x1C, 0xE0, 0xE1, 0xCE,
    0x0E, 0x1C, 0xE0, 0xE1, 0xCE, 0x0E, 0x1C, 0xE0, 0xE1, 0xCE, 0x0E, 0x1C, 0xE0, 0xE1, 0xCF, 0xFF,
    0xFF, 0xFF, 0xFF, 0xF0, 0x00, 0x07, 0x00, 0x00, 0x70, 0x00, 0x07, 0x00, 0x00, 0x70, 0xFE, 0x01,
    0xFC, 0x00, 0x38, 0x00, 0x70, 0x00, 0xE0, 0x01, 0xFE, 0x03, 0xFF, 0x07, 0x3E, 0x0E, 0x1E, 0x1C,
    0x1C, 0x38, 0x38, 0x70, 0xF0, 0xE3, 0xC1, 0xFF, 0x83, 0xFC, 0x00, 0xE0, 0x07, 0xE0, 0x07, 0xE0,
    0x07, 0xE0, 0x07, 0xE0, 0x07, 0xFF, 0x87, 0xFF, 0xC7, 0xE3, 0xE7, 0xE0, 0xE7, 0xE0, 0xE7, 0xE0,
    0xE7, 0xE0, 0xE7, 0xE3, 0xE7, 0xFF, 0xC7, 0x7F, 0x87, 0xE0, 0x0E, 0x00, 0xE0, 0x0E, 0x00, 0xE0,
    0x0F, 0xF8, 0xFF, 0xCE, 0x3E, 0xE0, 0xEE, 0x06, 0xE0, 0x6E, 0x0E, 0xE3, 0xEF, 0xFC, 0x7F, 0x80,
    0x7F, 0x0F, 0xFC, 0x63, 0xE0, 0x0E, 0x00, 0x70, 0x07, 0x1F, 0xF1, 0xFF, 0x00, 0x70, 0x07, 0x00,
    0x70, 0x0E, 0x63, 0xEF, 0xFC, 0x7F, 0x00, 0xE0, 0x7F, 0x0E, 0x0F, 0xF8, 0xE1, 0xF3, 0xCE, 0x3C,
    0x0E, 0xE3, 0x80, 0xEE, 0x38, 0x07, 0xFF, 0x80, 0x7F, 0xF8, 0x07, 0xE3, 0x80, 0x7E, 0x38, 0x07,
    0xE3, 0x80, 0xEE, 0x1C, 0x0E, 0xE1, 0xF3, 0xCE, 0x0F, 0xFC, 0xE0, 0x7F, 0x00, 0x1F, 0xF3, 0xFF,
    0x7C, 0x77, 0x07, 0x70, 0x77, 0x07, 0x7C, 0x73, 0xFF, 0x1F, 0xF1, 0xC7, 0x1C, 0x73, 0x87, 0x38,
    0x77, 0x07, 0x70, 0x70, 0x3F, 0x0F, 0xE3, 0x3C, 0x07, 0x3F, 0xDF, 0xF7, 0x9D, 0x87, 0x71, 0xDF,
    0xF3, 0xFC, 0x07, 0xC3, 0xF8, 0xFE, 0x38, 0x06, 0x01, 0xFF, 0x3F, 0xF7, 0x9E, 0xE0, 0xFC, 0x1F,
    0x83, 0xF0, 0x7E, 0x1C, 0xF7, 0x9F, 0xE1, 0xF8, 0xFF, 0x3F, 0xEE, 0x3B, 0x8E, 0xFF, 0xBF, 0xEE,
    0x3F, 0x87, 0xE3, 0xFF, 0xEF, 0xF0, 0xFF, 0xFF, 0xE0, 0xE0, 0xE0, 0xE0, 0xE0, 0xE0, 0xE0, 0xE0,
    0xE0, 0x1F, 0xE0, 0xFF, 0x07, 0x38, 0x39, 0xC1, 0xCE, 0x0C, 0x70, 0xE3, 0x87, 0x1C, 0x70, 0xE7,
    0xFF, 0xFF, 0xFF, 0xC0, 0x7E, 0x03, 0xF0, 0x1C, 0x3F, 0x1F, 0xEF, 0x3F, 0x87, 0xFF, 0xFF, 0xFE,
    0x03, 0x80, 0xF9, 0x9F, 0xE3, 0xF8, 0x71, 0x8E, 0x39, 0x9C, 0x39, 0x9C, 0x1D, 0xB8, 0x0F, 0xF0,
    0x07, 0xE0, 0x0F, 0xF0, 0x1D, 0xB8, 0x39, 0x9C, 0x71, 0x8E, 0xE1, 0x87, 0x7F, 0x1F, 0xE6, 0x38,
    0x0E, 0x3F, 0x0F, 0xE0, 0x38, 0x07, 0x63, 0xDF, 0xE7, 0xF0, 0xE1, 0xF8, 0xFE, 0x3F, 0x9F, 0xEE,
    0xFB, 0x3F, 0xCF, 0xE3, 0xF0, 0xFC, 0x3E, 0x0C, 0x3B, 0x8F, 0xC1, 0xF0, 0x00, 0x00, 0x38, 0x7E,
    0x3F, 0x8F, 0xE7, 0xFB, 0xBE, 0xCF, 0xF3, 0xF8, 0xFC, 0x3F, 0x0F, 0x83, 0xE3, 0xF9, 0xEE, 0x73,
    0xB8, 0xFC, 0x3E, 0x0F, 0xE3, 0xBC, 0xE7, 0xB8, 0xEE, 0x1C, 0x1F, 0xE3, 0xFC, 0x71, 0x8E, 0x31,
    0xC6, 0x38, 0xC6, 0x19, 0xC3, 0x78, 0x7E, 0x0F, 0x81, 0x80, 0x70, 0x3B, 0x83, 0xDE, 0x1E, 0xF1,
    0xFF, 0xCF, 0xF6, 0xFF, 0xB6, 0xFC, 0xF3, 0xE7, 0x1F, 0x38, 0xF8, 0x06, 0xE1, 0xF8, 0x7E, 0x1F,
    0x87, 0xFF, 0xFF, 0xFE, 0x1F, 0x87, 0xE1, 0xF8, 0x7E, 0x1C, 0x3F, 0x0F, 0xF3, 0xEF, 0x70, 0xEE,
    0x0F, 0xC1, 0xF8, 0x3F, 0x0E, 0xF3, 0xCF, 0xF0, 0xFC, 0x00, 0xFF, 0xFF, 0xFE, 0x1F, 0x87, 0xE1,
    0xF8, 0x7E, 0x1F, 0x87, 0xE1, 0xF8, 0x7E, 0x1C, 0xFF, 0x1F, 0xF3, 0x8F, 0x70, 0xEE, 0x0F, 0xC1,
    0xF8, 0x3F, 0x0E, 0xF3, 0xDF, 0xF3, 0xFC, 0x70, 0x0E, 0x01, 0xC0, 0x38, 0x00, 0x3F, 0x3F, 0xBE,
    0x5C, 0x0E, 0x07, 0x03, 0x81, 0xC0, 0xF9, 0x3F, 0xCF, 0xE0, 0xFF, 0xFF, 0xF0, 0xC0, 0x30, 0x0C,
    0x03, 0x00, 0xC0, 0x30, 0x0C, 0x03, 0x00, 0xC0, 0xE0, 0xDC, 0x39, 0xC7, 0x38, 0xC7, 0x18, 0x77,
    0x0E, 0xE0, 0xD8, 0x1F, 0x01, 0xC0, 0x38, 0x07, 0x01, 0xC1, 0xF8, 0x3E, 0x00, 0x03, 0x00, 0x06,
    0x00, 0x0C, 0x00, 0x18, 0x00, 0x30, 0x03, 0xFC, 0x1F, 0xFE, 0x3D, 0xBE, 0xE3, 0x1D, 0xC6, 0x1B,
    0x0C, 0x37, 0x18, 0x6E, 0x31, 0xCF, 0x6F, 0x9F, 0xFE, 0x0F, 0xF0, 0x03, 0x00, 0x06, 0x00, 0x0C,
    0x00, 0x18, 0x00, 0xE1, 0xCE, 0x70, 0xEE, 0x0F, 0x81, 0xE0, 0x1C, 0x07, 0xC1, 0xF8, 0x73, 0x8E,
    0x3B, 0x83, 0x00, 0xE1, 0xDC, 0x3B, 0x87, 0x70, 0xEE, 0x1D, 0xC3, 0xB8, 0x77, 0x0E, 0xE1, 0xDF,
    0xFF, 0xFF, 0x80, 0x30, 0x06, 0x00, 0xC0, 0x61, 0xD8, 0x76, 0x1D, 0x87, 0x71, 0xDF, 0xF3, 0xFC,
    0x07, 0x01, 0xC0, 0x70, 0x1C, 0xE3, 0x8F, 0xC7, 0x1F, 0x8E, 0x3F, 0x1C, 0x7E, 0x38, 0xFC, 0x71,
    0xF8, 0xE3, 0xF1, 0xC7, 0xE3, 0x8F, 0xFF, 0xFF, 0xFF, 0xF8, 0xE3, 0x8E, 0x71, 0xC7, 0x38, 0xE3,
    0x9C, 0x71, 0xCE, 0x38, 0xE7, 0x1C, 0x73, 0x8E, 0x39, 0xC7, 0x1C, 0xE3, 0x8E, 0x7F, 0xFF, 0xBF,
    0xFF, 0xC0, 0x00, 0x60, 0x00, 0x30, 0x00, 0x18, 0xF8, 0x0F, 0x80, 0x18, 0x01, 0xFE, 0x1F, 0xF1,
    0xCF, 0x18, 0x71, 0x87, 0x1C, 0xF1, 0xFF, 0x1F, 0xE0, 0xE0, 0x1F, 0x80, 0x7E, 0x01, 0xF8, 0x07,
    0xFF, 0x1F, 0xFE, 0x7E, 0x39, 0xF8, 0x77, 0xE3, 0x9F, 0xFE, 0x7F, 0xF1, 0xC0, 0xE0, 0x38, 0x0E,
    0x03, 0xFC, 0xFF, 0xB8, 0xFE, 0x1F, 0x87, 0xE3, 0xFF, 0xEF, 0xF0, 0x7E, 0x1F, 0xC6, 0x78, 0x06,
    0x1F, 0xC7, 0xF0, 0x1C, 0x0E, 0x47, 0xBF, 0xCF, 0xE0, 0xE1, 0xF9, 0xC7, 0xFB, 0x9E, 0x7F, 0x38,
    0x7F, 0xE0, 0xFF, 0xC0, 0xF9, 0x83, 0xF3, 0x87, 0xE7, 0x9F, 0xC7, 0xFB, 0x87, 0xE0, 0x1F, 0xCF,
    0xF7, 0x9D, 0xC3, 0x78, 0xDF, 0xF3, 0xFC, 0xE3, 0x30, 0xDC, 0x36, 0x0C, 0x18, 0x0F, 0x01, 0xC0,
    0x30, 0x00, 0x0F, 0xC7, 0xFB, 0xCF, 0xE1, 0xFF, 0xFF, 0xFF, 0x80, 0xE0, 0x3E, 0x67, 0xF8, 0xFE,
    0x33, 0x0C, 0xC0, 0x00, 0x00, 0x3F, 0x1F, 0xEF, 0x3F, 0x87, 0xFF, 0xFF, 0xFE, 0x03, 0x80, 0xF9,
    0x9F, 0xE3, 0xF8, 0x70, 0x1F, 0xE3, 0xFC, 0x38, 0x07, 0x00, 0xFF, 0x1F, 0xF3, 0xCE, 0x70, 0xEE,
    0x1D, 0xC3, 0xB8, 0x77, 0x0E, 0xE1, 0xDC, 0x3B, 0x87, 0x00, 0xE0, 0x1C, 0x0F, 0x01, 0xE0, 0x06,
    0x0E, 0x1C, 0x18, 0x00, 0xFF, 0xFF, 0xE0, 0xE0, 0xE0, 0xE0, 0xE0, 0xE0, 0xE0, 0xE0, 0xE0, 0x3F,
    0xBF, 0xFC, 0x5C, 0x0F, 0xE7, 0xF3, 0x81, 0xC0, 0xF9, 0xBF, 0xCF, 0xE0, 0x3F, 0x3F, 0x9C, 0xCE,
    0x07, 0xC1, 0xF8, 0x3E, 0x07, 0x47, 0xBF, 0xDF, 0xC0, 0xFC, 0x01, 0xFF, 0xFF, 0xFF, 0xFF, 0xEF,
    0xDC, 0x00, 0x03, 0x87, 0x0E, 0x1C, 0x38, 0x70, 0xE1, 0xC3, 0x87, 0x0E, 0x00, 0x1C, 0x70, 0x00,
    0x00, 0x71, 0xC7, 0x1C, 0x71, 0xC7, 0x1C, 0x71, 0xC7, 0x1C, 0xFF, 0xBE, 0x1F, 0xE0, 0x07, 0xF8,
    0x01, 0xC6, 0x00, 0x71, 0x80, 0x1C, 0x7F, 0x07, 0x1F, 0xE1, 0x86, 0x3C, 0xE1, 0x87, 0xF8, 0x63,
    0xFC, 0x1F, 0xEE, 0x07, 0xF0, 0xE1, 0xC0, 0x70, 0xE0, 0x38, 0x70, 0x1C, 0x38, 0x0F, 0xFF, 0xE7,
    0xFF, 0xFB, 0x87, 0x1D, 0xC3, 0x87, 0xE1, 0xC7, 0x70, 0xFF, 0xB8, 0x7F, 0x80, 0x70, 0x1F, 0xE3,
    0xFC, 0x38, 0x07, 0x00, 0xFF, 0x1F, 0xF3, 0xCF, 0x70, 0xEE, 0x1D, 0xC3, 0xB8, 0x77, 0x0E, 0xE1,
    0xDC, 0x3B, 0x87, 0x06, 0x03, 0xC0, 0xE0, 0x30, 0x00, 0x38, 0xFE, 0x7B, 0x9C, 0xEE, 0x3F, 0x0F,
    0x83, 0xF8, 0xEF, 0x39, 0xEE, 0x3B, 0x87, 0x18, 0x07, 0x00, 0xE0, 0x18, 0x00, 0x38, 0x7E, 0x3F,
    0x8F, 0xE7, 0xFB, 0xBE, 0xCF, 0xF3, 0xF8, 0xFC, 0x3F, 0x0F, 0x83, 0x3B, 0x87, 0xF0, 0x7C, 0x00,
    0x00, 0x01, 0xC1, 0xB8, 0x73, 0x8E, 0x71, 0x8E, 0x30, 0xEE, 0x1D, 0xC1, 0xB0, 0x3E, 0x03, 0x80,
    0x70, 0x0E, 0x03, 0x83, 0xF0, 0x7C, 0x00, 0xE1, 0xF8, 0x7E, 0x1F, 0x87, 0xE1, 0xF8, 0x7E, 0x1F,
    0x87, 0xE1, 0xFF, 0xFF, 0xFC, 0x30, 0x0C, 0x03, 0x00, 0x0E, 0x00, 0x1C, 0x03, 0xFF, 0x87, 0xFF,
    0x00, 0xE0, 0x01, 0xC0, 0x03, 0xFC, 0x07, 0xFE, 0x0E, 0x7C, 0x1C, 0x1C, 0x38, 0x38, 0x70, 0x70,
    0xE1, 0xE1, 0xC7, 0x83, 0xFF, 0x07, 0xF8, 0x18, 0x01, 0x80, 0x18, 0x01, 0x80, 0x18, 0x0F, 0xF8,
    0xFF, 0x81, 0x80, 0x1F, 0xE1, 0xFF, 0x1C, 0xF1, 0x87, 0x18, 0x71, 0xCF, 0x1F, 0xF1, 0xFE, 0x0F,
    0xE0, 0x7F, 0xE1, 0xF3, 0xE3, 0x81, 0xEE, 0x01, 0xDF, 0xC3, 0xBF, 0xE7, 0x79, 0xFE, 0xE1, 0xFD,
    0xC0, 0x3B, 0x80, 0x73, 0x81, 0xE7, 0xCF, 0x87, 0xFE, 0x03, 0xF8, 0x00, 0x3F, 0x0F, 0xF3, 0xCF,
    0x7C, 0xEF, 0xFF, 0xDF, 0xF9, 0xFF, 0x06, 0xFB, 0xCF, 0xF0, 0xFC, 0x00, 0xE0, 0x0F, 0x70, 0x0F,
    0x9C, 0x0F, 0xCE, 0x07, 0x07, 0x03, 0x01, 0xC3, 0x80, 0xE1, 0xC0, 0x71, 0xC0, 0x1C, 0xE0, 0x0E,
    0x60, 0x03, 0xF0, 0x01, 0xF8, 0x00, 0xF8, 0x00, 0x3C, 0x00, 0x1C, 0x00, 0xE0, 0xFE, 0x0F, 0x71,
    0xC7, 0x18, 0x73, 0x83, 0xB8, 0x3B, 0x01, 0xF0, 0x1F, 0x01, 0xE0, 0x0E, 0x00, 0x1D, 0xC0, 0x1F,
    0x80, 0x3E, 0x00, 0x00, 0x0E, 0x03, 0x9C, 0x0F, 0x38, 0x1E, 0x70, 0x7C, 0xE1, 0xF9, 0xC7, 0x73,
    0x8E, 0xE7, 0x39, 0xCE, 0xE3, 0x9F, 0xC7, 0x3F, 0x0E, 0x7C, 0x1C, 0xF8, 0x39, 0xE0, 0x7F, 0x80,
    0xF8, 0x00, 0x60, 0x01, 0xC0, 0x03, 0x00, 0x0E, 0x00, 0x3B, 0x83, 0xF0, 0x1F, 0x00, 0x00, 0x00,
    0x0E, 0x1C, 0xE3, 0xCE, 0x3C, 0xE7, 0xCE, 0xEC, 0xEC, 0xCF, 0xCC, 0xF8, 0xCF, 0x0C, 0xF0, 0xCE,
    0x0F, 0x00, 0x70, 0x07, 0x00, 0xE0, 0x0C, 0x30, 0x01, 0x80, 0x3F, 0x81, 0xFC, 0x03, 0x00, 0x18,
    0x00, 0xFF, 0x07, 0xFE, 0x39, 0xF1, 0x83, 0xCC, 0x0E, 0x60, 0x73, 0x07, 0x9C, 0xF8, 0xFF, 0xC7,
    0xF8, 0xFE, 0x1F, 0xC1, 0xC0, 0x38, 0x07, 0xF8, 0xFF, 0x9C, 0x7B, 0x87, 0x71, 0xEF, 0xF8, 0xFE,
    0x00, 0x7F, 0x8F, 0xFC, 0xE3, 0xEE, 0x0E, 0xE0, 0xEE, 0x6E, 0xE7, 0xEF, 0xFC, 0xFF, 0x8E, 0x18,
    0xE1, 0xCE, 0x0C, 0xE0, 0x0E, 0x00, 0xE0, 0x00, 0xFF, 0x1F, 0xF3, 0x8F, 0x70, 0xEE, 0x0F, 0xC1,
    0xF9, 0xBF, 0x3E, 0xF7, 0xDF, 0xF3, 0xFE, 0x70, 0xCE, 0x19, 0xC0, 0x38, 0x00, 0x01, 0xC0, 0x70,
    0x1F, 0xFF, 0xFF, 0xF8, 0x0E, 0x03, 0x80, 0xE0, 0x38, 0x0E, 0x03, 0x80, 0xE0, 0x38, 0x0E, 0x03,
    0x80, 0xE0, 0x38, 0x00, 0x03, 0x03, 0x03, 0xFF, 0xFF, 0xE0, 0xE0, 0xE0, 0xE0, 0xE0, 0xE0, 0xE0,
    0xE0, 0xE0, 0x3F, 0xE7, 0xFC, 0xC0, 0x18, 0x03, 0x00, 0x60, 0x3F, 0xC7, 0xF8, 0x30, 0x06, 0x00,
    0xC0, 0x18, 0x03, 0x00, 0x60, 0x0C, 0x00, 0x7F, 0xBF, 0xDC, 0x0E, 0x07, 0x07, 0xF3, 0xF8, 0xE0,
    0x70, 0x38, 0x1C, 0x00, 0xFF, 0xCF, 0xFC, 0xE0, 0x0E, 0x00, 0xE0, 0x0E, 0x00, 0xFF, 0x8F, 0xFC,
    0xF3, 0xEE, 0x0E, 0xE0, 0x6E, 0x07, 0xE0, 0x7E, 0x07, 0xE0, 0xE0, 0x0E, 0x03, 0xE0, 0xFC, 0x0F,
    0x80, 0xFF, 0x3F, 0xCE, 0x03, 0x80, 0xFF, 0x3F, 0xEE, 0x3F, 0x87, 0xE1, 0xF8, 0x7E, 0x1C, 0x07,
    0x03, 0x83, 0xE0, 0xF0, 0x70, 0xE1, 0xC7, 0x8E, 0x3C, 0x38, 0xE7, 0x81, 0xCE, 0x70, 0x0E, 0xEE,
    0x00, 0x7F, 0xC0, 0x07, 0xFC, 0x00, 0x3F, 0x80, 0x07, 0xFC, 0x00, 0xEE, 0xE0, 0x1C, 0xEF, 0x03,
    0xCE, 0x78, 0x38, 0xE3, 0xC7, 0x0E, 0x1F, 0xF0, 0xE1, 0xF0, 0x00, 0x07, 0x00, 0x00, 0x70, 0x00,
    0x07, 0x00, 0x00, 0x70, 0x71, 0x8E, 0x1C, 0xCE, 0x0E, 0x67, 0x03, 0xB7, 0x00, 0xFF, 0x00, 0x3F,
    0x80, 0x3F, 0xE0, 0x3B, 0xF8, 0x39, 0x9E, 0x38, 0xC7, 0xF8, 0x61, 0xE0, 0x00, 0x70, 0x00, 0x38,
    0x00, 0x1C, 0x7F, 0x8F, 0xF9, 0xCF, 0x00, 0x70, 0x0C, 0x07, 0x87, 0xE0, 0xFE, 0x03, 0xE0, 0x1C,
    0x03, 0x80, 0x77, 0x3F, 0xFF, 0x9F, 0xE0, 0x70, 0x07, 0x03, 0xC0, 0x7F, 0x1F, 0xE6, 0x38, 0x0E,
    0x3F, 0x0F, 0xE0, 0x38, 0x07, 0x63, 0x9F, 0xE7, 0xF0, 0x30, 0x0E, 0x0F, 0x80, 0xE0, 0xF7, 0x0F,
    0x38, 0x71, 0xC7, 0x0E, 0x70, 0x77, 0x03, 0xF0, 0x1F, 0x80, 0xFE, 0x07, 0x78, 0x39, 0xE1, 0xC7,
    0x8E, 0x1E, 0x70, 0x7F, 0x81, 0xE0, 0x07, 0x00, 0x38, 0x01, 0xC0, 0x0E, 0xE3, 0xDC, 0xF3, 0x9C,
    0x77, 0x0F, 0xC1, 0xF0, 0x3F, 0x87, 0x78, 0xE7, 0x9C, 0x7F, 0x87, 0x80, 0x70, 0x0E, 0x01, 0xC0,
    0x00, 0xE0, 0x3B, 0x81, 0xCE, 0x0F, 0x38, 0x38, 0xED, 0xC3, 0xBE, 0x0E, 0xF8, 0x3F, 0xC0, 0xFF,
    0x83, 0xBF, 0x0E, 0xDE, 0x3B, 0x38, 0xE0, 0x73, 0x80, 0xEE, 0x03, 0x80, 0xE0, 0xEE, 0x1C, 0xE1,
    0xCE, 0xF8, 0xEF, 0x0F, 0xE0, 0xEF, 0x0E, 0xF8, 0xE1, 0xCE, 0x0E, 0xE0, 0x70, 0x30, 0x38, 0xC1,
    0xCF, 0xEE, 0x3F, 0xF0, 0x33, 0x80, 0xDC, 0x03, 0xF0, 0x0F, 0x80, 0x3F, 0x00, 0xCE, 0x03, 0x1C,
    0x0C, 0x38, 0x30, 0x70, 0xC1, 0xE3, 0x03, 0x80, 0x70, 0xEF, 0xDC, 0x73, 0x87, 0x70, 0x7E, 0x07,
    0xE0, 0x77, 0x07, 0x38, 0x73, 0xC7, 0x1E, 0x70, 0xE0, 0xFE, 0x0E, 0xFE, 0x1C, 0x0E, 0x38, 0x0E,
    0x70, 0x0E, 0xE0, 0x0F, 0xC0, 0x0F, 0xC0, 0x0F, 0x80, 0x0F, 0xC0, 0x0E, 0xE0, 0x0E, 0x70, 0x0E,
    0x38, 0x0E, 0x1C, 0x0E, 0x1E, 0x0E, 0x0E, 0xF8, 0x77, 0xC7, 0x06, 0x70, 0x37, 0x01, 0xF0, 0x0F,
    0x80, 0x7E, 0x03, 0x38, 0x18, 0xE0, 0xC3, 0x86, 0x1E, 0xE0, 0x33, 0x80, 0xCE, 0x03, 0x38, 0x0C,
    0xE0, 0x33, 0x80, 0xCF, 0xFF, 0x3F, 0xFC, 0xE0, 0x33, 0x80, 0xCE, 0x03, 0x38, 0x0C, 0xE0, 0x33,
    0x80, 0xFE, 0x03, 0xC0, 0x03, 0x00, 0x0C, 0x00, 0x30, 0x00, 0xC0, 0xE1, 0xCE, 0x1C, 0xE1, 0xCE,
    0x1C, 0xFF, 0xCF, 0xFC, 0xE1, 0xCE, 0x1C, 0xE1, 0xCE, 0x1E, 0xE1, 0xE0, 0x06, 0x00, 0x60, 0x06,
    0xE0, 0x3F, 0xE0, 0x3F, 0xE0, 0x30, 0xE0, 0x30, 0xE0, 0x30, 0xE0, 0x30, 0xFF, 0xF0, 0xFF, 0xF0,
    0xE0, 0x30, 0xE0, 0x30, 0xE0, 0x30, 0xE0, 0x30, 0xE0, 0x30, 0xE0, 0x30, 0xE0, 0x30, 0xE1, 0xFF,
    0x0F, 0xF8, 0x71, 0xC3, 0x8F, 0xFC, 0x7F, 0xE3, 0x87, 0x1C, 0x38, 0xE1, 0xC7, 0x0E, 0x38, 0x70,
    0xFF, 0xF0, 0x0F, 0xFF, 0x00, 0xE0, 0x70, 0x0E, 0x07, 0x00, 0xE0, 0x70, 0x0E, 0x07, 0x00, 0xE0,
    0x7F, 0x8E, 0x07, 0xFE, 0xE0, 0x79, 0xEE, 0x07, 0x07, 0xE0, 0x70, 0x7E, 0x07, 0x07, 0xE0, 0x70,
    0x7E, 0x07, 0x07, 0xE0, 0x70, 0x70, 0x00, 0x0F, 0x00, 0x01, 0xE0, 0x00, 0x7E, 0x00, 0x07, 0x80,
    0xFF, 0xC0, 0x7F, 0xE0, 0x38, 0x70, 0x1C, 0x38, 0x0E, 0x1F, 0xE7, 0x0F, 0xFB, 0x87, 0x3D, 0xC3,
    0x87, 0xE1, 0xC3, 0xF0, 0xE1, 0xF8, 0x70, 0xE0, 0x00, 0x70, 0x00, 0xF0, 0x00, 0xF8, 0x00, 0x78,
    0x0F, 0xE0, 0x7F, 0xC1, 0xF1, 0x83, 0x80, 0x0E, 0x1F, 0x9C, 0x7F, 0xB8, 0xF7, 0x71, 0x86, 0xE7,
    0x0F, 0xCE, 0x1F, 0x9C, 0x33, 0x98, 0xE7, 0xFF, 0xC7, 0xFF, 0x03, 0xF8, 0x00, 0xE0, 0x00, 0xF8,
    0x00, 0xF8, 0x00, 0xF0, 0x3E, 0x0F, 0xC3, 0xE0, 0x73, 0xEC, 0xFF, 0x9D, 0xF3, 0x1F, 0x67, 0xFF,
    0xEF, 0xF8, 0xFE, 0x03, 0xC0, 0x3E, 0x03, 0xC0, 0x0F, 0xE3, 0xFF, 0x7C, 0x67, 0x00, 0xE0, 0x0E,
    0x00, 0xE0, 0x0E, 0x00, 0xE0, 0x0E, 0x00, 0xE0, 0x07, 0x00, 0x7C, 0x63, 0xFF, 0x1F, 0xE0, 0x70,
    0x03, 0x80, 0xF0, 0x3F, 0x3F, 0xBE, 0x5C, 0x0E, 0x07, 0x03, 0x81, 0xC0, 0xF9, 0x3F, 0xCF, 0xE1,
    0x80, 0xE0, 0x70, 0xF8, 0xFF, 0xFF, 0xFF, 0x06, 0x00, 0x60, 0x06, 0x00, 0x60, 0x06, 0x00, 0x60,
    0x06, 0x00, 0x60, 0x06, 0x00, 0x60, 0x06, 0x00, 0x78, 0x07, 0x80, 0x18, 0x01, 0x80, 0x18, 0x01,
    0x80, 0xFF, 0xFF, 0xF0, 0xC0, 0x30, 0x0C, 0x03, 0x00, 0xC0, 0x30, 0x0C, 0x03, 0xC0, 0xF0, 0x1C,
    0x07, 0x01, 0xC0, 0xE0, 0x3B, 0x83, 0x9C, 0x38, 0x71, 0xC3, 0x9C, 0x0E, 0xE0, 0x7E, 0x01, 0xF0,
    0x07, 0x00, 0x38, 0x01, 0xC0, 0x0E, 0x00, 0x70, 0x03, 0x80, 0x1C, 0x00, 0xE0, 0xDC, 0x39, 0xC7,
    0x38, 0xE7, 0x38, 0x77, 0x0E, 0xC1, 0xF8, 0x1F, 0x03, 0xC0, 0x38, 0x07, 0x00, 0xE0, 0x1C, 0x03,
    0x80, 0xE0, 0x3B, 0x83, 0x9C, 0x18, 0x71, 0xC3, 0x9C, 0x0E, 0xE0, 0x7E, 0x01, 0xF0, 0x0F, 0x01,
    0xFF, 0x0F, 0xF8, 0x0E, 0x00, 0x70, 0x03, 0x80, 0x1C, 0x00, 0xE0, 0xDC, 0x39, 0xC7, 0x38, 0xC7,
    0x38, 0x77, 0x0E, 0xC0, 0xF8, 0x1E, 0x0F, 0xF1, 0xFE, 0x07, 0x00, 0xE0, 0x1C, 0x03, 0x80, 0x70,
    0x79, 0xC1, 0xC3, 0x8E, 0x07, 0x78, 0x1F, 0xC0, 0x3E, 0x00, 0x78, 0x01, 0xE0, 0x0F, 0x80, 0x3F,
    0x01, 0xDE, 0x0E, 0x38, 0x38, 0x71, 0xC1, 0xFE, 0x03, 0xC0, 0x07, 0x00, 0x1C, 0x00, 0x70, 0x01,
    0xC0, 0xF1, 0xCE, 0x70, 0xEE, 0x0F, 0x81, 0xE0, 0x1C, 0x07, 0xC1, 0xFC, 0x73, 0x8E, 0x3F, 0x83,
    0x80, 0x30, 0x06, 0x00, 0xC0, 0xFF, 0xE7, 0x3F, 0xF9, 0xC0, 0xE0, 0x70, 0x38, 0x1C, 0x0E, 0x07,
    0x03, 0x81, 0xC0, 0xE0, 0x70, 0x38, 0x1C, 0x0E, 0x07, 0x03, 0x81, 0xC0, 0xE0, 0x70, 0x38, 0x1C,
    0x0E, 0x07, 0x03, 0xFF, 0xF0, 0xFF, 0xFC, 0x00, 0x07, 0x00, 0x01, 0xC0, 0x00, 0x70, 0x00, 0x1C,
    0xFF, 0x33, 0xFC, 0xC1, 0xC3, 0x07, 0x0C, 0x1C, 0x30, 0x70, 0xC1, 0xC3, 0x07, 0x0C, 0x1C, 0x30,
    0x7F, 0xF1, 0xFF, 0xC0, 0x07, 0x00, 0x1C, 0x00, 0x70, 0xE0, 0xE7, 0x07, 0x38, 0x39, 0xC1, 0xCE,
    0x0E, 0x70, 0x73, 0x83, 0x9E, 0x3C, 0x7F, 0xE1, 0xFF, 0x00, 0x38, 0x01, 0xC0, 0x0E, 0x00, 0x7C,
    0x03, 0xE0, 0x07, 0x00, 0x38, 0x01, 0xC0, 0x0E, 0x61, 0xCC, 0x39, 0x87, 0x30, 0xE7, 0x1C, 0xFF,
    0x8F, 0xF0, 0x0E, 0x01, 0xC0, 0x3C, 0x07, 0x80, 0x30, 0x06, 0x00, 0xC0, 0xE0, 0xFC, 0x1F, 0x83,
    0xF0, 0x7E, 0x0F, 0xDD, 0xFB, 0xBF, 0xFF, 0x7F, 0xE7, 0xFC, 0x3B, 0x87, 0x70, 0xEE, 0x01, 0xC0,
    0x38, 0xE1, 0xF8, 0x7E, 0x1F, 0xB7, 0x7D, 0xDF, 0xF3, 0xFC, 0x37, 0x0D, 0xC0, 0x70, 0x1C, 0xE0,
    0x0E, 0x00, 0xE0, 0x0E, 0x00, 0xE0, 0x0F, 0xFC, 0xFF, 0xEF, 0x1E, 0xE0, 0xEE, 0x07, 0xE0, 0x7E,
    0x07, 0xE0, 0x7E, 0x07, 0xE0, 0x70, 0xE0, 0x38, 0x0E, 0x03, 0x80, 0xE0, 0x3F, 0xCF, 0xFB, 0xCF,
    0xE1, 0xF8, 0x7E, 0x1F, 0x87, 0xE1, 0xF8, 0x7E, 0x1F, 0x87, 0x01, 0xFC, 0x01, 0xFF, 0x01, 0xE7,
    0xC1, 0xE0, 0xEC, 0xE0, 0x37, 0x70, 0x1F, 0xFF, 0xFE, 0xFF, 0xFF, 0x0E, 0x00, 0x07, 0x00, 0x03,
    0x80, 0x01, 0xE0, 0x00, 0x7C, 0x60, 0x1F, 0xF8, 0x07, 0xF8, 0x07, 0xE0, 0x7F, 0xB3, 0xDF, 0xF8,
    0x7F, 0xFF, 0xBF, 0xFC, 0x70, 0x03, 0x80, 0x0F, 0x10, 0x7F, 0x81, 0xFC, 0x01, 0xFC, 0x01, 0xFF,
    0x01, 0xE7, 0xC1, 0xE0, 0xEC, 0xE0, 0x37, 0x70, 0x1F, 0xFF, 0xFE, 0xFF, 0xFF, 0x0E, 0x00, 0x07,
    0x00, 0x03, 0x80, 0x01, 0xE0, 0x00, 0x7C, 0x60, 0x1F, 0xF8, 0x07, 0xF8, 0x00, 0xE0, 0x00, 0x70,
    0x00, 0x38, 0x00, 0x1C, 0x00, 0x07, 0xE0, 0x7F, 0xB3, 0xDF, 0xF8, 0x7F, 0xFF, 0xBF, 0xFC, 0x70,
    0x03, 0x80, 0x0F, 0x10, 0x7F, 0x80, 0xFC, 0x03, 0x80, 0x1C, 0x00, 0xE0, 0xFF, 0xFF, 0xFF, 0xFF,
    0xFF, 0xF8, 0x03, 0xB8, 0x00, 0x7F, 0x00, 0x07, 0xC0, 0x00, 0x00, 0x07, 0x0E, 0x1C, 0xF1, 0xC7,
    0x8E, 0x38, 0xE0, 0xE7, 0x38, 0x0E, 0xEE, 0x01, 0xFF, 0x80, 0x1F, 0xF0, 0x01, 0xFC, 0x00, 0x7F,
    0xC0, 0x1D, 0xDC, 0x07, 0x3B, 0xC1, 0xE7, 0x3C, 0x38, 0xE3, 0x8E, 0x1C, 0x3B, 0xC3, 0x87, 0x80,
    0x06, 0x60, 0x07, 0xE0, 0x03, 0xC0, 0x00, 0x00, 0x00, 0x00, 0x71, 0x8E, 0x39, 0x9C, 0x39, 0x9C,
    0x1D, 0xB8, 0x0F, 0xF0, 0x07, 0xE0, 0x0F, 0xF0, 0x1D, 0xB8, 0x39, 0x9C, 0x71, 0x8E, 0xE1, 0x87,
    0xE0, 0xEE, 0x1E, 0xE1, 0xCE, 0x38, 0xE7, 0x0E, 0xE0, 0xFC, 0x0F, 0xF8, 0xFF, 0xCE, 0x3E, 0xE0,
    0xEE, 0x07, 0xE0, 0x7E, 0x07, 0xE0, 0x70, 0x0E, 0x01, 0xE0, 0xFC, 0x0F, 0x80, 0xE3, 0xF8, 0xEE,
    0x73, 0xB8, 0xFC, 0x3F, 0xCF, 0xFB, 0x9F, 0xE1, 0xF8, 0x7E, 0x1C, 0x07, 0x03, 0xC3, 0xE0, 0xF0,
    0x0F, 0xF8, 0x1F, 0xF0, 0x38, 0x60, 0x70, 0xC0, 0xE1, 0x81, 0xC3, 0x03, 0x86, 0x07, 0x0C, 0x0E,
    0x18, 0x18, 0x30, 0x70, 0x60, 0xE0, 0xC7, 0x81, 0x9F, 0x03, 0xF8, 0x07, 0x80, 0x07, 0x00, 0x0E,
    0x00, 0x38, 0x00, 0x60, 0x1F, 0xE0, 0xFF, 0x07, 0x18, 0x38, 0xC1, 0xC6, 0x0E, 0x30, 0x61, 0x87,
    0x0C, 0x78, 0x67, 0x83, 0x38, 0x1E, 0x00, 0x70, 0x03, 0x80, 0x38, 0x01, 0x80, 0xE0, 0x3E, 0x03,
    0xE0, 0x3E, 0x03, 0xE0, 0x3E, 0x03, 0xFF, 0xFF, 0xFF, 0xE0, 0x3E, 0x03, 0xE0, 0x3E, 0x03, 0xE0,
    0x3E, 0x03, 0xE0, 0x30, 0x03, 0x00, 0x70, 0x1F, 0x01, 0xE0, 0xE1, 0xF8, 0x7E, 0x1F, 0x87, 0xFF,
    0xFF, 0xFE, 0x1F, 0x87, 0xE1, 0xF8, 0x7E, 0x1C, 0x07, 0x01, 0xC1, 0xF0, 0x78, 0xE0, 0x33, 0x80,
    0xCE, 0x03, 0x38, 0x0C, 0xE0, 0x33, 0x80, 0xCF, 0xFF, 0x3F, 0xFC, 0xE0, 0x33, 0x80, 0xCE, 0x03,
    0x38, 0x0C, 0xE0, 0x33, 0x80, 0xFE, 0x03, 0xC0, 0x07, 0x00, 0x18, 0x00, 0xE0, 0x03, 0x00, 0xE1,
    0xCE, 0x1C, 0xE1, 0xCE, 0x1C, 0xFF, 0xCF, 0xFC, 0xE1, 0xCE, 0x1C, 0xE1, 0xCE, 0x1C, 0xE1, 0xF0,
    0x07, 0x00, 0x60, 0x0E, 0x00, 0xC0, 0xE0, 0xFC, 0x1F, 0x83, 0xF0, 0x7E, 0x0F, 0xC1, 0xF8, 0x3F,
    0xCF, 0x7F, 0xE7, 0xFC, 0x03, 0x80, 0x70, 0x0E, 0x07, 0xC0, 0xF8, 0x1C, 0x03, 0x80, 0x70, 0x0E,
    0x00, 0x61, 0xD8, 0x76, 0x1D, 0x87, 0x71, 0xDF, 0xF3, 0xFC, 0x07, 0x01, 0xC0, 0xF0, 0x3C, 0x0C,
    0x03, 0x00, 0xC0, 0x70, 0x0E, 0x1C, 0x03, 0x87, 0x81, 0xE1, 0xE0, 0x7C, 0x6C, 0x3F, 0x1B, 0x0D,
    0xC6, 0x63, 0x73, 0x99, 0x9C, 0xE7, 0x67, 0x38, 0xF9, 0xCE, 0x3C, 0x73, 0x8F, 0x1C, 0xE1, 0xC7,
    0x38, 0x01, 0xFE, 0x00, 0x3C, 0x00, 0x07, 0x00, 0x01, 0x80, 0x00, 0xE0, 0x00, 0x30, 0x70, 0x38,
    0xE0, 0xF1, 0xE1, 0xE3, 0xC7, 0xCF, 0xCF, 0x9D, 0xBF, 0x3B, 0x6E, 0x73, 0xCC, 0xE7, 0x19, 0xCE,
    0x33, 0x80, 0x78, 0x00, 0x70, 0x00, 0xE0, 0x03, 0x80, 0x06, 0x00, 0xFF, 0xFF, 0xFF, 0xFF, 0xFF,
    0xF8, 0x0C, 0xC0, 0x3F, 0x00, 0x78, 0x00, 0x00, 0x07, 0x00, 0x1E, 0x00, 0x78, 0x03, 0xF0, 0x0D,
    0xC0, 0x73, 0x01, 0xCE, 0x06, 0x18, 0x38, 0x70, 0xFF, 0xC7, 0xFF, 0x1C, 0x0E, 0x60, 0x3B, 0x80,
    0x7E, 0x01, 0xC0, 0x3B, 0x8F, 0xE1, 0xF0, 0x00, 0x00, 0x0F, 0xC3, 0xF8, 0xCF, 0x01, 0xCF, 0xF7,
    0xFD, 0xE7, 0x61, 0xDC, 0x77, 0xFC, 0xFF, 0x0C, 0xC0, 0x33, 0x00, 0x00, 0x01, 0xC0, 0x07, 0x80,
    0x1E, 0x00, 0xFC, 0x03, 0x70, 0x1C, 0xC0, 0x73, 0x81, 0x86, 0x0E, 0x1C, 0x3F, 0xF1, 0xFF, 0xC7,
    0x03, 0x98, 0x0E, 0xE0, 0x1F, 0x80, 0x70, 0x3B, 0x8E, 0xE0, 0x00, 0x00, 0x3F, 0x0F, 0xE3, 0x3C,
    0x07, 0x3F, 0xDF, 0xF7, 0x9D, 0x87, 0x71, 0xDF, 0xF3, 0xFC, 0x00, 0xFF, 0xE0, 0x1F, 0xFC, 0x07,
    0xC0, 0x01, 0xD8, 0x00, 0x3B, 0x00, 0x0E, 0x60, 0x01, 0x8F, 0xF0, 0x71, 0xFE, 0x1C, 0x30, 0x03,
    0xFE, 0x00, 0xFF, 0xC0, 0x18, 0x18, 0x07, 0x03, 0x00, 0xC0, 0x7F, 0xF8, 0x0F, 0xF8, 0x3F, 0x3E,
    0x1F, 0xFF, 0x8C, 0xFD, 0xE0, 0x38, 0x73, 0xFF, 0xFB, 0xFF, 0xFD, 0xE7, 0x00, 0xC3, 0x80, 0x71,
    0xF1, 0x3F, 0xFF, 0x8F, 0xFF, 0xC0, 0x33, 0x07, 0xE0, 0x78, 0x00, 0x0F, 0xFD, 0xFF, 0xB8, 0x07,
    0x00, 0xE0, 0x1C, 0x03, 0xFE, 0x7F, 0xCE, 0x01, 0xC0, 0x38, 0x07, 0x00, 0xE0, 0x1F, 0xFF, 0xFF,
    0x80, 0x33, 0x0F, 0xC1, 0xE0, 0x00, 0x00, 0x0F, 0xC7, 0xFB, 0xCF, 0xE1, 0xFF, 0xFF, 0xFF, 0x80,
    0xE0, 0x3E, 0x67, 0xF8, 0xFE, 0x7F, 0x83, 0xFF, 0x1C, 0x7C, 0x00, 0xE0, 0x07, 0x80, 0x1C, 0x00,
    0xFF, 0xFF, 0xFF, 0xFF, 0x01, 0xF8, 0x0F, 0xC0, 0xE7, 0x9F, 0x1F, 0xF0, 0x7E, 0x00, 0x7F, 0x1F,
    0xE6, 0x78, 0x07, 0x01, 0xFF, 0xFF, 0xFF, 0x87, 0xF3, 0x9F, 0xE3, 0xF0, 0x1D, 0xC0, 0xEE, 0x00,
    0x00, 0xFF, 0x07, 0xFE, 0x38, 0xF8, 0x01, 0xC0, 0x0F, 0x00, 0x38, 0x01, 0xFF, 0xFF, 0xFF, 0xFE,
    0x03, 0xF0, 0x1F, 0x81, 0xCF, 0x3E, 0x3F, 0xE0, 0xFC, 0x00, 0x77, 0x1D, 0xC0, 0x00, 0x00, 0x7F,
    0x1F, 0xE6, 0x78, 0x07, 0x01, 0xFF, 0xFF, 0xFF, 0x87, 0xF3, 0x9F, 0xE3, 0xF0, 0x03, 0xB8, 0x00,
    0x77, 0x00, 0x00, 0x00, 0x38, 0x70, 0xE7, 0x8E, 0x3C, 0x71, 0xC7, 0x07, 0x39, 0xC0, 0x77, 0x70,
    0x0F, 0xFC, 0x00, 0xFF, 0x80, 0x0F, 0xE0, 0x03, 0xFE, 0x00, 0xEE, 0xE0, 0x39, 0xDE, 0x0F, 0x39,
    0xE1, 0xC7, 0x1C, 0x70, 0xE1, 0xDE, 0x1C, 0x3C, 0x06, 0x60, 0x06, 0x60, 0x00, 0x00, 0x00, 0x00,
    0x71, 0x8E, 0x39, 0x9C, 0x39, 0x9C, 0x1D, 0xB8, 0x0F, 0xF0, 0x07, 0xE0, 0x0F, 0xF0, 0x1D, 0xB8,
    0x39, 0x9C, 0x71, 0x8E, 0xE1, 0x87, 0x3B, 0x87, 0x70, 0x00, 0x3F, 0xC7, 0xFC, 0xE7, 0x80, 0x38,
    0x06, 0x03, 0xC3, 0xF0, 0x7F, 0x01, 0xF0, 0x0E, 0x01, 0xC0, 0x3B, 0x9F, 0xFF, 0xCF, 0xF0, 0x77,
    0x1D, 0xC0, 0x00, 0x00, 0x7F, 0x1F, 0xE6, 0x38, 0x0E, 0x3F, 0x0F, 0xE0, 0x38, 0x07, 0x63, 0xDF,
    0xE7, 0xF0, 0x7F, 0xEF, 0xFC, 0x07, 0x01, 0xE0, 0x38, 0x0E, 0x03, 0x80, 0xFC, 0x03, 0xC0, 0x1C,
    0x03, 0x80, 0x77, 0x3F, 0xFF, 0x9F, 0xE0, 0x7F, 0xCF, 0xF8, 0x0E, 0x01, 0xC0, 0x70, 0x1C, 0x03,
    0x80, 0xF8, 0x07, 0xC0, 0x38, 0x03, 0x00, 0xE6, 0x3C, 0xFF, 0x1F, 0xC0, 0x1F, 0xC0, 0xFE, 0x00,
    0x01, 0xC0, 0x7E, 0x07, 0xF0, 0x3F, 0x83, 0xFC, 0x3F, 0xE3, 0xBF, 0x1D, 0xF9, 0xCF, 0xDC, 0x7F,
    0xE3, 0xFE, 0x1F, 0xE0, 0xFF, 0x07, 0xF0, 0x3F, 0x01, 0xC0, 0x3F, 0x8F, 0xE0, 0x00, 0x00, 0xE1,
    0xF8, 0xFE, 0x3F, 0x9F, 0xEE, 0xFB, 0x3F, 0xCF, 0xE3, 0xF0, 0xFC, 0x3E, 0x0C, 0x1D, 0xC0, 0xEE,
    0x00, 0x01, 0xC0, 0x7E, 0x07, 0xF0, 0x3F, 0x83, 0xFC, 0x3F, 0xE3, 0xBF, 0x1D, 0xF9, 0xCF, 0xDC,
    0x7F, 0xE3, 0xFE, 0x1F, 0xE0, 0xFF, 0x07, 0xF0, 0x3F, 0x01, 0xC0, 0x3B, 0x8E, 0xE0, 0x00, 0x00,
    0xE1, 0xF8, 0xFE, 0x3F, 0x9F, 0xEE, 0xFB, 0x3F, 0xCF, 0xE3, 0xF0, 0xFC, 0x3E, 0x0C, 0x0E, 0xE0,
    0x1D, 0xC0, 0x00, 0x00, 0x7F, 0x03, 0xFF, 0x0F, 0x9F, 0x1C, 0x0F, 0x70, 0x0E, 0xE0, 0x1D, 0xC0,
    0x3B, 0x80, 0x37, 0x00, 0xEE, 0x01, 0xDC, 0x03, 0x9C, 0x0F, 0x3E, 0x7C, 0x3F, 0xF0, 0x1F, 0xC0,
    0x3B, 0x87, 0x70, 0x00, 0x00, 0x03, 0xF0, 0xFF, 0x3E, 0xF7, 0x0E, 0xE0, 0xFC, 0x1F, 0x83, 0xF0,
    0xEF, 0x3C, 0xFF, 0x0F, 0xC0, 0x0F, 0xE0, 0x7F, 0xE1, 0xF3, 0xE3, 0x81, 0xEE, 0x01, 0xDC, 0x03,
    0xBF, 0xFF, 0x7F, 0xFE, 0xE0, 0x1D, 0xC0, 0x3B, 0x80, 0x73, 0x81, 0xE7, 0xCF, 0x87, 0xFE, 0x03,
    0xF8, 0x00, 0x3F, 0x0F, 0xF3, 0xCF, 0x70, 0x6F, 0xFF, 0xFF, 0xF8, 0x3F, 0x0E, 0xF3, 0xCF, 0xF0,
    0xFC, 0x00, 0x0E, 0xE0, 0x1D, 0xC0, 0x00, 0x00, 0x7F, 0x03, 0xFF, 0x0F, 0x9F, 0x1C, 0x0F, 0x70,
    0x0E, 0xE0, 0x1D, 0xFF, 0xFB, 0xFF, 0xF7, 0x00, 0xEE, 0x01, 0xDC, 0x03, 0x9C, 0x0F, 0x3E, 0x7C,
    0x3F, 0xF0, 0x1F, 0xC0, 0x3B, 0x87, 0x70, 0x00, 0x00, 0x03, 0xF0, 0xFF, 0x3C, 0xF7, 0x06, 0xFF,
    0xFF, 0xFF, 0x83, 0xF0, 0xEF, 0x3C, 0xFF, 0x0F, 0xC0, 0x3B, 0x83, 0xB8, 0x00, 0x07, 0xF0, 0xFF,
    0xC6, 0x3E, 0x00, 0xE0, 0x07, 0x00, 0x71, 0xFF, 0x1F, 0xF0, 0x07, 0x00, 0x70, 0x07, 0x00, 0xE6,
    0x3E, 0xFF, 0xC7, 0xF0, 0x77, 0x1D, 0xC0, 0x00, 0x00, 0x7E, 0x1F, 0xC6, 0x78, 0x06, 0x1F, 0xC7,
    0xF0, 0x1C, 0x0E, 0x47, 0xBF, 0xCF, 0xE0, 0x1F, 0xC0, 0xFE, 0x00, 0x01, 0xC0, 0xE7, 0x07, 0x38,
    0x39, 0xC1, 0x87, 0x1C, 0x38, 0xE0, 0xE6, 0x07, 0xF0, 0x1F, 0x80, 0x78, 0x03, 0xC0, 0x1C, 0x09,
    0xE0, 0x7E, 0x03, 0xE0, 0x00, 0x3F, 0x87, 0xF0, 0x00, 0x00, 0x0E, 0x0D, 0xC3, 0x9C, 0x73, 0x8C,
    0x71, 0x87, 0x70, 0xEE, 0x0D, 0x81, 0xF0, 0x1C, 0x03, 0x80, 0x70, 0x1C, 0x1F, 0x83, 0xE0, 0x00,
    0x1D, 0xC0, 0xEE, 0x00, 0x01, 0xC0, 0xE7, 0x07, 0x38, 0x39, 0xC1, 0x87, 0x1C, 0x38, 0xE0, 0xE6,
    0x07, 0xF0, 0x1F, 0x80, 0x78, 0x03, 0xC0, 0x1C, 0x09, 0xE0, 0x7E, 0x03, 0xE0, 0x00, 0x3B, 0x87,
    0x70, 0x00, 0x00, 0x0E, 0x0D, 0xC3, 0x9C, 0x73, 0x8C, 0x71, 0x87, 0x70, 0xEE, 0x0D, 0x81, 0xF0,
    0x1C, 0x03, 0x80, 0x70, 0x1C, 0x1F, 0x83, 0xE0, 0x00, 0x06, 0x60, 0x37, 0x03, 0xF0, 0x1B, 0x0E,
    0x07, 0x38, 0x39, 0xC1, 0xCE, 0x0C, 0x38, 0xE1, 0xC7, 0x07, 0x30, 0x3F, 0x80, 0xFC, 0x03, 0xC0,
    0x1E, 0x00, 0xE0, 0x4F, 0x03, 0xF0, 0x1F, 0x00, 0x0C, 0xC1, 0xB8, 0x7E, 0x0D, 0x80, 0x01, 0xC1,
    0xB8, 0x73, 0x8E, 0x71, 0x8E, 0x30, 0xEE, 0x1D, 0xC1, 0xB0, 0x3E, 0x03, 0x80, 0x70, 0x0E, 0x03,
    0x83, 0xF0, 0x7C, 0x00, 0x3B, 0x87, 0x70, 0x00, 0x70, 0x7E, 0x0F, 0xC1, 0xF8, 0x3F, 0x07, 0xE0,
    0xFC, 0x1F, 0xC7, 0xBF, 0xF3, 0xFE, 0x01, 0xC0, 0x38, 0x07, 0x00, 0xE0, 0x1C, 0x3B, 0x8E, 0xE0,
    0x00, 0x00, 0x61, 0xD8, 0x76, 0x1D, 0x87, 0x71, 0xDF, 0xF3, 0xFC, 0x07, 0x01, 0xC0, 0x70, 0x1C,
    0xFF, 0xFF, 0xFE, 0x03, 0x80, 0xE0, 0x38, 0x0E, 0x03, 0x80, 0xE0, 0x38, 0x0E, 0x03, 0x80, 0xE0,
    0x3E, 0x0F, 0x80, 0xE0, 0x38, 0x0E, 0x03, 0x80, 0xFF, 0xFF, 0xE0, 0xE0, 0xE0, 0xE0, 0xE0, 0xE0,
    0xE0, 0xF0, 0xF0, 0x30, 0x30, 0x30, 0x06, 0x60, 0x06, 0x60, 0x00, 0x00, 0xE0, 0x07, 0xE0, 0x07,
    0xE0, 0x07, 0xE0, 0x07, 0xE0, 0x07, 0xFF, 0x87, 0xFF, 0xC7, 0xE3, 0xE7, 0xE0, 0xE7, 0xE0, 0xE7,
    0xE0, 0xE7, 0xE0, 0xE7, 0xE3, 0xE7, 0xFF, 0xC7, 0x7F, 0x87, 0x0C, 0xC0, 0x33, 0x00, 0x00, 0x00,
    0x00, 0xE0, 0x1F, 0x80, 0x7E, 0x01, 0xF8, 0x07, 0xFF, 0x1F, 0xFE, 0x7E, 0x39, 0xF8, 0x77, 0xE3,
    0x9F, 0xFE, 0x7F, 0xF1, 0xC0, 0x0C, 0x00, 0x70, 0x01, 0xC0, 0x06, 0x00, 0x00, 0x70, 0x1D, 0xC1,
    0xCE, 0x1C, 0x38, 0xE1, 0xCE, 0x07, 0x70, 0x3F, 0x00, 0xF8, 0x03, 0x80, 0x1C, 0x00, 0xE0, 0x07,
    0x00, 0x38, 0x01, 0xC0, 0x0E, 0x00, 0x18, 0x03, 0x80, 0x38, 0x03, 0x00, 0x00, 0x00, 0x38, 0x37,
    0x0E, 0x71, 0xCE, 0x31, 0xC6, 0x1D, 0xC3, 0xB8, 0x36, 0x07, 0xC0, 0x70, 0x0E, 0x01, 0xC0, 0x70,
    0x7E, 0x0F, 0x80, 0x7F, 0xF7, 0xFF, 0x7F, 0xFF, 0xFD, 0xFF, 0xFF, 0xF0, 0x7F, 0xFF, 0xFD, 0xFF,
    0xFF, 0xF0, 0x66, 0xEE, 0xE0, 0x77, 0x76, 0xE0, 0x77, 0x76, 0xE0, 0x66, 0x6E, 0xEE, 0xEE, 0xEE,
    0x77, 0x77, 0x77, 0x66, 0xEE, 0x77, 0x77, 0x77, 0x66, 0xEE, 0x0C, 0x03, 0x00, 0xC0, 0x30, 0x0C,
    0x3F, 0xFF, 0xFC, 0x30, 0x0C, 0x03, 0x00, 0xC0, 0x30, 0x0C, 0x03, 0x00, 0xC0, 0x30, 0x0C, 0x03,
    0x00, 0x0C, 0x03, 0x00, 0xC0, 0x30, 0x0C, 0x3F, 0xFF, 0xFC, 0x30, 0x0C, 0x03, 0x0F, 0xFF, 0xFF,
    0x0C, 0x03, 0x00, 0xC0, 0x30, 0x0C, 0x03, 0x00, 0x7B, 0xFF, 0xFF, 0x78, 0xE1, 0xC3, 0xF0, 0xE1,
    0xF8, 0x70, 0xE0, 0x7C, 0x38, 0x00, 0xEE, 0x38, 0x00, 0xC6, 0x70, 0x00, 0xC6, 0x70, 0x00, 0xC6,
    0xE0, 0x00, 0xEE, 0xC0, 0x00, 0x7D, 0xC0, 0x00, 0x01, 0x80, 0x00, 0x03, 0xBE, 0x3E, 0x03, 0x77,
    0x77, 0x07, 0x63, 0x63, 0x0E, 0x63, 0x63, 0x0E, 0x63, 0x63, 0x1C, 0x77, 0x77, 0x1C, 0x3E, 0x3E,
    0x18, 0xE3, 0x9C, 0xE1, 0xC3, 0x8E, 0x18, 0x61, 0xC3, 0x0E, 0x1C, 0xE3, 0x1C, 0x60, 0x00, 0xE0,
    0x38, 0x07, 0x01, 0xC0, 0x30, 0x0E, 0x01, 0x80, 0x70, 0x0C, 0x03, 0x80, 0x60, 0x1C, 0x07, 0x00,
    0xE0, 0x38, 0x00, 0x7C, 0xDF, 0x9F, 0x3E, 0x7C, 0xDB, 0xBE, 0x0C, 0x1C, 0x3C, 0x7C, 0x6C, 0xFE,
    0x0C, 0x0C, 0x7E, 0xC1, 0x83, 0xE1, 0xE0, 0xD3, 0xBE, 0x1E, 0x71, 0x83, 0xEE, 0xEC, 0xDB, 0x9E,
    0xFE, 0x1C, 0x70, 0xC1, 0x87, 0x0C, 0x18, 0x7C, 0xDD, 0x9B, 0xE7, 0xFC, 0xFB, 0xBE, 0x7C, 0xDF,
    0x9F, 0x37, 0xE1, 0xCF, 0x3C, 0x7C, 0xDF, 0x9F, 0x3E, 0x7C, 0xDB, 0xBE, 0x3F, 0xF3, 0x33, 0x33,
    0x7C, 0xD8, 0x38, 0xE3, 0xCF, 0x18, 0x3F, 0x7C, 0xD8, 0x31, 0xE0, 0xE0, 0xD3, 0xFE, 0x0C, 0x1C,
    0x3C, 0x7C, 0x6C, 0xFE, 0x0C, 0x0C, 0x7E, 0xC1, 0x83, 0xE1, 0xE0, 0xD3, 0xBE, 0x1E, 0x71, 0x83,
    0xEE, 0xEC, 0xDB, 0x9E, 0xFE, 0x1C, 0x70, 0xC1, 0x87, 0x0C, 0x18, 0x7C, 0xDD, 0x9B, 0xE7, 0xFC,
    0xFB, 0xBE, 0x7C, 0xDF, 0x9F, 0x37, 0xE1, 0xCF, 0x3C, 0x07, 0xE0, 0xFE, 0x1E, 0x21, 0xC0, 0x7F,
    0xC7, 0xFC, 0x38, 0x07, 0xF8, 0x7F, 0x81, 0x80, 0x1C, 0x01, 0xF2, 0x0F, 0xF0, 0x7F, 0xFF, 0xEF,
    0xFE, 0x06, 0x00, 0x60, 0x07, 0xC0, 0x7C, 0x1F, 0x83, 0xE0, 0x37, 0xC0, 0x7C, 0x1F, 0x83, 0xE0,
    0x36, 0x00, 0x60, 0x06, 0x00, 0x3F, 0x83, 0xFC, 0x33, 0xC0, 0x0C, 0x00, 0xCF, 0xFE, 0x07, 0x81,
    0xE0, 0xFF, 0xE7, 0x00, 0x70, 0x07, 0x00, 0x3C, 0xC3, 0xFE, 0x1F, 0xC0, 0xFF, 0xFF, 0xFC, 0x1C,
    0x01, 0xCF, 0xFD, 0xFF, 0x80, 0xE0, 0x78, 0xFF, 0x1F, 0x83, 0xC0, 0x1C, 0x01, 0xC0, 0x1C, 0x01,
    0xC0, 0x3F, 0x03, 0xFC, 0x33, 0xC0, 0x0E, 0x00, 0xE1, 0xFE, 0x3F, 0xE7, 0x9F, 0x70, 0x76, 0x06,
    0x60, 0x66, 0x0E, 0x60, 0xE7, 0xBC, 0x3F, 0x81, 0xF0, 0x07, 0x00, 0x1E, 0x00, 0xF8, 0x03, 0xF0,
    0x0D, 0xC0, 0x73, 0x81, 0x8E, 0x0E, 0x18, 0x38, 0x70, 0xC1, 0xC7, 0x03, 0x1C, 0x0E, 0x60, 0x3B,
    0xFF, 0xEF, 0xFF, 0xC0, 0xFF, 0xFF, 0xFF, 0xE0, 0x7E, 0x07, 0xE0, 0x7E, 0x07, 0xE0, 0x7E, 0x07,
    0xE0, 0x7E, 0x07, 0xE0, 0x7E, 0x07, 0xE0, 0x7E, 0x07, 0xE0, 0x7E, 0x07, 0xE0, 0x70, 0xFF, 0xFF,
    0xFD, 0xC0, 0x38, 0x03, 0x80, 0x38, 0x07, 0x00, 0x70, 0x07, 0x01, 0xC0, 0x70, 0x1E, 0x03, 0x80,
    0xE0, 0x38, 0x07, 0xFF, 0xFF, 0xE0, 0xFF, 0xFF, 0xF0, 0x00, 0xE0, 0x38, 0x07, 0x01, 0xC0, 0x30,
    0x0E, 0x01, 0x80, 0x70, 0x0C, 0x03, 0x80, 0x60, 0x1C, 0x07, 0x00, 0xE0, 0x38, 0x00, 0xFF, 0x80,
    0x00, 0x30, 0x01, 0x80, 0x1C, 0x00, 0xC0, 0x06, 0x00, 0x70, 0x03, 0x80, 0x18, 0x70, 0xC7, 0xCE,
    0x3E, 0x60, 0x3B, 0x01, 0xF8, 0x07, 0x80, 0x3C, 0x00, 0xE0, 0x06, 0x00, 0x7D, 0xE7, 0xFF, 0xE7,
    0x3E, 0x73, 0x7F, 0xF7, 0xDE, 0x0F, 0x1F, 0x1E, 0x18, 0x18, 0x18, 0x18, 0x18, 0x18, 0x18, 0x18,
    0x18, 0x18, 0x18, 0x18, 0x38, 0x38, 0x78, 0xF8, 0xF0, 0x3C, 0x6F, 0xFD, 0xBF, 0xB1, 0xE3, 0xC6,
    0xFF, 0xDB, 0xFB, 0x1E, 0x03, 0x00, 0xC0, 0x73, 0xFF, 0xFF, 0xC3, 0x80, 0xC0, 0x70, 0xFF, 0xFF,
    0xF3, 0x01, 0xC0, 0x60, 0x00, 0x01, 0xC3, 0xF7, 0xFB, 0xF0, 0xF0, 0x3F, 0x07, 0xF8, 0x3F, 0x01,
    0xC0, 0x0F, 0xFF, 0xFF, 0xE0, 0x3F, 0x07, 0xF8, 0x3F, 0x03, 0xC3, 0xF7, 0xFB, 0xF0, 0xE0, 0x00,
    0x0F, 0xFF, 0xFF, 0x41, 0xC1, 0xC1, 0xC1, 0xC1, 0x80, 0x00, 0x3C, 0x66, 0x42, 0x42, 0x66, 0x3C,
    0x00, 0x0C, 0x30, 0xE3, 0x87, 0x1C, 0x30, 0xC3, 0x8E, 0x18, 0x60, 0xC3, 0x0C, 0x30, 0x61, 0x83,
    0x0C, 0x10, 0x40, 0x03, 0xE0, 0x00, 0x7C, 0x30, 0x0C, 0x03, 0x81, 0x80, 0x3C, 0x30, 0x03, 0x66,
    0x00, 0x36, 0x60, 0x63, 0x36, 0x07, 0x73, 0x40, 0x7E, 0x3C, 0x06, 0x03, 0xC0, 0x60, 0x34, 0x1E,
    0x03, 0x63, 0x60, 0x36, 0x36, 0x03, 0x33, 0x80, 0x63, 0x18, 0x06, 0x18, 0x80, 0xC1, 0xF8, 0x38,
    0x07, 0x9F, 0x00, 0x03, 0xC0, 0x03, 0x00, 0x03, 0x00, 0x03, 0x00, 0x07, 0x00, 0x07, 0xFE, 0x0F,
    0xFF, 0x0C, 0x06, 0x1C, 0x0E, 0x38, 0x0C, 0x38, 0x1C, 0x76, 0x38, 0xE7, 0x38, 0x47, 0xF0, 0x01,
    0xF0, 0x00, 0x78, 0x00, 0x3C, 0x00, 0x1C, 0x00, 0x00, 0x00, 0x06, 0x00, 0x0E, 0x00, 0x1C, 0x10,
    0x38, 0x3C, 0x38, 0x1E, 0x70, 0x07, 0xE0, 0x03, 0xC0, 0x03, 0xF0, 0x03, 0xF8, 0x47, 0x3C, 0xCE,
    0x1E, 0xDC, 0x0C, 0xFC, 0x00, 0xF8, 0x00, 0xF0, 0x00, 0xE0, 0x00, 0x60, 0x00, 0x01, 0xF0, 0x01,
    0xFF, 0x80, 0x7C, 0x7C, 0x1E, 0x03, 0xC7, 0x00, 0x1C, 0xE0, 0x03, 0xB8, 0x00, 0x3E, 0x00, 0x07,
    0xC0, 0x00, 0x78, 0x00, 0x0F, 0x00, 0x01, 0xE0, 0x00, 0x3C, 0x00, 0x0F, 0xC0, 0x01, 0xDC, 0x00,
    0x73, 0x80, 0x0E, 0x3C, 0x07, 0x83, 0xE3, 0xE0, 0x3F, 0xF0, 0x00, 0xF8, 0x00, 0x02, 0x07, 0x06,
    0x0E, 0x0C, 0x18, 0x38, 0x30, 0x60, 0xE0, 0xC0, 0x60, 0x70, 0x30, 0x38, 0x1C, 0x0C, 0x0E, 0x07,
    0x03, 0x40, 0xC0, 0xE0, 0x70, 0x30, 0x38, 0x1C, 0x0C, 0x0E, 0x06, 0x07, 0x06, 0x0E, 0x1C, 0x18,
    0x38, 0x30, 0x60, 0xE0, 0xC0, 0x08, 0x83, 0x61, 0x98, 0x6C, 0x33, 0x0D, 0x87, 0x61, 0xB0, 0xEC,
    0x36, 0x0D, 0x83, 0x70, 0x6C, 0x1B, 0x83, 0x60, 0xD8, 0x1B, 0x06, 0xC0, 0xD8, 0x36, 0x48, 0x1B,
    0x06, 0xC0, 0xD8, 0x36, 0x06, 0xC1, 0xB0, 0x76, 0x0D, 0x83, 0x30, 0x6C, 0x33, 0x0D, 0x86, 0x61,
    0xB0, 0xCC, 0x36, 0x19, 0x86, 0xC1, 0x30, 0xFE, 0xFE, 0xC0, 0xC0, 0xC0, 0xC0, 0xC0, 0xC0, 0xC0,
    0xC0, 0xC0, 0xC0, 0xC0, 0xC0, 0x07, 0x07, 0x07, 0x07, 0x07, 0x07, 0x07, 0x07, 0x07, 0x07, 0x07,
    0x07, 0xFF, 0xFF, 0xFF, 0x60, 0xB0, 0x5B, 0xED, 0x06, 0x83, 0x41, 0xA0, 0xD0, 0x68, 0x34, 0x1A,
    0x0D, 0x07, 0x80, 0x0F, 0x86, 0xC3, 0x61, 0xB0, 0xD8, 0x6C, 0x36, 0x1B, 0x0D, 0x86, 0xFF, 0x78,
    0x3C, 0x1F, 0xFC, 0x7E, 0xFE, 0xFC, 0xF8, 0xF8, 0xF0, 0xF0, 0xF0, 0xF0, 0xE0, 0xE0, 0xE0, 0xF0,
    0xF0, 0xF0, 0xF0, 0xF8, 0xFC, 0xFC, 0xFE, 0x7E, 0xFC, 0xF8, 0xF1, 0xE1, 0xC3, 0x87, 0x0E, 0x1C,
    0x38, 0x70, 0xE1, 0xC3, 0x8F, 0x1E, 0x7C, 0xFB, 0xF0, 0xFF, 0xFF, 0xFF, 0xFC, 0x00, 0x00, 0x00,
    0x0F, 0xFF, 0xFF, 0xFF, 0xC0, 0xE0, 0x01, 0xC0, 0x03, 0x80, 0x07, 0x00, 0x0E, 0x00, 0x1C, 0x00,
    0x38, 0x00, 0x70, 0x00, 0xE0, 0x00, 0xFF, 0xFF, 0xFF, 0xFF, 0xFF, 0xFF, 0xFF, 0xFF, 0xFF, 0xFF,
    0xFF, 0xFF, 0xFF, 0xFF, 0xFE, 0x00, 0x00, 0x00, 0x00, 0x00, 0x00, 0x00, 0x00, 0x1F, 0xFF, 0xFF,
    0xFF, 0xFF, 0xFF, 0xFF, 0xFF, 0xFF, 0xFF, 0xFF, 0xFF, 0xFF, 0xFF, 0xFF, 0xC0, 0x0C, 0x39, 0xE7,
    0x0E, 0x1C, 0x38, 0x70, 0xE1, 0xC3, 0x87, 0x0E, 0x1C, 0x38, 0x70, 0xE0, 0xE0, 0xF0, 0x60, 0x61,
    0xC3, 0xC3, 0x0C, 0x30, 0xC3, 0x0C, 0x30, 0xC3, 0x0C, 0x30, 0xC3, 0x0C, 0xF7, 0x18, 0x7F, 0x23,
    0x13, 0x0B, 0x05, 0x02, 0x81, 0xC0, 0xC0, 0x60, 0x30, 0x18, 0x0C, 0x06, 0x03, 0x01, 0x40, 0xA0,
    0x58, 0x26, 0x11, 0x8F, 0xE0, 0xFF, 0x31, 0x19, 0x09, 0x0D, 0x05, 0x07, 0x07, 0x03, 0x03, 0x03,
    0x03, 0x07, 0x07, 0x05, 0x05, 0x09, 0x19, 0x31, 0xFF, 0x00, 0x0C, 0x3E, 0x63, 0xCE, 0xD8, 0xD0,
    0xD0, 0xD0, 0xD0, 0xD0, 0xD0, 0xD0, 0xD0, 0xD0, 0xD0, 0xD8, 0xCE, 0x63, 0x3E, 0x0C, 0x00, 0x00,
    0x70, 0x58, 0xCE, 0x73, 0x1B, 0x0B, 0x0B, 0x0B, 0x0B, 0x0B, 0x0B, 0x0B, 0x0B, 0x0B, 0x0B, 0x1B,
    0x73, 0xCE, 0x5C, 0x70, 0x00, 0xFF, 0xB3, 0x66, 0xCD, 0x9B, 0x36, 0x6C, 0xD9, 0xB3, 0x66, 0xCD,
    0x9B, 0x36, 0x6C, 0xD9, 0xB3, 0x67, 0xF0, 0xFE, 0x6C, 0xD9, 0xB3, 0x66, 0xCD, 0x9B, 0x36, 0x6C,
    0xD9, 0xB3, 0x66, 0xCD, 0x9B, 0x36, 0x6C, 0xDF, 0xF0, 0x0F, 0x80, 0x03, 0xFC, 0x02, 0x79, 0xF0,
    0x77, 0x07, 0xDE, 0x20, 0x1F, 0xC0, 0x00, 0xF8, 0xC3, 0xC7, 0x87, 0xC7, 0xC7, 0x87, 0x00, 0x0C,
    0xF7, 0xB8, 0x9C, 0xF7, 0xB8, 0x00, 0x03, 0x87, 0x8F, 0x9F, 0x87, 0x8F, 0x0C, 0x1F, 0xFF, 0xC1,
    0xFF, 0xFC, 0x00, 0x00, 0x01, 0xFF, 0xFC, 0x1F, 0xFF, 0xC7, 0x47, 0x07, 0x5F, 0x77, 0xB4, 0xF7,
    0x79, 0x4F, 0x77, 0x97, 0x67, 0x37, 0x12, 0x06, 0x41, 0xB0, 0xCC, 0x0D, 0xF9, 0x80, 0x78, 0xF0,
    0x01, 0xFC, 0x00, 0xFF, 0xFF, 0xFF, 0xFF, 0xFF, 0xFF, 0xFC, 0x03, 0x01, 0x98, 0xCC, 0x66, 0x33,
    0x19, 0x8C, 0xC6, 0x63, 0x31, 0x98, 0xCC, 0x66, 0x33, 0x19, 0x8C, 0xC6, 0x03, 0x01, 0x80, 0x00,
    0x1B, 0x80, 0x6E, 0x31, 0xB8, 0xC6, 0xE3, 0x1B, 0x8C, 0x6E, 0x31, 0xB8, 0xC6, 0xE3, 0x1B, 0x8C,
    0x6E, 0x31, 0xB8, 0xC6, 0xE3, 0x1B, 0x8C, 0x6E, 0x01, 0xB8, 0x06, 0x00, 0x18, 0x00, 0x60, 0x00,
    0x00, 0x00, 0x06, 0x0C, 0x07, 0x07, 0x03, 0x81, 0xC1, 0x80, 0x71, 0xC0, 0x1C, 0xE0, 0x07, 0xE0,
    0x01, 0xE0, 0x00, 0x70, 0x00, 0x7C, 0x00, 0x7F, 0x00, 0x7B, 0xC0, 0xF8, 0xE0, 0xF0, 0x3B, 0xF0,
    0x0D, 0xE0, 0x06, 0x40, 0x00, 0x00, 0x00, 0x06, 0x00, 0xC6, 0x39, 0xE6, 0x1D, 0xC1, 0xB8, 0x77,
    0xDC, 0x3F, 0x07, 0xF1, 0xCF, 0x70, 0x6C, 0x0F, 0x81, 0xF8, 0x3F, 0x8E, 0x7F, 0xC7, 0xE0, 0x00,
    0xE0, 0x00, 0x1C, 0x00, 0x03, 0x80, 0x00, 0x70, 0x00, 0x04, 0x01, 0xFF, 0xFF, 0xFF, 0xFF, 0xF8,
    0x00, 0xE0, 0x00, 0x1C, 0x00, 0x03, 0x80, 0x00, 0x70, 0x00, 0x00, 0x01, 0xFF, 0xFF, 0xFF, 0xFF,
    0xF8, 0x00, 0x00, 0x00, 0x00, 0x00, 0x00, 0x00, 0x00, 0x00, 0x00, 0x00, 0x01, 0xFF, 0xF0, 0x3F,
    0xFC, 0x00, 0x00, 0xE0, 0x00, 0x1C, 0x00, 0x03, 0x80, 0x00, 0x70, 0x00, 0x00, 0x01, 0xFF, 0xFF,
    0xFF, 0xFF, 0xF0, 0x00, 0x00, 0x00, 0x00, 0x00, 0x00, 0x00, 0x7F, 0xFC, 0x0F, 0xFF, 0x00, 0x00,
    0x00, 0x00, 0x00, 0x00, 0x00, 0x07, 0xFF, 0xFE, 0xFF, 0xFF, 0xE0, 0x00, 0x00, 0x00, 0x38, 0x00,
    0x0E, 0x00, 0x03, 0x80, 0x3F, 0xFF, 0x0F, 0xFF, 0xC0, 0x00, 0x70, 0x60, 0x18, 0x1C, 0x0E, 0x03,
    0x83, 0x00, 0xF1, 0xC0, 0x1E, 0xE0, 0x03, 0xF0, 0x00, 0x7C, 0x00, 0x3F, 0x80, 0x3E, 0xF8, 0x3E,
    0x0F, 0x9F, 0x00, 0xF6, 0x00, 0x08, 0x6F, 0xFF, 0xFF, 0xF6, 0xF7, 0xBC, 0xC0, 0x67, 0xBD, 0xE0,
    0xEE, 0xE0, 0xEE, 0xE0, 0x0E, 0xEE, 0xC0, 0xF8, 0x1F, 0x0F, 0xC1, 0xD8, 0x63, 0x1C, 0x63, 0x18,
    0xC3, 0xF0, 0x7E, 0x0F, 0x03, 0xE0, 0x00, 0x60, 0x03, 0x80, 0x38, 0x01, 0xC0, 0x1C, 0x00, 0xC0,
    0x0E, 0x00, 0x60, 0x07, 0x00, 0x70, 0x03, 0x80, 0x38, 0x01, 0xC0, 0x1C, 0x00, 0xE0, 0x0E, 0x00,
    0x70, 0x03, 0x00, 0x18, 0x00, 0xC0, 0x06, 0x00, 0x38, 0x00, 0xC0, 0x07, 0x00, 0x1C, 0x00, 0xE0,
    0x03, 0x80, 0x1C, 0x00, 0x70, 0x01, 0x80, 0x0E, 0x00, 0x30, 0x01, 0xC0, 0x06, 0x00, 0x38, 0x00,
    0xC0, 0x07, 0x00, 0x38, 0x00, 0xE0, 0x06, 0x00, 0x60, 0x00, 0xE0, 0x03, 0x80, 0x07, 0x00, 0x1C,
    0x00, 0x30, 0x00, 0xE0, 0x01, 0x80, 0x07, 0x0C, 0x1C, 0xD8, 0x39, 0xD8, 0xE1, 0xB1, 0xC3, 0x07,
    0x00, 0x0E, 0x00, 0x38, 0x00, 0x70, 0x00, 0xC0, 0x01, 0x80, 0x03, 0x00, 0x06, 0x00, 0x0E, 0x00,
    0x0C, 0x00, 0x1C, 0x00, 0x1C, 0x00, 0x38, 0x00, 0x38, 0x00, 0x70, 0x00, 0x70, 0x00, 0x60, 0x00,
    0xE0, 0x00, 0xC0, 0x01, 0xC0, 0x01, 0x80, 0x03, 0x80, 0x03, 0x00, 0x07, 0x00, 0x0E, 0x00, 0x0E,
    0x00, 0x18, 0x00, 0x60, 0x07, 0x00, 0xE0, 0x0E, 0x01, 0xC0, 0x18, 0x03, 0x80, 0x30, 0x07, 0x00,
    0x60, 0x0E, 0x01, 0xC0, 0x1C, 0x03, 0x80, 0x38, 0x07, 0x00, 0x70, 0x06, 0x00, 0x60, 0x06, 0x00,
    0x00, 0x60, 0x00, 0xE0, 0x03, 0x80, 0x07, 0x00, 0x1C, 0x00, 0x30, 0x00, 0xE0, 0x01, 0x80, 0x07,
    0x0C, 0x0C, 0xD8, 0x39, 0xD8, 0xE1, 0xB1, 0xC3, 0x07, 0x00, 0x0E, 0x00, 0x38, 0x00, 0x70, 0x00,
    0xC0, 0x01, 0x80, 0x03, 0x00, 0x00, 0xC0, 0x0E, 0x00, 0xE0, 0x07, 0x00, 0x70, 0x03, 0x80, 0x18,
    0x01, 0xC0, 0x0E, 0x00, 0xE0, 0x07, 0x00, 0x70, 0x03, 0x80, 0x38, 0x01, 0xC0, 0x1C, 0x00, 0xE0,
    0x0E, 0x00, 0x70, 0x07, 0x00, 0xF8, 0x00, 0x78, 0xE0, 0x0C, 0x01, 0x81, 0x80, 0x0C, 0x30, 0x00,
    0x62, 0xFF, 0xFA, 0x6F, 0xFF, 0xB4, 0x00, 0x01, 0x4F, 0xFF, 0x9C, 0xFF, 0xF9, 0x40, 0x70, 0x14,
    0x07, 0x01, 0x40, 0x70, 0x16, 0x07, 0x03, 0x20, 0x70, 0x23, 0x07, 0x06, 0x18, 0x70, 0xC0, 0xC0,
    0x18, 0x07, 0x8F, 0x00, 0x1F, 0x80, 0x21, 0xD8, 0x33, 0x0E, 0xC3, 0x9C, 0x67, 0x18, 0x63, 0x18,
    0xC3, 0xB8, 0xEE, 0x0D, 0x83, 0x60, 0x7C, 0x1F, 0x01, 0xC0, 0x70, 0x0E, 0x03, 0x80, 0x70, 0x1C,
    0x03, 0x80, 0xE0, 0x1E, 0x07, 0x81, 0xF0, 0x6C, 0x0D, 0x83, 0x70, 0xE6, 0x39, 0x86, 0x31, 0x8C,
    0x71, 0xDC, 0x77, 0x07, 0xC1, 0x90, 0x24, 0x0C, 0x00, 0xE0, 0x00, 0x1C, 0x00, 0x03, 0x80, 0x00,
    0x70, 0x00, 0x0E, 0x00, 0x01, 0xC0, 0x3F, 0xFF, 0xFF, 0xFF, 0xFF, 0x00, 0xE0, 0x00, 0x1C, 0x00,
    0x03, 0x80, 0x00, 0x70, 0x00, 0x0E, 0x00, 0x01, 0xC0, 0x00, 0x38, 0x00, 0x07, 0x00, 0x00, 0xE0,
    0x00, 0x1C, 0x00, 0x03, 0x00, 0x00, 0x02, 0x08, 0x00, 0xE3, 0x80, 0x1C, 0x70, 0x03, 0x8E, 0x00,
    0x71, 0xC0, 0x0E, 0x38, 0x3F, 0xFF, 0xFF, 0xFF, 0xFF, 0x07, 0x1C, 0x00, 0xE3, 0x80, 0x1C, 0x70,
    0x03, 0x8E, 0x00, 0x71, 0xC0, 0x0E, 0x38, 0x01, 0xC7, 0x00, 0x38, 0xE0, 0x07, 0x1C, 0x00, 0xE3,
    0x80, 0x1C, 0x70, 0x03, 0x0C, 0x00, 0x0C, 0x02, 0x01, 0x8C, 0x60, 0x31, 0x8C, 0x06, 0x31, 0x80,
    0xC6, 0x30, 0x18, 0xC6, 0x03, 0x18, 0xC7, 0xFF, 0xFF, 0xFF, 0xFF, 0xE1, 0x8C, 0x60, 0x71, 0x8C,
    0x0E, 0x31, 0x81, 0xC6, 0x30, 0x30, 0xC6, 0x06, 0x18, 0xC1, 0xC3, 0x18, 0x30, 0x63, 0x0E, 0x0C,
    0x61, 0x80, 0x0C, 0x10, 0x01, 0x80, 0x60, 0x0E, 0x00, 0xE0, 0x1C, 0x01, 0xE0, 0x1E, 0x00, 0xF0,
    0xFE, 0xFE, 0x1E, 0x01, 0xC0, 0x1C, 0x03, 0xC0, 0x3E, 0x01, 0xF0, 0x3E, 0x1F, 0xCF, 0x80, 0xC0,
    0x00, 0xFF, 0xFF, 0xE0, 0x01, 0xF0, 0x01, 0xF8, 0x01, 0xBC, 0x01, 0x9E, 0x01, 0x8F, 0x01, 0x87,
    0x81, 0x83, 0xC1, 0x81, 0xE1, 0x80, 0xF1, 0x80, 0x79, 0x80, 0x3D, 0x80, 0x1F, 0x80, 0x0F, 0x80,
    0x07, 0xFF, 0xFF, 0x1C, 0xE0, 0x07, 0xB6, 0x01, 0x9C, 0xC0, 0x20, 0x08, 0x00, 0x01, 0x80, 0x00,
    0x10, 0x00, 0x03, 0x00, 0x00, 0x20, 0x00, 0x06, 0x00, 0x00, 0x60, 0x00, 0x0C, 0x00, 0x00, 0xC0,
    0x00, 0x0C, 0x00, 0x01, 0x80, 0x00, 0x10, 0xDF, 0xB7, 0x70, 0x00, 0x06, 0x00, 0x00, 0x80, 0x00,
    0x08, 0x00, 0x03, 0x07, 0x08, 0x41, 0xBF, 0x04, 0x23, 0xC1, 0x80, 0x20, 0x20, 0x0C, 0x00, 0x1F,
    0xF0, 0x40, 0x20, 0x18, 0x7F, 0xC2, 0x01, 0x00, 0x20, 0x60, 0x0C, 0x00, 0x01, 0x00, 0x00, 0x10,
    0x00, 0x06, 0x00, 0x00, 0xEF, 0xDB, 0xB0, 0xFF, 0xF0, 0x07, 0x82, 0xD0, 0xDB, 0x1B, 0x26, 0x66,
    0xCC, 0x71, 0x8C, 0x31, 0xC6, 0x38, 0xCD, 0x99, 0x33, 0x63, 0x68, 0x2F, 0x05, 0x80, 0x3F, 0xFC,
    0x00, 0x00, 0x0C, 0x00, 0x1B, 0xE3, 0xFF, 0xC3, 0xF8, 0x00, 0xC6, 0x01, 0xFE, 0x0F, 0xFE, 0x3E,
    0xEE, 0x6D, 0x8D, 0x9F, 0x1B, 0x3C, 0x3E, 0x70, 0xEF, 0xC3, 0x9F, 0xFE, 0x00, 0x78, 0x03, 0x00,
    0x01, 0x80, 0x10, 0xDF, 0x8F, 0xFF, 0xC7, 0xFE, 0x00, 0x30, 0xC0, 0x19, 0xE0, 0x0F, 0xFC, 0x0F,
    0xBF, 0x1F, 0x19, 0xDD, 0x9C, 0x6C, 0xDC, 0x3E, 0x7C, 0x1E, 0x3C, 0x1F, 0x1E, 0x0F, 0xFE, 0x1E,
    0x7F, 0x7E, 0x00, 0x3C, 0x00, 0x00, 0x00, 0x60, 0x10, 0xC0, 0x71, 0x80, 0xE3, 0x00, 0xE6, 0x01,
    0xCC, 0x01, 0x98, 0x03, 0xB0, 0x87, 0x63, 0x06, 0xE6, 0x0C, 0xFC, 0x01, 0xF0, 0x01, 0xC0, 0x00,
    0xE0, 0x00, 0x38, 0x03, 0x0E, 0x00, 0xE3, 0x80, 0x18, 0xE0, 0x07, 0x38, 0x00, 0xC6, 0x00, 0x39,
    0x80, 0x0E, 0x60, 0x01, 0x98, 0x60, 0x67, 0x1C, 0x19, 0xC6, 0x06, 0x3B, 0x80, 0x0F, 0xC0, 0x01,
    0xE0, 0x00, 0x10, 0x00, 0xFF, 0x07, 0xF8, 0x00, 0x00, 0x78, 0x3F, 0xF1, 0xFB, 0xC8, 0x06, 0x00,
    0x38, 0x01, 0x80, 0x0C, 0x00, 0xE0, 0x1E, 0x0F, 0xE0, 0x7C, 0x01, 0x00, 0x1C, 0x00, 0x7F, 0xC0,
    0xFF, 0x00, 0x00, 0x00, 0x00, 0x1F, 0x8F, 0xFF, 0xBF, 0x9E, 0x60, 0x1C, 0x00, 0x70, 0x00, 0xC0,
    0x07, 0x00, 0x1C, 0x00, 0xE0, 0x0F, 0x80, 0xFC, 0x1F, 0xC0, 0x3C, 0x00, 0x08, 0x00, 0x1F, 0xC0,
    0x3F, 0x80, 0x00, 0x00, 0x02, 0x07, 0xFE, 0x0F, 0xF8, 0x00, 0xE0, 0x03, 0x80, 0x0F, 0x00, 0x3F,
    0x00, 0xE6, 0x03, 0x8C, 0x0E, 0x1F, 0xD8, 0x1F, 0x80, 0x00, 0x0E, 0x00, 0x07, 0xFC, 0x00, 0xFE,
    0x00, 0x00, 0x00, 0x00, 0x00, 0x1F, 0xC1, 0xFF, 0xE0, 0x7F, 0xE0, 0x00, 0xE0, 0x00, 0xE0, 0x00,
    0xE0, 0x00, 0xF8, 0x00, 0xFE, 0x00, 0xE3, 0x00, 0xE1, 0x80, 0xE0, 0xE3, 0xF0, 0x3F, 0xB0, 0x0F,
    0xC0, 0x0C, 0x00, 0x0C, 0x10, 0x0F, 0xDC, 0xFF, 0xDE, 0x7E, 0x07, 0x0C, 0x00, 0x0F, 0xF8, 0x1F,
    0xFC, 0x3C, 0x0C, 0x7C, 0x0C, 0xEC, 0x0C, 0xEC, 0x1C, 0x7D, 0xF8, 0x3D, 0xF0, 0x0E, 0x00, 0x03,
    0x80, 0x00, 0xE0, 0x40, 0x3F, 0xBC, 0xFF, 0xE7, 0xBF, 0xC0, 0x70, 0xE0, 0x0C, 0x38, 0x00, 0x0F,
    0xFC, 0x03, 0xFF, 0x83, 0xE0, 0x71, 0xF8, 0x0C, 0xEE, 0x03, 0x33, 0x80, 0xCC, 0xE0, 0x73, 0xF8,
    0x78, 0x7E, 0xFC, 0x0F, 0x1E, 0x00, 0x03, 0x00, 0x00, 0x30, 0x00, 0x03, 0x00, 0x00, 0x30, 0x30,
    0x07, 0xE3, 0x8F, 0xFF, 0x98, 0xFE, 0x39, 0xC0, 0x61, 0x8C, 0x0E, 0x18, 0xE0, 0xC1, 0x86, 0x0C,
    0x18, 0x61, 0xC1, 0x80, 0x18, 0x18, 0x03, 0x81, 0x80, 0x38, 0x38, 0x07, 0x27, 0x00, 0x73, 0xF0,
    0x06, 0x3E, 0x00, 0x00, 0x00, 0xC0, 0x30, 0x3E, 0x07, 0x03, 0x60, 0x70, 0x1A, 0x07, 0x03, 0x80,
    0x70, 0x70, 0xFF, 0xF3, 0x8F, 0xFF, 0x98, 0x0E, 0x19, 0xC0, 0xE1, 0x8C, 0x0C, 0x18, 0xE1, 0xC1,
    0x8E, 0x1C, 0x18, 0x41, 0x83, 0x80, 0x38, 0x38, 0x03, 0x03, 0x00, 0x72, 0x70, 0x06, 0x3F, 0x00,
    0x63, 0xE0, 0x00, 0x01, 0x80, 0x03, 0x03, 0xFF, 0xF7, 0xFF, 0xE1, 0xFC, 0x00, 0x18, 0x30, 0x3F,
    0xFF, 0xFF, 0xFF, 0xF0, 0x00, 0x60, 0x00, 0xE3, 0x07, 0xE6, 0x0F, 0x8C, 0x00, 0x18, 0x00, 0x38,
    0x00, 0x3F, 0xF8, 0x3F, 0xE0, 0x00, 0x01, 0x80, 0x61, 0x60, 0x18, 0x6D, 0x87, 0xFF, 0x7F, 0xFE,
    0x1F, 0xF0, 0x00, 0x0E, 0x01, 0x03, 0xF8, 0xFF, 0xFE, 0x3F, 0xFC, 0x00, 0x03, 0x00, 0x00, 0x60,
    0x70, 0xFC, 0x18, 0x3E, 0x06, 0x00, 0x01, 0x80, 0x00, 0x70, 0x00, 0x0F, 0xFE, 0x01, 0xFF, 0x80,
    0x00, 0x60, 0x07, 0x80, 0x78, 0x07, 0x80, 0x70, 0x07, 0x00, 0xF0, 0x0F, 0x00, 0x70, 0x03, 0x80,
    0x0E, 0x00, 0x3C, 0x00, 0xF0, 0x03, 0xC0, 0x0F, 0x00, 0x1C, 0x00, 0x70, 0x01, 0x80, 0x00, 0x00,
    0x60, 0x01, 0xE0, 0x07, 0x80, 0x1C, 0x00, 0x71, 0xC3, 0xCD, 0x8F, 0x1F, 0xBC, 0x1A, 0x70, 0x10,
    0xE0, 0x00, 0xE0, 0x00, 0xE0, 0x00, 0xF0, 0x00, 0xF0, 0x00, 0xF0, 0x00, 0xF0, 0x00, 0xF0, 0x00,
    0xE0, 0x00, 0x00, 0x60, 0x0C, 0x1C, 0x03, 0x06, 0x00, 0xC1, 0x80, 0x30, 0x62, 0x0D, 0xB8, 0xFF,
    0xFE, 0x3F, 0xFB, 0x00, 0x30, 0xC0, 0x0C, 0x30, 0x03, 0x0D, 0x80, 0xC3, 0xC0, 0x30, 0xF0, 0x1C,
    0x3C, 0x07, 0x07, 0x03, 0x81, 0x80, 0xE0, 0x60, 0xF0, 0x00, 0x38, 0x00, 0x00, 0x00, 0x00, 0x00,
    0x00, 0x00, 0x59, 0x80, 0x7F, 0x30, 0x0F, 0xBE, 0x01, 0xD1, 0xC0, 0x38, 0x38, 0xFF, 0xE6, 0x1F,
    0xFC, 0xC0, 0x1C, 0x18, 0x03, 0x83, 0x00, 0x70, 0x68, 0x0E, 0x0F, 0x01, 0xC1, 0xE0, 0x30, 0x3C,
    0x06, 0x07, 0x01, 0xC0, 0xE0, 0x78, 0x0C, 0x1E, 0x01, 0x87, 0x80, 0x00, 0x60, 0x00, 0x3F, 0xF8,
    0x7F, 0xF0, 0x00, 0x00, 0x00, 0x00, 0x00, 0x00, 0x00, 0x00, 0x00, 0x00, 0x00, 0x60, 0x00, 0xC0,
    0x03, 0x80, 0x07, 0x00, 0x0E, 0x00, 0x0F, 0x87, 0xCF, 0xFF, 0x87, 0xFE, 0x00, 0x03, 0x00, 0x03,
    0xE0, 0x00, 0xD8, 0x80, 0xFA, 0x7F, 0xFE, 0x1F, 0xFE, 0x00, 0x00, 0x00, 0x00, 0x00, 0x00, 0x00,
    0x00, 0x00, 0x00, 0x00, 0x00, 0x00, 0x00, 0xE0, 0x00, 0x30, 0x00, 0x0C, 0x00, 0x03, 0x80, 0x00,
    0xF8, 0x7C, 0x1F, 0xFF, 0x01, 0xFF, 0x80, 0x01, 0xC0, 0x03, 0x80, 0x03, 0x0F, 0x07, 0xFF, 0xFF,
    0xFF, 0xFC, 0x00, 0x1C, 0x00, 0x18, 0x00, 0x38, 0x00, 0x31, 0xC3, 0xF3, 0x07, 0xE6, 0x00, 0x0C,
    0x00, 0x18, 0x00, 0x38, 0x00, 0x3F, 0xF8, 0x3F, 0xF0, 0x00, 0x00, 0x00, 0x00, 0xC0, 0x18, 0xD8,
    0x07, 0x3E, 0x01, 0xC6, 0x38, 0x3F, 0x8F, 0xFF, 0xE3, 0xFF, 0x80, 0x00, 0x60, 0x00, 0x1C, 0x00,
    0x03, 0x00, 0x00, 0xE0, 0x61, 0xFC, 0x18, 0x3F, 0x0E, 0x00, 0x03, 0x80, 0x00, 0xE0, 0x00, 0x1C,
    0x00, 0x03, 0xFF, 0x80, 0x7F, 0xE0, 0x00, 0x00, 0x00, 0x60, 0x00, 0xC0, 0x01, 0x80, 0x03, 0x00,
    0x06, 0x00, 0x0C, 0x00, 0x18, 0x00, 0x30, 0x00, 0x60, 0x00, 0xC0, 0x01, 0x80, 0x03, 0x00, 0x06,
    0x00, 0x4C, 0x01, 0xD8, 0x07, 0x38, 0x3C, 0x3F, 0xF0, 0x3F, 0x80, 0x60, 0x01, 0xC0, 0x63, 0x82,
    0xC3, 0x0E, 0xCE, 0x0D, 0x9C, 0x0C, 0x38, 0x10, 0x70, 0x00, 0xE0, 0x01, 0xC0, 0x03, 0x80, 0x07,
    0x00, 0x0E, 0x00, 0xDC, 0x01, 0xF8, 0x0F, 0x38, 0x7C, 0x7F, 0xF0, 0x7F, 0x80, 0x00, 0x30, 0x00,
    0x06, 0x00, 0x00, 0xC0, 0x3F, 0xFF, 0xF7, 0xFF, 0xFE, 0x00, 0x60, 0x00, 0x3C, 0x00, 0x1F, 0x80,
    0x07, 0x78, 0x00, 0xC7, 0x00, 0x18, 0xE0, 0x03, 0x9C, 0x00, 0x3F, 0x80, 0x03, 0xE0, 0x00, 0x1C,
    0x00, 0x0F, 0x00, 0x07, 0xC0, 0x00, 0xF0, 0x00, 0x00, 0x00, 0x00, 0x00, 0x00, 0x80, 0x0E, 0xD8,
    0x01, 0xDB, 0x00, 0x39, 0xBF, 0xFF, 0xFD, 0xFF, 0xFF, 0xBE, 0x1C, 0x00, 0x0F, 0x80, 0x03, 0xF0,
    0x00, 0xEE, 0x00, 0x38, 0xC0, 0x07, 0x18, 0x00, 0x63, 0x00, 0x0F, 0xE0, 0x00, 0xFC, 0x00, 0x03,
    0x80, 0x00, 0xE0, 0x00, 0xF8, 0x00, 0x3E, 0x00, 0x03, 0x00, 0x00, 0x00, 0x02, 0x00, 0x60, 0x70,
    0x06, 0x07, 0x00, 0x60, 0x70, 0x06, 0x07, 0x00, 0x67, 0xFF, 0x7F, 0xFF, 0xE7, 0xFF, 0x70, 0x26,
    0x07, 0x00, 0x60, 0x60, 0x06, 0x06, 0x00, 0x63, 0xE0, 0x06, 0x1C, 0x00, 0x60, 0x00, 0x07, 0x00,
    0x00, 0x78, 0x38, 0x03, 0xFF, 0x80, 0x1F, 0xF8, 0x00, 0x00, 0x20, 0x20, 0x35, 0x81, 0x81, 0xBC,
    0x0C, 0x0D, 0xA0, 0x60, 0x60, 0x03, 0x0F, 0xF3, 0xFF, 0xFF, 0x9F, 0xFE, 0xC0, 0xE6, 0x06, 0x00,
    0x30, 0x30, 0x01, 0x89, 0x80, 0x0C, 0x7C, 0x00, 0x63, 0xC0, 0x03, 0x00, 0x00, 0x18, 0x00, 0x00,
    0xF0, 0xF0, 0x03, 0xFF, 0x80, 0x0F, 0xFC, 0x00, 0x00, 0x78, 0x0F, 0xFE, 0x07, 0xFE, 0x00, 0x0E,
    0x00, 0x0E, 0x00, 0x0E, 0x00, 0x1E, 0x00, 0x1E, 0xFE, 0xFF, 0xFF, 0xFF, 0xF0, 0x30, 0xE0, 0x00,
    0xE0, 0x00, 0x60, 0x00, 0x30, 0x00, 0x1C, 0x00, 0x0F, 0x00, 0x03, 0xFC, 0x00, 0x7E, 0x00, 0x00,
    0x00, 0x00, 0x78, 0x07, 0xFF, 0x00, 0xFF, 0xD8, 0x01, 0xDE, 0x00, 0xE6, 0xC0, 0x70, 0xF0, 0x38,
    0x30, 0x1C, 0xFE, 0x7F, 0xFF, 0xBF, 0xF8, 0x0C, 0x38, 0x00, 0x0C, 0x00, 0x03, 0x00, 0x01, 0xC0,
    0x00, 0x70, 0x00, 0x0E, 0x00, 0x01, 0xFC, 0x00, 0x3F, 0x00, 0x00, 0x00, 0x06, 0x00, 0x03, 0x00,
    0x01, 0x80, 0x01, 0xFC, 0x0F, 0xFE, 0x07, 0xF8, 0x00, 0x31, 0xFE, 0x18, 0xFF, 0x1C, 0x61, 0x8C,
    0x00, 0x06, 0x00, 0x07, 0x10, 0x03, 0x8C, 0x01, 0x8E, 0x01, 0xC7, 0x00, 0xE1, 0xE7, 0xE0, 0xFF,
    0xF0, 0x1F, 0xC0, 0x06, 0x00, 0x80, 0xE0, 0x58, 0x1C, 0x1F, 0x83, 0x71, 0xBF, 0xFE, 0x19, 0xFF,
    0xC0, 0x03, 0x80, 0x00, 0x73, 0xFC, 0x0C, 0x7F, 0x81, 0x80, 0x00, 0x70, 0x00, 0x0C, 0x00, 0x01,
    0x8C, 0x00, 0x71, 0x80, 0x0C, 0x30, 0x03, 0x87, 0x8C, 0x70, 0x7F, 0xCC, 0x07, 0xF0, 0x06, 0x00,
    0x06, 0x00, 0x0E, 0x0E, 0xFF, 0xFE, 0xFF, 0xFC, 0x0C, 0x00, 0x0C, 0x00, 0x1C, 0x00, 0x1B, 0xFC,
    0x1F, 0xFE, 0x3E, 0x07, 0x38, 0x07, 0x30, 0x03, 0x00, 0x07, 0x00, 0x07, 0x00, 0x1E, 0x0F, 0xFC,
    0x0F, 0xF0, 0x00, 0x00, 0x00, 0x00, 0xC0, 0x60, 0x3C, 0x06, 0x03, 0x60, 0x60, 0x1E, 0x46, 0xFF,
    0x8F, 0xFF, 0xE0, 0x7F, 0xE0, 0x00, 0xC0, 0x00, 0x0C, 0x00, 0x01, 0xC7, 0x80, 0x1F, 0xFE, 0x01,
    0xF8, 0xF0, 0x3C, 0x07, 0x03, 0x80, 0x30, 0x10, 0x03, 0x00, 0x00, 0x70, 0x00, 0x0F, 0x00, 0x7F,
    0xE0, 0x07, 0xF8, 0x00, 0x00, 0x00, 0x01, 0xF0, 0x3F, 0xF3, 0xFE, 0xF7, 0xC0, 0x74, 0x00, 0x60,
    0x00, 0xC0, 0x03, 0x80, 0x07, 0x00, 0x3C, 0x07, 0xF0, 0x3F, 0x80, 0x38, 0x00, 0x00, 0x7C, 0x01,
    0xFF, 0xC7, 0xFE, 0xFB, 0xF0, 0x07, 0x60, 0x01, 0xC0, 0x00, 0x30, 0x00, 0x0C, 0x00, 0x07, 0x00,
    0x01, 0xC0, 0x00, 0xE0, 0x00, 0xF0, 0x07, 0xF8, 0x03, 0xFC, 0x00, 0xF8, 0x00, 0x00, 0x00, 0x80,
    0x00, 0x58, 0x00, 0x0F, 0x80, 0x01, 0xB0, 0x0F, 0xD0, 0x0F, 0xFE, 0x1F, 0xF3, 0xE7, 0xE0, 0x1C,
    0xE0, 0x01, 0xC0, 0x00, 0x38, 0x00, 0x07, 0x00, 0x00, 0xE0, 0x00, 0x18, 0x00, 0x07, 0x00, 0x03,
    0xC0, 0x03, 0xF0, 0x07, 0xFC, 0x00, 0x7C, 0x00, 0x03, 0xFF, 0xFF, 0xFF, 0xF7, 0xFF, 0x80, 0x01,
    0x80, 0x00, 0xC0, 0x00, 0x70, 0x00, 0x18, 0x00, 0x06, 0x00, 0x01, 0x80, 0x00, 0x60, 0x00, 0x18,
    0x00, 0x07, 0x00, 0x00, 0xE0, 0x00, 0x3F, 0x80, 0x03, 0xF0, 0x00, 0x3C, 0x03, 0xFF, 0xDF, 0xFF,
    0xFB, 0xFF, 0xE0, 0x00, 0x70, 0xC0, 0x0C, 0x7C, 0x03, 0x8D, 0x80, 0x60, 0xD0, 0x0C, 0x18, 0x03,
    0x80, 0x00, 0x70, 0x00, 0x06, 0x00, 0x00, 0xE0, 0x00, 0x1E, 0x00, 0x01, 0xFC, 0x00, 0x0F, 0xC0,
    0x00, 0x70, 0x00, 0x01, 0x80, 0x07, 0x00, 0x1C, 0x06, 0x30, 0x78, 0xE7, 0xC1, 0xFC, 0x07, 0xC0,
    0x3C, 0x01, 0xE0, 0x07, 0x00, 0x38, 0x00, 0xC0, 0x03, 0x00, 0x0E, 0x00, 0x3E, 0x1F, 0x7F, 0xFC,
    0x7F, 0xE0, 0x00, 0x00, 0x00, 0x00, 0xC6, 0x00, 0xD9, 0xC0, 0x3E, 0x30, 0x16, 0x0E, 0x0E, 0x01,
    0x8F, 0x80, 0x7F, 0x80, 0x0F, 0x80, 0x07, 0x80, 0x03, 0xC0, 0x01, 0xC0, 0x00, 0x60, 0x00, 0x38,
    0x00, 0x0E, 0x00, 0x03, 0x80, 0x00, 0x70, 0x04, 0x1F, 0xFF, 0x01, 0xFF, 0xC0, 0x03, 0x80, 0x00,
    0x60, 0x00, 0x0C, 0x00, 0x01, 0xF3, 0x07, 0xFE, 0x78, 0xFE, 0x07, 0x81, 0x80, 0x78, 0x70, 0xE2,
    0x0C, 0x1C, 0x03, 0x83, 0x80, 0xE0, 0x70, 0x1C, 0x0E, 0x07, 0x1F, 0xC0, 0xC7, 0xFE, 0x01, 0xC3,
    0xE0, 0x38, 0xEE, 0x03, 0xFC, 0x80, 0x3F, 0x00, 0x70, 0x00, 0x38, 0x40, 0x98, 0x7F, 0xCC, 0x3F,
    0xE6, 0x00, 0x03, 0x00, 0x03, 0x80, 0x01, 0xC0, 0x00, 0xE0, 0x00, 0x68, 0x00, 0x3E, 0xE0, 0x1E,
    0x70, 0x0F, 0x30, 0x07, 0x9C, 0x01, 0x87, 0xFE, 0xC1, 0xFF, 0x60, 0x00, 0x00, 0x00, 0x60, 0x00,
    0x07, 0x00, 0x00, 0x60, 0x03, 0x07, 0x80, 0x33, 0xFE, 0x03, 0xFE, 0xF0, 0x1E, 0xE3, 0x83, 0x8E,
    0x18, 0x3C, 0xC1, 0xC7, 0xCC, 0x1C, 0x6F, 0xC1, 0xC6, 0x78, 0xDC, 0xE7, 0xBF, 0x8C, 0x77, 0x7C,
    0xEE, 0x63, 0xE7, 0xC7, 0x7E, 0x38, 0x7F, 0x60, 0x01, 0xC0, 0x06, 0x00, 0x00, 0x60, 0x00, 0x06,
    0x00, 0x00, 0x61, 0xC0, 0xFE, 0x7F, 0x0F, 0xEF, 0x78, 0x4F, 0xC1, 0x80, 0xF0, 0x18, 0x0E, 0x01,
    0x81, 0xC0, 0x1C, 0x3C, 0x01, 0xC3, 0xC1, 0xD8, 0x7C, 0x7F, 0x8E, 0xC7, 0x7C, 0xCC, 0xE3, 0xE0,
    0xC7, 0xF6, 0x0E, 0x3E, 0x00, 0xE0, 0x00, 0x03, 0xFC, 0x03, 0xFF, 0x81, 0xEE, 0x70, 0xE3, 0x8E,
    0x30, 0xC1, 0xDC, 0x30, 0x76, 0x0C, 0x0D, 0x87, 0x03, 0xE1, 0x80, 0xD8, 0xE0, 0x76, 0x38, 0x1D,
    0xDC, 0x0E, 0x3F, 0x07, 0x87, 0x8F, 0xC0, 0x07, 0xC0, 0x00, 0xC0, 0x00, 0x00, 0x1C, 0x07, 0x06,
    0x01, 0xC1, 0x80, 0x70, 0x60, 0x1F, 0x98, 0xFF, 0xEE, 0x3F, 0xC3, 0x80, 0x70, 0xC0, 0x1C, 0x30,
    0x03, 0x0C, 0x00, 0xC3, 0x41, 0xF0, 0xF1, 0xFE, 0x3C, 0xE7, 0xCE, 0x70, 0xFF, 0x8E, 0x77, 0x63,
    0xF8, 0x18, 0x3C, 0x00, 0x00, 0x00, 0x40, 0x00, 0x16, 0x30, 0x0D, 0xE7, 0x00, 0xDA, 0x70, 0x0C,
    0x86, 0x00, 0xDC, 0x63, 0xFF, 0xC6, 0x1F, 0xF8, 0x60, 0x0C, 0x06, 0x00, 0xC0, 0x60, 0x0C, 0x06,
    0x00, 0xC0, 0x78, 0x7C, 0x07, 0x9F, 0xE0, 0x73, 0xDF, 0x87, 0x30, 0xFC, 0x73, 0x0C, 0xC7, 0x3F,
    0xC4, 0x61, 0xF8, 0x00, 0x00, 0x00, 0x00, 0x01, 0xE0, 0x00, 0x1E, 0x30, 0x0D, 0x37, 0x00, 0xDE,
    0x70, 0x0D, 0xE6, 0x00, 0xDC, 0x63, 0xFF, 0xC6, 0x1F, 0xF8, 0x60, 0x0C, 0x06, 0x00, 0xC0, 0x60,
    0x0C, 0x06, 0x00, 0xC0, 0x78, 0x7C, 0x07, 0x9F, 0xE0, 0x73, 0xDF, 0x87, 0x30, 0xFC, 0x73, 0x0C,
    0xC7, 0x3F, 0xC4, 0x61, 0xF8, 0x00, 0x00, 0x00, 0x07, 0x0C, 0x3F, 0xE3, 0x0F, 0xE0, 0xC0, 0x30,
    0x38, 0x1C, 0x0E, 0x0E, 0x03, 0x83, 0x00, 0xF0, 0xC0, 0x3E, 0x70, 0x0D, 0xD8, 0x03, 0x76, 0x00,
    0xC9, 0x80, 0x70, 0x60, 0x1C, 0x1C, 0x0E, 0x03, 0x87, 0x80, 0xFF, 0xC0, 0x0F, 0xC0, 0x00, 0x00,
    0x00, 0x00, 0x00, 0x16, 0x00, 0x03, 0xE1, 0xF8, 0xDA, 0x7F, 0x8F, 0x87, 0xF0, 0xE0, 0x0E, 0x06,
    0x00, 0xC0, 0x70, 0x18, 0x07, 0x01, 0x80, 0x78, 0x30, 0x07, 0xC3, 0x00, 0x7C, 0x30, 0x06, 0xC3,
    0x00, 0xE4, 0x30, 0x0C, 0x03, 0x01, 0xC0, 0x38, 0x1C, 0x03, 0xEF, 0x80, 0x1F, 0xF0, 0x00, 0x7C,
    0x00, 0x00, 0x01, 0xE0, 0x00, 0x1B, 0x0F, 0x8D, 0xB7, 0xF8, 0xFE, 0x7F, 0x0E, 0x00, 0xE0, 0x60,
    0x0C, 0x07, 0x01, 0x80, 0x70, 0x18, 0x07, 0x83, 0x00, 0x7C, 0x30, 0x07, 0xC3, 0x00, 0x6C, 0x30,
    0x0E, 0x43, 0x00, 0xC0, 0x30, 0x1C, 0x03, 0x81, 0xC0, 0x3E, 0xF8, 0x01, 0xFF, 0x00, 0x07, 0xC0,
    0x00, 0x00, 0x00, 0x00, 0x0F, 0x00, 0x00, 0x3E, 0x00, 0x00, 0x78, 0x00, 0x01, 0xC0, 0x00, 0x1C,
    0x00, 0x00, 0x40, 0x00, 0x18, 0x00, 0x00, 0xE0, 0x00, 0x03, 0x8C, 0x00, 0x1C, 0x70, 0x0C, 0x71,
    0xC0, 0xE1, 0xCE, 0x0E, 0x0E, 0x39, 0xE0, 0x71, 0xCE, 0x67, 0x86, 0x43, 0xF8, 0x00, 0x0F, 0x80,
    0x00, 0x00, 0x00, 0x00, 0x1C, 0x00, 0x01, 0xF0, 0x60, 0x07, 0x9F, 0x00, 0x1D, 0xB0, 0x03, 0x8F,
    0x00, 0x30, 0x80, 0x18, 0x00, 0x01, 0xC0, 0x00, 0x0E, 0x38, 0x00, 0x71, 0x80, 0x63, 0x9C, 0x0E,
    0x38, 0xE3, 0xC1, 0x8E, 0x78, 0x1C, 0x7E, 0x33, 0x87, 0x43, 0xF8, 0x00, 0x3F, 0x00, 0x00, 0x00,
    0x00, 0x1C, 0x00, 0x01, 0xF0, 0xF0, 0x07, 0x9B, 0x00, 0x3D, 0x90, 0x03, 0x9B, 0x00, 0x30, 0xE0,
    0x08, 0x00, 0x01, 0xC0, 0x00, 0x0E, 0x18, 0x00, 0x71, 0x80, 0x43, 0x1C, 0x0E, 0x38, 0xE3, 0xC1,
    0x8E, 0x78, 0x1C, 0x7E, 0x33, 0x87, 0x43, 0xF8, 0x00, 0x3F, 0x00, 0x00, 0x00, 0x00, 0x70, 0x00,
    0x1F, 0x00, 0x07, 0x70, 0x01, 0xC7, 0x00, 0x38, 0x70, 0x0E, 0x07, 0x03, 0x80, 0x70, 0xE0, 0x0F,
    0x0C, 0x00, 0xF0, 0x00, 0x0F, 0x00, 0x00, 0xF0, 0x00, 0x0E, 0x00, 0x00, 0x00, 0x00, 0x00, 0x00,
    0x00, 0x0C, 0x00, 0x06, 0xE0, 0x1C, 0x76, 0x03, 0xE3, 0x60, 0x77, 0x10, 0x0E, 0x38, 0x00, 0xE1,
    0xC0, 0x1C, 0x1E, 0x03, 0x80, 0xF0, 0x70, 0x07, 0x06, 0x00, 0x38, 0x00, 0x01, 0xC0, 0x00, 0x0E,
    0x00, 0x00, 0x70, 0x00, 0x02, 0x00, 0x03, 0xC0, 0x00, 0x7E, 0x01, 0xC6, 0x60, 0x3E, 0x66, 0x07,
    0x73, 0xE0, 0xE3, 0xBC, 0x0E, 0x1C, 0x01, 0xC1, 0xE0, 0x38, 0x0F, 0x07, 0x00, 0x70, 0x60, 0x03,
    0x80, 0x00, 0x1C, 0x00, 0x00, 0xE0, 0x00, 0x07, 0x00, 0x00, 0x20, 0x00, 0x00, 0x1C, 0x00, 0xE6,
    0x3F, 0xF9, 0x87, 0xFC, 0x60, 0x18, 0x38, 0x06, 0x0E, 0x01, 0x9B, 0x8F, 0xFE, 0xC3, 0xFF, 0xB0,
    0x06, 0x0C, 0x01, 0xC3, 0x41, 0xF0, 0xF1, 0xFE, 0x3C, 0xE7, 0xCE, 0x31, 0xFF, 0x8E, 0x77, 0x63,
    0xF8, 0x18, 0x3C, 0x00, 0x00, 0x00, 0x00, 0x00, 0x16, 0x30, 0x01, 0xE7, 0x1F, 0xFB, 0x71, 0xFF,
    0xE6, 0x00, 0xC0, 0x60, 0x0C, 0x06, 0x00, 0xC8, 0x61, 0xFF, 0xC6, 0x1F, 0xF8, 0x60, 0x0C, 0x0E,
    0x00, 0xC0, 0xF8, 0x0C, 0x0F, 0x9F, 0xC0, 0x73, 0xFF, 0x07, 0x30, 0xFC, 0x73, 0x0D, 0xC6, 0x3F,
    0xCC, 0x61, 0xF8, 0x02, 0x00, 0x00, 0x00, 0x00, 0xE0, 0x00, 0x1B, 0x30, 0x01, 0xB7, 0x1F, 0xFE,
    0x71, 0xFF, 0x86, 0x00, 0xC0, 0x60, 0x0C, 0x06, 0x00, 0xC8, 0x61, 0xFF, 0xC6, 0x1F, 0xF8, 0x60,
    0x0C, 0x0E, 0x00, 0xC0, 0xF8, 0x0C, 0x0F, 0x9F, 0xC0, 0x73, 0xFF, 0x07, 0x30, 0xFC, 0x73, 0x0D,
    0xC6, 0x3F, 0xCC, 0x61, 0xF8, 0x02, 0x00, 0x00, 0x01, 0x80, 0x01, 0x80, 0x71, 0xBE, 0x7F, 0xFE,
    0x7F, 0xF8, 0x01, 0x80, 0x01, 0x80, 0xFF, 0xFE, 0x7F, 0xFE, 0x01, 0x80, 0x01, 0x80, 0x0F, 0x80,
    0x3F, 0xE0, 0x71, 0xF8, 0x61, 0xBC, 0x61, 0x8E, 0x7F, 0x86, 0x3F, 0x00, 0x1F, 0xF0, 0x03, 0xFE,
    0x00, 0x01, 0x80, 0x00, 0x70, 0x00, 0x0C, 0x00, 0x01, 0x83, 0x00, 0xF0, 0x60, 0xFF, 0xEC, 0x3F,
    0xFF, 0x8E, 0x61, 0xFB, 0x9C, 0x0F, 0xE3, 0x03, 0xFE, 0xE0, 0x75, 0xF8, 0x1C, 0x1E, 0x07, 0x00,
    0x03, 0xC0, 0x00, 0x70, 0x00, 0x00, 0x00, 0x06, 0x00, 0x00, 0xC0, 0x00, 0x18, 0x08, 0x3F, 0xF3,
    0x87, 0xFE, 0x78, 0x0C, 0x03, 0x81, 0x80, 0x31, 0xF0, 0x06, 0x3E, 0x00, 0x0C, 0xC0, 0x01, 0x98,
    0x00, 0x33, 0x01, 0x87, 0xE0, 0x38, 0xF8, 0x07, 0x0F, 0x00, 0xE0, 0x60, 0x38, 0x0F, 0xFF, 0x00,
    0xFF, 0xC0, 0x00, 0x18, 0x02, 0x06, 0x03, 0x81, 0x80, 0x63, 0xE0, 0x1F, 0xFE, 0x07, 0xFF, 0xC1,
    0xE7, 0x38, 0xF9, 0x87, 0x3E, 0x61, 0xDD, 0xB8, 0x36, 0x7C, 0x0D, 0x8F, 0x03, 0xE3, 0x81, 0xD8,
    0xF0, 0x76, 0xFC, 0x39, 0xF8, 0x1C, 0x3C, 0x7E, 0x00, 0x0F, 0x00, 0x00, 0x00, 0x03, 0x00, 0x00,
    0xC0, 0x00, 0x30, 0x01, 0xEC, 0x40, 0x7F, 0xF0, 0x07, 0xFC, 0x00, 0x70, 0x00, 0x1C, 0x00, 0x47,
    0x07, 0x1F, 0xFC, 0xC7, 0xFF, 0x38, 0x18, 0x06, 0x06, 0x01, 0x81, 0x80, 0x60, 0x60, 0x38, 0x1C,
    0x1E, 0x03, 0xFF, 0x00, 0x7F, 0x00, 0x00, 0x00, 0x03, 0x80, 0x11, 0xC0, 0x38, 0xF8, 0x19, 0xFE,
    0x1F, 0xCF, 0x3E, 0x07, 0xFE, 0x07, 0x66, 0x4F, 0x07, 0xFE, 0x07, 0x78, 0x03, 0x00, 0x03, 0x80,
    0x01, 0x80, 0x01, 0x80, 0x01, 0x80, 0x00, 0xC0, 0x00, 0x1C, 0x00, 0xE1, 0xC0, 0x1C, 0x1F, 0x01,
    0xCF, 0xF8, 0x1F, 0xE7, 0x87, 0xE0, 0x33, 0xF0, 0x06, 0xF7, 0x00, 0xC8, 0xE6, 0x78, 0x0C, 0xFE,
    0x01, 0xCF, 0x80, 0x18, 0x00, 0x03, 0x80, 0x00, 0x70, 0x00, 0x06, 0x00, 0x00, 0xE0, 0x00, 0x1C,
    0x00, 0x00, 0x00, 0x00, 0x00, 0x00, 0x0E, 0x0E, 0x18, 0x31, 0xFC, 0xCF, 0xFB, 0x76, 0x7F, 0x18,
    0xF8, 0x63, 0xE1, 0x8F, 0x66, 0x3C, 0xF9, 0xB3, 0xFE, 0xC3, 0xF0, 0x1C, 0x00, 0xE0, 0x03, 0x00,
    0x00, 0xE0, 0x20, 0x70, 0x18, 0x18, 0x0C, 0x3F, 0x86, 0x7F, 0xF3, 0x7B, 0x39, 0xF1, 0x8F, 0xF0,
    0xC3, 0xF0, 0x61, 0xF8, 0x30, 0xF9, 0x18, 0x7C, 0xCC, 0x76, 0x7E, 0x73, 0x1F, 0xF1, 0x87, 0xF0,
    0x03, 0x80, 0x03, 0x80, 0x03, 0x80, 0x00, 0x80, 0x00, 0x03, 0x00, 0x0C, 0x00, 0x30, 0x00, 0xFF,
    0x03, 0xF8, 0x0C, 0x00, 0x30, 0x00, 0xC0, 0x0F, 0x80, 0xFF, 0x07, 0x3F, 0x18, 0xFE, 0x77, 0x9D,
    0xFC, 0x21, 0xE0, 0x00, 0x01, 0x80, 0x01, 0xC0, 0x01, 0x80, 0x01, 0x80, 0x01, 0xFF, 0x01, 0xFF,
    0x01, 0xD8, 0x01, 0xC0, 0x01, 0xC0, 0x01, 0xC0, 0x01, 0xC0, 0x3F, 0xC0, 0x7F, 0xF8, 0xE1, 0xFC,
    0xE1, 0xDE, 0xE1, 0xC7, 0x7F, 0x82, 0x3F, 0x00, 0x08, 0x00, 0x3F, 0x80, 0x3F, 0xC0, 0x07, 0x87,
    0x00, 0x0E, 0x00, 0x1C, 0x00, 0x30, 0xF0, 0x6F, 0xF8, 0xFE, 0x79, 0xE0, 0x3B, 0x80, 0x7E, 0x00,
    0x60, 0x01, 0xC0, 0x07, 0x80, 0x1E, 0x1F, 0xF8, 0x3F, 0xC0, 0x00, 0x00, 0x60, 0x03, 0x1C, 0x1B,
    0xF9, 0xFD, 0xEF, 0x87, 0x78, 0x1B, 0xC0, 0xFC, 0x07, 0xE0, 0x3F, 0x01, 0xF8, 0x0F, 0xC0, 0x64,
    0x07, 0x00, 0x38, 0x07, 0x80, 0xF8, 0x1F, 0x80, 0xF0, 0x00, 0x00, 0x1F, 0xF8, 0x1F, 0xFC, 0x18,
    0x38, 0x00, 0xF0, 0x01, 0xC0, 0x03, 0x80, 0x07, 0xE0, 0x0F, 0xFC, 0x1F, 0x3E, 0x78, 0x07, 0xE0,
    0x03, 0x47, 0xC3, 0x0F, 0xE3, 0x0C, 0x77, 0x0C, 0x7E, 0x0F, 0xFC, 0x07, 0xF8, 0x06, 0x00, 0x00,
    0x60, 0x00, 0x06, 0x00, 0x00, 0x61, 0xC0, 0xFE, 0x7E, 0x0F, 0xFF, 0x70, 0x0F, 0xC3, 0x00, 0xF0,
    0x70, 0x0E, 0x07, 0x01, 0xC0, 0x70, 0x3C, 0x06, 0x07, 0xC0, 0x60, 0x7C, 0x06, 0x0E, 0xC0, 0x62,
    0xCC, 0x06, 0x70, 0xC0, 0x7E, 0x0E, 0x03, 0xC0, 0xE0, 0x00, 0x1F, 0xF8, 0x3F, 0xFC, 0x1F, 0x78,
    0x00, 0x70, 0x01, 0xE0, 0x03, 0x80, 0x07, 0xE0, 0x0F, 0xFC, 0x1F, 0x9E, 0x38, 0x07, 0xF0, 0x07,
    0xE0, 0x03, 0x00, 0x07, 0x00, 0x07, 0x00, 0x1E, 0x0F, 0xFC, 0x0F, 0xF0, 0x00, 0x00, 0x06, 0x00,
    0x03, 0x00, 0x01, 0x80, 0x0F, 0xC7, 0x07, 0xFF, 0xE0, 0x7E, 0x78, 0x3C, 0x0C, 0x3C, 0x06, 0x1C,
    0x03, 0x1E, 0x01, 0x9F, 0x01, 0xCD, 0x81, 0xC6, 0xE7, 0xE0, 0x73, 0xC0, 0x38, 0x80, 0x06, 0x00,
    0x00, 0xC0, 0x00, 0x18, 0x00, 0x03, 0x00, 0x0F, 0xE3, 0xE1, 0xFD, 0xFF, 0x03, 0xFD, 0xF0, 0x7C,
    0x0E, 0x0E, 0x00, 0xC3, 0x80, 0x1C, 0xF0, 0x03, 0xBE, 0x00, 0x77, 0xC0, 0x1D, 0xD8, 0x07, 0xB3,
    0x03, 0xE0, 0x61, 0xF8, 0x0E, 0x3C, 0x01, 0xC0, 0x00, 0x00, 0x60, 0x07, 0xF8, 0x01, 0xFE, 0x00,
    0x01, 0x80, 0x00, 0xE0, 0x00, 0x7F, 0x00, 0x7F, 0xF0, 0x3F, 0x1C, 0x1D, 0x83, 0x8E, 0x60, 0x63,
    0x38, 0x1D, 0xCC, 0x07, 0x63, 0x21, 0xD9, 0xFF, 0x76, 0xED, 0xF9, 0xF3, 0x1E, 0x78, 0xFF, 0x00,
    0x1F, 0x80, 0x00, 0x18, 0x01, 0xFF, 0x80, 0x3F, 0xE0, 0x00, 0xF0, 0x00, 0x7F, 0xC0, 0x1F, 0xBC,
    0x0F, 0x01, 0xC3, 0xDF, 0x18, 0x27, 0xE3, 0x00, 0xCC, 0xE0, 0x1F, 0xF8, 0x01, 0xFE, 0x00, 0xF0,
    0x00, 0x3C, 0x3E, 0x0F, 0xEF, 0xE3, 0xDF, 0x8E, 0xF1, 0xE0, 0xDC, 0x18, 0x18, 0x03, 0x80, 0x00,
    0xE0, 0x02, 0x3F, 0xE1, 0xFF, 0xF8, 0x7F, 0xF0, 0x01, 0x80, 0x00, 0xF8, 0x18, 0x7F, 0x9F, 0x1E,
    0xFF, 0x0E, 0x1F, 0x07, 0x1F, 0x01, 0x8F, 0xC0, 0x07, 0x70, 0x01, 0x9C, 0x00, 0x62, 0x00, 0x18,
    0x00, 0x07, 0xFF, 0x00, 0xFF, 0xC0, 0x00, 0x80, 0x00, 0x1C, 0x00, 0x07, 0x00, 0x00, 0xC0, 0x00,
    0x38, 0x00, 0x06, 0x00, 0x01, 0xC0, 0x00, 0x30, 0x00, 0x0F, 0xE0, 0x01, 0xFC, 0x00, 0x79, 0xC0,
    0x0E, 0x38, 0x33, 0x87, 0x0E, 0x60, 0xE1, 0x9C, 0x1C, 0x73, 0x01, 0xFC, 0xE0, 0x3F, 0x8C, 0x03,
    0xC0, 0x1C, 0x00, 0x07, 0xFE, 0x40, 0xFF, 0xD8, 0x00, 0x1B, 0x00, 0x06, 0xC1, 0xF8, 0xC7, 0xFF,
    0x81, 0xFC, 0xF0, 0x60, 0x1C, 0x00, 0x03, 0x00, 0x00, 0xC0, 0x00, 0x30, 0x00, 0x1C, 0x00, 0x0F,
    0x00, 0x07, 0x80, 0x0F, 0xC0, 0x0F, 0xC0, 0x03, 0xC0, 0x00, 0x06, 0x00, 0x0E, 0x00, 0x0E, 0x18,
    0xFF, 0x8C, 0xFF, 0xEE, 0xCC, 0xE6, 0x1C, 0x67, 0x18, 0x63, 0x18, 0x63, 0x38, 0x60, 0x30, 0xE0,
    0x70, 0xE0, 0x67, 0xC0, 0xE7, 0x80, 0x00, 0x00, 0x60, 0x30, 0xE0, 0x61, 0x80, 0xC3, 0x11, 0xF6,
    0x7F, 0xEC, 0x7F, 0xD8, 0x0C, 0x30, 0x18, 0x70, 0x30, 0xE0, 0x61, 0xC0, 0xC3, 0x83, 0x87, 0x0E,
    0x0C, 0x3C, 0x00, 0x70, 0x00, 0x01, 0x6F, 0x9B, 0x60, 0xF6, 0xF7, 0xE0, 0x19, 0xB3, 0xB3, 0x63,
    0x00, 0x7B, 0xEC, 0xFE, 0x78, 0x60, 0x1C, 0x03, 0x80, 0x70, 0x0E, 0x01, 0xC0, 0x38, 0x0F, 0x03,
    0xC7, 0xF3, 0xF0, 0xE0, 0x00, 0x40, 0x36, 0x03, 0x76, 0x1B, 0x71, 0x83, 0x80, 0x1C, 0x00, 0xE0,
    0x07, 0x00, 0x38, 0x03, 0xC0, 0x3C, 0x0F, 0xC3, 0xF0, 0x38, 0x00, 0x00, 0x30, 0x00, 0x18, 0x00,
    0x1C, 0x00, 0x0C, 0x00, 0x0F, 0x80, 0x07, 0xFC, 0x03, 0x3E, 0x03, 0x83, 0x01, 0x80, 0x01, 0xF8,
    0x01, 0xFF, 0x00, 0xFB, 0x80, 0xF0, 0xE0, 0xF0, 0x70, 0x70, 0x38, 0x70, 0x18, 0x70, 0x1C, 0x3B,
    0xBC, 0x19, 0xFC, 0x00, 0x7C, 0x00, 0x7F, 0xC0, 0x00, 0x01, 0xFF, 0xFF, 0xFE, 0xFF, 0xFE, 0x00,
    0x0E, 0x03, 0x1C, 0x03, 0x38, 0x03, 0x70, 0x03, 0x60, 0x03, 0x00, 0x07, 0x00, 0x06, 0x00, 0x0E,
    0x00, 0x1C, 0x00, 0x38, 0x00, 0x30, 0x00, 0x00, 0x00, 0x3F, 0xFF, 0xEF, 0xFF, 0xF8, 0x00, 0x0E,
    0x01, 0x87, 0x00, 0x63, 0x80, 0x19, 0xC0, 0x06, 0xE0, 0x01, 0x90, 0x00, 0x60, 0x00, 0x38, 0x00,
    0x0E, 0x00, 0x07, 0x00, 0x03, 0xC0, 0x01, 0xE0, 0x00, 0xF0, 0x00, 0x30, 0x00, 0x00, 0x00, 0x0C,
    0x00, 0x38, 0x00, 0xE0, 0x07, 0x80, 0x1E, 0x00, 0xF8, 0x0F, 0xF0, 0x7E, 0xE0, 0x71, 0xC0, 0x03,
    0x80, 0x07, 0x00, 0x0E, 0x00, 0x1C, 0x00, 0x38, 0x00, 0x30, 0x00, 0x00, 0x01, 0x80, 0x01, 0xC0,
    0x01, 0xC0, 0x03, 0xC0, 0x03, 0xC0, 0x07, 0xC0, 0x0F, 0xC0, 0x3F, 0xE0, 0x7E, 0x70, 0x3C, 0x38,
    0x10, 0x1C, 0x00, 0x0E, 0x00, 0x07, 0x00, 0x03, 0x80, 0x01, 0xC0, 0x00, 0xE0, 0x00, 0x70, 0x00,
    0x03, 0x80, 0x07, 0x01, 0xFF, 0xF3, 0xFF, 0xF6, 0x00, 0xCC, 0x01, 0x98, 0x07, 0x30, 0x0E, 0x00,
    0x38, 0x00, 0x70, 0x01, 0xC0, 0x0F, 0x00, 0x7C, 0x01, 0xF0, 0x01, 0x00, 0x00, 0x01, 0xC0, 0x00,
    0xE0, 0x00, 0x70, 0x0F, 0xFF, 0xEF, 0xFF, 0xFB, 0x00, 0x19, 0x80, 0x0C, 0xC0, 0x0E, 0x60, 0x07,
    0x70, 0x03, 0x00, 0x03, 0x80, 0x01, 0x80, 0x01, 0xC0, 0x01, 0xC0, 0x03, 0xC0, 0x0F, 0xC0, 0x0F,
    0xC0, 0x03, 0x00, 0x00, 0x00, 0x00, 0xFF, 0xF9, 0xFF, 0xF0, 0x1C, 0x00, 0x38, 0x00, 0x70, 0x00,
    0xE0, 0x01, 0xC0, 0x03, 0x80, 0x07, 0x03, 0xFF, 0xFF, 0xFF, 0xF0, 0x00, 0x00, 0x00, 0x00, 0x07,
    0xFF, 0xF0, 0xFF, 0xFE, 0x00, 0x70, 0x00, 0x0E, 0x00, 0x01, 0xC0, 0x00, 0x38, 0x00, 0x07, 0x00,
    0x00, 0xE0, 0x00, 0x1C, 0x00, 0x03, 0x80, 0x00, 0x70, 0x0F, 0xFF, 0xFD, 0xFF, 0xFF, 0x80, 0x00,
    0x00, 0x00, 0xE0, 0x00, 0xC0, 0x01, 0x83, 0xFF, 0xF7, 0xFF, 0xE0, 0x3C, 0x00, 0x78, 0x01, 0xF0,
    0x0F, 0x60, 0x3C, 0xC1, 0xF1, 0x87, 0x83, 0x06, 0x26, 0x00, 0x7C, 0x00, 0xF0, 0x00, 0x00, 0x18,
    0x00, 0x06, 0x00, 0x01, 0x80, 0x00, 0x60, 0x7F, 0xFF, 0xDF, 0xFF, 0xF0, 0x03, 0x80, 0x01, 0xE0,
    0x00, 0xF8, 0x00, 0x76, 0x00, 0x39, 0x80, 0x3C, 0x60, 0x1E, 0x18, 0x1F, 0x06, 0x07, 0x01, 0x80,
    0x80, 0x60, 0x01, 0xF8, 0x00, 0x7C, 0x00, 0x03, 0x80, 0x03, 0x80, 0x03, 0x80, 0x03, 0x80, 0xFF,
    0xFF, 0xFF, 0xFF, 0x03, 0x03, 0x03, 0x03, 0x03, 0x03, 0x07, 0x07, 0x06, 0x07, 0x0E, 0x07, 0x0E,
    0x07, 0x1C, 0x06, 0x38, 0x06, 0xF0, 0xFE, 0xE0, 0xFC, 0x00, 0x00, 0x00, 0x00, 0x80, 0x30, 0x58,
    0x06, 0x1F, 0x80, 0xC1, 0xB0, 0x18, 0x10, 0xFF, 0xFE, 0x1F, 0xFF, 0xE0, 0x0C, 0x1C, 0x03, 0x83,
    0x80, 0x70, 0x70, 0x0C, 0x0C, 0x01, 0x81, 0x80, 0x70, 0x30, 0x0C, 0x06, 0x03, 0x80, 0xC0, 0xE0,
    0x38, 0x38, 0x67, 0x0F, 0x0F, 0xC1, 0x81, 0xF0, 0x00, 0x03, 0x00, 0x01, 0x80, 0x00, 0xC0, 0x00,
    0x63, 0xC0, 0xFF, 0xE7, 0xFF, 0xC3, 0xFE, 0x00, 0x03, 0x00, 0x01, 0x80, 0x00, 0xFF, 0xC3, 0xFF,
    0xFF, 0xFF, 0x0F, 0xCC, 0x00, 0x06, 0x00, 0x03, 0x80, 0x01, 0xC0, 0x00, 0x60, 0x00, 0x30, 0x00,
    0x00, 0x00, 0xC0, 0x20, 0xD8, 0x0E, 0x0D, 0x81, 0xC1, 0xE0, 0x18, 0xF0, 0x0F, 0xFE, 0x1F, 0xFF,
    0x03, 0xFE, 0x00, 0x41, 0xC0, 0x00, 0x18, 0x00, 0x03, 0x7E, 0x03, 0xFF, 0xE7, 0xFF, 0x80, 0xFD,
    0xC0, 0x00, 0x18, 0x00, 0x03, 0x00, 0x00, 0x60, 0x00, 0x0E, 0x00, 0x01, 0xC0, 0x00, 0x00, 0x00,
    0x00, 0x00, 0x00, 0xC0, 0x00, 0xE0, 0x00, 0x60, 0x40, 0x7F, 0xF0, 0x7F, 0xF8, 0x70, 0x1C, 0x78,
    0x0C, 0x78, 0x0E, 0x78, 0x07, 0x10, 0x07, 0x00, 0x07, 0x00, 0x03, 0x80, 0x03, 0x80, 0x07, 0x80,
    0x07, 0x80, 0x0F, 0x80, 0x1F, 0x00, 0x06, 0x00, 0x00, 0x00, 0x00, 0xC0, 0x30, 0x78, 0x06, 0x0D,
    0x81, 0xC0, 0xF0, 0x3F, 0xF0, 0x0F, 0xFF, 0x03, 0x81, 0xC0, 0xE0, 0x38, 0x38, 0x06, 0x0E, 0x01,
    0xC3, 0x80, 0x30, 0x00, 0x0E, 0x00, 0x03, 0x80, 0x00, 0xF0, 0x00, 0x3C, 0x00, 0x0F, 0x00, 0x07,
    0xC0, 0x03, 0xE0, 0x00, 0xF8, 0x00, 0x0C, 0x00, 0x00, 0x07, 0x00, 0x00, 0xE0, 0x00, 0x18, 0x00,
    0x07, 0x00, 0x00, 0xFF, 0xFC, 0x3F, 0xFF, 0x87, 0x0E, 0x01, 0xC1, 0xC0, 0x70, 0x38, 0x1C, 0x06,
    0x01, 0x81, 0xC0, 0x00, 0x38, 0x00, 0x06, 0x00, 0x01, 0xC0, 0x00, 0x70, 0x00, 0x1C, 0x00, 0x0F,
    0x80, 0x00, 0xC0, 0x00, 0x00, 0x00, 0x80, 0x00, 0x58, 0x18, 0x0F, 0x83, 0x01, 0xB0, 0xE0, 0x18,
    0x1C, 0x00, 0x07, 0xFF, 0xF0, 0xFF, 0xFE, 0x38, 0x38, 0x0E, 0x06, 0x03, 0xC0, 0xC0, 0x70, 0x38,
    0x00, 0x07, 0x00, 0x00, 0xC0, 0x00, 0x38, 0x00, 0x0E, 0x00, 0x03, 0xC0, 0x01, 0xF0, 0x00, 0x3C,
    0x00, 0x00, 0x00, 0x00, 0x00, 0x01, 0xFF, 0xFF, 0xFF, 0xF8, 0x00, 0x70, 0x00, 0xE0, 0x01, 0xC0,
    0x03, 0x80, 0x07, 0x00, 0x0E, 0x00, 0x1C, 0x00, 0x38, 0x00, 0x7F, 0xFF, 0xFF, 0xFF, 0xC0, 0x03,
    0x80, 0x02, 0x00, 0x01, 0x80, 0x03, 0x60, 0x00, 0x6C, 0x00, 0x1A, 0x7F, 0xFF, 0x1F, 0xFF, 0xC0,
    0x00, 0x70, 0x00, 0x1C, 0x00, 0x07, 0x00, 0x01, 0xC0, 0x00, 0x70, 0x00, 0x1C, 0x00, 0x07, 0x00,
    0x01, 0xC0, 0x00, 0x70, 0x00, 0x1C, 0x7F, 0xFF, 0x1F, 0xFF, 0xC0, 0x00, 0x70, 0x04, 0x0C, 0x01,
    0xC1, 0x80, 0x38, 0x30, 0x07, 0x06, 0x00, 0xE0, 0xC1, 0xFF, 0xFF, 0xFF, 0xFF, 0xF8, 0x70, 0x60,
    0x0E, 0x0C, 0x01, 0xC1, 0x80, 0x38, 0x30, 0x07, 0x0E, 0x00, 0x01, 0xC0, 0x00, 0x30, 0x00, 0x0E,
    0x00, 0x07, 0x80, 0x01, 0xE0, 0x00, 0x38, 0x00, 0x00, 0x00, 0x41, 0x81, 0xEC, 0x30, 0x37, 0x86,
    0x06, 0xF0, 0xC0, 0xC1, 0xFF, 0xFF, 0xBF, 0xFF, 0xF0, 0x60, 0x60, 0x0C, 0x0C, 0x01, 0x83, 0x80,
    0x30, 0x70, 0x06, 0x0E, 0x00, 0xC1, 0x80, 0x00, 0x70, 0x00, 0x0E, 0x00, 0x07, 0x80, 0x03, 0xE0,
    0x00, 0x78, 0x00, 0x04, 0x00, 0x00, 0x0C, 0x00, 0x07, 0x80, 0x00, 0xF8, 0x00, 0x0E, 0x00, 0x01,
    0x00, 0x38, 0x00, 0x6F, 0x80, 0x38, 0xF0, 0x0E, 0x18, 0x07, 0x00, 0x03, 0x80, 0x03, 0xC0, 0x01,
    0xE0, 0x01, 0xF0, 0x01, 0xF0, 0x07, 0xF8, 0x01, 0xF8, 0x00, 0x30, 0x00, 0x00, 0x00, 0x00, 0x00,
    0x80, 0x38, 0x38, 0x1B, 0x07, 0xC3, 0x70, 0x3C, 0x34, 0x01, 0x06, 0x18, 0x00, 0x23, 0xC0, 0x06,
    0x3C, 0x01, 0xC1, 0x80, 0x70, 0x10, 0x1C, 0x00, 0x07, 0x00, 0x03, 0xC0, 0x00, 0xF0, 0x00, 0x7C,
    0x00, 0x7E, 0x00, 0x3F, 0x00, 0x07, 0x80, 0x00, 0x3F, 0xFE, 0x1F, 0xFF, 0x00, 0x03, 0x00, 0x03,
    0x80, 0x01, 0x80, 0x01, 0xC0, 0x01, 0xC0, 0x01, 0xC0, 0x00, 0xF0, 0x01, 0xFC, 0x01, 0xEF, 0x01,
    0xE3, 0xC3, 0xE0, 0xF7, 0xC0, 0x3B, 0xC0, 0x0E, 0x80, 0x02, 0x00, 0x00, 0xC0, 0x00, 0x7C, 0x00,
    0x0D, 0x9F, 0xFF, 0xC3, 0xFF, 0xE0, 0x00, 0x1C, 0x00, 0x03, 0x00, 0x00, 0xE0, 0x00, 0x18, 0x00,
    0x07, 0x00, 0x01, 0xC0, 0x00, 0x78, 0x00, 0x1F, 0x80, 0x07, 0xB8, 0x01, 0xE3, 0x80, 0xF0, 0x38,
    0x3C, 0x07, 0x8F, 0x00, 0x71, 0x80, 0x06, 0x00, 0x06, 0x00, 0x01, 0xC0, 0x00, 0x60, 0x00, 0x18,
    0x00, 0x06, 0x07, 0x81, 0xBF, 0xF1, 0xFF, 0xFB, 0xFF, 0x0C, 0xFE, 0x07, 0x01, 0x83, 0x80, 0x61,
    0xC0, 0x18, 0x70, 0x06, 0x00, 0x01, 0x80, 0x00, 0x60, 0x00, 0x1E, 0x1E, 0x03, 0xFF, 0x80, 0x7F,
    0xC0, 0x00, 0x00, 0x60, 0x00, 0x16, 0x03, 0x01, 0xB0, 0x30, 0x1F, 0x03, 0x00, 0xC0, 0x30, 0x1C,
    0x03, 0x3F, 0xC0, 0x7F, 0xFC, 0x7F, 0xF1, 0x87, 0xF0, 0x38, 0x03, 0x07, 0x00, 0x30, 0xE0, 0x03,
    0x0C, 0x00, 0x30, 0x00, 0x03, 0x00, 0x00, 0x30, 0x00, 0x03, 0x83, 0xC0, 0x3F, 0xFC, 0x00, 0xFF,
    0x80, 0x60, 0x07, 0xE0, 0x07, 0x70, 0x07, 0x38, 0x06, 0x38, 0x0E, 0x1C, 0x0E, 0x1C, 0x0C, 0x00,
    0x1C, 0x00, 0x38, 0x00, 0x38, 0x00, 0x70, 0x00, 0xE0, 0x03, 0xC0, 0x07, 0x80, 0x1F, 0x00, 0x0C,
    0x00, 0x00, 0x01, 0x80, 0x03, 0x60, 0x00, 0x6D, 0x00, 0x1A, 0xE0, 0x06, 0x1C, 0x01, 0x87, 0x00,
    0xE0, 0xE0, 0x38, 0x38, 0x0C, 0x07, 0x07, 0x00, 0x01, 0xC0, 0x00, 0xE0, 0x00, 0x78, 0x00, 0x1C,
    0x00, 0x0E, 0x00, 0x0F, 0x00, 0x07, 0x80, 0x07, 0xC0, 0x00, 0xC0, 0x00, 0x00, 0x00, 0x00, 0x30,
    0x00, 0x1C, 0x00, 0x06, 0x04, 0x03, 0xFF, 0x81, 0xFF, 0xE0, 0xE0, 0x38, 0x78, 0x0C, 0x3D, 0x07,
    0x1E, 0xF1, 0xC6, 0x1E, 0xE0, 0x01, 0xF0, 0x00, 0x3C, 0x00, 0x1F, 0xC0, 0x0F, 0x70, 0x07, 0x88,
    0x07, 0xC0, 0x07, 0xC0, 0x01, 0xC0, 0x00, 0x00, 0x00, 0xC0, 0x30, 0x78, 0x07, 0x0D, 0x81, 0xC0,
    0xF0, 0x3F, 0xF8, 0x0F, 0xFF, 0x03, 0x80, 0xC0, 0xE0, 0x38, 0x3C, 0x07, 0x0F, 0x61, 0xC3, 0x8F,
    0x38, 0x20, 0xFE, 0x00, 0x07, 0x80, 0x00, 0xF8, 0x00, 0x3F, 0x80, 0x0F, 0x30, 0x07, 0xC0, 0x03,
    0xE0, 0x00, 0xF8, 0x00, 0x08, 0x00, 0x00, 0x00, 0x00, 0x00, 0x07, 0xE0, 0xFF, 0xFC, 0x1F, 0xF8,
    0x00, 0x06, 0x00, 0x00, 0xC0, 0x00, 0x18, 0x03, 0xFF, 0xFE, 0xFF, 0xFF, 0xC0, 0x1C, 0x00, 0x03,
    0x80, 0x00, 0x70, 0x00, 0x0C, 0x00, 0x03, 0x80, 0x00, 0xE0, 0x00, 0x3C, 0x00, 0x0F, 0x00, 0x01,
    0x80, 0x00, 0x00, 0x0E, 0x07, 0xFF, 0xC0, 0xFF, 0xF3, 0x1F, 0x61, 0xE0, 0x0C, 0x36, 0x01, 0x83,
    0x00, 0x30, 0x07, 0xFF, 0xFE, 0xFF, 0xFF, 0xC0, 0x18, 0x00, 0x03, 0x00, 0x00, 0xE0, 0x00, 0x18,
    0x00, 0x07, 0x00, 0x01, 0xC0, 0x00, 0xF0, 0x00, 0x1C, 0x00, 0x00, 0x00, 0x00, 0x07, 0x04, 0xC6,
    0x1D, 0x8C, 0x3B, 0x9C, 0x67, 0x19, 0xC6, 0x03, 0x88, 0x0E, 0x00, 0x18, 0x00, 0x70, 0x01, 0xC0,
    0x0F, 0x00, 0x7C, 0x01, 0xE0, 0x01, 0x80, 0x00, 0x03, 0x00, 0x61, 0x81, 0xF8, 0xE0, 0xFC, 0x30,
    0x66, 0x1C, 0x33, 0x8E, 0x38, 0xC0, 0x18, 0x60, 0x1C, 0x00, 0x0C, 0x00, 0x0E, 0x00, 0x0E, 0x00,
    0x0E, 0x00, 0x0E, 0x00, 0x1E, 0x00, 0x7E, 0x00, 0x3C, 0x00, 0x08, 0x00, 0x00, 0x00, 0x02, 0xC0,
    0x00, 0xFC, 0x00, 0x0D, 0x81, 0xC1, 0x8E, 0x18, 0x18, 0xC3, 0x83, 0x1C, 0x70, 0xE1, 0x86, 0x1C,
    0x38, 0xC3, 0x07, 0x00, 0xE0, 0x00, 0x18, 0x00, 0x07, 0x00, 0x01, 0xC0, 0x00, 0x78, 0x00, 0x1E,
    0x00, 0x07, 0x80, 0x03, 0xE0, 0x01, 0xF0, 0x00, 0x38, 0x00, 0x00, 0x1F, 0xFF, 0x03, 0xFF, 0xE0,
    0x00, 0x00, 0x00, 0x00, 0x00, 0x00, 0x00, 0x00, 0x00, 0x1F, 0xFF, 0xF3, 0xFF, 0xFE, 0x00, 0x60,
    0x00, 0x1C, 0x00, 0x03, 0x80, 0x00, 0x70, 0x00, 0x0C, 0x00, 0x03, 0x80, 0x00, 0xE0, 0x00, 0x78,
    0x00, 0x0E, 0x00, 0x00, 0x00, 0x00, 0x00, 0x00, 0xC0, 0x00, 0x36, 0x00, 0x03, 0xE1, 0xFF, 0xFA,
    0x1F, 0xFF, 0x80, 0x00, 0x00, 0x00, 0x00, 0x00, 0x00, 0x00, 0xFF, 0xFF, 0xCF, 0xFF, 0xFC, 0x00,
    0xE0, 0x00, 0x0E, 0x00, 0x00, 0xE0, 0x00, 0x0C, 0x00, 0x01, 0xC0, 0x00, 0x3C, 0x00, 0x03, 0x80,
    0x00, 0xF0, 0x00, 0x0E, 0x00, 0x00, 0x00, 0x00, 0x60, 0x06, 0x00, 0x60, 0x06, 0x00, 0x60, 0x07,
    0x00, 0x7E, 0x07, 0xF8, 0x67, 0xE6, 0x1F, 0x60, 0x26, 0x00, 0x60, 0x06, 0x00, 0x60, 0x06, 0x00,
    0x60, 0x00, 0xE0, 0x67, 0x1B, 0xB0, 0x6D, 0x83, 0xEC, 0x0C, 0x70, 0x03, 0xE0, 0x1F, 0xE0, 0xCF,
    0xC6, 0x1F, 0x30, 0x19, 0x80, 0x0C, 0x00, 0x60, 0x03, 0x00, 0x1C, 0x00, 0xE0, 0x00, 0x00, 0xC0,
    0x00, 0x30, 0x00, 0x0C, 0x00, 0x03, 0x00, 0x00, 0xC0, 0x3F, 0xFF, 0xFF, 0xFF, 0xFC, 0x03, 0x00,
    0x00, 0xC0, 0x00, 0x70, 0x00, 0x1C, 0x00, 0x07, 0x00, 0x03, 0x80, 0x00, 0xE0, 0x00, 0x70, 0x00,
    0x78, 0x00, 0x3C, 0x00, 0x06, 0x00, 0x00, 0x3F, 0xFF, 0x0F, 0xFF, 0xC0, 0x00, 0x00, 0x00, 0x00,
    0x00, 0x00, 0x00, 0x00, 0x00, 0x00, 0x00, 0x00, 0x00, 0x00, 0x00, 0x00, 0x00, 0x00, 0x00, 0x01,
    0xFF, 0xFF, 0x7F, 0xFF, 0xC0, 0x3F, 0xFE, 0x7F, 0xFE, 0x00, 0x0E, 0x00, 0x0C, 0x00, 0x1C, 0x1C,
    0x1C, 0x1F, 0x38, 0x07, 0xB8, 0x03, 0xF0, 0x00, 0xF0, 0x01, 0xF8, 0x03, 0xFC, 0x0F, 0x0E, 0x3E,
    0x06, 0x7C, 0x00, 0x70, 0x00, 0x00, 0xE0, 0x00, 0x1C, 0x00, 0x03, 0x80, 0x1F, 0xFF, 0x83, 0xFF,
    0xF0, 0x00, 0x1E, 0x00, 0x07, 0x80, 0x01, 0xE0, 0x00, 0x78, 0x00, 0x3C, 0x00, 0x1F, 0xB8, 0x1F,
    0xF7, 0xC7, 0xCE, 0x3C, 0xE1, 0xC1, 0x80, 0x38, 0x00, 0x07, 0x00, 0x00, 0xE0, 0x00, 0x1C, 0x00,
    0x00, 0x0E, 0x00, 0x1C, 0x00, 0x30, 0x00, 0xE0, 0x01, 0xC0, 0x07, 0x00, 0x0E, 0x00, 0x38, 0x00,
    0x70, 0x01, 0xC0, 0x07, 0x00, 0x1C, 0x00, 0xF0, 0x07, 0xC0, 0x1F, 0x00, 0x38, 0x00, 0x00, 0x08,
    0x00, 0xE3, 0x80, 0x1C, 0x70, 0x03, 0x06, 0x00, 0x60, 0xE0, 0x1C, 0x0C, 0x03, 0x81, 0xC0, 0x60,
    0x18, 0x1C, 0x03, 0x83, 0x80, 0x70, 0xE0, 0x06, 0x1C, 0x00, 0xE7, 0x00, 0x1C, 0xE0, 0x01, 0xB8,
    0x00, 0x30, 0x00, 0x00, 0x00, 0x00, 0x58, 0x00, 0x0D, 0x80, 0x05, 0xB0, 0x71, 0x98, 0x0C, 0x38,
    0x01, 0x83, 0x00, 0x70, 0x70, 0x0E, 0x0E, 0x01, 0x80, 0xE0, 0x30, 0x1C, 0x0E, 0x01, 0x81, 0x80,
    0x38, 0x70, 0x07, 0x0E, 0x00, 0x63, 0x80, 0x0E, 0xE0, 0x01, 0xDC, 0x00, 0x18, 0x00, 0x01, 0xE0,
    0x00, 0x36, 0x00, 0x03, 0x20, 0x71, 0xB6, 0x07, 0x1D, 0xE0, 0x61, 0xC0, 0x06, 0x0E, 0x00, 0xE0,
    0xE0, 0x0E, 0x06, 0x00, 0xC0, 0x70, 0x1C, 0x03, 0x01, 0xC0, 0x38, 0x38, 0x03, 0x83, 0x80, 0x18,
    0x70, 0x01, 0xC7, 0x00, 0x1C, 0xE0, 0x00, 0xC0, 0x00, 0x00, 0x40, 0x03, 0x80, 0x0E, 0x00, 0x38,
    0x00, 0xE0, 0x3B, 0x87, 0xEE, 0xFE, 0x3F, 0xE0, 0xFC, 0x03, 0x80, 0x0E, 0x00, 0x38, 0x00, 0xE0,
    0x03, 0x80, 0x06, 0x00, 0x5F, 0xFF, 0x3F, 0xFC, 0x00, 0x00, 0x00, 0x0F, 0x18, 0x06, 0xCC, 0x01,
    0xE6, 0x00, 0xC3, 0x00, 0xC1, 0x81, 0xE0, 0xC7, 0xF0, 0x7F, 0xC0, 0x3F, 0x80, 0x1C, 0x00, 0x0C,
    0x00, 0x06, 0x00, 0x03, 0x00, 0x01, 0x80, 0x00, 0xC0, 0x00, 0x78, 0x3C, 0x3F, 0xFE, 0x0F, 0xFF,
    0x00, 0x00, 0x0F, 0x30, 0x07, 0xD8, 0x02, 0x6C, 0x01, 0xF6, 0x00, 0xF3, 0x03, 0xC1, 0x87, 0xE0,
    0xFF, 0xC0, 0x7F, 0x00, 0x3C, 0x00, 0x18, 0x00, 0x0C, 0x00, 0x06, 0x00, 0x03, 0x00, 0x01, 0x80,
    0x00, 0xF0, 0x78, 0x7F, 0xFC, 0x1F, 0xFE, 0x00, 0xFF, 0xFF, 0xFF, 0xFC, 0x00, 0x38, 0x00, 0x70,
    0x00, 0xC0, 0x03, 0x80, 0x07, 0x00, 0x1C, 0x00, 0x38, 0x00, 0xE0, 0x03, 0x80, 0x0F, 0x00, 0x78,
    0x07, 0xE0, 0x0F, 0x00, 0x08, 0x00, 0x00, 0x00, 0x00, 0x00, 0xB0, 0x00, 0x1B, 0x00, 0x03, 0x6F,
    0xFF, 0xF1, 0xFF, 0xFE, 0x00, 0x01, 0xC0, 0x00, 0x30, 0x00, 0x0E, 0x00, 0x01, 0xC0, 0x00, 0x30,
    0x00, 0x0E, 0x00, 0x01, 0xC0, 0x00, 0x70, 0x00, 0x1C, 0x00, 0x07, 0x00, 0x03, 0xC0, 0x03, 0xF0,
    0x00, 0xFC, 0x00, 0x0C, 0x00, 0x00, 0x00, 0x03, 0xC0, 0x00, 0x6F, 0xFF, 0xFD, 0xFF, 0xFF, 0xE0,
    0x00, 0x70, 0x00, 0x0C, 0x00, 0x03, 0x80, 0x00, 0x70, 0x00, 0x0C, 0x00, 0x03, 0x80, 0x00, 0x70,
    0x00, 0x1C, 0x00, 0x07, 0x00, 0x01, 0xC0, 0x00, 0xF0, 0x00, 0xFC, 0x00, 0x3F, 0x00, 0x03, 0x00,
    0x00, 0x00, 0x00, 0x00, 0x70, 0x00, 0x1F, 0x00, 0x07, 0x70, 0x01, 0xE7, 0x00, 0x38, 0x70, 0x0E,
    0x07, 0x03, 0x80, 0x70, 0xE0, 0x07, 0x0C, 0x00, 0x70, 0x00, 0x07, 0x00, 0x00, 0xF0, 0x00, 0x0C,
    0x00, 0x00, 0x00, 0x00, 0x00, 0x00, 0x00, 0x30, 0x00, 0x37, 0x01, 0xC3, 0x60, 0x7C, 0x6C, 0x1D,
    0xC4, 0x07, 0x1C, 0x01, 0xE1, 0xC0, 0x38, 0x1C, 0x0E, 0x01, 0xC3, 0x80, 0x1C, 0x20, 0x03, 0xC0,
    0x00, 0x3C, 0x00, 0x03, 0xC0, 0x00, 0x30, 0x00, 0x00, 0x00, 0x00, 0x00, 0x00, 0xF0, 0x00, 0x1F,
    0x01, 0xC6, 0x60, 0x7C, 0x7C, 0x1D, 0xCF, 0x07, 0x1C, 0x01, 0xE1, 0xC0, 0x38, 0x1C, 0x0E, 0x01,
    0xC3, 0x80, 0x1C, 0x30, 0x03, 0xC0, 0x00, 0x3C, 0x00, 0x03, 0xC0, 0x00, 0x30, 0x00, 0x00, 0x00,
    0x60, 0x00, 0x1C, 0x00, 0x01, 0x80, 0x00, 0x30, 0x07, 0xFF, 0xFC, 0xFF, 0xFF, 0x80, 0x18, 0x00,
    0x03, 0x00, 0x0C, 0x67, 0x01, 0x8C, 0xE0, 0x71, 0x8E, 0x1C, 0x30, 0xE7, 0x06, 0x1C, 0xE0, 0xC1,
    0xD8, 0x18, 0x30, 0x07, 0x00, 0x07, 0xE0, 0x00, 0x78, 0x00, 0x00, 0x00, 0x00, 0x18, 0x58, 0x03,
    0x8F, 0x80, 0x71, 0xB0, 0x0E, 0x10, 0xFF, 0xFF, 0x9F, 0xFF, 0xF0, 0x07, 0x00, 0x00, 0xE0, 0x01,
    0x1C, 0x40, 0x73, 0x9C, 0x0C, 0x73, 0x83, 0x8E, 0x38, 0xE1, 0xC3, 0x38, 0x38, 0x77, 0x07, 0x06,
    0x00, 0xE0, 0x00, 0xF8, 0x00, 0x1F, 0x00, 0x00, 0x00, 0x03, 0xC0, 0x18, 0x7C, 0x03, 0x89, 0x80,
    0x71, 0xE0, 0x0E, 0x00, 0xFF, 0xFF, 0x9F, 0xFF, 0xF0, 0x07, 0x00, 0x00, 0xE0, 0x01, 0x1C, 0x40,
    0x73, 0x9C, 0x0C, 0x73, 0x83, 0x8E, 0x38, 0xE1, 0xC3, 0x38, 0x38, 0x77, 0x07, 0x06, 0x00, 0xE0,
    0x00, 0xF8, 0x00, 0x1F, 0x00, 0x00, 0x00, 0x00, 0x3F, 0xFF, 0xEF, 0xFF, 0xF8, 0x00, 0x0E, 0x00,
    0x07, 0x00, 0x03, 0x80, 0x81, 0xC0, 0x70, 0xE0, 0x1E, 0x78, 0x01, 0xF8, 0x00, 0x3C, 0x00, 0x07,
    0x00, 0x00, 0xE0, 0x00, 0x1C, 0x00, 0x03, 0x80, 0x00, 0xC0, 0x3F, 0x00, 0xFF, 0xC0, 0x3F, 0xC0,
    0x0F, 0x00, 0x00, 0xC0, 0x07, 0xF8, 0x0F, 0xFC, 0x01, 0xF8, 0x00, 0xC0, 0x00, 0x18, 0x00, 0xFE,
    0x03, 0xFF, 0x80, 0x7F, 0x80, 0x1E, 0x00, 0x08, 0x00, 0x00, 0x00, 0x38, 0x00, 0x07, 0x00, 0x00,
    0xC0, 0x00, 0x18, 0x00, 0x07, 0x00, 0x00, 0xE0, 0x00, 0x18, 0x00, 0x07, 0x04, 0x00, 0xE1, 0xC0,
    0x18, 0x18, 0x07, 0x03, 0x80, 0xE0, 0x38, 0x18, 0x0F, 0x07, 0xFF, 0xF7, 0xFF, 0xFE, 0xFF, 0x00,
    0xE0, 0x00, 0x18, 0x00, 0x0E, 0x00, 0x07, 0x00, 0x03, 0x03, 0x03, 0x81, 0xE1, 0xC0, 0x79, 0xC0,
    0x1E, 0xE0, 0x03, 0xE0, 0x00, 0xF0, 0x00, 0xFC, 0x00, 0xFF, 0x00, 0xF3, 0xC0, 0xF0, 0xF0, 0xF0,
    0x39, 0xF0, 0x09, 0xE0, 0x00, 0x40, 0x00, 0x00, 0x00, 0x00, 0x3F, 0xFF, 0x9F, 0xFF, 0xC0, 0x70,
    0x00, 0x38, 0x00, 0x1C, 0x00, 0x0E, 0x01, 0xFF, 0xFF, 0xFF, 0xFF, 0x81, 0xC0, 0x00, 0xE0, 0x00,
    0x70, 0x00, 0x38, 0x00, 0x1C, 0x00, 0x0F, 0xFE, 0x03, 0xFF, 0x18, 0x00, 0x1C, 0x00, 0x1C, 0x06,
    0x0C, 0xFE, 0x3F, 0xFE, 0xFF, 0x1C, 0xF6, 0x18, 0x06, 0x38, 0x07, 0x70, 0x07, 0x20, 0x03, 0x00,
    0x03, 0x00, 0x03, 0x80, 0x03, 0x80, 0x01, 0x80, 0x04, 0x00, 0x01, 0xC0, 0x00, 0x38, 0x00, 0x03,
    0x01, 0xE0, 0x6F, 0xFC, 0x3F, 0xFF, 0xBF, 0xF0, 0xE7, 0xD8, 0x38, 0x03, 0x8F, 0x00, 0x73, 0xC0,
    0x0E, 0x70, 0x00, 0xC0, 0x00, 0x1C, 0x00, 0x03, 0x80, 0x00, 0x30, 0x00, 0x06, 0x00, 0x00, 0xE0,
    0x00, 0x1C, 0x00, 0x3F, 0xF0, 0x7F, 0xF0, 0x00, 0xC0, 0x01, 0x80, 0x03, 0x00, 0x06, 0x00, 0x1C,
    0x00, 0x38, 0x00, 0x71, 0xFF, 0xFF, 0xFF, 0xF8, 0x00, 0x00, 0x03, 0xFF, 0xE0, 0x7F, 0xF8, 0x00,
    0x03, 0x00, 0x00, 0x60, 0x00, 0x1C, 0x00, 0x03, 0x80, 0x00, 0x70, 0x00, 0x0E, 0x00, 0x01, 0x80,
    0x00, 0x30, 0x00, 0x06, 0x0F, 0xFF, 0xFF, 0xFF, 0xFF, 0xC0, 0xFF, 0xF7, 0xFF, 0x80, 0x0C, 0x00,
    0x60, 0x03, 0x3F, 0xF9, 0xFF, 0xC0, 0x06, 0x00, 0x30, 0x01, 0x80, 0x0D, 0xFF, 0xEF, 0xFF, 0x00,
    0x18, 0xFF, 0xFF, 0xFF, 0xFC, 0x00, 0x38, 0x00, 0x70, 0x00, 0xE0, 0x01, 0xDF, 0xFF, 0xBF, 0xFF,
    0x00, 0x0E, 0x00, 0x1C, 0x00, 0x38, 0x00, 0x70, 0x00, 0xFF, 0xFF, 0xFF, 0xFF, 0x80, 0x07, 0x3F,
    0xFE, 0x1F, 0xFF, 0x00, 0x00, 0x00, 0x00, 0x00, 0x00, 0x03, 0xFF, 0xF9, 0xFF, 0xFC, 0x00, 0x0E,
    0x00, 0x07, 0x00, 0x03, 0x00, 0x03, 0x80, 0x03, 0x80, 0x03, 0x80, 0x07, 0x80, 0x0F, 0x80, 0x1F,
    0x80, 0x07, 0x00, 0x00, 0xE0, 0x3F, 0x01, 0xB8, 0x0D, 0xC0, 0x6E, 0x03, 0x70, 0x1B, 0x80, 0xDC,
    0x06, 0xE0, 0x37, 0x01, 0x90, 0x1C, 0x00, 0xE0, 0x0E, 0x00, 0xE0, 0x1E, 0x01, 0xE0, 0x0C, 0x00,
    0x0E, 0x30, 0x01, 0xC6, 0x00, 0x38, 0xC0, 0x07, 0x18, 0x00, 0xE3, 0x00, 0x1C, 0x60, 0x03, 0x8C,
    0x00, 0x61, 0x80, 0x0C, 0x30, 0x41, 0x86, 0x0C, 0x70, 0xC3, 0x8E, 0x19, 0xE3, 0x83, 0x78, 0xF0,
    0x7E, 0x3C, 0x0F, 0x07, 0x01, 0xC0, 0x00, 0x00, 0x00, 0xE0, 0x01, 0xC0, 0x03, 0x80, 0x07, 0x00,
    0x0E, 0x00, 0x1C, 0x00, 0x38, 0x00, 0x70, 0x03, 0xE0, 0x0F, 0xC0, 0x3B, 0x81, 0xE7, 0x0F, 0x8E,
    0x7C, 0x1F, 0xF0, 0x3F, 0x80, 0x38, 0x00, 0xFF, 0xFF, 0xFF, 0xFF, 0x00, 0x1E, 0x00, 0x3C, 0x00,
    0x78, 0x00, 0xF0, 0x01, 0xE0, 0x03, 0xC0, 0x07, 0x80, 0x0F, 0x00, 0x1E, 0x00, 0x3F, 0xFF, 0xFF,
    0xFF, 0xF0, 0x01, 0xE0, 0x03, 0x00, 0x00, 0xFF, 0xF9, 0xFF, 0xF3, 0x00, 0x66, 0x01, 0xCC, 0x03,
    0x98, 0x06, 0x00, 0x1C, 0x00, 0x38, 0x01, 0xE0, 0x07, 0x80, 0x3E, 0x00, 0xF8, 0x00, 0xC0, 0x00,
    0xFF, 0xFF, 0x7F, 0xFF, 0xB8, 0x00, 0xDC, 0x00, 0xEE, 0x00, 0x77, 0x00, 0x3B, 0x80, 0x19, 0xC0,
    0x1C, 0x00, 0x0E, 0x00, 0x0E, 0x00, 0x0F, 0x00, 0x0F, 0x00, 0x0F, 0x00, 0x1F, 0x00, 0x3E, 0x00,
    0x0C, 0x00, 0x00, 0x08, 0x00, 0x01, 0x80, 0x00, 0x30, 0x00, 0x06, 0x07, 0xFF, 0xFC, 0xFF, 0xFF,
    0x81, 0x83, 0x00, 0x30, 0x60, 0x06, 0x0C, 0x00, 0xC1, 0x80, 0x18, 0x30, 0x03, 0x06, 0x0F, 0xFF,
    0xFC, 0xFF, 0xFF, 0x80, 0x03, 0x00, 0x00, 0x60, 0x00, 0x0C, 0x00, 0x01, 0x80, 0x3F, 0xFF, 0xCF,
    0xFF, 0xF8, 0x00, 0x0E, 0x00, 0x61, 0xC0, 0x0C, 0x70, 0x01, 0x9C, 0x00, 0x37, 0x00, 0x06, 0x00,
    0x00, 0xC0, 0x00, 0x18, 0x00, 0x03, 0x00, 0x00, 0x60, 0x0F, 0xFF, 0xFF, 0xFF, 0xFF, 0xC0, 0x00,
    0x00, 0x00, 0x00, 0xFF, 0xFE, 0xFF, 0xFE, 0x00, 0x06, 0x00, 0x0E, 0x00, 0x0E, 0x7F, 0xFE, 0x7F,
    0xFC, 0x00, 0x1C, 0x00, 0x18, 0x00, 0x38, 0x00, 0x70, 0x00, 0xE0, 0x03, 0xC0, 0x0F, 0x80, 0x3F,
    0x00, 0x1C, 0x00, 0x30, 0x00, 0x1E, 0x00, 0x03, 0xC0, 0x00, 0x78, 0x00, 0x07, 0x01, 0x80, 0xC0,
    0x60, 0x00, 0x38, 0x00, 0x1C, 0x00, 0x0E, 0x00, 0x07, 0x80, 0x03, 0xC0, 0x03, 0xE0, 0x03, 0xE0,
    0x07, 0xF0, 0x07, 0xF0, 0x01, 0xE0, 0x00, 0x00, 0x01, 0x80, 0x63, 0x60, 0x18, 0x6C, 0x06, 0x1B,
    0x01, 0x82, 0x3F, 0xFF, 0xCF, 0xFF, 0xF3, 0x00, 0x1C, 0xC0, 0x07, 0x30, 0x01, 0x8C, 0x00, 0xE3,
    0x00, 0x38, 0x00, 0x1C, 0x00, 0x07, 0x00, 0x03, 0x80, 0x03, 0xC0, 0x03, 0xE0, 0x03, 0xF0, 0x00,
    0xF0, 0x00, 0x00, 0x00, 0x1C, 0x00, 0x70, 0x01, 0xC0, 0xFF, 0xFF, 0xFF, 0xF0, 0x60, 0xC1, 0x83,
    0x06, 0x1C, 0x38, 0x70, 0xC1, 0xC7, 0x06, 0x38, 0x19, 0xC7, 0xEE, 0x1F, 0x00, 0x00, 0x06, 0x00,
    0x0E, 0x00, 0x0E, 0x00, 0x0F, 0xFF, 0x1F, 0xFF, 0x38, 0x60, 0x70, 0x60, 0xF0, 0x60, 0x60, 0xE0,
    0x00, 0xC0, 0x01, 0xC0, 0x03, 0xC0, 0x07, 0x80, 0x0F, 0x00, 0x06, 0x00, 0x00, 0x00, 0x00, 0x03,
    0x60, 0x00, 0xD8, 0x00, 0x1B, 0x00, 0x06, 0x3F, 0xFF, 0xCF, 0xFF, 0xF3, 0x00, 0x1C, 0xC0, 0x07,
    0x30, 0x01, 0x8C, 0x00, 0x63, 0x00, 0x38, 0x00, 0x0E, 0x00, 0x07, 0x00, 0x03, 0xC0, 0x01, 0xE0,
    0x00, 0xF0, 0x00, 0xF8, 0x00, 0xFC, 0x00, 0x3C, 0x00, 0x04, 0x00, 0x00, 0x00, 0x00, 0x40, 0x00,
    0x68, 0x00, 0x77, 0x80, 0x0E, 0xF0, 0x01, 0xC0, 0xFF, 0xFF, 0x9F, 0xFF, 0xF0, 0x30, 0xE0, 0x06,
    0x1C, 0x00, 0xC3, 0x80, 0x18, 0x70, 0x03, 0x0E, 0x00, 0x61, 0xC1, 0xFF, 0xFF, 0xBF, 0xFF, 0xF0,
    0x00, 0xE0, 0x00, 0x1C, 0x00, 0x03, 0x80, 0x00, 0x70, 0x00, 0x00, 0x00, 0xC0, 0x00, 0xD8, 0x00,
    0x0D, 0x80, 0x01, 0x87, 0xFF, 0xFC, 0xFF, 0xFF, 0x00, 0x00, 0xE0, 0x06, 0x38, 0x00, 0xCE, 0x00,
    0x1B, 0x80, 0x03, 0x20, 0x00, 0x60, 0x00, 0x0C, 0x00, 0x01, 0x80, 0x00, 0x30, 0x00, 0x06, 0x00,
    0xFF, 0xFF, 0xDF, 0xFF, 0xF8, 0x00, 0x00, 0x00, 0x03, 0x60, 0x00, 0xD8, 0x00, 0x1B, 0xFF, 0xFE,
    0x3F, 0xFF, 0xC0, 0x00, 0x70, 0x00, 0x18, 0x00, 0x06, 0x00, 0x03, 0x87, 0xFF, 0xE1, 0xFF, 0xF0,
    0x00, 0x1C, 0x00, 0x06, 0x00, 0x03, 0x80, 0x01, 0xC0, 0x00, 0xE0, 0x00, 0xF0, 0x01, 0xF8, 0x00,
    0x78, 0x00, 0x08, 0x00, 0x00, 0x77, 0xFF, 0xF6, 0x00, 0x00, 0x00, 0x7F, 0xFF, 0xFF, 0xFF, 0xE0,
    0xE0, 0x3C, 0x07, 0x80, 0xF0, 0x1C, 0x03, 0x80, 0x70, 0x0E, 0x03, 0xC0, 0x60, 0x00, 0x00, 0x0E,
    0x03, 0x60, 0x3F, 0x61, 0xBF, 0x18, 0x78, 0x03, 0xC0, 0x1E, 0x00, 0xF0, 0x07, 0x80, 0x38, 0x01,
    0xC0, 0x0C, 0xFF, 0xFF, 0xFF, 0xC0, 0x0E, 0x00, 0x70, 0x03, 0x80, 0x1C, 0x00, 0xE0, 0x07, 0x00,
    0x38, 0x01, 0xC0, 0x0E, 0x00, 0x70, 0x03, 0x80, 0x1C, 0x00, 0xE0, 0x07, 0x00, 0x38, 0x00, 0x00,
    0x7F, 0xFF, 0xF7, 0xFF, 0xFF, 0x00, 0xC0, 0x00, 0x18, 0x00, 0x03, 0x00, 0x00, 0x60, 0x00, 0x0C,
    0x00, 0x01, 0x80, 0x00, 0x30, 0x00, 0x07, 0xFE, 0x00, 0xFF, 0xC0, 0x18, 0x00, 0x03, 0x00, 0x00,
    0x60, 0x00, 0x0C, 0x00, 0x01, 0x80, 0x00, 0x30, 0x00, 0x06, 0x00, 0x00, 0xC0, 0x1F, 0xFF, 0xFF,
    0xFF, 0xFF, 0x80, 0xFF, 0xFF, 0xFF, 0xFF, 0xFC, 0x03, 0x00, 0x00, 0x60, 0x00, 0x0C, 0x00, 0x01,
    0xE0, 0x00, 0x3F, 0x00, 0x06, 0xF0, 0x00, 0xCF, 0x80, 0x18, 0x78, 0x03, 0x06, 0x00, 0x60, 0x00,
    0x0C, 0x00, 0x01, 0x80, 0x00, 0x30, 0x00, 0x06, 0x00, 0x00, 0xC0, 0x00, 0x18, 0x00, 0xFF, 0xFF,
    0xFF, 0xFF, 0xFC, 0x03, 0x00, 0x00, 0x60, 0x07, 0xFF, 0xFC, 0xFF, 0xFF, 0x98, 0x30, 0x33, 0x66,
    0x66, 0x6C, 0xCC, 0xCD, 0x99, 0x99, 0xB3, 0x33, 0x36, 0x66, 0x66, 0xFF, 0xCC, 0xDF, 0xF9, 0x9B,
    0x03, 0x33, 0x00, 0x06, 0x60, 0x07, 0xCC, 0x00, 0xF0, 0x00, 0xC0, 0x00, 0x38, 0x00, 0x0E, 0x00,
    0x03, 0x80, 0x7F, 0xFF, 0xDF, 0xFF, 0xF6, 0x0E, 0x0D, 0x83, 0x83, 0x60, 0xE0, 0xD8, 0x38, 0x36,
    0x0E, 0x0D, 0xFF, 0xFF, 0x7F, 0xFF, 0xD8, 0x38, 0x30, 0x0E, 0x00, 0x03, 0x80, 0x00, 0xE0, 0x00,
    0x38, 0x00, 0x0E, 0x00, 0x03, 0x00, 0x00, 0x00, 0x7F, 0xFF, 0xFF, 0xFF, 0xC0, 0x01, 0xC0, 0x01,
    0xC0, 0x03, 0xC0, 0x07, 0xC0, 0x03, 0x80, 0x01, 0xC0, 0x00, 0xE0, 0x00, 0x70, 0x00, 0x38, 0x00,
    0x1C, 0x00, 0x0E, 0x00, 0x07, 0x00, 0x03, 0x80, 0x01, 0xC0, 0x0F, 0xC0, 0x07, 0xC0, 0x00, 0x06,
    0x06, 0x00, 0x30, 0x30, 0x03, 0xB1, 0x80, 0x19, 0x8C, 0x01, 0xCC, 0x6E, 0x0C, 0x63, 0xF0, 0xE3,
    0x7F, 0x8F, 0x1F, 0xCC, 0xFB, 0xF6, 0x66, 0xFE, 0x33, 0x06, 0xB1, 0x98, 0x31, 0x8C, 0xC1, 0x8C,
    0x7E, 0x0C, 0x63, 0xF0, 0x63, 0x18, 0x03, 0x18, 0x06, 0x18, 0xC0, 0x30, 0xC7, 0x03, 0x86, 0x3F,
    0xFC, 0x30, 0x7F, 0xC0, 0x02, 0x01, 0x80, 0x70, 0x1C, 0x06, 0x01, 0xC0, 0xE0, 0x1C, 0x0C, 0x01,
    0xC1, 0xDF, 0xFF, 0x3D, 0xFF, 0xF3, 0xC0, 0x1C, 0x7C, 0x01, 0xC7, 0xCE, 0x1C, 0x5C, 0x61, 0xC1,
    0xC7, 0x1C, 0x1C, 0x39, 0xC1, 0xC1, 0x9C, 0x1C, 0x19, 0xC1, 0xC0, 0x1C, 0x1C, 0x01, 0xC1, 0xC0,
    0x1C, 0x1C, 0x1F, 0x80, 0xC1, 0xF0, 0x06, 0x0C, 0x00, 0x66, 0xE0, 0x0E, 0xEE, 0x00, 0xCC, 0xE0,
    0x1C, 0xFF, 0xE1, 0x8F, 0xFE, 0x39, 0x8E, 0x07, 0x98, 0xE0, 0xFB, 0x8E, 0x07, 0x90, 0xE0, 0x58,
    0x0E, 0x01, 0xBF, 0xFF, 0x1B, 0xFF, 0xF1, 0x80, 0xE0, 0x18, 0x0E, 0x01, 0x80, 0xE0, 0x18, 0x0E,
    0x01, 0x80, 0xE0, 0x18, 0x0E, 0x01, 0x80, 0xC0, 0x06, 0x0C, 0x00, 0x30, 0x60, 0x03, 0x83, 0x00,
    0x18, 0x18, 0x01, 0xDF, 0xFF, 0x0D, 0xFF, 0xF8, 0xE0, 0x00, 0x0F, 0x18, 0x18, 0xF8, 0xE0, 0xC6,
    0xC3, 0x0E, 0x06, 0x18, 0x60, 0x30, 0xC3, 0x01, 0x87, 0x18, 0x0C, 0x39, 0xC0, 0x60, 0xCC, 0x03,
    0x06, 0x60, 0x18, 0x07, 0x00, 0xDF, 0xFF, 0x86, 0xFF, 0xFC, 0x30, 0x00, 0x00, 0x06, 0x0C, 0x00,
    0x70, 0x60, 0x03, 0x03, 0x00, 0x38, 0x18, 0x01, 0xFF, 0xFF, 0x1D, 0xFF, 0xF8, 0xE0, 0x78, 0x0F,
    0x07, 0xE0, 0xF8, 0x3F, 0x03, 0xC3, 0xF8, 0x16, 0x1B, 0x60, 0x31, 0xDB, 0x81, 0x9C, 0xCC, 0x0C,
    0xC6, 0x70, 0x6F, 0xFF, 0xC3, 0xFF, 0xF6, 0x1A, 0x0C, 0x10, 0xC0, 0x60, 0x06, 0x03, 0x00, 0x30,
    0x18, 0x00, 0x00, 0x70, 0x00, 0x07, 0xC0, 0x00, 0x7F, 0x00, 0x07, 0x3C, 0x00, 0x70, 0x70, 0x0F,
    0x01, 0xE1, 0xFF, 0xFF, 0xCF, 0xFF, 0xEE, 0x60, 0x70, 0x20, 0x03, 0x80, 0x00, 0x1C, 0x00, 0x7F,
    0xFF, 0xC3, 0xFF, 0xFE, 0x02, 0x39, 0x00, 0x39, 0xDC, 0x03, 0x8E, 0x78, 0x38, 0x70, 0xE3, 0x83,
    0x83, 0x98, 0xF8, 0x08, 0x03, 0x80, 0x00, 0x02, 0x10, 0x00, 0x39, 0xC0, 0x01, 0x8C, 0x00, 0x1C,
    0xE0, 0x00, 0xC7, 0xFF, 0x0E, 0x7F, 0xF8, 0xF3, 0x30, 0x07, 0xB9, 0x80, 0x7F, 0x8F, 0xF3, 0xE8,
    0x7F, 0x97, 0x03, 0x00, 0x38, 0x18, 0x01, 0xC0, 0xC0, 0x0E, 0x07, 0xF8, 0x70, 0x3F, 0xC3, 0x81,
    0x80, 0x1C, 0x0C, 0x00, 0xE0, 0x60, 0x07, 0x03, 0x00, 0x38, 0x18, 0x00, 0x06, 0x0C, 0x00, 0x30,
    0x60, 0x03, 0xFF, 0xFC, 0x1F, 0xFF, 0xE1, 0xC0, 0xC0, 0x1C, 0x06, 0x00, 0xE7, 0xFF, 0xCF, 0x3F,
    0xFE, 0xF9, 0x8C, 0x72, 0xCC, 0x63, 0x86, 0x7F, 0xFC, 0x33, 0xFF, 0xE1, 0x98, 0xC0, 0x0C, 0xE6,
    0x00, 0x63, 0xF0, 0x03, 0x0F, 0x00, 0x18, 0x7E, 0x00, 0xCF, 0xFE, 0x06, 0xF0, 0xFC, 0x36, 0x00,
    0xE0, 0x06, 0x00, 0x00, 0x37, 0xFF, 0x03, 0xBF, 0xF8, 0x19, 0x80, 0xC1, 0xCC, 0x06, 0x0C, 0x60,
    0x30, 0xE3, 0xFF, 0x8F, 0x1F, 0xFC, 0xF8, 0x0C, 0x02, 0xC0, 0x60, 0x06, 0xFF, 0xFC, 0x37, 0xFF,
    0xE1, 0x81, 0xF0, 0x0C, 0x1F, 0xC0, 0x61, 0xF6, 0x03, 0x1D, 0xB8, 0x19, 0xCC, 0xF0, 0xFC, 0x63,
    0xC6, 0xC3, 0x0C, 0x30, 0x18, 0x00, 0x06, 0x00, 0x00, 0x37, 0xFE, 0x03, 0xBF, 0xF0, 0x18, 0x00,
    0x01, 0xFF, 0xFF, 0x1D, 0xFF, 0xF8, 0xE0, 0x00, 0x0F, 0x1F, 0xFC, 0xF8, 0xFF, 0xE2, 0xC0, 0x00,
    0x06, 0x3F, 0xF8, 0x31, 0xFF, 0x81, 0x80, 0x00, 0x0C, 0x7F, 0xF0, 0x63, 0xFF, 0x83, 0x18, 0x0C,
    0x18, 0xC0, 0x60, 0xC7, 0xFF, 0x06, 0x3F, 0xF8, 0x31, 0x80, 0xC0, 0x0C, 0x21, 0x80, 0x63, 0x8C,
    0x03, 0xFF, 0xFC, 0x3F, 0xFF, 0xE1, 0x87, 0x18, 0x1C, 0x38, 0xC0, 0xEF, 0xFF, 0xCF, 0x7F, 0xFE,
    0xFB, 0x80, 0x06, 0xDF, 0xFF, 0x96, 0xFF, 0xFC, 0x37, 0xCC, 0x61, 0xBF, 0xFF, 0x0D, 0xB3, 0x98,
    0x6D, 0x98, 0xC3, 0x6F, 0xFE, 0x1B, 0x67, 0x30, 0xFB, 0x31, 0x87, 0x99, 0xBC, 0x3C, 0xC1, 0xE0,
    0x00, 0x00, 0x00, 0x0C, 0x00, 0x00, 0x61, 0xFF, 0x87, 0xCF, 0xFC, 0x36, 0x06, 0x01, 0xB1, 0xFE,
    0x1D, 0xAF, 0xF8, 0xEF, 0xE1, 0xCF, 0x7B, 0xFE, 0xFB, 0x9F, 0xF6, 0xD8, 0xC3, 0x96, 0xC6, 0x1C,
    0x36, 0x3F, 0xE1, 0xB7, 0xFF, 0x0D, 0xBC, 0x38, 0x6D, 0xFF, 0xC3, 0x7F, 0xFC, 0x19, 0xDC, 0xC0,
    0xC1, 0xE7, 0x86, 0x1C, 0x1C, 0x30, 0xC0, 0x60, 0x0C, 0x60, 0x00, 0x63, 0xF0, 0x03, 0x3F, 0xC0,
    0x3B, 0x8E, 0x01, 0xBF, 0xFE, 0x1F, 0xFF, 0xF8, 0xFE, 0x31, 0xCF, 0x31, 0x8E, 0xF9, 0xFF, 0xF6,
    0xCF, 0xFF, 0x16, 0x7F, 0xDC, 0x37, 0xB7, 0xE1, 0xB3, 0xFC, 0x0C, 0x7F, 0xC0, 0x6F, 0x3F, 0x03,
    0x67, 0xF8, 0x18, 0x76, 0xE0, 0xCF, 0x33, 0x87, 0xFF, 0x8C, 0x34, 0xF8, 0x00, 0x00, 0x70, 0x00,
    0xE7, 0x00, 0x0E, 0x70, 0x00, 0xFF, 0xFC, 0x1F, 0xFF, 0xC1, 0x87, 0x00, 0x38, 0x70, 0x03, 0x07,
    0x00, 0x10, 0x70, 0x07, 0xFF, 0xFF, 0x7F, 0xFF, 0xF0, 0x38, 0xC0, 0x03, 0x0C, 0x00, 0x30, 0xC0,
    0x07, 0x0C, 0x00, 0x70, 0xC3, 0x0E, 0x0C, 0x31, 0xC0, 0xC3, 0x78, 0x0F, 0xF7, 0x00, 0x7E, 0x00,
    0x60, 0x01, 0x87, 0x0C, 0x18, 0x70, 0xC1, 0xC7, 0x1C, 0x0C, 0x71, 0x80, 0xE7, 0x38, 0x06, 0x73,
    0x00, 0x47, 0x00, 0x7F, 0xFF, 0xF7, 0xFF, 0xFF, 0x03, 0x8C, 0x00, 0x30, 0xC0, 0x03, 0x0C, 0x00,
    0x30, 0xC0, 0x07, 0x0C, 0x20, 0x60, 0xC3, 0x1E, 0x0C, 0x33, 0xC0, 0xC3, 0x78, 0x0F, 0xF6, 0x00,
    0x7E, 0x0F, 0xF0, 0x00, 0x7F, 0x80, 0x00, 0x0C, 0x00, 0x00, 0x60, 0x00, 0x07, 0x00, 0x00, 0x38,
    0x00, 0x03, 0xE0, 0x00, 0x1F, 0x00, 0x00, 0xD8, 0x00, 0x0E, 0xE0, 0x00, 0x77, 0x00, 0x07, 0x1C,
    0x00, 0x30, 0xE0, 0x03, 0x83, 0x80, 0x38, 0x0E, 0x03, 0x80, 0x38, 0x78, 0x00, 0xF3, 0x80, 0x03,
    0x88, 0x00, 0x08, 0x00, 0x70, 0x00, 0x07, 0x80, 0x00, 0x7E, 0x00, 0x07, 0x38, 0x00, 0x78, 0xE0,
    0x07, 0x83, 0xC0, 0x78, 0x0F, 0x0F, 0x00, 0x1E, 0x7F, 0xFF, 0xF2, 0x7F, 0xFC, 0x00, 0x1C, 0x00,
    0x00, 0xE0, 0x01, 0xFF, 0xFC, 0x0F, 0xFF, 0xE0, 0x01, 0xC0, 0x00, 0x0E, 0x00, 0x00, 0x70, 0x03,
    0xFF, 0xFF, 0x9F, 0xFF, 0xFC, 0x01, 0xC0, 0x00, 0xE0, 0x00, 0x70, 0x00, 0x38, 0x0F, 0xFF, 0xFF,
    0xFF, 0xFF, 0x06, 0x07, 0x83, 0x03, 0xC1, 0xC1, 0xE1, 0xF0, 0xF0, 0xFC, 0x78, 0xE7, 0x3C, 0xE1,
    0xDE, 0xE0, 0x7F, 0xE0, 0x3F, 0xA0, 0x03, 0xC0, 0x01, 0xE0, 0x00, 0xF0, 0x07, 0xF8, 0x01, 0xE0,
    0x7F, 0xFF, 0xE3, 0xFF, 0xFF, 0x80, 0x18, 0x00, 0x00, 0xC0, 0x01, 0xFF, 0xFC, 0x0F, 0xFF, 0xE0,
    0x61, 0x83, 0x03, 0x0C, 0x18, 0x1F, 0xFF, 0xC0, 0xFF, 0xFE, 0x06, 0x18, 0x30, 0x30, 0xC1, 0x8F,
    0xFF, 0xFF, 0x3F, 0xFF, 0xF8, 0x60, 0x03, 0x03, 0x00, 0x18, 0x18, 0x00, 0xC0, 0xC0, 0x7E, 0x06,
    0x01, 0xE0, 0x01, 0x80, 0x00, 0xC0, 0x18, 0x60, 0xCC, 0x30, 0x66, 0x18, 0x33, 0x0C, 0x19, 0x86,
    0x0C, 0xC3, 0x06, 0x7F, 0xFF, 0x3F, 0xFF, 0x80, 0x60, 0x18, 0x30, 0x3C, 0x18, 0x1E, 0x0C, 0x0F,
    0x06, 0x07, 0x83, 0x03, 0xC1, 0x81, 0xFF, 0xFF, 0xFF, 0xFF, 0xF8, 0x00, 0x30, 0x00, 0x00, 0x00,
    0x1C, 0x70, 0x00, 0xC1, 0x80, 0x0E, 0x0E, 0x00, 0xE0, 0x38, 0x06, 0x00, 0xE0, 0x70, 0x07, 0x87,
    0x00, 0x1E, 0xFF, 0xFF, 0xF3, 0x7F, 0xFD, 0x80, 0x30, 0x60, 0x03, 0x83, 0x00, 0x1C, 0x18, 0x00,
    0xC0, 0xC0, 0x0E, 0x06, 0x00, 0x60, 0x70, 0x0F, 0x03, 0x80, 0xF0, 0x18, 0x1F, 0x0F, 0xC0, 0x60,
    0x7C, 0x00, 0x10, 0x00, 0x01, 0x80, 0x00, 0x18, 0xFF, 0xF1, 0x8F, 0xFF, 0x18, 0x0C, 0x31, 0xBC,
    0xC3, 0x7F, 0xCC, 0x3F, 0xE1, 0xC7, 0x58, 0x1C, 0x71, 0x81, 0xC7, 0x18, 0x18, 0x71, 0x99, 0x87,
    0x19, 0xD8, 0x71, 0x9B, 0x87, 0x1F, 0xB0, 0x60, 0xF7, 0x06, 0x00, 0xE0, 0x60, 0x1E, 0x0E, 0x03,
    0xC7, 0xE0, 0x18, 0x7C, 0x07, 0x00, 0x00, 0x70, 0x06, 0x07, 0x00, 0x67, 0xFF, 0x66, 0x7F, 0xF6,
    0x60, 0xE0, 0x66, 0x1C, 0xC6, 0x67, 0x8C, 0x66, 0x79, 0x86, 0x61, 0xF0, 0x66, 0x0F, 0x36, 0x61,
    0xE7, 0x66, 0x38, 0xE6, 0x67, 0x1C, 0x66, 0x23, 0x86, 0x60, 0x7C, 0x06, 0x1E, 0xE0, 0x67, 0xC7,
    0x06, 0x70, 0x33, 0xE4, 0x00, 0x3C, 0x0C, 0x00, 0xD9, 0x9C, 0x1B, 0xB3, 0x23, 0x36, 0x6E, 0x66,
    0xD9, 0xCC, 0xDB, 0x39, 0xBF, 0xF7, 0x37, 0xFE, 0xE6, 0xE0, 0xDC, 0xDF, 0xFB, 0x9B, 0xFF, 0x73,
    0x70, 0x6E, 0x6E, 0x0D, 0xCD, 0xFF, 0xB9, 0xBF, 0xF2, 0x37, 0x06, 0x06, 0xE0, 0xC0, 0xDC, 0x18,
    0x1B, 0x9F, 0x1F, 0x33, 0xC3, 0xC0, 0x18, 0x07, 0x03, 0x80, 0xE0, 0x38, 0x38, 0x7F, 0xFF, 0xFF,
    0xFF, 0xFE, 0x00, 0x00, 0x00, 0x00, 0x33, 0xFC, 0xCE, 0x7F, 0x99, 0xCC, 0x33, 0x39, 0xFE, 0x67,
    0x3F, 0xCC, 0xE6, 0x19, 0x9C, 0xFF, 0x33, 0x9F, 0xE6, 0x73, 0x0C, 0xCE, 0x61, 0x81, 0xCC, 0x30,
    0x39, 0x9E, 0x3F, 0x33, 0x83, 0xC0, 0x00, 0x00, 0xDF, 0xFE, 0x1F, 0xFF, 0xDB, 0x80, 0x03, 0x77,
    0xFE, 0x6E, 0xFF, 0xCD, 0xD8, 0x19, 0xBB, 0xFF, 0x37, 0x7F, 0xE6, 0xE0, 0x00, 0xDD, 0xFF, 0x9B,
    0xFF, 0xFB, 0x7E, 0x63, 0x6F, 0xFF, 0xED, 0xFF, 0xFD, 0xBF, 0x31, 0x87, 0xE6, 0x30, 0xFF, 0xFE,
    0x1F, 0xFF, 0xDF, 0x20, 0x13, 0xE0, 0x06, 0x00, 0x41, 0xC0, 0x1F, 0xFF, 0xC3, 0xFF, 0xFE, 0x7C,
    0xE7, 0xCF, 0xFF, 0xD9, 0xDF, 0xF3, 0x38, 0x70, 0x67, 0x7F, 0xCC, 0xE7, 0xF1, 0x9F, 0xFF, 0xB3,
    0xFF, 0xF6, 0x70, 0x00, 0xCE, 0xFF, 0x99, 0xDF, 0xF0, 0x3B, 0x06, 0x07, 0x60, 0xC0, 0xEF, 0xF8,
    0x1D, 0xFF, 0x1F, 0x30, 0x23, 0xE0, 0x01, 0x80, 0x00, 0x70, 0x00, 0x1C, 0x00, 0x07, 0x00, 0x01,
    0xC0, 0x3F, 0xFF, 0xFF, 0xFF, 0xFC, 0x06, 0x03, 0x01, 0x80, 0xC0, 0x60, 0x30, 0x38, 0x0C, 0x0C,
    0x07, 0x07, 0x01, 0xC1, 0xC0, 0x70, 0xE0, 0x1C, 0x70, 0x06, 0x3C, 0x01, 0x9E, 0x00, 0xEF, 0x03,
    0xF9, 0x00, 0x78, 0x00, 0x0C, 0x00, 0x00, 0xC0, 0x00, 0x0C, 0x07, 0xF8, 0xC0, 0x7F, 0x8C, 0x00,
    0xCF, 0xFF, 0x0C, 0x7F, 0xF0, 0xC0, 0xC3, 0x0C, 0x0C, 0x30, 0xC0, 0xC3, 0x0C, 0x1C, 0x70, 0xC1,
    0x87, 0x0F, 0x98, 0x73, 0xFB, 0x87, 0x7E, 0x38, 0x66, 0x07, 0x06, 0x00, 0xE0, 0x60, 0x1E, 0x0E,
    0x03, 0xC7, 0xE0, 0x10, 0x7C, 0x0C, 0x00, 0x00, 0xC0, 0x00, 0x0C, 0x00, 0x00, 0xC0, 0xFE, 0x7F,
    0xCF, 0xE7, 0xFE, 0xC6, 0x0C, 0xEC, 0x60, 0xCE, 0xC6, 0x1C, 0xEC, 0x61, 0xCC, 0xC6, 0x1C, 0xCC,
    0x61, 0x8C, 0xC6, 0x18, 0xCC, 0x61, 0x8C, 0xC6, 0x38, 0xCC, 0x63, 0x0C, 0xC6, 0x30, 0xCF, 0xE7,
    0x1C, 0xFE, 0xE7, 0xCC, 0x64, 0x78, 0xC6, 0x06, 0x02, 0x00, 0x60, 0x60, 0x06, 0x06, 0x07, 0xFF,
    0x60, 0x7F, 0xE6, 0x01, 0x9B, 0xFF, 0x38, 0xDF, 0xF3, 0x0E, 0x63, 0x70, 0x66, 0x3E, 0x1E, 0x63,
    0x59, 0x86, 0x71, 0xF8, 0xE7, 0x0F, 0x0C, 0x70, 0x70, 0xC7, 0x0F, 0x8C, 0x70, 0xDD, 0xC6, 0x3C,
    0xF8, 0x67, 0x83, 0x86, 0xF0, 0x73, 0xE4, 0x02, 0x3C, 0x00, 0x42, 0x07, 0xFE, 0x70, 0x7F, 0xC7,
    0x00, 0x60, 0x70, 0xFF, 0xF6, 0x07, 0xFF, 0xFF, 0x07, 0xFF, 0xF7, 0xFE, 0x63, 0x66, 0x66, 0x37,
    0xFE, 0x63, 0x66, 0x66, 0x36, 0x66, 0x67, 0x7F, 0xEE, 0x70, 0x60, 0xC7, 0x7F, 0xEC, 0x77, 0xFF,
    0xC6, 0x07, 0xF8, 0x67, 0xFF, 0x86, 0x7E, 0x73, 0xE0, 0x06, 0x3C, 0x02, 0x20, 0x00, 0x19, 0x80,
    0x01, 0xCC, 0x00, 0x0C, 0x60, 0x00, 0xE3, 0x06, 0x0E, 0x18, 0x70, 0x70, 0xC7, 0x87, 0x86, 0xF0,
    0x7C, 0x3F, 0x07, 0x61, 0xE0, 0x13, 0x0C, 0x00, 0x18, 0x60, 0x00, 0xC3, 0x00, 0x06, 0x18, 0x00,
    0x30, 0xC0, 0xC1, 0x86, 0x06, 0x0C, 0x30, 0x30, 0x61, 0x81, 0x83, 0x0F, 0xFC, 0x18, 0x3F, 0xC0,
    0x3F, 0xFF, 0xF1, 0xFF, 0xFF, 0x8E, 0x06, 0x00, 0x70, 0x70, 0x03, 0xBF, 0xFC, 0x1D, 0xFF, 0xE0,
    0xEC, 0x03, 0x07, 0x7F, 0xF8, 0x3B, 0xFF, 0xC1, 0xD8, 0x06, 0x0C, 0xFF, 0xF0, 0x67, 0xFF, 0x83,
    0x19, 0x98, 0x19, 0xCC, 0xE1, 0xCC, 0x63, 0x8F, 0xE3, 0x0E, 0x6E, 0x18, 0x33, 0x47, 0xC1, 0x00,
    0x3C, 0x00, 0x00, 0xC0, 0x00, 0x1C, 0x00, 0x03, 0x80, 0x3F, 0xFF, 0xE7, 0xFF, 0xFC, 0x01, 0xC0,
    0x00, 0x38, 0x00, 0x07, 0x00, 0x00, 0xE0, 0x1F, 0xFF, 0xFF, 0xFF, 0xFF, 0x81, 0xC0, 0x00, 0x70,
    0xC0, 0x0E, 0x1C, 0x01, 0x81, 0xC0, 0x70, 0x1C, 0x0F, 0xFF, 0xCF, 0xFF, 0xF9, 0xFF, 0xE3, 0x80,
    0x00, 0x60, 0x3F, 0xFF, 0xC7, 0xFF, 0xF8, 0xC0, 0x00, 0x18, 0x00, 0x03, 0x00, 0x00, 0x60, 0x00,
    0x0F, 0xFF, 0xE1, 0xFF, 0xFC, 0x33, 0x03, 0x06, 0x60, 0xE0, 0xCE, 0x18, 0x18, 0xE7, 0x03, 0x0F,
    0xC0, 0xE1, 0xF0, 0x1C, 0x1E, 0x03, 0x0F, 0xF0, 0xEF, 0xCF, 0xDB, 0xE0, 0xFD, 0x30, 0x03, 0x00,
    0x03, 0x00, 0x00, 0x18, 0x00, 0x0C, 0xDF, 0xFC, 0x66, 0xFF, 0xE3, 0x33, 0x06, 0x19, 0x98, 0x30,
    0xCC, 0xE3, 0x86, 0x63, 0x1C, 0x33, 0x18, 0xC1, 0x98, 0xEE, 0x0C, 0xC3, 0x60, 0x66, 0x1F, 0x03,
    0xF0, 0x70, 0x3F, 0x83, 0x83, 0xFC, 0x3C, 0x0C, 0x63, 0xF0, 0x03, 0x3D, 0xC0, 0x1B, 0xC7, 0x80,
    0xFC, 0x1C, 0x06, 0x80, 0x60, 0x7F, 0xE0, 0x03, 0xFF, 0x80, 0x0C, 0x3F, 0xFC, 0x61, 0xFF, 0xE3,
    0x0D, 0x87, 0x1F, 0xEC, 0x30, 0xFF, 0x71, 0x86, 0x1B, 0x9C, 0x30, 0xCC, 0xE1, 0xFE, 0x66, 0x0F,
    0xF3, 0xF0, 0x61, 0x8F, 0x03, 0x0C, 0x78, 0x19, 0xE1, 0xC3, 0xFF, 0x1E, 0x1F, 0xD9, 0xF8, 0x00,
    0xFC, 0xF0, 0x07, 0xC3, 0x80, 0x38, 0x04, 0x00, 0x1F, 0x8F, 0xFF, 0xF1, 0xFF, 0xC4, 0x18, 0x61,
    0xC1, 0x8C, 0x30, 0x31, 0xCE, 0x3F, 0xFF, 0xF7, 0xFF, 0xFF, 0xC0, 0x00, 0xF8, 0x00, 0x1F, 0x7F,
    0xFF, 0x8F, 0xFF, 0x80, 0xE0, 0xE0, 0x0E, 0x38, 0x00, 0xEE, 0x00, 0x0F, 0x80, 0x07, 0xF8, 0x0F,
    0xF7, 0xFB, 0xF0, 0x3F, 0xF0, 0x00, 0x60, 0x00, 0xC0, 0x00, 0x0C, 0x00, 0x00, 0xC0, 0x00, 0x1C,
    0x00, 0x7F, 0xFF, 0xF7, 0xFF, 0xFF, 0x03, 0x80, 0x00, 0x30, 0x00, 0x07, 0x00, 0x00, 0x60, 0x00,
    0x0F, 0xFF, 0xC1, 0xFF, 0xFC, 0x3F, 0x00, 0xC7, 0xF0, 0x0C, 0xF7, 0x00, 0xC4, 0x70, 0x0C, 0x07,
    0x00, 0xC0, 0x7F, 0xFC, 0x07, 0xFF, 0xC0, 0x60, 0x0C, 0x1F, 0xFF, 0x83, 0xFF, 0xF0, 0x60, 0x0E,
    0x0C, 0x01, 0xC1, 0x80, 0x38, 0x3F, 0xFF, 0x07, 0xFF, 0xC0, 0x00, 0x00, 0xFF, 0xFF, 0xFF, 0xFF,
    0xFC, 0x30, 0x00, 0x07, 0xFF, 0x81, 0xFF, 0xF0, 0x30, 0x06, 0x06, 0x00, 0xC0, 0x00, 0x38, 0x00,
    0x06, 0x00, 0x1F, 0xC0, 0x01, 0xF0, 0x00, 0x01, 0x80, 0x00, 0x1C, 0x00, 0x00, 0xFF, 0xE0, 0x0F,
    0xFF, 0x00, 0xF0, 0x38, 0x1F, 0xC3, 0x81, 0xC7, 0x78, 0x04, 0x1F, 0x00, 0x01, 0xFC, 0x00, 0x3F,
    0xF8, 0x0F, 0xC1, 0xF9, 0xF8, 0x03, 0xE6, 0xFF, 0xFB, 0x07, 0xFF, 0xC0, 0x30, 0x06, 0x01, 0x80,
    0x30, 0x0C, 0x01, 0x80, 0x7F, 0xFC, 0x03, 0xFF, 0xE0, 0x18, 0x03, 0x00, 0x00, 0x70, 0x00, 0x07,
    0xC0, 0x00, 0x7E, 0x00, 0x07, 0x3C, 0x00, 0x78, 0xF0, 0x07, 0x03, 0xC0, 0x70, 0x07, 0x8F, 0xFF,
    0xFE, 0x77, 0xFF, 0x30, 0x00, 0x00, 0x00, 0x00, 0x00, 0x1F, 0xFF, 0x00, 0xFF, 0xF8, 0x06, 0x00,
    0xC0, 0x30, 0x06, 0x01, 0x80, 0x30, 0x0C, 0x01, 0x80, 0x7F, 0xFC, 0x03, 0xFF, 0xE0, 0x18, 0x03,
    0x00, 0x7F, 0xFF, 0xDF, 0xFF, 0xFB, 0x80, 0x03, 0x70, 0x00, 0x6E, 0xFF, 0xED, 0xDF, 0xFD, 0xB8,
    0x00, 0x37, 0x3F, 0xE6, 0xE7, 0xFC, 0xDC, 0xC1, 0x9B, 0x98, 0x33, 0x73, 0x06, 0x6E, 0x60, 0xCD,
    0xCF, 0xF9, 0xB9, 0xFF, 0x37, 0x30, 0x06, 0xE0, 0x00, 0xDC, 0x00, 0xF9, 0x80, 0x1E, 0x00, 0x01,
    0xC0, 0x00, 0x30, 0x00, 0x0F, 0xF8, 0x03, 0xFF, 0x80, 0xE0, 0x60, 0x38, 0x1C, 0x1F, 0xC7, 0x03,
    0xBD, 0xC0, 0x01, 0xF0, 0x00, 0x1C, 0x00, 0x07, 0xFF, 0x83, 0xFF, 0xF1, 0xF8, 0x06, 0xFF, 0x00,
    0xDE, 0xE0, 0x1A, 0x1C, 0x03, 0x03, 0x80, 0x60, 0x7F, 0xFC, 0x0F, 0xFF, 0x81, 0xC0, 0x30, 0x01,
    0x80, 0x01, 0xC0, 0x00, 0xE0, 0x00, 0x60, 0x0F, 0xFF, 0xFF, 0xFF, 0xFF, 0x00, 0x07, 0x80, 0x03,
    0xCF, 0xF9, 0xE7, 0xFC, 0xF3, 0x06, 0x79, 0x83, 0x3C, 0xC1, 0x9E, 0x60, 0xCF, 0x3F, 0xE7, 0x9F,
    0xF3, 0xCC, 0x01, 0xE0, 0x00, 0xF0, 0x07, 0xF8, 0x01, 0xE0, 0x08, 0x60, 0x03, 0x8C, 0x00, 0x61,
    0x80, 0x1F, 0xFF, 0xC3, 0xFF, 0xF8, 0xE0, 0xC0, 0x38, 0x18, 0x02, 0x03, 0x00, 0xFF, 0xFF, 0xFF,
    0xFF, 0xFC, 0x00, 0x00, 0x0F, 0xFF, 0x83, 0xFF, 0xF8, 0x70, 0x07, 0x0E, 0x00, 0xE1, 0xC0, 0x1C,
    0x38, 0x03, 0x87, 0xFF, 0xF0, 0xFF, 0xFE, 0x0C, 0x01, 0xC0, 0xFF, 0xFF, 0xFF, 0xFF, 0xFF, 0x80,
    0x03, 0xF0, 0x00, 0x7E, 0x00, 0x0F, 0xCF, 0xF9, 0xF9, 0xFF, 0x3F, 0x30, 0xE7, 0xE6, 0x1C, 0xFC,
    0xC3, 0x9F, 0x98, 0x73, 0xF3, 0xFE, 0x7E, 0x7F, 0xCF, 0xC0, 0x01, 0xF8, 0x00, 0x3F, 0x00, 0x07,
    0xFF, 0xFF, 0xFF, 0xFF, 0xFF, 0x80, 0x03, 0x00, 0xFF, 0xFF, 0xDF, 0xFF, 0xFF, 0x81, 0x03, 0xF0,
    0x60, 0x7E, 0x0C, 0x0F, 0xC1, 0x81, 0xFF, 0xFF, 0xFF, 0xFF, 0xFF, 0xE0, 0xE0, 0xFC, 0x3E, 0x1F,
    0x86, 0xC3, 0xF1, 0xDC, 0x7E, 0x71, 0xCF, 0xFC, 0x1F, 0xFF, 0x01, 0xBF, 0x00, 0x07, 0xFF, 0xFF,
    0xFF, 0xFF, 0xFF, 0x80, 0x03, 0x00, 0x7F, 0xFF, 0xDF, 0xFF, 0xFB, 0x80, 0x03, 0x71, 0x8C, 0x6E,
    0x31, 0x8D, 0xDF, 0xFD, 0xBF, 0xFF, 0xF7, 0x18, 0xC6, 0xE3, 0x18, 0xDF, 0xFF, 0xFB, 0xFF, 0xFF,
    0x71, 0x8C, 0x6E, 0x71, 0x8D, 0xDC, 0x31, 0xBB, 0x06, 0x37, 0x40, 0x06, 0xFF, 0xFF, 0xDF, 0xFF,
    0xFB, 0x80, 0x03, 0x00, 0x00, 0xC0, 0x00, 0x1C, 0x00, 0x01, 0xC0, 0x07, 0xFF, 0xFF, 0x7F, 0xFF,
    0xF0, 0x30, 0x00, 0x07, 0x0C, 0x00, 0xE0, 0xC0, 0x0C, 0x0C, 0x01, 0xC0, 0xC0, 0x3D, 0xFF, 0xE7,
    0xCF, 0xFE, 0x6C, 0x0C, 0x00, 0xC0, 0xC0, 0x0C, 0x0C, 0x00, 0xC0, 0xC0, 0x0C, 0x0C, 0x00, 0xDF,
    0xFF, 0x0D, 0xFF, 0xF0, 0xC0, 0x00, 0x18, 0x00, 0x00, 0xC7, 0xFF, 0x06, 0x3F, 0xF8, 0x31, 0x9C,
    0xC1, 0x8C, 0xE6, 0x3F, 0xFF, 0xF1, 0xFF, 0xFF, 0x83, 0x19, 0xCC, 0x18, 0xCE, 0x60, 0xC7, 0xFF,
    0x06, 0x3F, 0xF8, 0x30, 0x1C, 0x01, 0xF0, 0xE0, 0x1F, 0xFF, 0xFB, 0xE3, 0xFF, 0xCC, 0x01, 0xC0,
    0x00, 0x0E, 0x00, 0x1F, 0xFF, 0x80, 0xFF, 0xFC, 0x04, 0x00, 0x00, 0x70, 0xFF, 0x1F, 0xEF, 0xF8,
    0xFF, 0xF0, 0xC0, 0xE3, 0x86, 0x07, 0x1D, 0xF3, 0xFF, 0xEF, 0x8F, 0xFF, 0x00, 0x31, 0xBF, 0xE0,
    0xCD, 0xFF, 0x9F, 0xFF, 0x18, 0xFF, 0xFC, 0xC0, 0xE3, 0xE6, 0x07, 0x1F, 0xE1, 0xFF, 0xEF, 0x0F,
    0xFF, 0x30, 0x0E, 0x3B, 0xC0, 0x71, 0xFF, 0x03, 0x8F, 0x9C, 0x1C, 0x78, 0x60, 0x00, 0x00, 0x00,
    0x18, 0x00, 0x00, 0xC3, 0xFF, 0x06, 0x1F, 0xF8, 0x30, 0xC0, 0xC7, 0xF7, 0xFE, 0x3F, 0xB0, 0x30,
    0x61, 0xFF, 0x83, 0x0F, 0xFC, 0x18, 0x00, 0x00, 0xCF, 0xFF, 0x86, 0x7F, 0xFC, 0x37, 0xFF, 0xE1,
    0xFF, 0xFF, 0x3F, 0xCD, 0xBB, 0xCC, 0xCD, 0xC8, 0x0E, 0xEC, 0x00, 0xEE, 0x60, 0x0E, 0x63, 0x00,
    0x47, 0xF8, 0x00, 0x03, 0x00, 0x00, 0x70, 0x00, 0x03, 0x80, 0x1F, 0xFF, 0xFC, 0xFF, 0xFF, 0xE0,
    0x0C, 0xC0, 0x06, 0x66, 0xC0, 0x77, 0x37, 0x07, 0x31, 0x9C, 0x73, 0x8C, 0x73, 0x39, 0xE1, 0x81,
    0xFE, 0x00, 0x07, 0xFE, 0x00, 0x7F, 0xF8, 0x0F, 0x83, 0x81, 0xFE, 0x38, 0x06, 0x3F, 0x80, 0x00,
    0xF8, 0x00, 0x7F, 0xFC, 0x1F, 0xC3, 0xFC, 0xF0, 0x01, 0xE0, 0x06, 0x03, 0x00, 0x30, 0x18, 0x01,
    0x80, 0xC0, 0x1F, 0xC6, 0x00, 0xFF, 0x30, 0x0E, 0x39, 0x80, 0x61, 0xEC, 0x07, 0x0F, 0xE0, 0x7C,
    0xEF, 0x07, 0xF6, 0x38, 0x19, 0xF0, 0xE0, 0x07, 0x87, 0x80, 0x18, 0x3F, 0x01, 0xC1, 0xBC, 0x1C,
    0x0C, 0xC1, 0xC0, 0x60, 0x1C, 0x03, 0x01, 0xE0, 0x18, 0x1C, 0x00, 0xC0, 0x40, 0x06, 0x00, 0x00,
    0x70, 0x00, 0x07, 0x00, 0x00, 0x70, 0x00, 0x07, 0x00, 0x00, 0x60, 0x00, 0x06, 0x00, 0x7F, 0xFF,
    0xF7, 0xFF, 0xFF, 0x00, 0xF0, 0x00, 0x0F, 0x80, 0x00, 0xD8, 0x00, 0x1D, 0xC0, 0x01, 0xDC, 0x00,
    0x38, 0xE0, 0x07, 0x07, 0x00, 0x70, 0x78, 0x1E, 0x03, 0xC3, 0xC0, 0x1F, 0x78, 0x00, 0xF6, 0x00,
    0x02, 0x00, 0x60, 0x00, 0x03, 0x00, 0x00, 0x18, 0x00, 0x00, 0xC0, 0x00, 0x06, 0x00, 0x00, 0x30,
    0x01, 0xFF, 0xFF, 0xCF, 0xFF, 0xFE, 0x00, 0xF8, 0x00, 0x07, 0xC0, 0x00, 0x36, 0x00, 0x03, 0xB8,
    0x00, 0x18, 0xC0, 0x01, 0xC7, 0x00, 0x0F, 0x1C, 0x00, 0xFE, 0x70, 0x1E, 0x7B, 0xC1, 0xE1, 0xCF,
    0x9E, 0x07, 0x1C, 0xC0, 0x00, 0x60, 0x00, 0x60, 0x00, 0x03, 0x00, 0x00, 0x18, 0x00, 0x3F, 0xFF,
    0x81, 0xFF, 0xFC, 0x0C, 0x30, 0x60, 0x61, 0x83, 0x03, 0x0C, 0x18, 0x18, 0x60, 0xC0, 0xC3, 0x06,
    0x1F, 0xFF, 0xFC, 0xFF, 0xFF, 0xE0, 0x0F, 0x80, 0x00, 0xEC, 0x00, 0x07, 0x70, 0x00, 0xF1, 0xC0,
    0x0F, 0x07, 0x81, 0xF0, 0x1F, 0x1E, 0x00, 0x3C, 0xC0, 0x00, 0x60, 0x04, 0x60, 0x00, 0x73, 0x00,
    0x03, 0x18, 0x00, 0x38, 0xC0, 0x01, 0xFF, 0xFC, 0x0F, 0xFF, 0xE0, 0xE1, 0x80, 0x0E, 0x0C, 0x00,
    0x70, 0x60, 0x00, 0x03, 0x00, 0x1F, 0xFF, 0xFC, 0xFF, 0xFF, 0xE0, 0x0F, 0x80, 0x00, 0x6C, 0x00,
    0x07, 0x70, 0x00, 0x71, 0xC0, 0x0F, 0x07, 0x81, 0xF0, 0x1F, 0x1E, 0x00, 0x7C, 0xC0, 0x00, 0x60,
    0x00, 0xE0, 0x00, 0x1C, 0x03, 0xFF, 0xFF, 0x7F, 0xFF, 0xFE, 0x00, 0x0F, 0xC0, 0x01, 0xFB, 0xFF,
    0xBA, 0xFF, 0xF2, 0x00, 0x1C, 0x00, 0x07, 0x00, 0x03, 0x80, 0x7F, 0xFF, 0xFF, 0xFF, 0xFE, 0x01,
    0xC0, 0x00, 0x38, 0x00, 0x07, 0x00, 0x00, 0xE0, 0x00, 0x1C, 0x00, 0x1F, 0x00, 0x03, 0xE0, 0x00,
    0x00, 0xC0, 0x00, 0x1C, 0x00, 0x01, 0x80, 0x07, 0xFF, 0xFF, 0x7F, 0xFF, 0xF0, 0x70, 0x00, 0x07,
    0x00, 0x00, 0xEF, 0xFE, 0x0E, 0x7F, 0xC1, 0xC0, 0x38, 0x3C, 0x07, 0x07, 0xC0, 0xE0, 0xFD, 0xFF,
    0xF4, 0xDF, 0xFF, 0x0C, 0x0E, 0x00, 0xC0, 0xE0, 0x0C, 0x0E, 0x00, 0xC0, 0xE0, 0x0C, 0x7E, 0x00,
    0xC3, 0xC0, 0x00, 0x60, 0x00, 0x07, 0x00, 0x7F, 0xFF, 0xE7, 0xFF, 0xFF, 0x70, 0x00, 0x77, 0x00,
    0x07, 0x77, 0xFF, 0x70, 0xFF, 0xF0, 0x00, 0x00, 0x00, 0x00, 0x00, 0x7F, 0xFF, 0xF7, 0xFF, 0xFF,
    0x03, 0x8C, 0x00, 0x30, 0xC0, 0x03, 0x0C, 0x00, 0x70, 0xC3, 0x0E, 0x0C, 0x31, 0xC0, 0xC3, 0x78,
    0x0F, 0xF7, 0x00, 0x7E, 0x00, 0x70, 0x00, 0x07, 0x00, 0x00, 0x70, 0x07, 0xFF, 0xFE, 0x7F, 0xFF,
    0xE7, 0x00, 0x06, 0x70, 0x00, 0x67, 0xFF, 0xFE, 0x0F, 0xFF, 0x80, 0x07, 0x00, 0x0C, 0x70, 0x00,
    0xC7, 0x00, 0x0C, 0x7F, 0xC0, 0xC7, 0xFC, 0x1E, 0x70, 0x01, 0xE7, 0x00, 0x3F, 0xF0, 0x03, 0x3F,
    0x80, 0x70, 0xFF, 0xF6, 0x03, 0xFF, 0x00, 0x60, 0x00, 0x07, 0x00, 0x7F, 0xFF, 0xE7, 0xFF, 0xFF,
    0x60, 0x00, 0x76, 0x60, 0x07, 0x0E, 0x00, 0x00, 0xFD, 0xFE, 0x1F, 0xFF, 0xE1, 0x8D, 0x8E, 0x38,
    0xD8, 0xE7, 0xDD, 0x8C, 0x6F, 0x9B, 0xC0, 0x79, 0xBC, 0x03, 0x18, 0x00, 0x71, 0x83, 0x0E, 0x18,
    0x33, 0xC1, 0x83, 0x78, 0x1F, 0xF6, 0x00, 0xFE, 0x00, 0xC0, 0x00, 0x1C, 0x01, 0xFF, 0xFF, 0x7F,
    0xFF, 0xEE, 0x0C, 0x0D, 0xFF, 0xFF, 0x87, 0xFF, 0xC0, 0x07, 0x00, 0x3F, 0xFF, 0x87, 0xFF, 0xF0,
    0x03, 0x80, 0x7F, 0xFF, 0xFF, 0xFF, 0xFE, 0x3F, 0xFE, 0x07, 0xFF, 0xC0, 0xC0, 0x18, 0x18, 0x03,
    0x03, 0xFF, 0xE0, 0x7F, 0xFC, 0x0C, 0x01, 0x80, 0x20, 0x61, 0x81, 0x83, 0x0C, 0x0E, 0xFF, 0xFC,
    0x3F, 0xFF, 0xC0, 0x1F, 0xFC, 0x3C, 0xE0, 0x61, 0xF7, 0xFF, 0x03, 0xB8, 0x18, 0x1D, 0xFF, 0xC0,
    0xEE, 0x06, 0x07, 0x7F, 0xF0, 0xFF, 0xFF, 0xE6, 0x3F, 0xFF, 0x00, 0x03, 0x81, 0xFF, 0xFF, 0xCF,
    0xFF, 0xFE, 0x0F, 0x07, 0x00, 0x3C, 0x38, 0x00, 0x6F, 0xC0, 0x00, 0x38, 0x00, 0x00, 0x20, 0x00,
    0x03, 0x80, 0x00, 0x1C, 0x00, 0x00, 0xE0, 0x00, 0x07, 0x00, 0x06, 0x38, 0xC0, 0x31, 0xC6, 0x03,
    0x8E, 0x38, 0x1C, 0x70, 0xC0, 0xC3, 0x87, 0x0E, 0x1C, 0x18, 0x70, 0xE0, 0xE7, 0x07, 0x07, 0x38,
    0x38, 0x19, 0x81, 0xC0, 0xE0, 0x0E, 0x04, 0x00, 0x70, 0x00, 0x03, 0x80, 0x01, 0xFC, 0x00, 0x07,
    0xC0, 0x00, 0x1F, 0xFF, 0xE3, 0xFF, 0xFE, 0x38, 0x00, 0xE3, 0x80, 0x0E, 0x3F, 0xFF, 0xE3, 0xFF,
    0xFE, 0x38, 0x7F, 0x03, 0xFF, 0xC0, 0x3F, 0xB0, 0xC3, 0x83, 0xFC, 0x3F, 0xFF, 0x83, 0x7F, 0x02,
    0x30, 0x3F, 0xF3, 0x3F, 0xFE, 0x3F, 0xF8, 0x27, 0x43, 0x03, 0x60, 0x30, 0x7E, 0x03, 0xFF, 0x40,
    0x1F, 0xE0, 0x01, 0xC0, 0x00, 0x1C, 0x00, 0x01, 0x80, 0x00, 0x18, 0x00, 0x7F, 0xFF, 0xF7, 0xFF,
    0xFF, 0x03, 0x00, 0x00, 0x30, 0x00, 0x07, 0x00, 0x00, 0x7F, 0xFE, 0x07, 0xFF, 0xE0, 0xC1, 0xC0,
    0x0C, 0x1C, 0x01, 0xC1, 0xC0, 0x38, 0x1C, 0x03, 0x01, 0xC0, 0x70, 0x1C, 0x0E, 0x7F, 0xFF, 0x0F,
    0xFF, 0xF0, 0x10, 0xE1, 0x07, 0x1C, 0x70, 0x73, 0x9C, 0x3F, 0xFF, 0xEF, 0xFF, 0xFF, 0xC0, 0x01,
    0xFB, 0xFF, 0xBF, 0x7F, 0xF7, 0x0C, 0x06, 0x01, 0xFF, 0xC0, 0x3F, 0xF8, 0x00, 0x70, 0x03, 0xFF,
    0xF8, 0x7F, 0xFF, 0x0C, 0x38, 0x61, 0x87, 0x0C, 0x30, 0xE1, 0x86, 0x1D, 0xF0, 0xC3, 0xBE, 0x00,
    0x30, 0x00, 0x00, 0x30, 0x00, 0x01, 0x80, 0x00, 0x0C, 0x00, 0x7F, 0xFF, 0xE3, 0xFF, 0xFF, 0x1C,
    0x00, 0x00, 0xE0, 0xC0, 0x07, 0x0E, 0x00, 0x38, 0x70, 0x01, 0xC3, 0x00, 0x0E, 0x18, 0x00, 0x61,
    0xC6, 0x03, 0x0C, 0x30, 0x18, 0x60, 0xC0, 0xC7, 0x07, 0x06, 0x30, 0x1C, 0x71, 0x8F, 0xE3, 0x7F,
    0xFF, 0xBB, 0xFF, 0xCC, 0x80, 0x00, 0x60, 0x00, 0x30, 0x00, 0x01, 0x80, 0x0F, 0xFF, 0xFC, 0x7F,
    0xFF, 0xE3, 0x0C, 0x30, 0x18, 0x61, 0xC0, 0xFF, 0xFF, 0xC6, 0xFF, 0xFE, 0x30, 0xC3, 0x81, 0x87,
    0xFC, 0x0C, 0x3F, 0xE0, 0x60, 0x00, 0x03, 0x7F, 0xFC, 0x1B, 0xFF, 0xE0, 0xC7, 0x06, 0x0E, 0x1C,
    0xF0, 0x70, 0x7E, 0x03, 0x07, 0xF8, 0x3B, 0xFD, 0xFC, 0x9E, 0x01, 0xE0, 0x01, 0xC0, 0x20, 0xE1,
    0xB8, 0x70, 0xCE, 0x38, 0xE3, 0x1C, 0x61, 0xCE, 0x70, 0x67, 0x30, 0x03, 0x80, 0xFF, 0xFF, 0x3F,
    0xFF, 0x80, 0x00, 0xC0, 0x00, 0x67, 0xFF, 0xF3, 0xFF, 0xF8, 0x00, 0x0C, 0x00, 0x06, 0x00, 0x03,
    0x7F, 0xFF, 0xBF, 0xFF, 0xC0, 0x00, 0x60, 0x06, 0x00, 0x00, 0x73, 0xFC, 0x07, 0x1F, 0xE0, 0x70,
    0xC3, 0x07, 0x26, 0x18, 0x33, 0xB0, 0xD8, 0x3B, 0x86, 0xC3, 0xB8, 0x3E, 0x3D, 0xC0, 0xE3, 0xEF,
    0xFE, 0x3F, 0x7F, 0xF8, 0xB8, 0xC1, 0x81, 0xC7, 0x1C, 0x0E, 0x19, 0xC0, 0x70, 0xFC, 0x03, 0x83,
    0xC0, 0x1C, 0x3F, 0x00, 0xE7, 0xFF, 0x07, 0xF8, 0x7C, 0x1B, 0x00, 0x60, 0x04, 0x00, 0x00, 0xEF,
    0xFE, 0x1C, 0xFF, 0xE3, 0x8F, 0xFE, 0x70, 0xFF, 0xE6, 0x6C, 0x06, 0x0E, 0xFF, 0xE0, 0xCF, 0xFE,
    0x1C, 0x00, 0x03, 0xDF, 0xFF, 0x7D, 0xFF, 0xFF, 0xC0, 0x18, 0x5D, 0xFF, 0xF1, 0xFF, 0xFF, 0x1C,
    0x41, 0x81, 0xC6, 0x18, 0x1C, 0x31, 0x81, 0xC3, 0x18, 0x1C, 0x0F, 0x80, 0x80, 0xF0, 0x01, 0x00,
    0x00, 0x1E, 0x04, 0x00, 0x78, 0x30, 0x00, 0xE3, 0x80, 0x03, 0xB8, 0x01, 0x89, 0xC0, 0x4C, 0x1C,
    0x07, 0x61, 0xD0, 0x3B, 0x1D, 0xC1, 0x98, 0xE6, 0x0C, 0xCE, 0x38, 0xE7, 0xE0, 0xC6, 0x3E, 0x07,
    0x71, 0xE0, 0x18, 0x1E, 0x06, 0xC3, 0xE0, 0x30, 0x7F, 0x03, 0x83, 0x9C, 0x1C, 0x10, 0xFF, 0xC0,
    0x03, 0xFC, 0x00, 0x18, 0x0C, 0x01, 0x80, 0xC0, 0x19, 0xFF, 0xF1, 0xDF, 0xFE, 0x7E, 0xFF, 0xC7,
    0xFF, 0xFE, 0x7E, 0x0C, 0x07, 0xBF, 0xFF, 0x7B, 0xFF, 0xFD, 0x8F, 0xFC, 0x59, 0xFF, 0xE1, 0x9C,
    0x0E, 0x19, 0xFF, 0xE1, 0x9F, 0xFE, 0x19, 0xC0, 0xE1, 0x9F, 0xFE, 0x19, 0xFF, 0xE1, 0x9C, 0x0E,
    0x19, 0xC3, 0xE1, 0x88, 0x38, 0x0C, 0x18, 0x00, 0xEC, 0xC6, 0x06, 0x77, 0xF0, 0xFF, 0xFE, 0x07,
    0xF7, 0x83, 0x00, 0x0F, 0xF8, 0xFF, 0x7F, 0x86, 0x1B, 0x00, 0x3F, 0xD8, 0xE1, 0x86, 0xFE, 0x0F,
    0xF7, 0x80, 0x61, 0xB0, 0x63, 0x3D, 0xFF, 0x19, 0xEF, 0xF0, 0x0F, 0x82, 0x03, 0x6F, 0x38, 0x3B,
    0x13, 0xE3, 0x98, 0x3B, 0x98, 0xFF, 0x8C, 0x03, 0xF8, 0x00, 0x00, 0x1B, 0x00, 0x01, 0xB8, 0x00,
    0x19, 0xE0, 0x01, 0x8E, 0x3F, 0xFF, 0xF3, 0xFF, 0xFF, 0x38, 0x1C, 0x03, 0x81, 0xCE, 0x3F, 0xCC,
    0xC3, 0xFC, 0xCC, 0x38, 0xCD, 0xC3, 0x8C, 0xF8, 0x38, 0xCF, 0x83, 0x0C, 0x70, 0x31, 0xCE, 0x33,
    0x79, 0xF3, 0x77, 0xBF, 0x37, 0x07, 0xBB, 0x60, 0xF1, 0xF6, 0x04, 0x0E, 0x7F, 0xFF, 0xE3, 0xFF,
    0xFF, 0x80, 0x00, 0x00, 0x3F, 0xFF, 0x81, 0xFF, 0xFE, 0x0C, 0x00, 0x70, 0x60, 0x03, 0x83, 0xFF,
    0xFC, 0x1F, 0xFF, 0xC0, 0xC1, 0x80, 0x06, 0x0C, 0x00, 0x7F, 0xFF, 0xE3, 0xFF, 0xFF, 0x18, 0x3E,
    0x00, 0xC3, 0xB8, 0x0E, 0x3D, 0xE0, 0x67, 0xC7, 0xC7, 0xF8, 0x0F, 0x83, 0x00, 0x1C, 0x1C, 0x38,
    0x00, 0xE1, 0xC0, 0x07, 0x0E, 0x00, 0x38, 0x70, 0x07, 0xFF, 0xFF, 0x3F, 0xFF, 0xF8, 0x70, 0xC0,
    0x03, 0x86, 0x00, 0x1C, 0x3F, 0xE0, 0xF9, 0xFF, 0x0F, 0xCE, 0x31, 0xFC, 0xF1, 0x87, 0xC7, 0xDC,
    0x0E, 0x36, 0xC0, 0x73, 0x9E, 0x03, 0x98, 0xE0, 0x1D, 0xCF, 0x80, 0xFD, 0xEF, 0x1F, 0xCE, 0x3C,
    0x70, 0x40, 0x60, 0x0C, 0x00, 0x00, 0x63, 0xFF, 0x03, 0x1F, 0xFC, 0x18, 0xC0, 0xE7, 0xFE, 0x07,
    0x3F, 0xF0, 0x38, 0x31, 0x81, 0xC1, 0x8C, 0x0E, 0x0C, 0x7F, 0xF0, 0x6F, 0xFF, 0x87, 0xF9, 0xC1,
    0xFE, 0xC6, 0x07, 0xC6, 0x30, 0x06, 0x31, 0xC0, 0x33, 0x86, 0x01, 0x98, 0x38, 0x0D, 0xC0, 0xE0,
    0x6E, 0x03, 0x9F, 0xE0, 0x1C, 0xF2, 0x00, 0x20, 0x18, 0x00, 0x01, 0xCF, 0xFF, 0x1C, 0xFF, 0xF1,
    0xCC, 0x67, 0x7F, 0xC6, 0x77, 0xFC, 0x67, 0x1C, 0xFF, 0xF1, 0xCF, 0xFF, 0x1C, 0xC6, 0x71, 0xFC,
    0x67, 0x1F, 0xC6, 0x77, 0xEF, 0xFF, 0x7C, 0xFF, 0xF1, 0xCC, 0x63, 0x1C, 0x06, 0x01, 0xC0, 0x60,
    0x1C, 0x06, 0x01, 0xC0, 0x60, 0x78, 0x06, 0x03, 0x00, 0x60, 0x18, 0x06, 0x01, 0x80, 0xE0, 0x18,
    0x6E, 0x01, 0x86, 0xFE, 0x7E, 0x6F, 0xEF, 0xF6, 0xE0, 0x19, 0xFF, 0xF1, 0x9F, 0xFF, 0x18, 0x0E,
    0x01, 0xE6, 0xE6, 0x3E, 0x6E, 0x6F, 0xCC, 0xEE, 0x79, 0xCE, 0xC1, 0x9B, 0xFC, 0x19, 0x3F, 0x81,
    0x80, 0x70, 0x18, 0x1F, 0x01, 0x87, 0xC0, 0x79, 0xF0, 0x07, 0x0C, 0x00, 0x1C, 0x0E, 0x01, 0xC0,
    0xE0, 0x1C, 0xFF, 0xF1, 0xDF, 0xFF, 0x7E, 0x31, 0xC7, 0xF3, 0x18, 0x1C, 0x31, 0x81, 0xDF, 0xFF,
    0x1D, 0xFF, 0xF1, 0xC1, 0xC0, 0x1F, 0x18, 0x0F, 0xFF, 0xFF, 0xFD, 0xFF, 0xF1, 0xC7, 0x18, 0x1C,
    0x73, 0x81, 0xCF, 0xF0, 0x1C, 0x1F, 0x81, 0xC7, 0xFE, 0x7B, 0xF8, 0xF7, 0x98, 0x02, 0x18, 0x60,
    0xC1, 0x86, 0x1C, 0x18, 0x71, 0x81, 0x83, 0x18, 0x79, 0xFF, 0xFF, 0xFF, 0xFF, 0x18, 0x00, 0x21,
    0x9F, 0xB7, 0x19, 0xFB, 0x71, 0xFD, 0xB7, 0x7F, 0xFB, 0x7F, 0x9B, 0xB7, 0x59, 0x9B, 0x71, 0x9F,
    0xB7, 0x19, 0xFB, 0x71, 0x9B, 0xB7, 0x19, 0x98, 0x71, 0x99, 0x87, 0x79, 0xF9, 0xE7, 0x1B, 0x0C,
    0x18, 0x00, 0x00, 0xC3, 0xFE, 0x06, 0x1F, 0xF0, 0x30, 0xC3, 0x87, 0xE7, 0xFC, 0x3F, 0x3F, 0xE0,
    0x63, 0xCF, 0x83, 0x3F, 0x7E, 0x19, 0x9B, 0x30, 0xFC, 0xD9, 0x8F, 0xFE, 0xFC, 0xF1, 0xFF, 0xC7,
    0x80, 0xC0, 0x0C, 0xFF, 0xF8, 0x67, 0xFF, 0xC3, 0x07, 0xF0, 0x18, 0xFD, 0xE0, 0xDE, 0x67, 0x9E,
    0xE3, 0x0C, 0x60, 0x18, 0x00, 0x00, 0x0C, 0x03, 0xFE, 0x60, 0x1F, 0xF7, 0x00, 0xE3, 0xB8, 0x07,
    0x1D, 0xFF, 0x3F, 0xFF, 0xF9, 0xFF, 0xE3, 0x8E, 0x3F, 0x18, 0x71, 0xFC, 0xC3, 0xFF, 0x6E, 0x1F,
    0xF3, 0x70, 0xE3, 0x9F, 0x07, 0x1C, 0x78, 0x3F, 0xE3, 0x80, 0xFE, 0x1C, 0x07, 0x71, 0xF0, 0x31,
    0x9D, 0xC3, 0x8F, 0xE7, 0x98, 0x3C, 0x1C, 0xC0, 0xC0, 0x60, 0x06, 0x46, 0x01, 0xB7, 0x70, 0x0D,
    0xB3, 0x80, 0x6F, 0x18, 0x07, 0xFE, 0xFF, 0x3F, 0xFF, 0xF8, 0x7E, 0x71, 0x87, 0xFF, 0x9C, 0x76,
    0xFC, 0xE3, 0x33, 0xF6, 0x03, 0x0D, 0xB0, 0xFF, 0xCF, 0x8F, 0xFE, 0x78, 0x0C, 0xC1, 0xC0, 0xE6,
    0x0E, 0x0F, 0xF0, 0xF0, 0x2F, 0x0F, 0xC0, 0xFF, 0xE7, 0x9F, 0x3E, 0x1C, 0xC0, 0x40, 0x60, 0x00,
    0x60, 0x00, 0x03, 0x80, 0x00, 0x1C, 0x00, 0x00, 0xE0, 0x07, 0xFF, 0xFF, 0x3F, 0xFF, 0xF8, 0x38,
    0x0E, 0x00, 0xC0, 0x60, 0x07, 0x07, 0x00, 0x18, 0x30, 0x00, 0xE3, 0x80, 0x03, 0xB8, 0x00, 0x0F,
    0x80, 0x00, 0x78, 0x00, 0x03, 0xE0, 0x00, 0x7F, 0xC0, 0x0F, 0x8F, 0x81, 0xF0, 0x3F, 0x1F, 0x00,
    0x7C, 0xC0, 0x00, 0xE0, 0x06, 0x00, 0x20, 0x60, 0x1F, 0x7F, 0xFF, 0xE7, 0xFF, 0xF0, 0x31, 0x98,
    0x01, 0x99, 0x80, 0x19, 0x98, 0x07, 0xFF, 0xFF, 0x7F, 0xFF, 0xF0, 0x61, 0x8C, 0x06, 0x18, 0xC7,
    0xFF, 0x8C, 0x7F, 0xF8, 0xC0, 0xF1, 0x8C, 0x1F, 0x98, 0xC3, 0xFF, 0x8C, 0x76, 0xF0, 0xC6, 0x67,
    0x0C, 0x06, 0xE0, 0xC0, 0x64, 0x0C, 0x3F, 0xBF, 0xF1, 0xFD, 0xFF, 0x8C, 0x66, 0x30, 0x63, 0x31,
    0x83, 0xF9, 0x9C, 0x1F, 0xCC, 0xE0, 0xC6, 0x66, 0x07, 0xFF, 0xFE, 0x3F, 0xFF, 0xF1, 0x80, 0x1C,
    0x0C, 0xC0, 0xE0, 0x66, 0x0F, 0x03, 0x38, 0x78, 0x1B, 0xE7, 0xC0, 0xFF, 0x76, 0x6F, 0x9F, 0x33,
    0x60, 0xF1, 0xB0, 0x0F, 0x0F, 0x80, 0x30, 0x38, 0xFF, 0xFF, 0xFF, 0xFF, 0x80, 0x3F, 0x00, 0x7E,
    0x00, 0xFC, 0x01, 0xF8, 0x03, 0xFF, 0xFF, 0xFF, 0xFF, 0xC0, 0x1F, 0x80, 0x3F, 0x00, 0x7E, 0x00,
    0xFC, 0x01, 0xFF, 0xFF, 0xFF, 0xFF, 0xE0, 0x0F, 0x80, 0x08, 0x00, 0x0C, 0x0F, 0xE0, 0xC0, 0xFE,
    0x0C, 0x0C, 0x7F, 0xFE, 0xC6, 0xFF, 0xCC, 0x60, 0xC0, 0xC6, 0x0C, 0x0C, 0x7F, 0xFE, 0xFF, 0xFF,
    0xEF, 0xE0, 0x18, 0xC7, 0xFF, 0xEC, 0x7F, 0xFE, 0xC6, 0x01, 0x8C, 0x6E, 0x18, 0xFE, 0x61, 0x8F,
    0xE7, 0x18, 0xC0, 0x31, 0x80, 0x00, 0x38, 0x00, 0x1F, 0x80, 0x00, 0xF0, 0x00, 0x0C, 0x0F, 0xC0,
    0xC0, 0xFF, 0xFF, 0xEC, 0xFF, 0xFE, 0xCE, 0x61, 0x8C, 0xE6, 0x18, 0xCE, 0x73, 0x8C, 0xFF, 0xFE,
    0xFF, 0xFF, 0xFF, 0xE0, 0x00, 0xCE, 0xFF, 0xCC, 0xEF, 0xFC, 0xCE, 0xC0, 0xCC, 0xEC, 0x0C, 0xFE,
    0xFF, 0xCF, 0xCF, 0xFC, 0xC0, 0xC0, 0xC4, 0x0F, 0xFC, 0x00, 0xFF, 0xC0, 0x0C, 0x0C, 0x7F, 0xFF,
    0xF3, 0xFF, 0xFF, 0x80, 0x1C, 0x00, 0x3F, 0xFF, 0x81, 0xFF, 0xFE, 0x0C, 0x38, 0x70, 0x61, 0xC3,
    0x83, 0xFF, 0xFC, 0x1F, 0xFF, 0xE0, 0xC3, 0x87, 0x07, 0xFF, 0xF8, 0x3F, 0xFF, 0xC0, 0xC6, 0x00,
    0x07, 0x70, 0x00, 0x1F, 0x00, 0x00, 0x7C, 0x00, 0x1F, 0xFF, 0x83, 0xE1, 0xFF, 0x9C, 0x00, 0xFC,
    0x00, 0xC0, 0x00, 0x1C, 0x00, 0xFF, 0xFC, 0x00, 0x61, 0x8F, 0xFF, 0xFF, 0xFF, 0xFF, 0x8F, 0xFF,
    0xC0, 0x07, 0x00, 0x00, 0xE0, 0x0F, 0xFF, 0xF8, 0x03, 0x00, 0x7F, 0xFF, 0xFF, 0xFF, 0xFE, 0x7F,
    0xFF, 0x0E, 0x00, 0xE1, 0xC0, 0x1C, 0x3F, 0xFF, 0x87, 0x00, 0x70, 0xFF, 0xFE, 0x0C, 0x01, 0xC0,
    0x06, 0x03, 0x00, 0x30, 0x18, 0x0F, 0xF7, 0xF8, 0x7F, 0x3F, 0xC0, 0x60, 0x30, 0x3F, 0xFF, 0xF9,
    0xFF, 0xFF, 0xC1, 0xE1, 0xF0, 0x1B, 0x9C, 0xC3, 0xCF, 0xC7, 0x9F, 0xFF, 0xFC, 0x3F, 0xFF, 0x01,
    0xC0, 0x18, 0x0E, 0x00, 0xC0, 0x7F, 0xFE, 0x03, 0xFF, 0xF0, 0x1C, 0x01, 0x80, 0xFF, 0xFC, 0x07,
    0xFF, 0xE0, 0x18, 0x03, 0x00, 0x3F, 0xFF, 0x83, 0x80, 0x38, 0x38, 0x03, 0x83, 0xFF, 0xF8, 0x38,
    0x03, 0x83, 0xFF, 0xF8, 0x00, 0x00, 0x0F, 0xFF, 0xFE, 0xFF, 0xFF, 0xE3, 0x18, 0x00, 0x3F, 0xFF,
    0xC3, 0xFF, 0xFC, 0x3F, 0xB9, 0x83, 0xF9, 0xF8, 0x31, 0x8F, 0x0F, 0xF9, 0xF0, 0xFF, 0xFF, 0xC0,
    0x1F, 0x1E, 0x01, 0x80, 0x00, 0x38, 0xCF, 0xE3, 0x8C, 0xFF, 0x7F, 0xEC, 0x77, 0xFE, 0xC7, 0x38,
    0xCC, 0x73, 0xFC, 0xFF, 0x3F, 0xCF, 0xF3, 0x8C, 0xC7, 0x3F, 0xCC, 0x73, 0xFC, 0xC7, 0x38, 0xCF,
    0xF3, 0x8D, 0xFF, 0xFF, 0xFC, 0x77, 0xFF, 0x87, 0x19, 0x98, 0x73, 0x9D, 0x87, 0x70, 0xF8, 0x77,
    0x0F, 0x1F, 0x60, 0x11, 0xE0, 0x00, 0x60, 0x00, 0x03, 0x80, 0x00, 0x1C, 0x00, 0x00, 0xE0, 0x03,
    0xFF, 0xFE, 0x1F, 0xFF, 0xE0, 0x01, 0xC0, 0x00, 0x0E, 0x00, 0x00, 0x70, 0x03, 0xFF, 0xFF, 0x9F,
    0xFF, 0xFC, 0x03, 0xF0, 0x00, 0x1F, 0xC0, 0x03, 0xFF, 0x00, 0x3D, 0xDC, 0x03, 0xCE, 0x78, 0x78,
    0x71, 0xF3, 0x83, 0x83, 0x98, 0x1C, 0x08, 0x00, 0xE0, 0x00, 0x00, 0x70, 0x00, 0x03, 0x80, 0x00,
    0x1C, 0x00, 0x00, 0xE0, 0x07, 0xFF, 0xFF, 0x3F, 0xFF, 0xF8, 0x01, 0xC0, 0x00, 0x0E, 0x00, 0x00,
    0x70, 0x01, 0xFF, 0xFF, 0x0F, 0xFF, 0xF8, 0x03, 0xF0, 0x00, 0x1F, 0xC0, 0x03, 0xBF, 0x00, 0x3D,
    0xDE, 0x03, 0xCE, 0x78, 0x78, 0x70, 0xF3, 0x83, 0x83, 0x90, 0x1C, 0x08, 0x00, 0xE0, 0x00, 0x00,
    0x70, 0x00, 0x03, 0x80, 0x00, 0x1C, 0x00, 0x00, 0xE0, 0x00, 0x07, 0x00, 0x3F, 0xFF, 0xF9, 0xFF,
    0xFF, 0xC0, 0x1F, 0x00, 0x01, 0xFC, 0x00, 0x1F, 0xF0, 0x01, 0xDF, 0x80, 0x0E, 0xEE, 0x01, 0xE7,
    0x38, 0x1E, 0x38, 0xF1, 0xFF, 0xFF, 0xCC, 0xFF, 0xCE, 0x00, 0x70, 0x00, 0x03, 0x80, 0x00, 0x1C,
    0x00, 0x00, 0xE0, 0x00, 0x0C, 0x00, 0x40, 0x60, 0x1F, 0x03, 0x0F, 0xF0, 0x18, 0x7C, 0x00, 0xC3,
    0x00, 0x3F, 0xD8, 0x01, 0xFE, 0xC0, 0x03, 0x87, 0xFE, 0x1E, 0x3F, 0xF0, 0xF1, 0x8C, 0x0F, 0xCC,
    0x60, 0x7F, 0x63, 0x07, 0xDF, 0x18, 0x36, 0x38, 0xC3, 0xB1, 0x86, 0x09, 0x8C, 0x30, 0x0C, 0xE1,
    0x80, 0x66, 0x0C, 0x03, 0x70, 0x60, 0x19, 0x03, 0x00, 0x0C, 0x0E, 0x00, 0x60, 0x78, 0x03, 0x06,
    0xE0, 0x18, 0x73, 0x80, 0xCE, 0x0F, 0x3F, 0xFF, 0xFD, 0xFE, 0xFF, 0x43, 0x80, 0xC0, 0x1C, 0xFF,
    0xE0, 0xF7, 0xFF, 0x0F, 0xF1, 0x98, 0x7F, 0x8C, 0xC6, 0xDF, 0xFE, 0x36, 0x7F, 0xF3, 0xB0, 0x3C,
    0x09, 0x83, 0xE0, 0x0C, 0x3B, 0x80, 0x63, 0xCF, 0x03, 0x78, 0x3C, 0x1B, 0x00, 0x60, 0x0C, 0x31,
    0x80, 0x61, 0xCC, 0x03, 0x3F, 0xFC, 0x18, 0xFF, 0xC0, 0xC7, 0xFE, 0x3F, 0xFF, 0xF9, 0xFC, 0xE6,
    0x03, 0xBF, 0xFE, 0x1C, 0xFF, 0xF1, 0xF3, 0xFF, 0x0F, 0xFF, 0xF8, 0x7F, 0xCC, 0xC6, 0xCF, 0xFE,
    0x36, 0x73, 0x33, 0x33, 0x99, 0x89, 0xBF, 0xFF, 0x0D, 0xFF, 0xF0, 0x67, 0x03, 0x03, 0x38, 0x78,
    0x18, 0x83, 0x80, 0x0C, 0x00, 0x00, 0x67, 0xFF, 0x83, 0x3F, 0xFC, 0x18, 0x37, 0x00, 0xCF, 0xFF,
    0x3F, 0xFF, 0xF9, 0xFF, 0x6C, 0xC3, 0x9F, 0xFE, 0x1C, 0xFF, 0xF0, 0xF0, 0x00, 0x0F, 0xDF, 0xF8,
    0x7E, 0xFF, 0xC6, 0xD0, 0x00, 0x36, 0xFF, 0xFB, 0xB3, 0xFF, 0xC9, 0x8E, 0xD8, 0x0C, 0xE6, 0xE0,
    0x6E, 0x33, 0x83, 0x67, 0x8C, 0x18, 0x3C, 0x00, 0x0C, 0x39, 0x80, 0x61, 0xCC, 0x03, 0x3F, 0xFC,
    0x19, 0xFF, 0xE0, 0xC3, 0x98, 0x3F, 0xFF, 0xF9, 0xFF, 0xFF, 0xC3, 0x80, 0xC0, 0x1C, 0x7F, 0xE1,
    0xF7, 0xFF, 0x8F, 0xF1, 0x9C, 0x7F, 0x8C, 0xE6, 0xDF, 0xFF, 0x36, 0x63, 0x3B, 0xB3, 0xFF, 0xC9,
    0x9F, 0xFE, 0x0C, 0x10, 0x80, 0x63, 0xCF, 0x03, 0x78, 0x3C, 0x1B, 0x80, 0x60, 0x00, 0x60, 0x00,
    0x03, 0x00, 0x1C, 0x38, 0x00, 0x79, 0x80, 0x01, 0xEF, 0xFF, 0x06, 0xFF, 0xF8, 0x06, 0x31, 0xC0,
    0x71, 0x8C, 0x07, 0x1C, 0xE0, 0x18, 0xE6, 0x01, 0x07, 0x00, 0x1C, 0x3C, 0x01, 0xC3, 0xE0, 0x1C,
    0x1B, 0x01, 0xC1, 0xCC, 0x0C, 0x1C, 0x70, 0x41, 0xC1, 0xC0, 0x3C, 0x07, 0x83, 0xC0, 0x1C, 0x08,
    0x00, 0x60, 0x00, 0x60, 0x00, 0x0C, 0x00, 0x01, 0x80, 0x00, 0x30, 0x00, 0x06, 0x00, 0x30, 0xC0,
    0x06, 0x18, 0x00, 0xC3, 0xFE, 0x18, 0x7F, 0xC3, 0x0C, 0x00, 0x61, 0x80, 0x0C, 0x30, 0x01, 0x86,
    0x00, 0x30, 0xC0, 0x06, 0x18, 0x00, 0xC3, 0x00, 0x18, 0x60, 0x1F, 0xFF, 0xFF, 0xFF, 0xFF, 0x80,
    0xFF, 0xFF, 0xCF, 0xFF, 0xF8, 0x01, 0x80, 0x00, 0x30, 0x00, 0x06, 0x00, 0x30, 0xC0, 0x06, 0x18,
    0x00, 0xC3, 0xFE, 0x18, 0x7F, 0xC3, 0x0C, 0x00, 0x61, 0x80, 0x0C, 0x30, 0x01, 0x86, 0x00, 0x30,
    0xC0, 0x06, 0x18, 0x07, 0xFF, 0xFF, 0xFF, 0xFF, 0xE0, 0x00, 0x0D, 0x83, 0xFC, 0x6E, 0x1F, 0xE3,
    0x38, 0x30, 0xFF, 0xC1, 0x87, 0xFE, 0x0F, 0xC6, 0x00, 0xFE, 0x3F, 0x86, 0x7F, 0xFC, 0x33, 0x7C,
    0x03, 0x98, 0x7F, 0xBE, 0xDF, 0xFD, 0xBE, 0xFC, 0xC0, 0xE0, 0x6E, 0x03, 0x03, 0xE0, 0x38, 0x1E,
    0x01, 0x80, 0xE2, 0x18, 0x1F, 0x99, 0xC7, 0xEF, 0x9C, 0x3C, 0x7C, 0x41, 0x00, 0xC0, 0x01, 0x80,
    0x00, 0x7E, 0xFE, 0x0F, 0x87, 0xF0, 0x60, 0x33, 0x83, 0x01, 0x9C, 0x18, 0x1C, 0xE8, 0xFE, 0xC7,
    0xC7, 0xFE, 0x3E, 0x30, 0x70, 0x61, 0x83, 0xFF, 0x0F, 0xFF, 0xF8, 0x7F, 0x71, 0xC3, 0x01, 0x8C,
    0x18, 0xEE, 0xE1, 0xFF, 0x3E, 0x1F, 0xF0, 0xE0, 0x70, 0x0F, 0x81, 0x83, 0xFF, 0x0C, 0x3E, 0x3C,
    0x61, 0xC0, 0x60, 0x07, 0x00, 0x00, 0x70, 0x00, 0x0F, 0xFF, 0xE0, 0xFF, 0xFE, 0x1C, 0x00, 0x03,
    0x80, 0x00, 0x7F, 0xFF, 0xC2, 0xFF, 0xFC, 0x0E, 0x31, 0xC0, 0xC3, 0x18, 0x7F, 0xFF, 0xF7, 0xFF,
    0xFF, 0x0C, 0x61, 0x81, 0xC6, 0x18, 0x1C, 0x61, 0x81, 0xFF, 0xFF, 0x1F, 0xFF, 0xF1, 0x80, 0x38,
    0x18, 0x17, 0x00, 0x01, 0xF0, 0x00, 0x00, 0x00, 0x30, 0x1C, 0x01, 0xC0, 0xE0, 0x07, 0x87, 0x00,
    0x1B, 0xFF, 0x80, 0x1F, 0xFE, 0x00, 0x0E, 0x71, 0x80, 0x73, 0x8F, 0x03, 0x9C, 0x3C, 0x1C, 0xE0,
    0x40, 0xE7, 0x00, 0xFF, 0xFC, 0x07, 0xFF, 0xE0, 0xC1, 0xE0, 0x06, 0x1F, 0x00, 0x70, 0xDC, 0x03,
    0x0E, 0x70, 0x38, 0xE1, 0xC3, 0x9E, 0x0F, 0x1D, 0xE0, 0x3C, 0x46, 0x00, 0x60, 0x30, 0x30, 0x01,
    0xE1, 0xC0, 0x07, 0x87, 0x80, 0x1C, 0x1E, 0x00, 0x00, 0x60, 0x00, 0xFF, 0xF9, 0x87, 0xFF, 0xCF,
    0x01, 0x80, 0x3C, 0x0C, 0x00, 0x40, 0x60, 0x00, 0x03, 0x00, 0x03, 0xFF, 0xC0, 0x6F, 0xFE, 0x07,
    0x06, 0x00, 0x30, 0x30, 0x03, 0x81, 0x80, 0x38, 0x0C, 0x01, 0x9F, 0xFF, 0x9C, 0xFF, 0xFC, 0x40,
    0x00, 0x00, 0x20, 0x0C, 0x03, 0x98, 0xE7, 0x3D, 0xCE, 0x60, 0xCC, 0xEE, 0x00, 0xEE, 0xC0, 0x06,
    0xEC, 0x60, 0xFF, 0xE7, 0x0F, 0xFE, 0x3C, 0xC0, 0x61, 0x8C, 0x06, 0x00, 0xFF, 0xE0, 0x0F, 0xFE,
    0x0C, 0xC0, 0x60, 0xCF, 0xFE, 0x1C, 0xFF, 0xE1, 0x8C, 0x06, 0x38, 0xC0, 0x63, 0x0C, 0x06, 0x70,
    0xC3, 0xE2, 0x0C, 0x3C, 0x20, 0x00, 0xC1, 0xC7, 0xFF, 0x07, 0xFF, 0xE0, 0x1B, 0xB0, 0x00, 0x01,
    0x80, 0x01, 0xFF, 0xF9, 0x9F, 0xFF, 0xCF, 0x0E, 0x70, 0x38, 0xE1, 0x80, 0x4E, 0x8F, 0x01, 0xE6,
    0x3C, 0x0E, 0x31, 0xE0, 0xED, 0xEC, 0x0C, 0xCF, 0x70, 0x66, 0x6D, 0xC7, 0x73, 0x66, 0x33, 0x1B,
    0x33, 0x81, 0xC0, 0x18, 0x3E, 0x00, 0x00, 0xE0, 0x00, 0x20, 0x0C, 0x01, 0xC0, 0x60, 0x0F, 0xFF,
    0xFC, 0x1F, 0xFF, 0xE0, 0x07, 0x18, 0x00, 0x1D, 0xC1, 0x80, 0x7C, 0x0F, 0x07, 0xF0, 0x3F, 0xFB,
    0xF0, 0x5E, 0x07, 0x80, 0x30, 0x30, 0x01, 0xFF, 0x80, 0xCF, 0xFC, 0x06, 0x60, 0x60, 0x73, 0xFF,
    0x03, 0x1F, 0xF8, 0x39, 0xC0, 0xC1, 0x8C, 0x06, 0x1C, 0xE0, 0x30, 0x46, 0x01, 0x80, 0x00, 0x00,
    0x01, 0xCF, 0xFF, 0x8F, 0x7F, 0xFC, 0x1B, 0x0E, 0x00, 0x18, 0x60, 0x00, 0xFF, 0xF1, 0x87, 0xFF,
    0x8F, 0x3E, 0x0C, 0x39, 0xFF, 0xE0, 0x4F, 0xFF, 0x00, 0x7C, 0x18, 0x17, 0xFF, 0xC0, 0xFB, 0xFE,
    0x0F, 0x9B, 0x60, 0x6C, 0xD9, 0x87, 0x6C, 0xCE, 0x37, 0xE6, 0x33, 0xB6, 0x31, 0x9B, 0x87, 0x80,
    0x08, 0x38, 0x00, 0x10, 0x66, 0x03, 0xCE, 0x60, 0x1E, 0xFF, 0xE0, 0x5F, 0xFE, 0x73, 0xCC, 0x07,
    0xFF, 0xFC, 0x1F, 0xFF, 0xE0, 0x5C, 0xC0, 0x0F, 0xFF, 0xE1, 0xDF, 0xFC, 0x39, 0xCC, 0x07, 0x1F,
    0xFF, 0x20, 0xFF, 0xF0, 0x07, 0x00, 0x7F, 0xFF, 0xF7, 0xFF, 0xFF, 0x00, 0x70, 0x00, 0x07, 0x00,
    0x00, 0x70, 0x00, 0x06, 0x00, 0x06, 0x00, 0x00, 0xE0, 0x00, 0x1F, 0xFF, 0xE1, 0xFF, 0xFE, 0x3D,
    0x99, 0x87, 0xD9, 0x98, 0x6D, 0x99, 0x87, 0xFF, 0xFF, 0x7F, 0xFF, 0xF0, 0xD9, 0x98, 0x0D, 0x99,
    0x80, 0xD9, 0x98, 0x7F, 0xFF, 0xF7, 0xFF, 0xFF, 0x00, 0x00, 0x01, 0x99, 0x8C, 0x39, 0x9C, 0xE3,
    0x18, 0xC6, 0x71, 0x8C, 0x76, 0x18, 0xC3, 0x3F, 0x7F, 0xF3, 0xF7, 0xFF, 0x33, 0x0C, 0x63, 0x31,
    0xC6, 0x33, 0x3B, 0xE3, 0xFF, 0x3E, 0x3F, 0xE0, 0x03, 0x37, 0xFE, 0x33, 0x7F, 0xE3, 0x36, 0x06,
    0x33, 0x60, 0x63, 0xF7, 0xFE, 0x3F, 0x7F, 0xE3, 0x00, 0x0C, 0x19, 0x9C, 0xC3, 0x98, 0xCE, 0x31,
    0x8C, 0x67, 0x18, 0xE7, 0x61, 0x8C, 0x30, 0x0C, 0x06, 0x03, 0xC0, 0x60, 0x3C, 0x7F, 0xE6, 0xC7,
    0xFE, 0x7F, 0x06, 0x07, 0xF8, 0x60, 0x6C, 0xFF, 0xFE, 0xCF, 0xFF, 0xCC, 0x01, 0xC0, 0xF8, 0x1C,
    0x0F, 0xFF, 0xF7, 0xFF, 0xFF, 0x7C, 0x21, 0xC0, 0xC7, 0x1C, 0x0C, 0x39, 0xC0, 0xC1, 0x9C, 0x0C,
    0x19, 0xC0, 0xC0, 0x1C, 0x0C, 0x0F, 0xC0, 0xC0, 0x78, 0x06, 0x0C, 0x00, 0x30, 0x6C, 0x01, 0x83,
    0x30, 0xCC, 0x19, 0xC7, 0x60, 0xC6, 0x1B, 0x06, 0x00, 0x7F, 0xFF, 0xC3, 0xFF, 0xFE, 0x06, 0x0E,
    0x00, 0x30, 0x70, 0x03, 0x87, 0x80, 0x3C, 0x3C, 0x03, 0xE1, 0xB0, 0x3B, 0x1D, 0x81, 0x98, 0xEE,
    0x08, 0xCE, 0x30, 0x06, 0x61, 0xC0, 0x37, 0x07, 0x01, 0xF0, 0x1C, 0x0F, 0x00, 0x60, 0x22, 0x0E,
    0x03, 0xB8, 0x70, 0x0F, 0x83, 0x80, 0x79, 0xFF, 0xE1, 0xCF, 0xFF, 0x1E, 0x07, 0x21, 0xF3, 0xB9,
    0x8D, 0xCD, 0xDC, 0x06, 0x6E, 0xC0, 0x73, 0xFE, 0x07, 0xFF, 0xFC, 0x7F, 0xFF, 0xE7, 0x60, 0xE0,
    0x73, 0x0F, 0x81, 0x18, 0x6C, 0x00, 0xC7, 0x70, 0x06, 0x71, 0xC0, 0x7F, 0x07, 0x9F, 0xF0, 0x1C,
    0xF2, 0x00, 0x40, 0x00, 0xC0, 0x00, 0x1C, 0x01, 0xFF, 0xFF, 0x7F, 0xFF, 0xF0, 0x1C, 0x08, 0xC3,
    0x23, 0x9F, 0xCC, 0xE0, 0xFF, 0xB8, 0x01, 0xF0, 0x01, 0xBF, 0xE1, 0xFF, 0xFE, 0x7B, 0xFE, 0xFC,
    0x7C, 0xCE, 0x01, 0xC0, 0x3F, 0xFF, 0xFF, 0xFF, 0xFF, 0x00, 0xE0, 0x00, 0x1C, 0x00, 0x03, 0x80,
    0x00, 0x60, 0x00, 0x7F, 0x7F, 0xE3, 0xFF, 0xFF, 0x03, 0x18, 0x18, 0x18, 0xFF, 0xC0, 0xC7, 0xFE,
    0x06, 0x30, 0x31, 0xFD, 0x81, 0x8F, 0xEF, 0xFC, 0x0C, 0x7F, 0xE0, 0x63, 0x03, 0x03, 0x1F, 0xF8,
    0x18, 0xFF, 0xC0, 0xF9, 0xB0, 0x3F, 0xDD, 0x83, 0xE0, 0xCC, 0x08, 0x0E, 0x63, 0x01, 0xE3, 0xB8,
    0x1E, 0x1F, 0x80, 0xC0, 0x78, 0x1F, 0xFF, 0xE3, 0xFF, 0xFC, 0x61, 0xC1, 0x8C, 0x38, 0x31, 0xFF,
    0xFE, 0x3F, 0xFF, 0xC6, 0x1C, 0x18, 0xC3, 0x83, 0x18, 0x70, 0x63, 0xFF, 0xFC, 0x7F, 0xFF, 0x9C,
    0x38, 0x33, 0x87, 0x06, 0x60, 0xE0, 0xCC, 0x1C, 0x1B, 0x83, 0x87, 0xE0, 0x77, 0xE8, 0x06, 0xF8,
    0xFF, 0xFF, 0xFF, 0xFF, 0xFC, 0x03, 0x00, 0x00, 0x60, 0x06, 0xFF, 0xCD, 0xDF, 0xFD, 0xBB, 0x31,
    0xB7, 0x66, 0x36, 0xEF, 0xFE, 0xDD, 0xFF, 0xDB, 0xB3, 0x1B, 0x76, 0x63, 0x6E, 0xFF, 0xED, 0xDF,
    0xFD, 0xB8, 0x00, 0x37, 0x00, 0x06, 0xFF, 0xFF, 0xDF, 0xFF, 0xF9, 0x80, 0x03, 0x00, 0x00, 0x01,
    0x80, 0x7F, 0xFE, 0x0F, 0xFF, 0xC0, 0x38, 0xC7, 0x00, 0x66, 0x30, 0x03, 0x33, 0x81, 0xFF, 0xFF,
    0xCF, 0xFF, 0xFE, 0x03, 0xFE, 0x00, 0x3B, 0x38, 0x07, 0x98, 0xF8, 0xFF, 0xFF, 0xE7, 0xFF, 0xFF,
    0x06, 0x30, 0xE0, 0x31, 0xC7, 0x01, 0xFF, 0xF8, 0x0C, 0x61, 0xC0, 0x7F, 0xFE, 0x03, 0xFF, 0xF0,
    0x18, 0x03, 0x80, 0x01, 0x80, 0x01, 0x80, 0x03, 0x80, 0x03, 0x00, 0x7F, 0xFF, 0x7F, 0xFF, 0x60,
    0x03, 0x60, 0x03, 0x60, 0x03, 0x60, 0x03, 0x7F, 0xFF, 0x7F, 0xFF, 0x60, 0x03, 0x60, 0x03, 0x60,
    0x03, 0x60, 0x03, 0x7F, 0xFF, 0x7F, 0xFF, 0x60, 0x03, 0x60, 0x03, 0x0C, 0x18, 0x03, 0x83, 0x00,
    0x60, 0xE0, 0x3F, 0x9F, 0xFF, 0xF3, 0xFF, 0xC6, 0xE1, 0xF8, 0xD8, 0x3F, 0x1F, 0x07, 0xE3, 0xD0,
    0xFF, 0xE7, 0x1F, 0xFC, 0x73, 0x71, 0x86, 0x6E, 0x30, 0xED, 0xC6, 0x0D, 0xB8, 0xC0, 0x37, 0x18,
    0x06, 0xFF, 0x00, 0xDF, 0xE0, 0x3B, 0x80, 0x7E, 0x00, 0x07, 0x80, 0xFF, 0xFF, 0xFF, 0xFF, 0x00,
    0x3E, 0x00, 0x7C, 0x00, 0xFF, 0xFF, 0xFF, 0xFF, 0xE0, 0x07, 0xC0, 0x0F, 0x80, 0x1F, 0xFF, 0xFF,
    0xFF, 0xFC, 0x00, 0xF8, 0x01, 0xF0, 0x03, 0xFF, 0xFF, 0xFF, 0xFF, 0x80, 0x1F, 0x00, 0x18, 0x18,
    0x00, 0x03, 0x87, 0xFF, 0x30, 0x7F, 0xF3, 0xF8, 0x00, 0x3F, 0x80, 0x07, 0xE3, 0xFE, 0x6E, 0x3F,
    0xE6, 0xE3, 0x06, 0x0E, 0x30, 0x67, 0xFF, 0x06, 0x7F, 0xBF, 0xE0, 0xC3, 0xFE, 0x0E, 0x10, 0xC0,
    0xF3, 0x8C, 0x1F, 0x98, 0xC1, 0x9D, 0x9C, 0x38, 0x99, 0x87, 0x0F, 0xFF, 0x60, 0xFF, 0xF4, 0x00,
    0x00, 0x00, 0x06, 0x07, 0xF8, 0x60, 0x7F, 0xFF, 0xF1, 0x8F, 0xFF, 0x18, 0xDD, 0xB1, 0x8D, 0x9B,
    0x38, 0x3B, 0x83, 0x07, 0xFF, 0x3F, 0xFF, 0xF3, 0xFF, 0x30, 0x73, 0xFF, 0xE7, 0x33, 0xFE, 0xF3,
    0x33, 0x07, 0x33, 0x30, 0x33, 0x3F, 0xE3, 0xF3, 0xFE, 0x3F, 0x33, 0x03, 0x03, 0xFF, 0x30, 0x3F,
    0xF0, 0x03, 0x00, 0x1F, 0xFF, 0xC1, 0xFF, 0xFC, 0x00, 0x00, 0x00, 0x00, 0x00, 0x00, 0x00, 0x07,
    0xFF, 0xFF, 0x7F, 0xFF, 0xF0, 0x07, 0x00, 0x04, 0x71, 0x00, 0xE7, 0x38, 0x1C, 0x71, 0x81, 0xC7,
    0x1C, 0x38, 0x70, 0xE3, 0x07, 0x0E, 0x70, 0x70, 0x76, 0x07, 0x06, 0x03, 0xE0, 0x00, 0x3E, 0x00,
    0x01, 0x06, 0x00, 0xFC, 0x30, 0x1F, 0x81, 0x80, 0xD8, 0x4C, 0x80, 0xC3, 0x6E, 0x06, 0x1B, 0x31,
    0xFF, 0xD9, 0xCF, 0xFC, 0xC6, 0x1C, 0xE6, 0x30, 0xF7, 0x31, 0x87, 0xF1, 0x80, 0x7F, 0x0C, 0xC3,
    0xD9, 0xEE, 0x36, 0x0E, 0x63, 0xB0, 0x07, 0x09, 0x80, 0x70, 0x0C, 0x0F, 0x00, 0x61, 0xF0, 0x03,
    0x3E, 0x00, 0x19, 0xC0, 0x00, 0x01, 0x06, 0x00, 0xFC, 0x70, 0x1F, 0x87, 0xF8, 0xD8, 0x7F, 0xC0,
    0xCF, 0x8C, 0x06, 0x7F, 0xE1, 0xFE, 0x3E, 0x0F, 0xF1, 0xE0, 0x1C, 0x7F, 0x00, 0xF7, 0xF8, 0x0F,
    0xD3, 0xFC, 0x7F, 0x3F, 0xE7, 0xDF, 0x87, 0x36, 0x7F, 0x73, 0xB1, 0x3F, 0x09, 0x80, 0x70, 0x0C,
    0x0F, 0x00, 0x63, 0xF0, 0x03, 0x3E, 0x00, 0x19, 0x80, 0x00, 0x00, 0xC0, 0x00, 0x1C, 0x03, 0xFF,
    0xFF, 0x7F, 0xFF, 0xFE, 0x31, 0x8F, 0xC6, 0x31, 0xF9, 0xC6, 0x00, 0x70, 0xC6, 0x1E, 0x1F, 0xDF,
    0x83, 0xF9, 0xC0, 0x00, 0x00, 0x00, 0x03, 0xFF, 0xF8, 0x7F, 0xFF, 0x00, 0x38, 0x00, 0x07, 0x00,
    0x00, 0xE0, 0x1F, 0xFF, 0xFF, 0xFF, 0xFF, 0x80, 0x00, 0x60, 0x00, 0x07, 0x00, 0x3F, 0xFF, 0xE3,
    0xFF, 0xFE, 0x03, 0x06, 0x07, 0xFF, 0xFF, 0x7F, 0xFF, 0xF0, 0x00, 0x00, 0x1F, 0xFF, 0xC1, 0xFF,
    0xFC, 0x18, 0x01, 0xC1, 0xFF, 0xFC, 0x18, 0x01, 0xC1, 0xFF, 0xFC, 0x0F, 0xFF, 0x87, 0xFF, 0xFF,
    0x7F, 0xFF, 0xF0, 0x07, 0x00, 0x00, 0x70, 0x00, 0x07, 0x00, 0x18, 0x06, 0x01, 0x8E, 0x67, 0x18,
    0xE6, 0x71, 0x8E, 0x67, 0x7F, 0xE6, 0x77, 0xFF, 0xFF, 0x02, 0x7F, 0xE6, 0x60, 0x00, 0x67, 0xFF,
    0xF3, 0x6F, 0xFF, 0x36, 0x0E, 0x03, 0x6F, 0xFF, 0x36, 0xFF, 0xF3, 0xCD, 0x9B, 0x0F, 0xD9, 0xB7,
    0xFD, 0x9B, 0xFC, 0xD9, 0xB0, 0x0D, 0x9B, 0x00, 0xD9, 0xF0, 0x0C, 0x0F, 0x18, 0x1C, 0x01, 0x81,
    0x80, 0x3F, 0xFF, 0xF7, 0xFF, 0xFF, 0x76, 0x63, 0x06, 0x66, 0x38, 0x3F, 0xFF, 0xC1, 0xFF, 0xFC,
    0x00, 0x70, 0xC0, 0xFF, 0xFC, 0x1F, 0xFF, 0xC1, 0x87, 0x00, 0x18, 0x70, 0x03, 0xFF, 0xFE, 0x3F,
    0xFF, 0xE0, 0x3F, 0x06, 0x07, 0x70, 0x63, 0xE7, 0x7E, 0x78, 0x73, 0xC6, 0x06, 0x00, 0x18, 0x1C,
    0x01, 0x81, 0xC0, 0x3F, 0xFF, 0xF7, 0xFF, 0xFF, 0x66, 0x63, 0x81, 0xFF, 0xFC, 0x1C, 0x01, 0xC1,
    0xFF, 0xFC, 0x1C, 0x00, 0xC1, 0xC0, 0x0C, 0x1F, 0xFF, 0xC1, 0xC0, 0x1C, 0x1F, 0xFF, 0xC0, 0x30,
    0x60, 0x7F, 0xFF, 0xF7, 0xFF, 0xFF, 0x07, 0x06, 0x01, 0xE0, 0x60, 0x7C, 0x06, 0x03, 0x00, 0x60,
    0x18, 0x1C, 0x00, 0xC0, 0xC0, 0x0F, 0xFF, 0xFC, 0xFF, 0xFF, 0xE6, 0x66, 0x30, 0x33, 0x20, 0x81,
    0xFF, 0x7F, 0x8F, 0xFF, 0xFC, 0x06, 0x18, 0x63, 0xFE, 0xC3, 0x19, 0xB6, 0x18, 0xFF, 0xB0, 0xC6,
    0x6D, 0x9E, 0x33, 0x6C, 0xF1, 0xFF, 0x60, 0x00, 0xC3, 0x06, 0x7F, 0xF8, 0x33, 0xFF, 0xC1, 0x81,
    0x87, 0xFC, 0x0C, 0x1F, 0xC0, 0x0C, 0x0C, 0x01, 0xC1, 0xC0, 0x1F, 0xFF, 0xF3, 0xFF, 0xFF, 0x73,
    0x33, 0x86, 0xC1, 0xCC, 0x3F, 0x3F, 0xE7, 0xFF, 0xFF, 0x0C, 0x0C, 0xC7, 0xF8, 0xCC, 0x3F, 0x7F,
    0xF7, 0xFF, 0xFF, 0x7F, 0xBF, 0xE1, 0xE3, 0x86, 0x1F, 0x30, 0x63, 0xDB, 0xFE, 0x7D, 0xF0, 0x6E,
    0xC3, 0x06, 0x4C, 0x3F, 0xE0, 0xC3, 0x06, 0x08, 0x00, 0x60, 0xE0, 0x3F, 0x06, 0x0F, 0xF0, 0x76,
    0x7E, 0x07, 0x73, 0x30, 0x3B, 0x19, 0x80, 0xF8, 0xCC, 0x03, 0xE6, 0x60, 0x1B, 0x3F, 0xF3, 0xFD,
    0xFF, 0xBF, 0xFC, 0xE0, 0x19, 0xE3, 0x02, 0xF3, 0x18, 0x37, 0xD8, 0xC1, 0xB6, 0xC6, 0x0D, 0xB6,
    0x32, 0x6D, 0xB7, 0xDE, 0x63, 0xFF, 0x83, 0x3F, 0x3C, 0x18, 0x80, 0xC0, 0x00, 0x00, 0x00, 0x00,
    0x60, 0x00, 0x07, 0x00, 0x7F, 0xFF, 0xF7, 0xFF, 0xFE, 0x00, 0x70, 0x07, 0xFF, 0xFF, 0x7F, 0xFF,
    0xF6, 0x1C, 0x07, 0x63, 0x8E, 0x76, 0xF1, 0xC7, 0x0F, 0x7A, 0x00, 0x3F, 0x70, 0x03, 0xC3, 0xC7,
    0xFF, 0xFE, 0x7F, 0xFF, 0xF0, 0x77, 0x70, 0x0E, 0x73, 0xC3, 0xC7, 0x1E, 0x70, 0x70, 0x72, 0x06,
    0x02, 0x08, 0x00, 0x01, 0xC0, 0x00, 0x18, 0x7F, 0xF7, 0x37, 0xFF, 0x77, 0x66, 0x37, 0x66, 0x63,
    0x3C, 0x66, 0x31, 0xB6, 0x63, 0x1B, 0xE6, 0x37, 0xFF, 0xFF, 0xFF, 0xFF, 0xF0, 0xCE, 0x63, 0x2D,
    0x66, 0x37, 0xF6, 0x63, 0x6D, 0xE6, 0x36, 0xDE, 0x63, 0x6D, 0xE6, 0x3C, 0xC7, 0xFF, 0x0C, 0x7F,
    0xF0, 0xC6, 0x02, 0x08, 0x0C, 0x00, 0xE0, 0xE0, 0x06, 0x07, 0xF0, 0x66, 0x7F, 0xC7, 0x67, 0x0C,
    0x3B, 0x7C, 0xE0, 0xF7, 0x7E, 0x03, 0xD1, 0xE0, 0x3B, 0x0F, 0x03, 0xF8, 0xFC, 0x3F, 0xFE, 0x78,
    0x1B, 0xF1, 0xE2, 0xF4, 0xE3, 0x37, 0x83, 0xC1, 0xB6, 0x06, 0x0D, 0xB6, 0x00, 0xED, 0xFE, 0x06,
    0x60, 0xFC, 0x03, 0x00, 0xF8, 0x18, 0x01, 0x80, 0x0C, 0x06, 0x00, 0xC0, 0x30, 0x06, 0xBF, 0xFC,
    0xEF, 0xFF, 0xE7, 0x60, 0x60, 0x3F, 0x3F, 0xF0, 0xF1, 0xFF, 0x83, 0xE0, 0x00, 0x3B, 0xFF, 0xF3,
    0xFF, 0xFF, 0xBF, 0xF0, 0x0C, 0x1B, 0xB3, 0x66, 0xF1, 0x98, 0x37, 0x8C, 0xC1, 0xBC, 0x66, 0x0D,
    0xB7, 0x32, 0xED, 0x71, 0x9E, 0x67, 0x0D, 0x83, 0x78, 0x7C, 0x19, 0x01, 0xC0, 0x08, 0x00, 0x01,
    0xCF, 0xFF, 0x18, 0xFF, 0xF3, 0xB0, 0x00, 0x76, 0x7F, 0xE7, 0xE7, 0xFE, 0x3C, 0x60, 0x61, 0xE6,
    0x06, 0x1F, 0x7F, 0xE7, 0xF7, 0xFE, 0xFF, 0xFF, 0xE0, 0xDF, 0xFF, 0x6F, 0xFD, 0xB6, 0xFF, 0xDB,
    0x6F, 0xFF, 0xF6, 0xFF, 0xFF, 0xCD, 0xFD, 0xB4, 0xDB, 0xDB, 0x0D, 0xBD, 0xF0, 0xC2, 0x07, 0x18,
    0x64, 0x60, 0xC3, 0x73, 0x06, 0x39, 0x98, 0x6F, 0x8C, 0xC7, 0x78, 0x6C, 0x3E, 0xDF, 0xF8, 0xF1,
    0xFF, 0xC3, 0xCC, 0x30, 0x3E, 0xE1, 0x87, 0xFF, 0x6C, 0x3F, 0xFB, 0x60, 0x36, 0xDB, 0xE7, 0xE6,
    0xDF, 0x3F, 0xB6, 0xC1, 0xED, 0xB6, 0x0F, 0x6D, 0xF0, 0xDB, 0x7F, 0x86, 0xC3, 0xDC, 0x06, 0x1E,
    0x7C, 0x30, 0xE1, 0xE0, 0x7F, 0xFF, 0xCC, 0x63, 0x19, 0x8C, 0x63, 0x3F, 0xFF, 0xE3, 0xFF, 0xF9,
    0xFF, 0xFF, 0xBF, 0xFF, 0xF8, 0x06, 0x00, 0x67, 0xFF, 0x8E, 0xC0, 0x31, 0xDF, 0xFE, 0x3B, 0x00,
    0xC7, 0x7F, 0xF8, 0xEC, 0x03, 0x1D, 0xFF, 0xE3, 0x80, 0x00, 0x7F, 0xFF, 0xEF, 0xFF, 0xFD, 0x80,
    0x00, 0x00, 0x00, 0x60, 0x07, 0xE6, 0x3F, 0x7E, 0x63, 0xF7, 0x7F, 0xB3, 0x77, 0xFF, 0x37, 0x66,
    0x33, 0x7E, 0x63, 0x37, 0xE6, 0x33, 0x77, 0xFF, 0x37, 0x7F, 0xF3, 0x76, 0x63, 0x37, 0xEE, 0x33,
    0x7E, 0xDB, 0x36, 0x6D, 0xB3, 0x66, 0xDB, 0xF6, 0x7F, 0xFE, 0x67, 0xFF, 0x06, 0x60, 0xF0, 0xDE,
    0x03, 0x05, 0xC0, 0x30, 0x03, 0x00, 0x06, 0x00, 0x1C, 0x07, 0xFF, 0xFF, 0xFF, 0xF8, 0x00, 0xF0,
    0x01, 0xE0, 0x03, 0xFF, 0xFF, 0xFF, 0xFF, 0x00, 0x1E, 0x00, 0x3F, 0xFF, 0xFF, 0xFF, 0xF0, 0x01,
    0xE0, 0x03, 0xC0, 0x07, 0xFF, 0xFF, 0xFF, 0xFE, 0x00, 0x30, 0x0E, 0x00, 0x00, 0x70, 0xFE, 0x03,
    0x07, 0xF0, 0x7F, 0x33, 0x83, 0xF9, 0x9D, 0x1E, 0xCC, 0xEC, 0xF6, 0xE7, 0xC6, 0xFE, 0x1E, 0x35,
    0xE0, 0x01, 0xFF, 0xFF, 0x3F, 0xEF, 0xF8, 0xFB, 0x30, 0xC3, 0xD9, 0x8C, 0x1E, 0xC6, 0xE0, 0xF6,
    0x3E, 0x07, 0xB0, 0xF0, 0x61, 0x8F, 0x83, 0x0D, 0xFF, 0x19, 0xFE, 0x3C, 0x8F, 0xC0, 0x60, 0x03,
    0x80, 0x00, 0x3F, 0xC0, 0x07, 0xFE, 0x00, 0xE1, 0xC0, 0x1C, 0x18, 0x03, 0xFF, 0xFC, 0x7F, 0xFF,
    0xE7, 0x87, 0x0E, 0x18, 0x70, 0xE1, 0x87, 0x0E, 0x18, 0x70, 0xE1, 0xFF, 0xFE, 0x1F, 0xFF, 0xE1,
    0x80, 0x04, 0x18, 0x00, 0x01, 0x80, 0x03, 0x18, 0x00, 0x31, 0xC0, 0x07, 0x1F, 0xFF, 0xE0, 0x7F,
    0xFC, 0x03, 0x06, 0x00, 0x18, 0x30, 0x1F, 0xFF, 0xFC, 0xFF, 0xFF, 0xE0, 0x33, 0x60, 0x1D, 0x18,
    0x00, 0x79, 0xFF, 0x81, 0xDF, 0xF8, 0x01, 0xF1, 0xC3, 0x9D, 0xFC, 0x1E, 0x47, 0xC0, 0x30, 0xFF,
    0x80, 0x9F, 0x1F, 0x03, 0xFF, 0xF8, 0x3F, 0xFF, 0x03, 0x98, 0x18, 0x18, 0xC0, 0xC1, 0xC7, 0xFE,
    0x1C, 0x3F, 0xF0, 0x41, 0x81, 0x80, 0x06, 0x00, 0x00, 0xE7, 0xFF, 0x1C, 0x7F, 0xF3, 0x80, 0x00,
    0x70, 0x00, 0x06, 0x30, 0x00, 0x07, 0x00, 0x00, 0xEF, 0xFF, 0x1C, 0xFF, 0xF3, 0xC0, 0x18, 0x7C,
    0x01, 0x8E, 0xC0, 0x18, 0x4C, 0x01, 0x80, 0xC0, 0x18, 0x0C, 0x01, 0x80, 0xC0, 0x18, 0x0C, 0x01,
    0x80, 0xC0, 0x18, 0x0C, 0x1F, 0x80, 0xC1, 0xF0, 0x00, 0x60, 0x00, 0x03, 0x80, 0x0F, 0xFF, 0xF8,
    0x7F, 0xFF, 0xC0, 0x07, 0x00, 0x0F, 0xFF, 0xE0, 0x7F, 0xFF, 0x00, 0x0E, 0x00, 0x7F, 0xFF, 0xF3,
    0xFF, 0xFF, 0x80, 0x7E, 0x00, 0x07, 0x31, 0xC0, 0xF1, 0xDC, 0x3F, 0x87, 0xC1, 0xDC, 0x38, 0x00,
    0xE0, 0xE0, 0x07, 0x7B, 0x80, 0x3F, 0xCF, 0x07, 0xF0, 0x3C, 0x38, 0x00, 0x60, 0x08, 0x06, 0x81,
    0xC0, 0x6E, 0x1C, 0x06, 0x71, 0xCF, 0xFF, 0x7F, 0xFF, 0xF7, 0xF0, 0x60, 0x07, 0x7F, 0xF0, 0x67,
    0xFF, 0x0F, 0xE6, 0x31, 0xDE, 0x63, 0x1F, 0x7F, 0xF3, 0xF7, 0xFF, 0x7F, 0xE6, 0x37, 0xD6, 0x63,
    0x1C, 0x7F, 0xF1, 0xC7, 0xFF, 0x1C, 0x66, 0x31, 0xC6, 0x63, 0x1C, 0x66, 0xF0, 0xC6, 0x6E, 0x7F,
    0xFF, 0xF7, 0xFF, 0xFF, 0x01, 0x8C, 0x03, 0xFF, 0xFE, 0x3F, 0xFF, 0xE3, 0x18, 0xC6, 0x31, 0x8C,
    0x63, 0xFF, 0xFE, 0x3F, 0xFF, 0xE0, 0x1C, 0x00, 0x7F, 0xFF, 0xF7, 0xFF, 0xFF, 0x07, 0x07, 0x00,
    0xE0, 0xE0, 0x0F, 0xFC, 0x00, 0xFF, 0xE0, 0x1F, 0xFF, 0xC7, 0xF8, 0x3E, 0x30, 0x00, 0x60, 0x1F,
    0xFF, 0x80, 0xFF, 0xFC, 0x07, 0x00, 0x60, 0x3F, 0xFF, 0x01, 0xFF, 0xF8, 0x0E, 0x00, 0xC0, 0x70,
    0x06, 0x03, 0xFF, 0xF0, 0x1F, 0xFF, 0x80, 0xE0, 0x0C, 0x07, 0xFF, 0xE0, 0x3F, 0xFF, 0x00, 0x39,
    0xC0, 0x01, 0x8E, 0x00, 0x1C, 0x70, 0xC1, 0xC3, 0x86, 0x3E, 0x1C, 0x33, 0xC0, 0x7F, 0x9C, 0x03,
    0xF8, 0x0C, 0x00, 0x00, 0x61, 0xFF, 0x03, 0x1F, 0xF8, 0x18, 0xE0, 0xC7, 0xF7, 0x06, 0x3F, 0xFF,
    0xF0, 0x0D, 0xFF, 0x80, 0xEE, 0x0C, 0x06, 0x7F, 0xE0, 0x73, 0xFF, 0x07, 0xDC, 0x18, 0x7F, 0xE0,
    0xCF, 0xDF, 0xFE, 0x76, 0x5F, 0xF0, 0x30, 0x6C, 0x01, 0x87, 0x60, 0x0C, 0x33, 0x30, 0x67, 0x9D,
    0x83, 0x78, 0xFC, 0x19, 0x03, 0xC0, 0x1C, 0x00, 0x00, 0xC1, 0xFF, 0x87, 0xEF, 0xFC, 0x7E, 0x0C,
    0x63, 0x30, 0xE3, 0x3F, 0xE6, 0x39, 0xFF, 0x77, 0x8E, 0xDF, 0x3C, 0x36, 0xFB, 0x01, 0xFE, 0xD8,
    0x0F, 0xF7, 0xFC, 0x6D, 0xFF, 0xE3, 0x6F, 0x30, 0x1F, 0xF9, 0x80, 0xFF, 0xFF, 0xC6, 0x1F, 0xFE,
    0x60, 0xC3, 0x03, 0x06, 0x18, 0x18, 0xF0, 0xC0, 0x87, 0x06, 0x00, 0x0F, 0xFE, 0x03, 0xFF, 0xE0,
    0x00, 0x00, 0x7F, 0xFF, 0xFF, 0xFF, 0xFE, 0x00, 0x00, 0x07, 0xFF, 0xC0, 0xFF, 0xF8, 0x00, 0x00,
    0x03, 0xFF, 0xE0, 0x7F, 0xFC, 0x00, 0x00, 0x01, 0xFF, 0xF0, 0x3F, 0xFE, 0x06, 0x00, 0xC0, 0xC0,
    0x18, 0x1F, 0xFF, 0x03, 0xFF, 0xE0, 0x60, 0x0C, 0x00, 0x00, 0x03, 0x01, 0xFC, 0x18, 0x0F, 0xC0,
    0xC0, 0xFF, 0x06, 0x0F, 0xF8, 0x30, 0x00, 0x01, 0x80, 0xFC, 0x0C, 0x0F, 0xFF, 0xFE, 0x00, 0x7F,
    0xF9, 0xF8, 0x18, 0x1F, 0xE0, 0xC0, 0x00, 0x06, 0x07, 0xF8, 0x30, 0x3F, 0xC1, 0x81, 0xCE, 0x0C,
    0x0E, 0x70, 0x60, 0x73, 0x83, 0x03, 0xFC, 0x18, 0x1F, 0xC0, 0xC0, 0x40, 0x06, 0x00, 0x3F, 0xBF,
    0xE1, 0xF9, 0xFF, 0x1F, 0xE0, 0x19, 0xFF, 0x00, 0xC0, 0x00, 0x06, 0x1F, 0x80, 0x31, 0xFE, 0x01,
    0x80, 0x07, 0xFC, 0x3F, 0x3F, 0xE3, 0xFD, 0x83, 0x00, 0x0C, 0x00, 0xFF, 0x60, 0x07, 0xFB, 0x00,
    0x39, 0xD8, 0x11, 0xCE, 0xC0, 0xCE, 0x76, 0x06, 0x7F, 0xB0, 0x33, 0xF9, 0xFF, 0x88, 0x07, 0xF8,
    0x7F, 0x3F, 0x81, 0xF9, 0xFC, 0x1F, 0xEC, 0x61, 0xFF, 0x63, 0x60, 0x03, 0x1B, 0x1F, 0xB8, 0xF9,
    0xFF, 0x87, 0xC0, 0x18, 0x00, 0x3F, 0x7F, 0xE3, 0xFB, 0xFF, 0x00, 0x0C, 0x38, 0xFE, 0x71, 0x87,
    0xF1, 0xDC, 0x31, 0x87, 0xC1, 0x8C, 0x3C, 0x0C, 0x63, 0xF0, 0x7F, 0x7F, 0xF3, 0xFF, 0x87, 0x88,
    0x30, 0x0C, 0x3F, 0x7F, 0xF1, 0xFB, 0xFF, 0x80, 0x00, 0xC1, 0xFF, 0x06, 0x07, 0xF0, 0x30, 0x1F,
    0x81, 0x81, 0xFC, 0xCC, 0x00, 0x06, 0x60, 0x3F, 0x33, 0xF3, 0xF9, 0x9F, 0x80, 0x0C, 0xC0, 0x7E,
    0x66, 0x07, 0xF3, 0x30, 0x31, 0x99, 0x81, 0x8C, 0xCC, 0x0C, 0x66, 0x60, 0x7F, 0xFF, 0xF3, 0xFF,
    0xFF, 0x98, 0x00, 0x00, 0x00, 0x01, 0xC3, 0xF8, 0x0F, 0x0F, 0xC0, 0x6C, 0xFE, 0x03, 0x6F, 0xFF,
    0xFF, 0x00, 0x7F, 0xF8, 0xFC, 0x06, 0x0F, 0xE0, 0x30, 0x00, 0x01, 0x81, 0xFF, 0xFC, 0x1F, 0xDF,
    0xE0, 0x00, 0x33, 0x07, 0xF1, 0x98, 0x3F, 0x8C, 0xC1, 0x8C, 0x66, 0x0C, 0x63, 0xFA, 0x63, 0xFE,
    0xDB, 0xFF, 0xE7, 0x9F, 0xD0, 0x3C, 0x40, 0x00, 0xE0, 0x00, 0x30, 0x63, 0xF9, 0x87, 0x0F, 0xCE,
    0x30, 0xFF, 0x31, 0x8F, 0xFF, 0xFF, 0x00, 0x3F, 0xF8, 0xFC, 0x18, 0x0F, 0xE0, 0xC0, 0x00, 0x7F,
    0xE1, 0xFB, 0xFF, 0x9F, 0xC1, 0x80, 0x00, 0x0C, 0x07, 0xF0, 0x60, 0x3F, 0xFF, 0xF9, 0x8F, 0xFF,
    0xCC, 0x60, 0xC0, 0x63, 0x06, 0x03, 0xF8, 0x30, 0x1F, 0xC1, 0x80, 0x40, 0x0C, 0x00, 0x7F, 0x7F,
    0xF1, 0xFB, 0xFF, 0x9F, 0xC3, 0x1D, 0xFF, 0xF8, 0xE0, 0x07, 0xC6, 0x1F, 0x8F, 0xB1, 0xFC, 0xED,
    0x80, 0x0E, 0x7C, 0x3F, 0xE3, 0xE3, 0xFA, 0x60, 0x00, 0x03, 0xC0, 0xFE, 0x37, 0x07, 0xF7, 0x9E,
    0x31, 0xBC, 0x31, 0x8D, 0xE3, 0xCC, 0x7B, 0x1E, 0x7F, 0xD8, 0xFB, 0xFC, 0xFE, 0x88, 0x03, 0xE0,
    0x3F, 0x7F, 0xF1, 0xFB, 0xFF, 0x80, 0x03, 0x01, 0xFF, 0xFF, 0x87, 0xF7, 0xFE, 0x1F, 0x8E, 0x71,
    0xFC, 0x63, 0x80, 0x03, 0x1C, 0x3F, 0xFF, 0xF3, 0xFF, 0xFF, 0x80, 0x00, 0x00, 0x7E, 0x7F, 0xC7,
    0xF3, 0xFE, 0x31, 0x98, 0x31, 0x8C, 0xC1, 0x8C, 0x66, 0x0C, 0x7F, 0x3F, 0xE3, 0xF9, 0xFF, 0x18,
    0x0C, 0x18, 0x00, 0x06, 0x03, 0xF8, 0x30, 0x0F, 0xBF, 0xFC, 0xFF, 0xFF, 0xEF, 0xF0, 0x60, 0x00,
    0x3F, 0xF0, 0xF9, 0xFF, 0x8F, 0xE0, 0x00, 0x00, 0xFF, 0xF1, 0xF7, 0xFF, 0x9F, 0xF0, 0x0C, 0x01,
    0xB3, 0x67, 0xF1, 0x98, 0x3F, 0x8C, 0xC1, 0x8C, 0x66, 0x0C, 0x67, 0x32, 0x63, 0x71, 0xBB, 0xFF,
    0x8D, 0x9F, 0xF8, 0x7C, 0x41, 0x03, 0xC0, 0x06, 0x00, 0x00, 0x30, 0xFF, 0x1F, 0xF7, 0xF8, 0xFF,
    0x80, 0xC0, 0x60, 0x06, 0x03, 0x00, 0x31, 0xFF, 0x81, 0x8F, 0xFF, 0xFC, 0x06, 0x1F, 0xE0, 0x30,
    0xC0, 0x0D, 0x86, 0x00, 0x6F, 0xB0, 0x03, 0x7F, 0x83, 0x1B, 0x0C, 0x19, 0xD8, 0x60, 0xCF, 0xC3,
    0xFE, 0x7E, 0x0F, 0xE3, 0x7F, 0xFF, 0xB8, 0xFF, 0xFC, 0x80, 0x00, 0x00, 0x06, 0x00, 0x00, 0x30,
    0x00, 0x1F, 0xF7, 0xFC, 0xFF, 0xBF, 0xC0, 0x60, 0x00, 0x1F, 0xC0, 0x01, 0xFF, 0x00, 0x0C, 0xD8,
    0x00, 0x66, 0xFF, 0xF3, 0xFF, 0xFF, 0x99, 0xB3, 0x80, 0xFF, 0x9C, 0x07, 0xFC, 0xC4, 0x03, 0x06,
    0x61, 0xFF, 0x33, 0x9F, 0xFF, 0x8C, 0x06, 0x18, 0x70, 0x33, 0xFF, 0x81, 0x9F, 0xFC, 0x0C, 0x00,
    0x60, 0x00, 0x00, 0x03, 0x87, 0xE0, 0x1E, 0x3F, 0x00, 0x38, 0x18, 0x00, 0xC0, 0xC0, 0x00, 0x06,
    0x00, 0x00, 0x78, 0x00, 0x03, 0xC0, 0x7C, 0x1E, 0x03, 0xE1, 0xF8, 0x03, 0x0C, 0xC0, 0x18, 0xE7,
    0x00, 0xCE, 0x18, 0x06, 0xF0, 0xF0, 0x3F, 0x03, 0xC3, 0xF0, 0x0E, 0x3F, 0x00, 0x03, 0xBF, 0xFF,
    0x98, 0x7F, 0xFC, 0x00, 0x00, 0x00, 0x00, 0x00, 0xC3, 0x80, 0xFF, 0x0E, 0x3F, 0xE0, 0x39, 0xE0,
    0x00, 0xCE, 0x00, 0x00, 0x70, 0x00, 0x03, 0xFF, 0xC0, 0x1F, 0xFE, 0x7C, 0xC3, 0x03, 0xE6, 0x18,
    0x03, 0x30, 0xC0, 0x19, 0x86, 0x00, 0xDC, 0x30, 0x06, 0xC1, 0x80, 0x3E, 0x0C, 0x03, 0xE0, 0x60,
    0x3F, 0x03, 0x03, 0xBF, 0xFF, 0x98, 0x7F, 0xFC, 0x00, 0x00, 0x00, 0x00, 0x0C, 0x03, 0x80, 0xE0,
    0x1E, 0x3F, 0xF0, 0x3B, 0xFF, 0x80, 0xDC, 0x0C, 0x00, 0xE0, 0x60, 0x07, 0xFF, 0x00, 0x3F, 0xF8,
    0x7D, 0xC0, 0x03, 0xEE, 0x00, 0x03, 0x7F, 0xF8, 0x1B, 0xFF, 0xC0, 0xDC, 0x06, 0x06, 0xE0, 0x30,
    0x37, 0xFF, 0x83, 0xBF, 0xFC, 0x3E, 0x00, 0x03, 0xBF, 0xFF, 0x98, 0x7F, 0xFC, 0x00, 0x00, 0x00,
    0x00, 0x00, 0x03, 0x87, 0xFE, 0x0E, 0x3F, 0xF0, 0x39, 0x81, 0x80, 0xCF, 0xFC, 0x02, 0x7F, 0xE0,
    0x03, 0x03, 0x00, 0x1F, 0xF8, 0x7C, 0xFF, 0xC3, 0xE6, 0x73, 0x83, 0x31, 0xB8, 0x19, 0x8F, 0x80,
    0xCC, 0x38, 0x06, 0x6F, 0xE0, 0x37, 0xF7, 0xC3, 0xBE, 0x1E, 0x3F, 0x00, 0x23, 0xBF, 0xFF, 0x98,
    0x7F, 0xFC, 0x00, 0x00, 0x00, 0x00, 0xC0, 0xC3, 0x87, 0x0E, 0x1E, 0x18, 0x70, 0x38, 0xE7, 0x00,
    0xDF, 0xFE, 0x04, 0xFF, 0xF8, 0x00, 0x30, 0x00, 0x01, 0x80, 0x7F, 0xFF, 0xF3, 0xFF, 0xFF, 0x83,
    0x07, 0x80, 0x18, 0x3C, 0x00, 0xC3, 0xB0, 0x06, 0x39, 0xC0, 0x37, 0x87, 0x83, 0xB8, 0x1E, 0x3F,
    0x00, 0x23, 0xBF, 0xFF, 0x98, 0x7F, 0xFC, 0x00, 0x00, 0x00, 0x00, 0x40, 0xC3, 0x87, 0x0E, 0x1E,
    0x18, 0x60, 0x38, 0xC7, 0x01, 0xFF, 0xFF, 0x01, 0xFF, 0xF8, 0x06, 0x31, 0x80, 0x31, 0x8C, 0x79,
    0x8C, 0x63, 0xEC, 0x63, 0x07, 0x63, 0x18, 0x3B, 0xFF, 0xC1, 0xDF, 0xFE, 0x0E, 0x0E, 0x00, 0x70,
    0x60, 0x03, 0x8F, 0x00, 0x3E, 0xF0, 0x03, 0xBF, 0xFF, 0x98, 0xFF, 0xFC, 0x00, 0x00, 0x00, 0x00,
    0x63, 0x03, 0x83, 0x18, 0x1E, 0x39, 0xC0, 0x39, 0xFF, 0xC1, 0xDF, 0xFF, 0x01, 0xE3, 0x00, 0x1F,
    0x18, 0x00, 0xFF, 0xFC, 0x78, 0xFF, 0xE3, 0xC6, 0x30, 0x06, 0x3F, 0xF8, 0x31, 0xFF, 0xC1, 0x8C,
    0x60, 0x0C, 0x63, 0x00, 0x63, 0xFF, 0xC3, 0x9F, 0xFE, 0x3E, 0x00, 0x03, 0xBF, 0xFF, 0x98, 0xFF,
    0xFC, 0x00, 0x00, 0x00, 0x00, 0x0C, 0x03, 0x80, 0x60, 0x0E, 0xFF, 0xFC, 0x3F, 0xFF, 0xE1, 0xC6,
    0x18, 0x04, 0xFF, 0xF0, 0x07, 0xFF, 0x80, 0x31, 0x8C, 0x79, 0xFF, 0xE3, 0xCC, 0x63, 0x06, 0x63,
    0x18, 0x33, 0x7E, 0xC1, 0x9B, 0x36, 0x0C, 0xD9, 0xB0, 0x66, 0xFD, 0x83, 0xB6, 0x3C, 0x3F, 0x81,
    0xE3, 0xBF, 0xFF, 0x98, 0xFF, 0xFC, 0x00, 0x00, 0x00, 0x00, 0x00, 0x03, 0x1F, 0xBF, 0x1C, 0x0C,
    0x18, 0x70, 0x60, 0xC1, 0xFF, 0x7E, 0x05, 0x8F, 0x18, 0x0F, 0xFF, 0xC0, 0x0C, 0x60, 0x78, 0x63,
    0x03, 0xDF, 0xFF, 0x86, 0x7F, 0xF8, 0x30, 0xC6, 0x01, 0xBF, 0xFF, 0x0F, 0xFF, 0xF8, 0x61, 0xCE,
    0x03, 0xBC, 0x3C, 0x3F, 0x80, 0xE3, 0xBF, 0xFF, 0x98, 0xFF, 0xFC, 0x00, 0x00, 0x00, 0xFF, 0xFF,
    0xEF, 0xFF, 0xFE, 0x1E, 0x00, 0xE1, 0xE0, 0x0E, 0xFF, 0x80, 0xEF, 0xF8, 0x0E, 0xDF, 0x80, 0xED,
    0xFB, 0xFE, 0xD7, 0xBF, 0xED, 0x7B, 0x8E, 0xF7, 0xB8, 0x4E, 0x1B, 0x80, 0xFF, 0xB8, 0x0F, 0xFB,
    0x86, 0xC1, 0xB8, 0x6F, 0xFB, 0x86, 0xFF, 0xB8, 0x6C, 0x1B, 0xFE, 0xC0, 0x9F, 0xC0, 0x1F, 0xFF,
    0x81, 0xC0, 0x18, 0x1F, 0xFF, 0x81, 0xC0, 0x18, 0x1F, 0xFF, 0x80, 0x00, 0x00, 0x7F, 0xFF, 0xF7,
    0xFF, 0xFF, 0x1F, 0xFF, 0xC1, 0x87, 0x0C, 0x1F, 0xFF, 0xC1, 0x87, 0x0C, 0x1F, 0xFF, 0xC0, 0x07,
    0x00, 0x00, 0x70, 0x03, 0xFF, 0xFE, 0x00, 0x70, 0x07, 0xFF, 0xFF, 0x7F, 0xFF, 0xF0, 0x0C, 0x00,
    0x00, 0xF1, 0xFF, 0x07, 0xCF, 0xF8, 0x77, 0x01, 0xC7, 0x1B, 0xFE, 0x7F, 0xDF, 0xF1, 0xFE, 0x03,
    0x81, 0x8F, 0xFE, 0x0C, 0xFF, 0xF3, 0xFC, 0x30, 0x1F, 0xF9, 0xCC, 0x5B, 0x6E, 0xC6, 0xDB, 0xFC,
    0x1E, 0xCB, 0xC0, 0xFC, 0x7B, 0x07, 0xA7, 0xDC, 0x0F, 0xF6, 0x73, 0xFF, 0x31, 0x9E, 0x07, 0x80,
    0x00, 0x18, 0x00, 0x1F, 0xFF, 0x81, 0xFF, 0xF8, 0x1C, 0x00, 0x01, 0xFF, 0xF0, 0x1F, 0xFF, 0x01,
    0xC0, 0x00, 0x1F, 0xFF, 0x01, 0xFF, 0xF0, 0x1C, 0x00, 0x0F, 0xFF, 0xFE, 0xFF, 0xFF, 0xE1, 0xCE,
    0x1C, 0x1C, 0x63, 0xC1, 0xC7, 0xF0, 0x1C, 0x3C, 0x01, 0xC7, 0xE0, 0x1F, 0xEF, 0x87, 0xFC, 0x3E,
    0x70, 0x00, 0xE0, 0xFF, 0xBF, 0xDF, 0xF7, 0xFB, 0x86, 0xC3, 0x7F, 0xDF, 0xEE, 0x3B, 0x0D, 0xC3,
    0x61, 0xBF, 0xEF, 0xF7, 0xF9, 0xFE, 0xEF, 0xFE, 0xDD, 0xFF, 0xDB, 0x8C, 0xE3, 0x71, 0x9C, 0x6F,
    0xFF, 0xED, 0xDF, 0xFD, 0xB8, 0xCE, 0x37, 0x39, 0xC6, 0xE6, 0x38, 0xDD, 0xC7, 0xF9, 0xB0, 0x4E,
    0x00, 0xFF, 0xBF, 0xDF, 0xF7, 0xFB, 0x86, 0xC3, 0x7F, 0xDF, 0xEF, 0xFB, 0xFD, 0xC3, 0x61, 0xBF,
    0xEF, 0xF7, 0xF9, 0xFE, 0xE0, 0x00, 0xDC, 0xFF, 0x9B, 0x9F, 0xF3, 0x73, 0x0E, 0x6E, 0x7F, 0xCD,
    0xCF, 0xF9, 0xB9, 0x87, 0x37, 0x3F, 0xE6, 0xE7, 0xFC, 0xDC, 0xC0, 0xF9, 0x80, 0x1E, 0x00, 0x00,
    0x1C, 0x0F, 0xE3, 0xC0, 0xFE, 0x36, 0x0C, 0xC7, 0x70, 0xCC, 0xE3, 0x8C, 0xDC, 0x1E, 0xDB, 0xFF,
    0xED, 0xBF, 0xFE, 0xDC, 0x1C, 0x0C, 0xC1, 0xC0, 0xCF, 0xFF, 0xCC, 0x7F, 0xFE, 0xC6, 0x1C, 0x0F,
    0xED, 0xD8, 0xFD, 0xDD, 0x8C, 0x19, 0xCC, 0xC3, 0x9C, 0xEC, 0x31, 0xC6, 0xC0, 0x78, 0x0C, 0x07,
    0x00, 0x00, 0xC0, 0x0F, 0xD8, 0xC0, 0xFD, 0xFF, 0xEC, 0xFB, 0xFE, 0xDF, 0xF6, 0xCD, 0xFE, 0x7C,
    0xDF, 0xE7, 0x8D, 0x9C, 0x38, 0xD9, 0xC1, 0xCD, 0xFF, 0xFE, 0xCF, 0x7F, 0x6C, 0xC0, 0x00, 0xCF,
    0xFF, 0xCF, 0xDF, 0xFC, 0xF9, 0x99, 0x8C, 0x19, 0x98, 0xC3, 0x98, 0xCC, 0x71, 0x8E, 0xC2, 0x78,
    0x4C, 0x07, 0x00, 0x00, 0x1C, 0x1F, 0xC3, 0x83, 0xFF, 0xFF, 0xE6, 0xFF, 0xFC, 0xC6, 0x31, 0xBF,
    0xFF, 0xF6, 0xFF, 0xFE, 0xC0, 0x00, 0xDD, 0xFF, 0xD9, 0xB0, 0x1B, 0x3F, 0xFF, 0x63, 0xC0, 0x6C,
    0x7F, 0xFD, 0xFC, 0x38, 0x3F, 0x07, 0x06, 0x1F, 0xFF, 0xC3, 0xFF, 0xF8, 0x03, 0x83, 0x00, 0x70,
    0x60, 0x0E, 0x00, 0x00, 0x01, 0x9F, 0xFF, 0xFB, 0xFF, 0xFF, 0x66, 0xCC, 0x6C, 0xDD, 0xDD, 0x99,
    0x9B, 0x36, 0x7F, 0xF6, 0xCF, 0xFE, 0xDC, 0x00, 0xD9, 0xBF, 0xFB, 0x3B, 0xFF, 0x63, 0xFF, 0xEC,
    0x7F, 0xFD, 0xFC, 0x70, 0x37, 0x5F, 0x66, 0x1F, 0x6E, 0xC3, 0x63, 0xF8, 0xEC, 0x6F, 0x19, 0xFD,
    0xE0, 0x1F, 0x00, 0x06, 0x38, 0x00, 0x71, 0xC0, 0x03, 0xFF, 0xF0, 0x3F, 0xFF, 0xC3, 0x83, 0x00,
    0x3E, 0x18, 0x03, 0xFF, 0xFF, 0x0B, 0x06, 0x00, 0x1F, 0xFF, 0xC0, 0xE3, 0x80, 0x07, 0xFF, 0xF8,
    0x3F, 0xFF, 0xE0, 0x07, 0x00, 0x3F, 0xFF, 0xF9, 0xFF, 0xFF, 0xC0, 0x7F, 0xC0, 0x0F, 0x77, 0x83,
    0xF3, 0x9F, 0x9E, 0x1C, 0x3C, 0x80, 0xC0, 0x00, 0x7F, 0xFF, 0x83, 0xFF, 0xF8, 0x7F, 0xFF, 0xCF,
    0xFF, 0xFE, 0xC0, 0xC0, 0xED, 0xFD, 0xFE, 0xC0, 0xC0, 0xE3, 0xFD, 0xF8, 0x00, 0xC0, 0x01, 0xFF,
    0xF0, 0x3F, 0xFF, 0x83, 0x0C, 0x18, 0x3F, 0xFF, 0x83, 0x0C, 0x18, 0x3F, 0xFF, 0x83, 0xFF, 0xFE,
    0x30, 0xE0, 0x60, 0x0F, 0xFE, 0x00, 0x3F, 0x80, 0x01, 0x8C, 0x00, 0x18, 0xC0, 0x01, 0x8C, 0x07,
    0xF8, 0xFF, 0x7F, 0x8F, 0xF0, 0x18, 0xC0, 0x01, 0x8C, 0x00, 0x18, 0xC0, 0x7F, 0x8F, 0xF3, 0xF8,
    0xFE, 0x01, 0x8C, 0x00, 0x18, 0xC0, 0x0F, 0xEC, 0x07, 0xFC, 0xFF, 0x7F, 0x0F, 0xF0, 0x70, 0xC0,
    0x0E, 0x0C, 0x01, 0xC0, 0xC0, 0x78, 0x0C, 0x03, 0x00, 0xC0, 0xFF, 0xFF, 0xFF, 0xFF, 0xFC, 0x03,
    0x00, 0x00, 0x60, 0x00, 0x1C, 0x00, 0xFF, 0xFF, 0x9F, 0xFF, 0xF3, 0x30, 0xC6, 0x67, 0xF8, 0xCC,
    0xFF, 0x19, 0x98, 0x63, 0x33, 0x0C, 0x66, 0x7F, 0x8C, 0xCF, 0xF1, 0x99, 0x86, 0x33, 0x30, 0xC6,
    0x7F, 0xFF, 0xCF, 0xFF, 0xF9, 0x80, 0x03, 0x00, 0x00, 0xFF, 0xF0, 0x07, 0xFF, 0x9F, 0xE1, 0x80,
    0xFE, 0xFF, 0xC1, 0xC7, 0xFF, 0x0E, 0x30, 0x38, 0x71, 0x81, 0xC3, 0x8F, 0xFE, 0x1C, 0x7F, 0xF0,
    0xE3, 0x03, 0x87, 0x7F, 0xFC, 0x3F, 0xFF, 0xE3, 0xF6, 0x07, 0x7E, 0x3F, 0xF9, 0x81, 0xFF, 0xC0,
    0x03, 0x30, 0x00, 0x79, 0xE0, 0x0F, 0x03, 0x80, 0x60, 0x0C, 0x06, 0x00, 0x00, 0x31, 0xFF, 0x8D,
    0x8F, 0xFC, 0x6F, 0x86, 0x03, 0x7D, 0xFE, 0x1B, 0x0F, 0xF9, 0xFF, 0xE0, 0xDF, 0xFF, 0x06, 0x06,
    0x1F, 0xF1, 0xB6, 0xFF, 0x8D, 0xB6, 0x0C, 0xED, 0xFF, 0xE6, 0x6F, 0xFF, 0x37, 0x6C, 0x18, 0x7E,
    0x7F, 0xC0, 0x73, 0xFE, 0x07, 0x0C, 0xC0, 0xF0, 0xE7, 0x1F, 0x1E, 0x1C, 0xE0, 0xC0, 0x60, 0x3F,
    0x3F, 0x7E, 0x7F, 0x72, 0x72, 0xE0, 0x60, 0xE0, 0x60, 0xFE, 0xFE, 0xFE, 0xFE, 0xE0, 0xE0, 0xE0,
    0xE0, 0xE0, 0xE0, 0xE0, 0xE0, 0xE0, 0xE0, 0xE0, 0xE0, 0xE0, 0xE0, 0xE0, 0xE0, 0xE0, 0xE0, 0x3E,
    0xE7, 0xEE, 0x70, 0x0E, 0x00, 0xE0, 0x0F, 0xEE, 0xFE, 0xEE, 0x0E, 0xE0, 0xEE, 0x0E, 0xE0, 0xEE,
    0x0E, 0xE0, 0xEE, 0x0E, 0xE0, 0xEE, 0x0E, 0x3E, 0x63, 0xF7, 0x1C, 0x39, 0xC1, 0xCE, 0x0E, 0x7F,
    0x73, 0xFB, 0x9C, 0x1C, 0xE0, 0xE7, 0x07, 0x38, 0x39, 0xC1, 0xCE, 0x0E, 0x70, 0x3B, 0x81, 0xFC,
    0x0F, 0x3F, 0x3E, 0x67, 0xE7, 0xE6, 0x72, 0x72, 0x0E, 0x06, 0x00, 0xE0, 0x60, 0x0F, 0xEF, 0xE6,
    0xFE, 0xFE, 0x6E, 0x0E, 0x06, 0xE0, 0xE0, 0x6E, 0x0E, 0x06, 0xE0, 0xE0, 0x6E, 0x0E, 0x06, 0xE0,
    0xE0, 0x6E, 0x0E, 0x06, 0xE0, 0xE0, 0x6E, 0x0E, 0x06, 0x3F, 0x3E, 0x63, 0xF3, 0xF3, 0x1C, 0x9C,
    0x99, 0xC0, 0xC0, 0xCE, 0x06, 0x06, 0x7F, 0x7F, 0x33, 0xFB, 0xF9, 0x9C, 0x1C, 0x0C, 0xE0, 0xE0,
    0x67, 0x07, 0x03, 0x38, 0x38, 0x19, 0xC1, 0xC0, 0xCE, 0x0E, 0x06, 0x70, 0x70, 0x3B, 0x83, 0x81,
    0xFC, 0x1C, 0x07,
};

static const EpdGlyph ubuntu_10_regularGlyphs[] = {
    { 0, 0, 0, 0, 0, 0, 0 }, // U+0000
    { 0, 0, 0, 0, 0, 0, 0 }, // U+0008
    { 0, 0, 77, 0, 0, 0, 0 }, // U+0009
    { 0, 0, 77, 0, 0, 0, 0 }, // U+000D
    { 0, 0, 0, 0, 0, 0, 0 }, // U+001D
    { 0, 0, 77, 0, 0, 0, 0 }, // U+0020
    { 4, 15, 92, 1, 15, 8, 0 }, // !
    { 7, 5, 139, 1, 16, 5, 8 }, // "
    { 12, 15, 222, 1, 15, 23, 13 }, // #
    { 10, 19, 188, 1, 16, 24, 36 }, // $
    { 16, 15, 286, 1, 15, 30, 60 }, // %
    { 14, 15, 222, 0, 15, 27, 90 }, // &
    { 3, 5, 80, 1, 16, 2, 117 }, // '
    { 6, 20, 108, 1, 16, 15, 119 }, // (
    { 6, 20, 108, 0, 16, 15, 134 }, // )
    { 10, 8, 160, 0, 15, 10, 149 }, // *
    { 10, 10, 188, 1, 11, 13, 159 }, // +
    { 4, 5, 82, 0, 2, 3, 172 }, // ,
    { 6, 2, 100, 0, 7, 2, 175 }, // -
    { 3, 3, 82, 1, 3, 2, 177 }, // .
    { 10, 20, 128, -1, 16, 25, 179 }, // /
    { 10, 15, 188, 1, 15, 19, 204 }, // 0
    { 7, 15, 188, 1, 15, 14, 223 }, // 1
    { 10, 15, 188, 1, 15, 19, 237 }, // 2
    { 10, 15, 188, 1, 15, 19, 256 }, // 3
    { 11, 15, 188, 0, 15, 21, 275 }, // 4
    { 10, 15, 188, 1, 15, 19, 296 }, // 5
    { 10, 15, 188, 1, 15, 19, 315 }, // 6
    { 10, 15, 188, 1, 15, 19, 334 }, // 7
    { 10, 15, 188, 1, 15, 19, 353 }, // 8
    { 10, 15, 188, 1, 15, 19, 372 }, // 9
    { 3, 11, 82, 1, 11, 5, 391 }, // :
    { 4, 14, 82, 0, 11, 7, 396 }, // ;
    { 10, 9, 188, 1, 11, 12, 403 }, // <
    { 10, 7, 188, 1, 10, 9, 415 }, // =
    { 10, 9, 188, 1, 11, 12, 424 }, // >
    { 8, 15, 135, 0, 15, 15, 436 }, // ?
    { 18, 20, 317, 1, 16, 45, 451 }, // @
    { 14, 15, 221, 0, 15, 27, 496 }, // A
    { 12, 15, 214, 1, 15, 23, 523 }, // B
    { 12, 15, 207, 1, 15, 23, 546 }, // C
    { 13, 15, 238, 1, 15, 25, 569 }, // D
    { 11, 15, 190, 1, 15, 21, 594 }, // E
    { 10, 15, 179, 1, 15, 19, 615 }, // F
    { 12, 15, 224, 1, 15, 23, 634 }, // G
    { 12, 15, 235, 1, 15, 23, 657 }, // H
    { 3, 15, 90, 1, 15, 6, 680 }, // I
    { 9, 15, 167, 0, 15, 17, 686 }, // J
    { 13, 15, 210, 1, 15, 25, 703 }, // K
    { 10, 15, 173, 1, 15, 19, 728 }, // L
    { 16, 15, 290, 1, 15, 30, 747 }, // M
    { 13, 15, 243, 1, 15, 25, 777 }, // N
    { 15, 15, 259, 1, 15, 29, 802 }, // O
    { 12, 15, 203, 1, 15, 23, 831 }, // P
    { 15, 19, 259, 1, 15, 36, 854 }, // Q
    { 12, 15, 210, 1, 15, 23, 890 }, // R
    { 11, 15, 177, 0, 15, 21, 913 }, // S
    { 12, 15, 188, 0, 15, 23, 934 }, // T
    { 12, 15, 229, 1, 15, 23, 957 }, // U
    { 14, 15, 219, 0, 15, 27, 980 }, // V
    { 19, 15, 310, 0, 15, 36, 1007 }, // W
    { 13, 15, 210, 0, 15, 25, 1043 }, // X
    { 13, 15, 199, 0, 15, 25, 1068 }, // Y
    { 12, 15, 191, 0, 15, 23, 1093 }, // Z
    { 5, 20, 110, 2, 16, 13, 1116 }, // [
    { 10, 20, 128, -1, 16, 25, 1129 }, // <backslash>
    { 5, 20, 110, 0, 16, 13, 1154 }, // ]
    { 11, 8, 188, 0, 15, 11, 1167 }, // ^
    { 12, 2, 164, -1, -2, 3, 1178 }, // _
    { 5, 4, 125, 1, 16, 3, 1181 }, // `
    { 10, 11, 174, 0, 11, 14, 1184 }, // a
    { 11, 16, 196, 1, 16, 22, 1198 }, // b
    { 9, 11, 155, 1, 11, 13, 1220 }, // c
    { 10, 16, 196, 1, 16, 20, 1233 }, // d
    { 10, 11, 186, 1, 11, 14, 1253 }, // e
    { 8, 16, 129, 1, 16, 16, 1267 }, // f
    { 10, 15, 193, 1, 11, 19, 1283 }, // g
    { 10, 16, 190, 1, 16, 20, 1302 }, // h
    { 3, 16, 84, 1, 16, 6, 1322 }, // i
    { 6, 20, 84, -2, 16, 15, 1328 }, // j
    { 10, 16, 174, 1, 16, 20, 1343 }, // k
    { 5, 16, 91, 1, 16, 10, 1363 }, // l
    { 16, 11, 287, 1, 11, 22, 1373 }, // m
    { 10, 11, 191, 1, 11, 14, 1395 }, // n
    { 11, 11, 197, 1, 11, 16, 1409 }, // o
    { 11, 15, 196, 1, 11, 21, 1425 }, // p
    { 10, 15, 196, 1, 11, 19, 1446 }, // q
    { 7, 11, 129, 1, 11, 10, 1465 }, // r
    { 9, 11, 149, 0, 11, 13, 1475 }, // s
    { 8, 14, 134, 1, 14, 14, 1488 }, // t
    { 10, 11, 191, 1, 11, 14, 1502 }, // u
    { 11, 11, 167, 0, 11, 16, 1516 }, // v
    { 16, 11, 259, 0, 11, 22, 1532 }, // w
    { 11, 11, 170, 0, 11, 16, 1554 }, // x
    { 11, 15, 166, 0, 11, 21, 1570 }, // y
    { 10, 11, 157, 0, 11, 14, 1591 }, // z
    { 7, 20, 111, 0, 16, 18, 1605 }, // {
    { 2, 20, 93, 2, 16, 5, 1623 }, // |
    { 7, 20, 111, 0, 16, 18, 1628 }, // }
    { 11, 4, 188, 0, 8, 6, 1646 }, // ~
    { 0, 0, 77, 0, 0, 0, 1652 }, // U+00A0
    { 4, 15, 92, 1, 11, 8, 1652 }, // U+00A1
    { 10, 17, 188, 1, 14, 22, 1660 }, // U+00A2
    { 10, 15, 188, 1, 15, 19, 1682 }, // U+00A3
    { 11, 10, 188, 0, 12, 14, 1701 }, // U+00A4
    { 12, 15, 188, 0, 15, 23, 1715 }, // U+00A5
    { 2, 20, 93, 2, 16, 5, 1738 }, // U+00A6
    { 10, 18, 164, 0, 16, 23, 1743 }, // U+00A7
    { 8, 2, 125, 0, 15, 2, 1766 }, // U+00A8
    { 15, 15, 271, 1, 15, 29, 1768 }, // U+00A9
    { 8, 8, 130, 0, 15, 8, 1797 }, // U+00AA
    { 10, 9, 166, 0, 10, 12, 1805 }, // U+00AB
    { 10, 8, 188, 1, 9, 10, 1817 }, // U+00AC
    { 6, 2, 100, 0, 7, 2, 1827 }, // U+00AD
    { 15, 15, 271, 1, 15, 29, 1829 }, // U+00AE
    { 7, 2, 125, 0, 15, 2, 1858 }, // U+00AF
    { 7, 6, 111, 0, 16, 6, 1860 }, // U+00B0
    { 10, 13, 188, 1, 13, 17, 1866 }, // U+00B1
    { 7, 8, 120, 0, 15, 7, 1883 }, // U+00B2
    { 7, 8, 120, 0, 15, 7, 1890 }, // U+00B3
    { 5, 4, 125, 2, 16, 3, 1897 }, // U+00B4
    { 10, 15, 193, 1, 11, 19, 1900 }, // U+00B5
    { 12, 19, 215, 0, 15, 29, 1919 }, // U+00B6
    { 3, 3, 82, 1, 8, 2, 1948 }, // U+00B7
    { 5, 4, 125, 1, 0, 3, 1950 }, // U+00B8
    { 4, 8, 120, 1, 15, 4, 1953 }, // U+00B9
    { 9, 8, 149, 0, 15, 9, 1957 }, // U+00BA
    { 10, 9, 166, 0, 10, 12, 1966 }, // U+00BB
    { 17, 15, 291, 1, 15, 32, 1978 }, // U+00BC
    { 17, 15, 291, 1, 15, 32, 2010 }, // U+00BD
    { 18, 15, 291, 0, 15, 34, 2042 }, // U+00BE
    { 9, 15, 135, 0, 11, 17, 2076 }, // U+00BF
    { 14, 20, 221, 0, 20, 35, 2093 }, // U+00C0
    { 14, 20, 221, 0, 20, 35, 2128 }, // U+00C1
    { 14, 20, 221, 0, 20, 35, 2163 }, // U+00C2
    { 14, 19, 221, 0, 19, 34, 2198 }, // U+00C3
    { 14, 18, 221, 0, 18, 32, 2232 }, // U+00C4
    { 14, 18, 221, 0, 18, 32, 2264 }, // U+00C5
    { 19, 15, 312, 0, 15, 36, 2296 }, // U+00C6
    { 12, 18, 207, 1, 15, 27, 2332 }, // U+00C7
    { 11, 20, 190, 1, 20, 28, 2359 }, // U+00C8
    { 11, 20, 190, 1, 20, 28, 2387 }, // U+00C9
    { 11, 20, 190, 1, 20, 28, 2415 }, // U+00CA
    { 11, 18, 190, 1, 18, 25, 2443 }, // U+00CB
    { 5, 20, 90, 0, 20, 13, 2468 }, // U+00CC
    { 5, 20, 90, 1, 20, 13, 2481 }, // U+00CD
    { 7, 20, 90, -1, 20, 18, 2494 }, // U+00CE
    { 8, 18, 90, -1, 18, 18, 2512 }, // U+00CF
    { 15, 15, 242, 0, 15, 29, 2530 }, // U+00D0
    { 13, 19, 243, 1, 19, 31, 2559 }, // U+00D1
    { 15, 20, 259, 1, 20, 38, 2590 }, // U+00D2
    { 15, 20, 259, 1, 20, 38, 2628 }, // U+00D3
    { 15, 20, 259, 1, 20, 38, 2666 }, // U+00D4
    { 15, 19, 259, 1, 19, 36, 2704 }, // U+00D5
    { 15, 18, 259, 1, 18, 34, 2740 }, // U+00D6
    { 10, 9, 188, 1, 11, 12, 2774 }, // U+00D7
    { 15, 15, 259, 1, 15, 29, 2786 }, // U+00D8
    { 12, 20, 229, 1, 20, 30, 2815 }, // U+00D9
    { 12, 20, 229, 1, 20, 30, 2845 }, // U+00DA
    { 12, 20, 229, 1, 20, 30, 2875 }, // U+00DB
    { 12, 18, 229, 1, 18, 27, 2905 }, // U+00DC
    { 13, 20, 199, 0, 20, 33, 2932 }, // U+00DD
    { 12, 15, 203, 1, 15, 23, 2965 }, // U+00DE
    { 12, 16, 208, 1, 16, 24, 2988 }, // U+00DF
    { 10, 16, 174, 0, 16, 20, 3012 }, // U+00E0
    { 10, 16, 174, 0, 16, 20, 3032 }, // U+00E1
    { 10, 16, 174, 0, 16, 20, 3052 }, // U+00E2
    { 10, 16, 174, 0, 16, 20, 3072 }, // U+00E3
    { 10, 15, 174, 0, 15, 19, 3092 }, // U+00E4
    { 10, 16, 174, 0, 16, 20, 3111 }, // U+00E5
    { 17, 11, 286, 0, 11, 24, 3131 }, // U+00E6
    { 9, 15, 155, 1, 11, 17, 3155 }, // U+00E7
    { 10, 16, 186, 1, 16, 20, 3172 }, // U+00E8
    { 10, 16, 186, 1, 16, 20, 3192 }, // U+00E9
    { 10, 16, 186, 1, 16, 20, 3212 }, // U+00EA
    { 10, 15, 186, 1, 15, 19, 3232 }, // U+00EB
    { 5, 16, 84, 0, 16, 10, 3251 }, // U+00EC
    { 5, 16, 84, 1, 16, 10, 3261 }, // U+00ED
    { 7, 16, 84, -1, 16, 14, 3271 }, // U+00EE
    { 7, 15, 84, -1, 15, 14, 3285 }, // U+00EF
    { 11, 16, 196, 1, 16, 22, 3299 }, // U+00F0
    { 10, 16, 191, 1, 16, 20, 3321 }, // U+00F1
    { 11, 16, 197, 1, 16, 22, 3341 }, // U+00F2
    { 11, 16, 197, 1, 16, 22, 3363 }, // U+00F3
    { 11, 16, 197, 1, 16, 22, 3385 }, // U+00F4
    { 11, 16, 197, 1, 16, 22, 3407 }, // U+00F5
    { 11, 15, 197, 1, 15, 21, 3429 }, // U+00F6
    { 10, 12, 188, 1, 12, 15, 3450 }, // U+00F7
    { 11, 11, 197, 1, 11, 16, 3465 }, // U+00F8
    { 10, 16, 191, 1, 16, 20, 3481 }, // U+00F9
    { 10, 16, 191, 1, 16, 20, 3501 }, // U+00FA
    { 10, 16, 191, 1, 16, 20, 3521 }, // U+00FB
    { 10, 15, 191, 1, 15, 19, 3541 }, // U+00FC
    { 11, 20, 166, 0, 16, 28, 3560 }, // U+00FD
    { 11, 20, 196, 1, 16, 28, 3588 }, // U+00FE
    { 11, 19, 166, 0, 15, 27, 3616 }, // U+00FF
    { 14, 18, 221, 0, 18, 32, 3643 }, // U+0100
    { 10, 15, 174, 0, 15, 19, 3675 }, // U+0101
    { 14, 19, 221, 0, 19, 34, 3694 }, // U+0102
    { 10, 16, 174, 0, 16, 20, 3728 }, // U+0103
    { 14, 19, 221, 0, 15, 34, 3748 }, // U+0104
    { 10, 14, 174, 0, 11, 18, 3782 }, // U+0105
    { 12, 20, 207, 1, 20, 30, 3800 }, // U+0106
    { 9, 16, 155, 1, 16, 18, 3830 }, // U+0107
    { 12, 20, 207, 1, 20, 30, 3848 }, // U+0108
    { 9, 16, 155, 1, 16, 18, 3878 }, // U+0109
    { 12, 19, 207, 1, 19, 29, 3896 }, // U+010A
    { 9, 16, 155, 1, 16, 18, 3925 }, // U+010B
    { 12, 20, 207, 1, 20, 30, 3943 }, // U+010C
    { 9, 16, 155, 1, 16, 18, 3973 }, // U+010D
    { 13, 20, 238, 1, 20, 33, 3991 }, // U+010E
    { 14, 16, 207, 1, 16, 28, 4024 }, // U+010F
    { 15, 15, 242, 0, 15, 29, 4052 }, // U+0110
    { 12, 16, 196, 1, 16, 24, 4081 }, // U+0111
    { 11, 18, 190, 1, 18, 25, 4105 }, // U+0112
    { 10, 15, 186, 1, 15, 19, 4130 }, // U+0113
    { 11, 19, 190, 1, 19, 27, 4149 }, // U+0114
    { 10, 16, 186, 1, 16, 20, 4176 }, // U+0115
    { 11, 19, 190, 1, 19, 27, 4196 }, // U+0116
    { 10, 16, 186, 1, 16, 20, 4223 }, // U+0117
    { 11, 19, 190, 1, 15, 27, 4243 }, // U+0118
    { 10, 14, 186, 1, 11, 18, 4270 }, // U+0119
    { 11, 20, 190, 1, 20, 28, 4288 }, // U+011A
    { 10, 17, 186, 1, 17, 22, 4316 }, // U+011B
    { 12, 20, 224, 1, 20, 30, 4338 }, // U+011C
    { 10, 20, 193, 1, 16, 25, 4368 }, // U+011D
    { 12, 19, 224, 1, 19, 29, 4393 }, // U+011E
    { 10, 20, 193, 1, 16, 25, 4422 }, // U+011F
    { 12, 19, 224, 1, 19, 29, 4447 }, // U+0120
    { 10, 20, 193, 1, 16, 25, 4476 }, // U+0121
    { 12, 19, 224, 1, 15, 29, 4501 }, // U+0122
    { 10, 21, 193, 1, 17, 27, 4530 }, // U+0123
    { 12, 20, 235, 1, 20, 30, 4557 }, // U+0124
    { 10, 20, 190, 1, 20, 25, 4587 }, // U+0125
    { 15, 15, 244, 0, 15, 29, 4612 }, // U+0126
    { 11, 16, 190, 0, 16, 22, 4641 }, // U+0127
    { 8, 19, 90, -1, 19, 19, 4663 }, // U+0128
    { 8, 16, 84, -1, 16, 16, 4682 }, // U+0129
    { 7, 18, 90, -1, 18, 16, 4698 }, // U+012A
    { 7, 15, 84, -1, 15, 14, 4714 }, // U+012B
    { 6, 19, 90, 0, 19, 15, 4728 }, // U+012C
    { 7, 16, 84, -1, 16, 14, 4743 }, // U+012D
    { 5, 19, 90, 0, 15, 12, 4757 }, // U+012E
    { 4, 20, 84, 0, 16, 10, 4769 }, // U+012F
    { 4, 19, 90, 1, 19, 10, 4779 }, // U+0130
    { 3, 11, 84, 1, 11, 5, 4789 }, // U+0131
    { 14, 15, 256, 1, 15, 27, 4794 }, // U+0132
    { 9, 20, 170, 1, 16, 23, 4821 }, // U+0133
    { 11, 20, 167, 0, 20, 28, 4844 }, // U+0134
    { 8, 20, 84, -2, 16, 20, 4872 }, // U+0135
    { 13, 19, 210, 1, 15, 31, 4892 }, // U+0136
    { 10, 20, 174, 1, 16, 25, 4923 }, // U+0137
    { 10, 11, 179, 1, 11, 14, 4948 }, // U+0138
    { 10, 20, 173, 1, 20, 25, 4962 }, // U+0139
    { 5, 20, 91, 1, 20, 13, 4987 }, // U+013A
    { 10, 19, 173, 1, 15, 24, 5000 }, // U+013B
    { 6, 20, 91, 0, 16, 15, 5024 }, // U+013C
    { 10, 15, 173, 1, 15, 19, 5039 }, // U+013D
    { 6, 16, 95, 1, 16, 12, 5058 }, // U+013E
    { 10, 15, 173, 1, 15, 19, 5070 }, // U+013F
    { 7, 16, 123, 1, 16, 14, 5089 }, // U+0140
    { 12, 15, 179, -1, 15, 23, 5103 }, // U+0141
    { 7, 16, 96, 0, 16, 14, 5126 }, // U+0142
    { 13, 20, 243, 1, 20, 33, 5140 }, // U+0143
    { 10, 16, 191, 1, 16, 20, 5173 }, // U+0144
    { 13, 19, 243, 1, 15, 31, 5193 }, // U+0145
    { 10, 15, 191, 1, 11, 19, 5224 }, // U+0146
    { 13, 20, 243, 1, 20, 33, 5243 }, // U+0147
    { 10, 16, 191, 1, 16, 20, 5276 }, // U+0148
    { 11, 16, 191, 0, 16, 22, 5296 }, // U+0149
    { 13, 19, 243, 1, 15, 31, 5318 }, // U+014A
    { 10, 15, 191, 1, 11, 19, 5349 }, // U+014B
    { 15, 18, 259, 1, 18, 34, 5368 }, // U+014C
    { 11, 15, 197, 1, 15, 21, 5402 }, // U+014D
    { 15, 19, 259, 1, 19, 36, 5423 }, // U+014E
    { 11, 16, 197, 1, 16, 22, 5459 }, // U+014F
    { 15, 20, 259, 1, 20, 38, 5481 }, // U+0150
    { 11, 16, 197, 1, 16, 22, 5519 }, // U+0151
    { 20, 15, 331, 1, 15, 38, 5541 }, // U+0152
    { 18, 11, 316, 1, 11, 25, 5579 }, // U+0153
    { 12, 20, 210, 1, 20, 30, 5604 }, // U+0154
    { 7, 16, 129, 1, 16, 14, 5634 }, // U+0155
    { 12, 19, 210, 1, 15, 29, 5648 }, // U+0156
    { 8, 15, 129, 0, 11, 15, 5677 }, // U+0157
    { 12, 20, 210, 1, 20, 30, 5692 }, // U+0158
    { 7, 16, 129, 1, 16, 14, 5722 }, // U+0159
    { 11, 20, 177, 0, 20, 28, 5736 }, // U+015A
    { 9, 16, 149, 0, 16, 18, 5764 }, // U+015B
    { 11, 20, 177, 0, 20, 28, 5782 }, // U+015C
    { 9, 16, 149, 0, 16, 18, 5810 }, // U+015D
    { 11, 18, 177, 0, 15, 25, 5828 }, // U+015E
    { 9, 14, 149, 0, 11, 16, 5853 }, // U+015F
    { 11, 20, 177, 0, 20, 28, 5869 }, // U+0160
    { 9, 16, 149, 0, 16, 18, 5897 }, // U+0161
    { 12, 18, 188, 0, 15, 27, 5915 }, // U+0162
    { 8, 17, 134, 1, 14, 17, 5942 }, // U+0163
    { 12, 20, 188, 0, 20, 30, 5959 }, // U+0164
    { 8, 16, 134, 1, 16, 16, 5989 }, // U+0165
    { 12, 15, 188, 0, 15, 23, 6005 }, // U+0166
    { 8, 14, 134, 1, 14, 14, 6028 }, // U+0167
    { 12, 19, 229, 1, 19, 29, 6042 }, // U+0168
    { 10, 16, 191, 1, 16, 20, 6071 }, // U+0169
    { 12, 18, 229, 1, 18, 27, 6091 }, // U+016A
    { 10, 15, 191, 1, 15, 19, 6118 }, // U+016B
    { 12, 19, 229, 1, 19, 29, 6137 }, // U+016C
    { 10, 16, 191, 1, 16, 20, 6166 }, // U+016D
    { 12, 19, 229, 1, 19, 29, 6186 }, // U+016E
    { 10, 16, 191, 1, 16, 20, 6215 }, // U+016F
    { 12, 20, 229, 1, 20, 30, 6235 }, // U+0170
    { 10, 16, 191, 1, 16, 20, 6265 }, // U+0171
    { 12, 18, 229, 1, 15, 27, 6285 }, // U+0172
    { 10, 14, 191, 1, 11, 18, 6312 }, // U+0173
    { 19, 20, 310, 0, 20, 48, 6330 }, // U+0174
    { 16, 16, 259, 0, 16, 32, 6378 }, // U+0175
    { 13, 20, 199, 0, 20, 33, 6410 }, // U+0176
    { 11, 20, 166, 0, 16, 28, 6443 }, // U+0177
    { 13, 18, 199, 0, 18, 30, 6471 }, // U+0178
    { 12, 20, 191, 0, 20, 30, 6501 }, // U+0179
    { 10, 16, 157, 0, 16, 20, 6531 }, // U+017A
    { 12, 19, 191, 0, 19, 29, 6551 }, // U+017B
    { 10, 16, 157, 0, 16, 20, 6580 }, // U+017C
    { 12, 20, 191, 0, 20, 30, 6600 }, // U+017D
    { 10, 16, 157, 0, 16, 20, 6630 }, // U+017E
    { 8, 16, 91, 1, 16, 16, 6650 }, // U+017F
    { 15, 17, 259, 1, 17, 32, 6666 }, // U+01A0
    { 12, 13, 197, 1, 13, 20, 6698 }, // U+01A1
    { 15, 17, 237, 1, 17, 32, 6718 }, // U+01AF
    { 12, 13, 199, 1, 13, 20, 6750 }, // U+01B0
    { 26, 19, 430, 1, 19, 62, 6770 }, // U+01C4
    { 24, 16, 396, 1, 16, 48, 6832 }, // U+01C5
    { 21, 16, 355, 1, 16, 42, 6880 }, // U+01C6
    { 19, 15, 339, 1, 15, 36, 6922 }, // U+01C7
    { 14, 20, 259, 1, 16, 35, 6958 }, // U+01C8
    { 9, 20, 177, 1, 16, 23, 6993 }, // U+01C9
    { 24, 15, 409, 1, 15, 45, 7016 }, // U+01CA
    { 19, 20, 328, 1, 16, 48, 7061 }, // U+01CB
    { 16, 20, 277, 1, 16, 40, 7109 }, // U+01CC
    { 14, 20, 221, 0, 20, 35, 7149 }, // U+01CD
    { 10, 16, 174, 0, 16, 20, 7184 }, // U+01CE
    { 6, 20, 90, 0, 20, 15, 7204 }, // U+01CF
    { 7, 16, 84, -1, 16, 14, 7219 }, // U+01D0
    { 15, 20, 259, 1, 20, 38, 7233 }, // U+01D1
    { 11, 16, 197, 1, 16, 22, 7271 }, // U+01D2
    { 12, 20, 229, 1, 20, 30, 7293 }, // U+01D3
    { 10, 16, 191, 1, 16, 20, 7323 }, // U+01D4
    { 12, 21, 229, 1, 21, 32, 7343 }, // U+01D5
    { 10, 17, 191, 1, 17, 22, 7375 }, // U+01D6
    { 12, 21, 229, 1, 21, 32, 7397 }, // U+01D7
    { 10, 18, 191, 1, 18, 23, 7429 }, // U+01D8
    { 12, 20, 229, 1, 20, 30, 7452 }, // U+01D9
    { 10, 17, 191, 1, 17, 22, 7482 }, // U+01DA
    { 12, 21, 229, 1, 21, 32, 7504 }, // U+01DB
    { 10, 18, 191, 1, 18, 23, 7536 }, // U+01DC
    { 10, 11, 186, 1, 11, 14, 7559 }, // U+01DD
    { 14, 21, 221, 0, 21, 37, 7573 }, // U+01DE
    { 10, 17, 174, 0, 17, 22, 7610 }, // U+01DF
    { 14, 21, 221, 0, 21, 37, 7632 }, // U+01E0
    { 10, 17, 174, 0, 17, 22, 7669 }, // U+01E1
    { 19, 18, 312, 0, 18, 43, 7691 }, // U+01E2
    { 17, 15, 286, 0, 15, 32, 7734 }, // U+01E3
    { 14, 15, 234, 1, 15, 27, 7766 }, // U+01E4
    { 12, 15, 197, 1, 11, 23, 7793 }, // U+01E5
    { 12, 20, 224, 1, 20, 30, 7816 }, // U+01E6
    { 10, 20, 193, 1, 16, 25, 7846 }, // U+01E7
    { 13, 20, 210, 1, 20, 33, 7871 }, // U+01E8
    { 10, 20, 174, 1, 20, 25, 7904 }, // U+01E9
    { 15, 18, 259, 1, 15, 34, 7929 }, // U+01EA
    { 11, 14, 197, 1, 11, 20, 7963 }, // U+01EB
    { 15, 21, 259, 1, 18, 40, 7983 }, // U+01EC
    { 11, 18, 197, 1, 15, 25, 8023 }, // U+01ED
    { 11, 20, 189, 0, 20, 28, 8048 }, // U+01EE
    { 11, 20, 157, -1, 16, 28, 8076 }, // U+01EF
    { 8, 20, 84, -2, 16, 20, 8104 }, // U+01F0
    { 26, 15, 430, 1, 15, 49, 8124 }, // U+01F1
    { 24, 15, 396, 1, 15, 45, 8173 }, // U+01F2
    { 21, 16, 355, 1, 16, 42, 8218 }, // U+01F3
    { 12, 20, 224, 1, 20, 30, 8260 }, // U+01F4
    { 10, 20, 193, 1, 16, 25, 8290 }, // U+01F5
    { 20, 15, 352, 1, 15, 38, 8315 }, // U+01F6
    { 12, 19, 214, 1, 15, 29, 8353 }, // U+01F7
    { 13, 20, 243, 1, 20, 33, 8382 }, // U+01F8
    { 10, 16, 191, 1, 16, 20, 8415 }, // U+01F9
    { 14, 21, 221, 0, 21, 37, 8435 }, // U+01FA
    { 10, 19, 174, 0, 19, 24, 8472 }, // U+01FB
    { 19, 20, 312, 0, 20, 48, 8496 }, // U+01FC
    { 17, 16, 286, 0, 16, 34, 8544 }, // U+01FD
    { 15, 20, 259, 1, 20, 38, 8578 }, // U+01FE
    { 11, 16, 197, 1, 16, 22, 8616 }, // U+01FF
    { 14, 20, 221, 0, 20, 35, 8638 }, // U+0200
    { 10, 16, 174, 0, 16, 20, 8673 }, // U+0201
    { 14, 19, 221, 0, 19, 34, 8693 }, // U+0202
    { 10, 16, 174, 0, 16, 20, 8727 }, // U+0203
    { 11, 20, 190, 1, 20, 28, 8747 }, // U+0204
    { 10, 16, 186, 1, 16, 20, 8775 }, // U+0205
    { 11, 19, 190, 1, 19, 27, 8795 }, // U+0206
    { 10, 16, 186, 1, 16, 20, 8822 }, // U+0207
    { 8, 20, 90, -2, 20, 20, 8842 }, // U+0208
    { 8, 16, 84, -2, 16, 16, 8862 }, // U+0209
    { 6, 19, 90, 0, 19, 15, 8878 }, // U+020A
    { 7, 16, 84, -1, 16, 14, 8893 }, // U+020B
    { 15, 20, 259, 1, 20, 38, 8907 }, // U+020C
    { 11, 16, 197, 1, 16, 22, 8945 }, // U+020D
    { 15, 19, 259, 1, 19, 36, 8967 }, // U+020E
    { 11, 16, 197, 1, 16, 22, 9003 }, // U+020F
    { 12, 20, 210, 1, 20, 30, 9025 }, // U+0210
    { 8, 16, 129, 0, 16, 16, 9055 }, // U+0211
    { 12, 19, 210, 1, 19, 29, 9071 }, // U+0212
    { 7, 16, 129, 1, 16, 14, 9100 }, // U+0213
    { 12, 20, 229, 1, 20, 30, 9114 }, // U+0214
    { 10, 16, 191, 1, 16, 20, 9144 }, // U+0215
    { 12, 19, 229, 1, 19, 29, 9164 }, // U+0216
    { 10, 16, 191, 1, 16, 20, 9193 }, // U+0217
    { 11, 19, 177, 0, 15, 27, 9213 }, // U+0218
    { 9, 15, 149, 0, 11, 17, 9240 }, // U+0219
    { 12, 19, 188, 0, 15, 29, 9257 }, // U+021A
    { 8, 18, 134, 1, 14, 18, 9286 }, // U+021B
    { 11, 19, 178, 0, 15, 27, 9304 }, // U+021C
    { 9, 15, 145, 0, 11, 17, 9331 }, // U+021D
    { 12, 20, 235, 1, 20, 30, 9348 }, // U+021E
    { 10, 20, 190, 1, 20, 25, 9378 }, // U+021F
    { 6, 3, 125, 1, 16, 3, 9403 }, // U+0311
    { 11, 20, 190, 1, 20, 28, 9406 }, // U+0400
    { 11, 18, 190, 1, 18, 25, 9434 }, // U+0401
    { 15, 15, 250, 0, 15, 29, 9459 }, // U+0402
    { 10, 20, 170, 1, 20, 25, 9488 }, // U+0403
    { 12, 15, 207, 1, 15, 23, 9513 }, // U+0404
    { 11, 15, 177, 0, 15, 21, 9536 }, // U+0405
    { 3, 15, 90, 1, 15, 6, 9557 }, // U+0406
    { 8, 18, 90, -1, 18, 18, 9563 }, // U+0407
    { 9, 15, 167, 0, 15, 17, 9581 }, // U+0408
    { 22, 16, 348, 0, 15, 44, 9598 }, // U+0409
    { 20, 15, 342, 1, 15, 38, 9642 }, // U+040A
    { 15, 15, 250, 0, 15, 29, 9680 }, // U+040B
    { 13, 20, 210, 1, 20, 33, 9709 }, // U+040C
    { 13, 20, 243, 1, 20, 33, 9742 }, // U+040D
    { 13, 19, 196, 0, 19, 31, 9775 }, // U+040E
    { 12, 19, 233, 1, 15, 29, 9806 }, // U+040F
    { 14, 15, 221, 0, 15, 27, 9835 }, // U+0410
    { 12, 15, 206, 1, 15, 23, 9862 }, // U+0411
    { 12, 15, 214, 1, 15, 23, 9885 }, // U+0412
    { 10, 15, 170, 1, 15, 19, 9908 }, // U+0413
    { 15, 19, 241, 0, 15, 36, 9927 }, // U+0414
    { 11, 15, 190, 1, 15, 21, 9963 }, // U+0415
    { 19, 15, 302, 0, 15, 36, 9984 }, // U+0416
    { 11, 15, 191, 0, 15, 21, 10020 }, // U+0417
    { 13, 15, 243, 1, 15, 25, 10041 }, // U+0418
    { 13, 19, 243, 1, 19, 31, 10066 }, // U+0419
    { 13, 15, 210, 1, 15, 25, 10097 }, // U+041A
    { 14, 15, 236, 0, 15, 27, 10122 }, // U+041B
    { 16, 15, 290, 1, 15, 30, 10149 }, // U+041C
    { 12, 15, 235, 1, 15, 23, 10179 }, // U+041D
    { 15, 15, 259, 1, 15, 29, 10202 }, // U+041E
    { 12, 15, 233, 1, 15, 23, 10231 }, // U+041F
    { 12, 15, 203, 1, 15, 23, 10254 }, // U+0420
    { 12, 15, 207, 1, 15, 23, 10277 }, // U+0421
    { 12, 15, 188, 0, 15, 23, 10300 }, // U+0422
    { 13, 15, 196, 0, 15, 25, 10323 }, // U+0423
    { 16, 16, 288, 1, 16, 32, 10348 }, // U+0424
    { 13, 15, 210, 0, 15, 25, 10380 }, // U+0425
    { 14, 19, 239, 1, 15, 34, 10405 }, // U+0426
    { 11, 15, 210, 1, 15, 21, 10439 }, // U+0427
    { 18, 15, 328, 1, 15, 34, 10460 }, // U+0428
    { 20, 19, 334, 1, 15, 48, 10494 }, // U+0429
    { 15, 15, 242, 0, 15, 29, 10542 }, // U+042A
    { 16, 15, 285, 1, 15, 30, 10571 }, // U+042B
    { 12, 15, 205, 1, 15, 23, 10601 }, // U+042C
    { 12, 15, 207, 0, 15, 23, 10624 }, // U+042D
    { 20, 15, 343, 1, 15, 38, 10647 }, // U+042E
    { 12, 15, 212, 0, 15, 23, 10685 }, // U+042F
    { 10, 11, 174, 0, 11, 14, 10708 }, // U+0430
    { 11, 16, 198, 1, 16, 22, 10722 }, // U+0431
    { 10, 11, 183, 1, 11, 14, 10744 }, // U+0432
    { 8, 11, 139, 1, 11, 11, 10758 }, // U+0433
    { 13, 14, 201, 0, 11, 23, 10769 }, // U+0434
    { 10, 11, 186, 1, 11, 14, 10792 }, // U+0435
    { 16, 11, 254, 0, 11, 22, 10806 }, // U+0436
    { 10, 11, 163, 0, 11, 14, 10828 }, // U+0437
    { 10, 11, 199, 1, 11, 14, 10842 }, // U+0438
    { 10, 16, 199, 1, 16, 20, 10856 }, // U+0439
    { 10, 11, 179, 1, 11, 14, 10876 }, // U+043A
    { 11, 11, 199, 0, 11, 16, 10890 }, // U+043B
    { 13, 11, 244, 1, 11, 18, 10906 }, // U+043C
    { 10, 11, 195, 1, 11, 14, 10924 }, // U+043D
    { 11, 11, 197, 1, 11, 16, 10938 }, // U+043E
    { 10, 11, 193, 1, 11, 14, 10954 }, // U+043F
    { 11, 15, 196, 1, 11, 21, 10968 }, // U+0440
    { 9, 11, 155, 1, 11, 13, 10989 }, // U+0441
    { 10, 11, 154, 0, 11, 14, 11002 }, // U+0442
    { 11, 15, 166, 0, 11, 21, 11016 }, // U+0443
    { 15, 20, 255, 1, 16, 38, 11037 }, // U+0444
    { 11, 11, 170, 0, 11, 16, 11075 }, // U+0445
    { 11, 14, 195, 1, 11, 20, 11091 }, // U+0446
    { 10, 11, 178, 0, 11, 14, 11111 }, // U+0447
    { 15, 11, 274, 1, 11, 21, 11125 }, // U+0448
    { 17, 14, 278, 1, 11, 30, 11146 }, // U+0449
    { 12, 11, 199, 0, 11, 17, 11176 }, // U+044A
    { 14, 11, 253, 1, 11, 20, 11193 }, // U+044B
    { 10, 11, 176, 1, 11, 14, 11213 }, // U+044C
    { 10, 11, 166, 0, 11, 14, 11227 }, // U+044D
    { 15, 11, 270, 1, 11, 21, 11241 }, // U+044E
    { 10, 11, 183, 0, 11, 14, 11262 }, // U+044F
    { 10, 16, 186, 1, 16, 20, 11276 }, // U+0450
    { 10, 15, 186, 1, 15, 19, 11296 }, // U+0451
    { 11, 20, 190, 0, 16, 28, 11315 }, // U+0452
    { 8, 16, 139, 1, 16, 16, 11343 }, // U+0453
    { 9, 11, 166, 1, 11, 13, 11359 }, // U+0454
    { 9, 11, 149, 0, 11, 13, 11372 }, // U+0455
    { 3, 16, 84, 1, 16, 6, 11385 }, // U+0456
    { 7, 15, 84, -1, 15, 14, 11391 }, // U+0457
    { 6, 20, 84, -2, 16, 15, 11405 }, // U+0458
    { 18, 11, 288, 0, 11, 25, 11420 }, // U+0459
    { 17, 11, 284, 1, 11, 24, 11445 }, // U+045A
    { 11, 16, 190, 0, 16, 22, 11469 }, // U+045B
    { 10, 16, 179, 1, 16, 20, 11491 }, // U+045C
    { 10, 16, 199, 1, 16, 20, 11511 }, // U+045D
    { 11, 20, 166, 0, 16, 28, 11531 }, // U+045E
    { 10, 14, 192, 1, 11, 18, 11559 }, // U+045F
    { 15, 16, 242, 0, 16, 30, 11577 }, // U+0462
    { 12, 16, 199, 0, 16, 24, 11607 }, // U+0463
    { 15, 15, 259, 1, 15, 29, 11631 }, // U+0472
    { 11, 11, 197, 1, 11, 16, 11660 }, // U+0473
    { 17, 15, 251, 0, 15, 32, 11676 }, // U+0474
    { 12, 11, 188, 0, 11, 17, 11708 }, // U+0475
    { 15, 23, 248, 1, 19, 44, 11725 }, // U+048A
    { 12, 20, 203, 1, 16, 30, 11769 }, // U+048B
    { 13, 16, 210, 0, 16, 26, 11799 }, // U+048C
    { 11, 11, 175, 0, 11, 16, 11825 }, // U+048D
    { 12, 15, 203, 1, 15, 23, 11841 }, // U+048E
    { 11, 15, 196, 1, 11, 21, 11864 }, // U+048F
    { 10, 18, 170, 1, 18, 23, 11885 }, // U+0490
    { 8, 14, 143, 1, 14, 14, 11908 }, // U+0491
    { 11, 15, 174, 0, 15, 21, 11922 }, // U+0492
    { 9, 11, 142, 0, 11, 13, 11943 }, // U+0493
    { 12, 19, 208, 1, 15, 29, 11956 }, // U+0494
    { 10, 15, 181, 1, 11, 19, 11985 }, // U+0495
    { 20, 19, 307, 0, 15, 48, 12004 }, // U+0496
    { 17, 14, 258, 0, 11, 30, 12052 }, // U+0497
    { 11, 18, 191, 0, 15, 25, 12082 }, // U+0498
    { 10, 14, 163, 0, 11, 18, 12107 }, // U+0499
    { 13, 19, 219, 1, 15, 31, 12125 }, // U+049A
    { 11, 15, 182, 1, 11, 21, 12156 }, // U+049B
    { 14, 15, 236, 1, 15, 27, 12177 }, // U+049C
    { 12, 11, 206, 1, 11, 17, 12204 }, // U+049D
    { 14, 15, 214, 0, 15, 27, 12221 }, // U+049E
    { 12, 11, 185, 0, 11, 17, 12248 }, // U+049F
    { 16, 15, 246, 0, 15, 30, 12265 }, // U+04A0
    { 13, 11, 202, 0, 11, 18, 12295 }, // U+04A1
    { 14, 19, 241, 1, 15, 34, 12313 }, // U+04A2
    { 12, 14, 199, 1, 11, 21, 12347 }, // U+04A3
    { 16, 15, 272, 1, 15, 30, 12368 }, // U+04A4
    { 13, 11, 219, 1, 11, 18, 12398 }, // U+04A5
    { 20, 19, 344, 1, 15, 48, 12416 }, // U+04A6
    { 17, 15, 287, 1, 11, 32, 12464 }, // U+04A7
    { 15, 19, 262, 1, 15, 36, 12496 }, // U+04A8
    { 11, 14, 203, 1, 11, 20, 12532 }, // U+04A9
    { 12, 18, 207, 1, 15, 27, 12552 }, // U+04AA
    { 9, 15, 155, 1, 11, 17, 12579 }, // U+04AB
    { 12, 19, 188, 0, 15, 29, 12596 }, // U+04AC
    { 10, 14, 154, 0, 11, 18, 12625 }, // U+04AD
    { 13, 15, 199, 0, 15, 25, 12643 }, // U+04AE
    { 11, 15, 167, 0, 11, 21, 12668 }, // U+04AF
    { 13, 15, 199, 0, 15, 25, 12689 }, // U+04B0
    { 11, 15, 167, 0, 11, 21, 12714 }, // U+04B1
    { 14, 19, 218, 0, 15, 34, 12735 }, // U+04B2
    { 11, 14, 175, 0, 11, 20, 12769 }, // U+04B3
    { 18, 19, 282, 0, 15, 43, 12789 }, // U+04B4
    { 14, 14, 220, 0, 11, 25, 12832 }, // U+04B5
    { 13, 19, 217, 1, 15, 31, 12857 }, // U+04B6
    { 11, 14, 181, 0, 11, 20, 12888 }, // U+04B7
    { 11, 15, 213, 1, 15, 21, 12908 }, // U+04B8
    { 10, 11, 178, 0, 11, 14, 12929 }, // U+04B9
    { 12, 15, 213, 1, 15, 23, 12943 }, // U+04BA
    { 10, 16, 190, 1, 16, 20, 12966 }, // U+04BB
    { 17, 15, 278, 0, 15, 32, 12986 }, // U+04BC
    { 13, 11, 223, 0, 11, 18, 13018 }, // U+04BD
    { 17, 19, 278, 0, 15, 41, 13036 }, // U+04BE
    { 13, 14, 223, 0, 11, 23, 13077 }, // U+04BF
    { 3, 15, 90, 1, 15, 6, 13100 }, // U+04C0
    { 19, 19, 302, 0, 19, 46, 13106 }, // U+04C1
    { 16, 16, 254, 0, 16, 32, 13152 }, // U+04C2
    { 12, 19, 210, 1, 15, 29, 13184 }, // U+04C3
    { 10, 15, 181, 1, 11, 19, 13213 }, // U+04C4
    { 15, 19, 241, 0, 15, 36, 13232 }, // U+04C5
    { 13, 15, 203, 0, 11, 25, 13268 }, // U+04C6
    { 12, 19, 235, 1, 15, 29, 13293 }, // U+04C7
    { 10, 15, 195, 1, 11, 19, 13322 }, // U+04C8
    { 14, 19, 241, 1, 15, 34, 13341 }, // U+04C9
    { 12, 15, 199, 1, 11, 23, 13375 }, // U+04CA
    { 11, 19, 213, 1, 15, 27, 13398 }, // U+04CB
    { 10, 14, 178, 0, 11, 18, 13425 }, // U+04CC
    { 18, 19, 300, 1, 15, 43, 13443 }, // U+04CD
    { 15, 15, 250, 1, 11, 29, 13486 }, // U+04CE
    { 3, 15, 90, 1, 15, 6, 13515 }, // U+04CF
    { 14, 19, 221, 0, 19, 34, 13521 }, // U+04D0
    { 10, 16, 174, 0, 16, 20, 13555 }, // U+04D1
    { 14, 18, 221, 0, 18, 32, 13575 }, // U+04D2
    { 10, 15, 174, 0, 15, 19, 13607 }, // U+04D3
    { 19, 15, 312, 0, 15, 36, 13626 }, // U+04D4
    { 17, 11, 286, 0, 11, 24, 13662 }, // U+04D5
    { 11, 19, 190, 1, 19, 27, 13686 }, // U+04D6
    { 10, 16, 186, 1, 16, 20, 13713 }, // U+04D7
    { 13, 15, 235, 1, 15, 25, 13733 }, // U+04D8
    { 10, 11, 186, 1, 11, 14, 13758 }, // U+04D9
    { 13, 18, 235, 1, 18, 30, 13772 }, // U+04DA
    { 10, 15, 186, 1, 15, 19, 13802 }, // U+04DB
    { 19, 18, 302, 0, 18, 43, 13821 }, // U+04DC
    { 16, 15, 254, 0, 15, 30, 13864 }, // U+04DD
    { 11, 18, 191, 0, 18, 25, 13894 }, // U+04DE
    { 10, 15, 163, 0, 15, 19, 13919 }, // U+04DF
    { 11, 15, 189, 0, 15, 21, 13938 }, // U+04E0
    { 11, 15, 157, -1, 11, 21, 13959 }, // U+04E1
    { 13, 18, 243, 1, 18, 30, 13980 }, // U+04E2
    { 10, 15, 199, 1, 15, 19, 14010 }, // U+04E3
    { 13, 18, 243, 1, 18, 30, 14029 }, // U+04E4
    { 10, 15, 199, 1, 15, 19, 14059 }, // U+04E5
    { 15, 18, 259, 1, 18, 34, 14078 }, // U+04E6
    { 11, 15, 197, 1, 15, 21, 14112 }, // U+04E7
    { 15, 15, 259, 1, 15, 29, 14133 }, // U+04E8
    { 11, 11, 197, 1, 11, 16, 14162 }, // U+04E9
    { 15, 18, 259, 1, 18, 34, 14178 }, // U+04EA
    { 11, 15, 197, 1, 15, 21, 14212 }, // U+04EB
    { 12, 18, 207, 0, 18, 27, 14233 }, // U+04EC
    { 10, 15, 166, 0, 15, 19, 14260 }, // U+04ED
    { 13, 18, 196, 0, 18, 30, 14279 }, // U+04EE
    { 11, 19, 166, 0, 15, 27, 14309 }, // U+04EF
    { 13, 18, 196, 0, 18, 30, 14336 }, // U+04F0
    { 11, 19, 166, 0, 15, 27, 14366 }, // U+04F1
    { 13, 19, 196, 0, 19, 31, 14393 }, // U+04F2
    { 11, 20, 166, 0, 16, 28, 14424 }, // U+04F3
    { 11, 18, 210, 1, 18, 25, 14452 }, // U+04F4
    { 10, 15, 178, 0, 15, 19, 14477 }, // U+04F5
    { 10, 19, 170, 1, 15, 24, 14496 }, // U+04F6
    { 8, 14, 139, 1, 11, 14, 14520 }, // U+04F7
    { 16, 18, 285, 1, 18, 36, 14534 }, // U+04F8
    { 14, 15, 253, 1, 15, 27, 14570 }, // U+04F9
    { 13, 20, 199, 0, 20, 33, 14597 }, // U+1EF2
    { 11, 21, 166, 0, 17, 29, 14630 }, // U+1EF3
    { 12, 2, 165, -1, 7, 3, 14659 }, // U+2013
    { 22, 2, 332, -1, 7, 6, 14662 }, // U+2014
    { 22, 2, 332, -1, 7, 6, 14668 }, // U+2015
    { 4, 5, 78, 1, 16, 3, 14674 }, // U+2018
    { 4, 5, 78, 0, 16, 3, 14677 }, // U+2019
    { 4, 5, 78, 0, 2, 3, 14680 }, // U+201A
    { 8, 5, 139, 1, 16, 5, 14683 }, // U+201C
    { 8, 5, 139, 0, 16, 5, 14688 }, // U+201D
    { 8, 5, 139, 0, 2, 5, 14693 }, // U+201E
    { 10, 18, 159, 0, 15, 23, 14698 }, // U+2020
    { 10, 18, 159, 0, 15, 23, 14721 }, // U+2021
    { 6, 5, 120, 1, 10, 4, 14744 }, // U+2022
    { 17, 3, 332, 2, 3, 7, 14748 }, // U+2026
    { 24, 15, 409, 1, 15, 45, 14755 }, // U+2030
    { 6, 9, 97, 0, 10, 7, 14800 }, // U+2039
    { 6, 9, 97, 0, 10, 7, 14807 }, // U+203A
    { 11, 15, 49, -4, 15, 21, 14814 }, // U+2044
    { 7, 8, 120, 0, 15, 7, 14835 }, // U+2070
    { 8, 8, 120, 0, 15, 8, 14842 }, // U+2074
    { 7, 8, 120, 0, 15, 7, 14850 }, // U+2075
    { 7, 8, 120, 0, 15, 7, 14857 }, // U+2076
    { 7, 8, 120, 0, 15, 7, 14864 }, // U+2077
    { 7, 8, 120, 0, 15, 7, 14871 }, // U+2078
    { 7, 8, 120, 0, 15, 7, 14878 }, // U+2079
    { 7, 8, 120, 0, 8, 7, 14885 }, // U+2080
    { 4, 8, 120, 1, 8, 4, 14892 }, // U+2081
    { 7, 8, 120, 0, 8, 7, 14896 }, // U+2082
    { 7, 8, 120, 0, 8, 7, 14903 }, // U+2083
    { 8, 8, 120, 0, 8, 8, 14910 }, // U+2084
    { 7, 8, 120, 0, 8, 7, 14918 }, // U+2085
    { 7, 8, 120, 0, 8, 7, 14925 }, // U+2086
    { 7, 8, 120, 0, 8, 7, 14932 }, // U+2087
    { 7, 8, 120, 0, 8, 7, 14939 }, // U+2088
    { 7, 8, 120, 0, 8, 7, 14946 }, // U+2089
    { 12, 14, 188, 0, 14, 21, 14953 }, // U+20AC
    { 12, 15, 188, 0, 15, 23, 14974 }, // U+20AE
    { 12, 15, 188, 0, 15, 23, 14997 }, // U+20B4
    { 11, 15, 188, 1, 15, 21, 15020 }, // U+20B9
    { 12, 16, 195, 0, 16, 24, 15041 }, // U+2202
    { 14, 15, 217, 0, 15, 27, 15065 }, // U+2206
    { 12, 17, 232, 1, 15, 26, 15092 }, // U+220F
    { 11, 17, 172, 0, 15, 24, 15118 }, // U+2211
    { 10, 2, 188, 1, 7, 3, 15142 }, // U+2212
    { 11, 15, 49, -4, 15, 21, 15145 }, // U+2215
    { 3, 3, 82, 1, 8, 2, 15166 }, // U+2219
    { 13, 17, 188, 0, 16, 28, 15168 }, // U+221A
    { 12, 6, 196, 0, 9, 9, 15196 }, // U+221E
    { 8, 20, 123, 0, 16, 20, 15205 }, // U+222B
    { 11, 8, 188, 0, 10, 11, 15225 }, // U+2248
    { 10, 13, 188, 1, 13, 17, 15236 }, // U+2260
    { 10, 12, 188, 1, 12, 15, 15253 }, // U+2264
    { 10, 12, 188, 1, 12, 15, 15268 }, // U+2265
    { 0, 0, 333, 0, 0, 0, 15283 }, // U+3000
    { 7, 6, 333, 1, 5, 6, 15283 }, // U+3001
    { 8, 8, 333, 0, 6, 8, 15289 }, // U+3002
    { 13, 11, 333, 4, 13, 18, 15297 }, // U+3003
    { 20, 20, 333, 0, 18, 50, 15315 }, // U+3004
    { 16, 18, 333, 2, 17, 36, 15365 }, // U+3005
    { 16, 18, 333, 3, 16, 36, 15401 }, // U+3006
    { 19, 20, 333, 1, 18, 48, 15437 }, // U+3007
    { 8, 20, 333, 12, 18, 20, 15485 }, // U+3008
    { 8, 20, 333, 1, 18, 20, 15505 }, // U+3009
    { 10, 20, 333, 11, 18, 25, 15525 }, // U+300A
    { 10, 20, 333, 0, 18, 25, 15550 }, // U+300B
    { 8, 14, 333, 13, 18, 14, 15575 }, // U+300C
    { 8, 14, 333, 0, 12, 14, 15589 }, // U+300D
    { 9, 14, 333, 12, 18, 16, 15603 }, // U+300E
    { 9, 14, 333, 0, 12, 16, 15619 }, // U+300F
    { 8, 20, 333, 13, 18, 20, 15635 }, // U+3010
    { 7, 20, 333, 0, 18, 18, 15655 }, // U+3011
    { 15, 15, 333, 3, 15, 29, 15673 }, // U+3012
    { 17, 18, 333, 2, 17, 39, 15702 }, // U+3013
    { 7, 20, 333, 14, 18, 18, 15741 }, // U+3014
    { 6, 20, 333, 0, 18, 15, 15759 }, // U+3015
    { 9, 20, 333, 12, 18, 23, 15774 }, // U+3016
    { 8, 20, 333, 0, 18, 20, 15797 }, // U+3017
    { 8, 22, 333, 13, 19, 22, 15817 }, // U+3018
    { 8, 22, 333, 0, 19, 22, 15839 }, // U+3019
    { 7, 20, 333, 14, 18, 18, 15861 }, // U+301A
    { 7, 20, 333, 0, 18, 18, 15879 }, // U+301B
    { 20, 6, 333, 0, 11, 15, 15897 }, // U+301C
    { 6, 9, 333, 14, 18, 7, 15912 }, // U+301D
    { 6, 9, 333, 1, 18, 7, 15919 }, // U+301E
    { 6, 9, 333, 1, 7, 7, 15926 }, // U+301F
    { 20, 15, 333, 0, 15, 38, 15933 }, // U+3020
    { 3, 18, 333, 9, 17, 7, 15971 }, // U+3021
    { 9, 18, 333, 6, 17, 21, 15978 }, // U+3022
    { 14, 19, 333, 4, 17, 34, 15999 }, // U+3023
    { 17, 17, 333, 2, 16, 37, 16033 }, // U+3024
    { 11, 18, 333, 5, 17, 25, 16070 }, // U+3025
    { 19, 7, 333, 1, 16, 17, 16095 }, // U+3026
    { 19, 14, 333, 1, 17, 34, 16112 }, // U+3027
    { 19, 17, 333, 1, 17, 41, 16146 }, // U+3028
    { 18, 19, 333, 1, 18, 43, 16187 }, // U+3029
    { 4, 4, 0, -21, -2, 2, 16230 }, // U+302A
    { 4, 4, 0, -21, 22, 2, 16232 }, // U+302B
    { 5, 4, 0, -4, 22, 3, 16234 }, // U+302C
    { 5, 4, 0, -4, -2, 3, 16237 }, // U+302D
    { 4, 3, 83, 1, 9, 2, 16240 }, // U+302E
    { 4, 8, 83, 1, 12, 4, 16242 }, // U+302F
    { 21, 6, 333, 0, 11, 16, 16246 }, // U+3030
    { 13, 40, 333, 3, 28, 65, 16262 }, // U+3031
    { 15, 40, 333, 3, 28, 75, 16327 }, // U+3032
    { 12, 20, 333, 3, 18, 30, 16402 }, // U+3033
    { 15, 20, 333, 3, 18, 38, 16432 }, // U+3034
    { 12, 20, 333, 4, 19, 30, 16470 }, // U+3035
    { 20, 20, 333, 0, 18, 50, 16500 }, // U+3036
    { 21, 19, 333, 0, 17, 50, 16550 }, // U+3037
    { 19, 19, 333, 1, 17, 46, 16600 }, // U+3038
    { 19, 20, 333, 1, 18, 48, 16646 }, // U+3039
    { 19, 20, 333, 1, 18, 48, 16694 }, // U+303A
    { 11, 19, 333, 5, 17, 27, 16742 }, // U+303B
    { 17, 16, 333, 2, 16, 34, 16769 }, // U+303C
    { 19, 15, 333, 1, 15, 36, 16803 }, // U+303D
    { 19, 20, 333, 1, 18, 48, 16839 }, // U+303E
    { 11, 18, 333, 5, 17, 25, 16887 }, // U+303F
    { 15, 16, 333, 3, 15, 30, 16912 }, // U+3041
    { 17, 19, 333, 2, 17, 41, 16942 }, // U+3042
    { 15, 13, 333, 3, 12, 25, 16983 }, // U+3043
    { 18, 15, 333, 2, 15, 34, 17008 }, // U+3044
    { 13, 16, 333, 4, 14, 26, 17042 }, // U+3045
    { 14, 18, 333, 3, 17, 32, 17068 }, // U+3046
    { 15, 16, 333, 3, 14, 30, 17100 }, // U+3047
    { 17, 18, 333, 2, 17, 39, 17130 }, // U+3048
    { 16, 14, 333, 3, 13, 28, 17169 }, // U+3049
    { 18, 18, 333, 2, 17, 41, 17197 }, // U+304A
    { 20, 18, 333, 1, 17, 45, 17238 }, // U+304B
    { 20, 19, 333, 1, 18, 48, 17283 }, // U+304C
    { 15, 18, 333, 3, 17, 34, 17331 }, // U+304D
    { 18, 19, 333, 2, 18, 43, 17365 }, // U+304E
    { 13, 19, 333, 3, 17, 31, 17408 }, // U+304F
    { 15, 19, 333, 3, 17, 36, 17439 }, // U+3050
    { 18, 19, 333, 2, 17, 43, 17475 }, // U+3051
    { 19, 20, 333, 2, 18, 48, 17518 }, // U+3052
    { 15, 16, 333, 3, 15, 30, 17566 }, // U+3053
    { 18, 19, 333, 3, 18, 43, 17596 }, // U+3054
    { 15, 18, 333, 3, 17, 34, 17639 }, // U+3055
    { 18, 21, 333, 3, 19, 48, 17673 }, // U+3056
    { 15, 18, 333, 4, 17, 34, 17721 }, // U+3057
    { 15, 18, 333, 4, 17, 34, 17755 }, // U+3058
    { 19, 19, 333, 1, 17, 46, 17789 }, // U+3059
    { 19, 20, 333, 1, 18, 48, 17835 }, // U+305A
    { 20, 18, 333, 0, 17, 45, 17883 }, // U+305B
    { 21, 18, 333, 0, 17, 48, 17928 }, // U+305C
    { 17, 19, 333, 2, 17, 41, 17976 }, // U+305D
    { 18, 19, 333, 1, 17, 43, 18017 }, // U+305E
    { 17, 18, 333, 2, 17, 39, 18060 }, // U+305F
    { 19, 18, 333, 1, 17, 43, 18099 }, // U+3060
    { 16, 19, 333, 2, 17, 38, 18142 }, // U+3061
    { 20, 20, 333, 1, 18, 50, 18180 }, // U+3062
    { 15, 12, 333, 3, 11, 23, 18230 }, // U+3063
    { 18, 14, 333, 1, 14, 32, 18253 }, // U+3064
    { 19, 18, 333, 1, 18, 43, 18285 }, // U+3065
    { 18, 16, 333, 1, 15, 36, 18328 }, // U+3066
    { 19, 16, 333, 1, 15, 38, 18364 }, // U+3067
    { 14, 18, 333, 4, 17, 32, 18402 }, // U+3068
    { 18, 19, 333, 3, 18, 43, 18434 }, // U+3069
    { 19, 18, 333, 1, 17, 43, 18477 }, // U+306A
    { 17, 17, 333, 2, 16, 37, 18520 }, // U+306B
    { 20, 18, 333, 1, 17, 45, 18557 }, // U+306C
    { 20, 18, 333, 1, 17, 45, 18602 }, // U+306D
    { 18, 16, 333, 1, 15, 36, 18647 }, // U+306E
    { 18, 18, 333, 2, 17, 41, 18683 }, // U+306F
    { 20, 20, 333, 1, 18, 50, 18724 }, // U+3070
    { 20, 20, 333, 1, 18, 50, 18774 }, // U+3071
    { 18, 17, 333, 2, 16, 39, 18824 }, // U+3072
    { 20, 20, 333, 1, 18, 50, 18863 }, // U+3073
    { 20, 19, 333, 1, 17, 48, 18913 }, // U+3074
    { 21, 18, 333, 0, 17, 48, 18961 }, // U+3075
    { 20, 18, 333, 0, 17, 45, 19009 }, // U+3076
    { 20, 18, 333, 0, 17, 45, 19054 }, // U+3077
    { 19, 14, 333, 1, 14, 34, 19099 }, // U+3078
    { 20, 16, 333, 0, 16, 40, 19133 }, // U+3079
    { 20, 15, 333, 0, 15, 38, 19173 }, // U+307A
    { 18, 18, 333, 2, 17, 41, 19211 }, // U+307B
    { 20, 20, 333, 1, 18, 50, 19252 }, // U+307C
    { 20, 20, 333, 1, 18, 50, 19302 }, // U+307D
    { 16, 18, 333, 3, 17, 36, 19352 }, // U+307E
    { 19, 18, 333, 1, 16, 43, 19388 }, // U+307F
    { 19, 18, 333, 1, 17, 43, 19431 }, // U+3080
    { 18, 19, 333, 1, 17, 43, 19474 }, // U+3081
    { 18, 18, 333, 1, 17, 41, 19517 }, // U+3082
    { 16, 16, 333, 2, 14, 32, 19558 }, // U+3083
    { 19, 19, 333, 1, 17, 46, 19590 }, // U+3084
    { 14, 16, 333, 4, 14, 28, 19636 }, // U+3085
    { 17, 19, 333, 2, 17, 41, 19664 }, // U+3086
    { 14, 15, 333, 3, 13, 27, 19705 }, // U+3087
    { 16, 18, 333, 2, 17, 36, 19732 }, // U+3088
    { 15, 19, 333, 3, 17, 36, 19768 }, // U+3089
    { 13, 19, 333, 4, 17, 31, 19804 }, // U+308A
    { 16, 17, 333, 2, 16, 34, 19835 }, // U+308B
    { 20, 18, 333, 1, 17, 45, 19869 }, // U+308C
    { 16, 18, 333, 2, 16, 36, 19914 }, // U+308D
    { 17, 15, 333, 2, 14, 32, 19950 }, // U+308E
    { 19, 18, 333, 1, 17, 43, 19982 }, // U+308F
    { 18, 18, 333, 1, 17, 41, 20025 }, // U+3090
    { 19, 18, 333, 1, 17, 43, 20066 }, // U+3091
    { 18, 18, 333, 1, 17, 41, 20109 }, // U+3092
    { 19, 18, 333, 1, 17, 43, 20150 }, // U+3093
    { 18, 18, 333, 2, 17, 41, 20193 }, // U+3094
    { 16, 15, 333, 3, 13, 30, 20234 }, // U+3095
    { 15, 15, 333, 3, 13, 29, 20264 }, // U+3096
    { 6, 5, 0, -6, 19, 4, 20293 }, // U+3099
    { 5, 4, 0, -5, 18, 3, 20297 }, // U+309A
    { 7, 5, 333, 0, 18, 5, 20300 }, // U+309B
    { 6, 5, 333, 0, 17, 4, 20305 }, // U+309C
    { 10, 12, 333, 6, 13, 15, 20309 }, // U+309D
    { 12, 15, 333, 5, 16, 23, 20324 }, // U+309E
    { 17, 20, 333, 1, 18, 43, 20347 }, // U+309F
    { 10, 4, 333, 5, 10, 5, 20390 }, // U+30A0
    { 16, 14, 333, 3, 12, 28, 20395 }, // U+30A1
    { 18, 17, 333, 2, 16, 39, 20423 }, // U+30A2
    { 15, 15, 333, 2, 13, 29, 20462 }, // U+30A3
    { 17, 17, 333, 1, 16, 37, 20491 }, // U+30A4
    { 15, 15, 333, 3, 13, 29, 20528 }, // U+30A5
    { 17, 18, 333, 2, 17, 39, 20557 }, // U+30A6
    { 15, 13, 333, 3, 12, 25, 20596 }, // U+30A7
    { 19, 15, 333, 1, 15, 36, 20621 }, // U+30A8
    { 15, 15, 333, 3, 13, 29, 20657 }, // U+30A9
    { 18, 18, 333, 1, 17, 41, 20686 }, // U+30AA
    { 16, 18, 333, 2, 17, 36, 20727 }, // U+30AB
    { 19, 19, 333, 1, 18, 46, 20763 }, // U+30AC
    { 17, 18, 333, 2, 17, 39, 20809 }, // U+30AD
    { 19, 20, 333, 1, 18, 48, 20848 }, // U+30AE
    { 17, 19, 333, 2, 18, 41, 20896 }, // U+30AF
    { 19, 20, 333, 1, 18, 48, 20937 }, // U+30B0
    { 19, 18, 333, 1, 17, 43, 20985 }, // U+30B1
    { 19, 20, 333, 1, 18, 48, 21028 }, // U+30B2
    { 15, 16, 333, 3, 15, 30, 21076 }, // U+30B3
    { 18, 19, 333, 2, 18, 43, 21106 }, // U+30B4
    { 19, 18, 333, 1, 17, 43, 21149 }, // U+30B5
    { 19, 19, 333, 1, 17, 46, 21192 }, // U+30B6
    { 18, 17, 333, 2, 16, 39, 21238 }, // U+30B7
    { 19, 18, 333, 1, 17, 43, 21277 }, // U+30B8
    { 17, 16, 333, 2, 15, 34, 21320 }, // U+30B9
    { 19, 19, 333, 1, 18, 46, 21354 }, // U+30BA
    { 18, 18, 333, 1, 17, 41, 21400 }, // U+30BB
    { 20, 19, 333, 0, 18, 48, 21441 }, // U+30BC
    { 16, 16, 333, 2, 15, 32, 21489 }, // U+30BD
    { 18, 19, 333, 2, 18, 43, 21521 }, // U+30BE
    { 18, 19, 333, 1, 18, 43, 21564 }, // U+30BF
    { 19, 20, 333, 1, 18, 48, 21607 }, // U+30C0
    { 19, 18, 333, 1, 17, 43, 21655 }, // U+30C1
    { 19, 18, 333, 1, 16, 43, 21698 }, // U+30C2
    { 15, 14, 333, 3, 12, 27, 21741 }, // U+30C3
    { 17, 17, 333, 2, 16, 37, 21768 }, // U+30C4
    { 19, 19, 333, 1, 18, 46, 21805 }, // U+30C5
    { 19, 18, 333, 1, 16, 43, 21851 }, // U+30C6
    { 20, 20, 333, 1, 18, 50, 21894 }, // U+30C7
    { 12, 17, 333, 6, 16, 26, 21944 }, // U+30C8
    { 13, 17, 333, 6, 16, 28, 21970 }, // U+30C9
    { 18, 18, 333, 2, 17, 41, 21998 }, // U+30CA
    { 18, 13, 333, 1, 14, 30, 22039 }, // U+30CB
    { 16, 16, 333, 2, 15, 32, 22069 }, // U+30CC
    { 19, 18, 333, 1, 17, 43, 22101 }, // U+30CD
    { 15, 16, 333, 2, 16, 30, 22144 }, // U+30CE
    { 19, 15, 333, 1, 15, 36, 22174 }, // U+30CF
    { 19, 18, 333, 1, 18, 43, 22210 }, // U+30D0
    { 20, 18, 333, 1, 17, 45, 22253 }, // U+30D1
    { 14, 17, 333, 4, 17, 30, 22298 }, // U+30D2
    { 17, 19, 333, 3, 18, 41, 22328 }, // U+30D3
    { 17, 18, 333, 3, 17, 39, 22369 }, // U+30D4
    { 15, 16, 333, 3, 15, 30, 22408 }, // U+30D5
    { 19, 20, 333, 2, 19, 48, 22438 }, // U+30D6
    { 19, 18, 333, 2, 17, 43, 22486 }, // U+30D7
    { 19, 14, 333, 1, 14, 34, 22529 }, // U+30D8
    { 19, 16, 333, 1, 16, 38, 22563 }, // U+30D9
    { 19, 16, 333, 1, 16, 38, 22601 }, // U+30DA
    { 19, 18, 333, 1, 17, 43, 22639 }, // U+30DB
    { 19, 19, 333, 1, 18, 46, 22682 }, // U+30DC
    { 19, 19, 333, 1, 18, 46, 22728 }, // U+30DD
    { 18, 16, 333, 2, 15, 36, 22774 }, // U+30DE
    { 14, 17, 333, 3, 16, 30, 22810 }, // U+30DF
    { 19, 18, 333, 1, 17, 43, 22840 }, // U+30E0
    { 17, 17, 333, 2, 16, 37, 22883 }, // U+30E1
    { 17, 16, 333, 2, 16, 34, 22920 }, // U+30E2
    { 16, 15, 333, 3, 13, 30, 22954 }, // U+30E3
    { 19, 18, 333, 1, 17, 43, 22984 }, // U+30E4
    { 15, 11, 333, 3, 11, 21, 23027 }, // U+30E5
    { 19, 14, 333, 1, 15, 34, 23048 }, // U+30E6
    { 13, 14, 333, 4, 12, 23, 23082 }, // U+30E7
    { 15, 16, 333, 3, 15, 30, 23105 }, // U+30E8
    { 17, 17, 333, 2, 16, 37, 23135 }, // U+30E9
    { 13, 17, 333, 4, 16, 28, 23172 }, // U+30EA
    { 19, 17, 333, 1, 16, 41, 23200 }, // U+30EB
    { 15, 16, 333, 4, 16, 30, 23241 }, // U+30EC
    { 15, 16, 333, 3, 15, 30, 23271 }, // U+30ED
    { 15, 14, 333, 3, 12, 27, 23301 }, // U+30EE
    { 17, 16, 333, 2, 15, 34, 23328 }, // U+30EF
    { 19, 18, 333, 1, 17, 43, 23362 }, // U+30F0
    { 19, 15, 333, 1, 15, 36, 23405 }, // U+30F1
    { 16, 17, 333, 3, 16, 34, 23441 }, // U+30F2
    { 18, 16, 333, 2, 16, 36, 23475 }, // U+30F3
    { 18, 19, 333, 2, 18, 43, 23511 }, // U+30F4
    { 14, 16, 333, 3, 14, 28, 23554 }, // U+30F5
    { 16, 15, 333, 2, 13, 30, 23582 }, // U+30F6
    { 18, 21, 333, 2, 19, 48, 23612 }, // U+30F7
    { 19, 19, 333, 1, 18, 46, 23660 }, // U+30F8
    { 19, 18, 333, 1, 18, 43, 23706 }, // U+30F9
    { 18, 21, 333, 2, 19, 48, 23749 }, // U+30FA
    { 5, 5, 333, 8, 10, 4, 23797 }, // U+30FB
    { 17, 3, 333, 2, 10, 7, 23801 }, // U+30FC
    { 10, 10, 333, 6, 12, 13, 23808 }, // U+30FD
    { 12, 14, 333, 5, 16, 21, 23821 }, // U+30FE
    { 13, 18, 333, 4, 16, 30, 23842 }, // U+30FF
    { 20, 2, 333, 0, 9, 5, 23872 }, // U+4E00
    { 19, 19, 333, 1, 18, 46, 23877 }, // U+4E0A
    { 19, 18, 333, 1, 16, 43, 23923 }, // U+4E0B
    { 19, 18, 333, 1, 16, 43, 23966 }, // U+4E21
    { 18, 20, 333, 1, 18, 45, 24009 }, // U+4E2D
    { 17, 19, 333, 2, 17, 41, 24054 }, // U+4E86
    { 21, 20, 333, 0, 18, 53, 24095 }, // U+4ED6
    { 20, 20, 333, 0, 18, 50, 24148 }, // U+4ED8
    { 20, 20, 333, 0, 18, 50, 24198 }, // U+4EF6
    { 21, 20, 333, 0, 18, 53, 24248 }, // U+4F4D
    { 21, 20, 333, 0, 18, 53, 24301 }, // U+4F53
    { 21, 20, 333, 0, 18, 53, 24354 }, // U+4F59
    { 21, 20, 333, 0, 18, 53, 24407 }, // U+4F5C
    { 21, 20, 333, 0, 18, 53, 24460 }, // U+4F7F
    { 21, 20, 333, 0, 18, 53, 24513 }, // U+4FDD
    { 21, 20, 333, 0, 18, 53, 24566 }, // U+4FE1
    { 21, 21, 333, 0, 18, 56, 24619 }, // U+5099
    { 21, 20, 333, 0, 18, 53, 24675 }, // U+50BE
    { 21, 20, 333, 0, 18, 53, 24728 }, // U+50CF
    { 20, 20, 333, 0, 18, 50, 24781 }, // U+5148
    { 20, 20, 333, 0, 18, 50, 24831 }, // U+5149
    { 21, 19, 333, 0, 17, 50, 24881 }, // U+5165
    { 21, 19, 333, 0, 18, 50, 24931 }, // U+5168
    { 17, 20, 333, 2, 18, 43, 24981 }, // U+5185
    { 21, 19, 333, 0, 17, 50, 25024 }, // U+518D
    { 17, 20, 333, 2, 18, 43, 25074 }, // U+51FA
    { 21, 20, 333, 0, 18, 53, 25117 }, // U+5206
    { 20, 20, 333, 0, 18, 50, 25170 }, // U+5207
    { 20, 20, 333, 0, 18, 50, 25220 }, // U+523B
    { 19, 20, 333, 1, 18, 48, 25270 }, // U+524A
    { 19, 20, 333, 1, 18, 48, 25318 }, // U+524D
    { 19, 20, 333, 1, 18, 48, 25366 }, // U+526F
    { 19, 20, 333, 1, 18, 48, 25414 }, // U+5272
    { 18, 20, 333, 1, 18, 45, 25462 }, // U+529B
    { 20, 20, 333, 0, 18, 50, 25507 }, // U+529F
    { 20, 20, 333, 0, 18, 50, 25557 }, // U+52A0
    { 20, 20, 333, 0, 18, 50, 25607 }, // U+52B9
    { 20, 20, 333, 0, 18, 50, 25657 }, // U+52D5
    { 21, 20, 333, 0, 18, 53, 25707 }, // U+5316
    { 21, 19, 333, 0, 17, 50, 25760 }, // U+539F
    { 19, 20, 333, 1, 18, 48, 25810 }, // U+53BB
    { 19, 19, 333, 1, 17, 46, 25858 }, // U+53CD
    { 21, 20, 333, 0, 18, 53, 25904 }, // U+53CE
    { 21, 19, 333, 0, 17, 50, 25957 }, // U+53D6
    { 19, 20, 333, 1, 18, 48, 26007 }, // U+53D7
    { 20, 20, 333, 0, 18, 50, 26055 }, // U+53F3
    { 19, 19, 333, 1, 17, 46, 26105 }, // U+53F7
    { 21, 20, 333, 0, 18, 53, 26151 }, // U+5404
    { 21, 20, 333, 0, 18, 53, 26204 }, // U+5408
    { 19, 19, 333, 1, 17, 46, 26257 }, // U+540C
    { 19, 20, 333, 0, 18, 48, 26303 }, // U+540D
    { 17, 20, 333, 2, 18, 43, 26351 }, // U+5411
    { 19, 20, 333, 1, 18, 48, 26394 }, // U+544A
    { 19, 19, 333, 1, 17, 46, 26442 }, // U+56DE
    { 19, 19, 333, 1, 17, 46, 26488 }, // U+56E0
    { 19, 19, 333, 1, 17, 46, 26534 }, // U+56F2
    { 20, 20, 333, 0, 18, 50, 26580 }, // U+5728
    { 21, 19, 333, 0, 18, 50, 26630 }, // U+57CB
    { 21, 21, 333, 0, 18, 56, 26680 }, // U+5831
    { 21, 20, 333, 0, 18, 53, 26736 }, // U+5834
    { 21, 20, 333, 0, 18, 53, 26789 }, // U+5909
    { 21, 20, 333, 0, 18, 53, 26842 }, // U+5916
    { 20, 20, 333, 0, 18, 50, 26895 }, // U+5927
    { 21, 20, 333, 0, 18, 53, 26945 }, // U+592A
    { 21, 20, 333, 0, 18, 53, 26998 }, // U+592E
    { 21, 20, 333, 0, 18, 53, 27051 }, // U+5931
    { 19, 20, 333, 1, 18, 48, 27104 }, // U+5B57
    { 20, 20, 333, 0, 18, 50, 27152 }, // U+5B58
    { 20, 20, 333, 0, 18, 50, 27202 }, // U+5B8C
    { 20, 20, 333, 0, 18, 50, 27252 }, // U+5B9A
    { 20, 20, 333, 0, 18, 50, 27302 }, // U+5B9B
    { 19, 20, 333, 1, 18, 48, 27352 }, // U+5BB3
    { 21, 20, 333, 0, 18, 53, 27400 }, // U+5C0E
    { 21, 20, 333, 0, 18, 53, 27453 }, // U+5C0F
    { 20, 19, 333, 0, 17, 48, 27506 }, // U+5C3E
    { 20, 19, 333, 0, 18, 48, 27554 }, // U+5DE6
    { 19, 20, 333, 1, 18, 48, 27602 }, // U+5E38
    { 21, 20, 333, 0, 18, 53, 27650 }, // U+5E83
    { 21, 20, 333, 0, 18, 53, 27703 }, // U+5EA6
    { 17, 20, 333, 2, 18, 43, 27756 }, // U+5F53
    { 21, 20, 333, 0, 18, 53, 27799 }, // U+5F79
    { 20, 20, 333, 0, 18, 50, 27852 }, // U+5F97
    { 21, 20, 333, 0, 18, 53, 27902 }, // U+5FC5
    { 20, 20, 333, 0, 18, 50, 27955 }, // U+60C5
    { 21, 20, 333, 0, 18, 53, 28005 }, // U+614B
    { 20, 20, 333, 0, 18, 50, 28058 }, // U+6210
    { 21, 19, 333, 0, 17, 50, 28108 }, // U+623B
    { 21, 20, 333, 0, 18, 53, 28158 }, // U+629C
    { 21, 20, 333, 0, 18, 53, 28211 }, // U+629E
    { 20, 20, 333, 0, 18, 50, 28264 }, // U+62BC
    { 20, 20, 333, 0, 18, 50, 28314 }, // U+6357
    { 20, 20, 333, 0, 18, 50, 28364 }, // U+63A5
    { 20, 20, 333, 0, 18, 50, 28414 }, // U+63C3
    { 21, 20, 333, 0, 18, 53, 28464 }, // U+64CD
    { 21, 20, 333, 0, 18, 53, 28517 }, // U+6557
    { 21, 20, 333, 0, 18, 53, 28570 }, // U+6570
    { 21, 20, 333, 0, 18, 53, 28623 }, // U+6587
    { 20, 20, 333, 0, 18, 50, 28676 }, // U+65B0
    { 21, 19, 333, 0, 17, 50, 28726 }, // U+65E2
    { 15, 18, 333, 3, 16, 34, 28776 }, // U+65E5
    { 20, 20, 333, 1, 18, 50, 28810 }, // U+6642
    { 20, 20, 333, 1, 18, 50, 28860 }, // U+6697
    { 21, 19, 333, 0, 17, 50, 28910 }, // U+66F4
    { 19, 20, 333, 1, 18, 48, 28960 }, // U+66F8
    { 21, 20, 333, 0, 18, 53, 29008 }, // U+66FF
    { 20, 19, 333, 1, 17, 48, 29061 }, // U+6700
    { 20, 19, 333, 0, 17, 48, 29109 }, // U+671F
    { 21, 20, 333, 0, 18, 53, 29157 }, // U+672A
    { 21, 20, 333, 0, 18, 53, 29210 }, // U+672B
    { 21, 20, 333, 0, 18, 53, 29263 }, // U+672C
    { 21, 20, 333, 0, 18, 53, 29316 }, // U+6790
    { 21, 20, 333, 0, 18, 53, 29369 }, // U+691C
    { 21, 20, 333, 0, 18, 53, 29422 }, // U+69CB
    { 21, 20, 333, 0, 18, 53, 29475 }, // U+6A19
    { 21, 20, 333, 0, 18, 53, 29528 }, // U+6A2A
    { 21, 20, 333, 0, 18, 53, 29581 }, // U+6B21
    { 19, 19, 333, 1, 18, 46, 29634 }, // U+6B62
    { 19, 17, 333, 1, 16, 41, 29680 }, // U+6B63
    { 21, 20, 333, 0, 18, 53, 29721 }, // U+6B8B
    { 21, 20, 333, 0, 18, 53, 29774 }, // U+6BB5
    { 20, 21, 333, 0, 18, 53, 29827 }, // U+6BCE
    { 21, 20, 333, 0, 18, 53, 29880 }, // U+6C7A
    { 21, 20, 333, 0, 18, 53, 29933 }, // U+6CE8
    { 20, 20, 333, 0, 18, 50, 29986 }, // U+6D88
    { 21, 20, 333, 0, 18, 53, 30036 }, // U+6DFB
    { 21, 20, 333, 0, 18, 53, 30089 }, // U+6E08
    { 21, 20, 333, 0, 18, 53, 30142 }, // U+6E90
    { 20, 20, 333, 0, 18, 50, 30195 }, // U+6E96
    { 20, 20, 333, 0, 18, 50, 30245 }, // U+7121
    { 20, 19, 333, 0, 17, 48, 30295 }, // U+7167
    { 20, 20, 333, 0, 18, 50, 30343 }, // U+7279
    { 21, 20, 333, 0, 18, 53, 30393 }, // U+72B6
    { 21, 20, 333, 0, 18, 53, 30446 }, // U+72ED
    { 19, 20, 333, 1, 18, 48, 30499 }, // U+7387
    { 21, 19, 333, 0, 17, 50, 30547 }, // U+73FE
    { 19, 18, 333, 0, 16, 43, 30597 }, // U+7528
    { 19, 19, 333, 1, 17, 46, 30640 }, // U+753B
    { 21, 20, 333, 0, 18, 53, 30686 }, // U+756A
    { 16, 20, 333, 2, 18, 40, 30739 }, // U+767D
    { 19, 20, 333, 1, 18, 48, 30779 }, // U+7684
    { 15, 19, 333, 3, 17, 36, 30827 }, // U+76EE
    { 20, 20, 333, 0, 18, 50, 30863 }, // U+77ED
    { 20, 20, 333, 0, 18, 50, 30913 }, // U+78BA
    { 20, 18, 333, 0, 16, 45, 30963 }, // U+793A
    { 21, 20, 333, 0, 18, 53, 31008 }, // U+79D2
    { 21, 20, 333, 0, 18, 53, 31061 }, // U+79FB
    { 19, 19, 333, 1, 18, 46, 31114 }, // U+7A7A
    { 20, 20, 333, 0, 18, 50, 31160 }, // U+7AE0
    { 20, 20, 333, 0, 18, 50, 31210 }, // U+7AEF
    { 20, 20, 333, 0, 18, 50, 31260 }, // U+7B2C
    { 20, 20, 333, 0, 18, 50, 31310 }, // U+7B97
    { 21, 20, 333, 0, 18, 53, 31360 }, // U+7BC4
    { 20, 20, 333, 0, 18, 50, 31413 }, // U+7C4D
    { 21, 21, 333, 0, 18, 56, 31463 }, // U+7D19
    { 20, 20, 333, 0, 18, 50, 31519 }, // U+7D22
    { 20, 20, 333, 0, 18, 50, 31569 }, // U+7D30
    { 21, 20, 333, 0, 18, 53, 31619 }, // U+7D42
    { 21, 20, 333, 0, 18, 53, 31672 }, // U+7D9A
    { 20, 20, 333, 0, 18, 50, 31725 }, // U+7DE8
    { 21, 20, 333, 0, 18, 53, 31775 }, // U+7E26
    { 19, 19, 333, 1, 17, 46, 31828 }, // U+7F6E
    { 20, 20, 333, 0, 18, 50, 31874 }, // U+811A
    { 15, 20, 333, 3, 18, 38, 31924 }, // U+81EA
    { 21, 20, 333, 0, 18, 53, 31962 }, // U+822C
    { 20, 20, 333, 0, 18, 50, 32015 }, // U+8272
    { 21, 20, 333, 0, 18, 53, 32065 }, // U+843D
    { 20, 20, 333, 0, 18, 50, 32118 }, // U+884C
    { 21, 20, 333, 0, 18, 53, 32168 }, // U+8868
    { 20, 20, 333, 0, 18, 50, 32221 }, // U+88DC
    { 20, 19, 333, 0, 17, 48, 32271 }, // U+8981
    { 21, 19, 333, 0, 17, 50, 32319 }, // U+898B
    { 21, 20, 333, 0, 18, 53, 32369 }, // U+8996
    { 21, 20, 333, 0, 18, 53, 32422 }, // U+89E3
    { 19, 19, 333, 1, 17, 46, 32475 }, // U+8A00
    { 21, 20, 333, 0, 18, 53, 32521 }, // U+8A08
    { 21, 19, 333, 0, 17, 50, 32574 }, // U+8A18
    { 21, 19, 333, 0, 17, 50, 32624 }, // U+8A2D
    { 21, 19, 333, 0, 17, 50, 32674 }, // U+8A3C
    { 21, 20, 333, 0, 18, 53, 32724 }, // U+8A66
    { 21, 20, 333, 0, 18, 53, 32777 }, // U+8A73
    { 21, 19, 333, 0, 17, 50, 32830 }, // U+8A8D
    { 21, 19, 333, 0, 17, 50, 32880 }, // U+8A9E
    { 21, 20, 333, 0, 18, 53, 32930 }, // U+8AAD
    { 21, 20, 333, 0, 18, 53, 32983 }, // U+8D77
    { 21, 20, 333, 0, 18, 53, 33036 }, // U+8EE2
    { 21, 20, 333, 0, 18, 53, 33089 }, // U+8FBC
    { 21, 20, 333, 0, 18, 53, 33142 }, // U+8FD1
    { 21, 20, 333, 0, 18, 53, 33195 }, // U+8FFD
    { 21, 20, 333, 0, 18, 53, 33248 }, // U+9000
    { 21, 20, 333, 0, 18, 53, 33301 }, // U+9001
    { 21, 20, 333, 0, 18, 53, 33354 }, // U+9006
    { 21, 20, 333, 0, 18, 53, 33407 }, // U+9032
    { 21, 20, 333, 0, 18, 53, 33460 }, // U+9069
    { 21, 20, 333, 0, 18, 53, 33513 }, // U+9078
    { 20, 19, 333, 1, 17, 48, 33566 }, // U+914D
    { 20, 19, 333, 0, 17, 48, 33614 }, // U+91CF
    { 21, 20, 333, 0, 18, 53, 33662 }, // U+9332
    { 20, 19, 333, 1, 17, 48, 33715 }, // U+9577
    { 19, 19, 333, 1, 17, 46, 33763 }, // U+958B
    { 19, 19, 333, 1, 17, 46, 33809 }, // U+9593
    { 20, 20, 333, 1, 18, 50, 33855 }, // U+9664
    { 20, 20, 333, 1, 18, 50, 33905 }, // U+969B
    { 19, 20, 333, 1, 18, 48, 33955 }, // U+969C
    { 19, 20, 333, 1, 18, 48, 34003 }, // U+96A0
    { 21, 20, 333, 0, 18, 53, 34051 }, // U+96C6
    { 20, 19, 333, 1, 17, 48, 34104 }, // U+96FB
    { 20, 20, 333, 0, 18, 50, 34152 }, // U+975E
    { 19, 19, 333, 1, 17, 46, 34202 }, // U+9762
    { 21, 19, 333, 0, 17, 50, 34248 }, // U+9805
    { 21, 20, 333, 0, 18, 53, 34298 }, // U+983B
    { 16, 16, 259, 1, 16, 32, 34351 }, // U+FB00
    { 12, 16, 214, 1, 16, 24, 34383 }, // U+FB01
    { 13, 16, 221, 1, 16, 26, 34407 }, // U+FB02
    { 20, 16, 344, 1, 16, 40, 34433 }, // U+FB03
    { 21, 16, 351, 1, 16, 42, 34473 }, // U+FB04
};

static const EpdUnicodeInterval ubuntu_10_regularIntervals[] = {
    { 0x0, 0x0, 0x0 },
    { 0x8, 0x9, 0x1 },
    { 0xD, 0xD, 0x3 },
    { 0x1D, 0x1D, 0x4 },
    { 0x20, 0x7E, 0x5 },
    { 0xA0, 0xFF, 0x64 },
    { 0x100, 0x17F, 0xC4 },
    { 0x1A0, 0x1A1, 0x144 },
    { 0x1AF, 0x1B0, 0x146 },
    { 0x1C4, 0x21F, 0x148 },
    { 0x311, 0x311, 0x1A4 },
    { 0x400, 0x45F, 0x1A5 },
    { 0x462, 0x463, 0x205 },
    { 0x472, 0x475, 0x207 },
    { 0x48A, 0x4F9, 0x20B },
    { 0x1EF2, 0x1EF3, 0x27B },
    { 0x2013, 0x2015, 0x27D },
    { 0x2018, 0x201A, 0x280 },
    { 0x201C, 0x201E, 0x283 },
    { 0x2020, 0x2022, 0x286 },
    { 0x2026, 0x2026, 0x289 },
    { 0x2030, 0x2030, 0x28A },
    { 0x2039, 0x203A, 0x28B },
    { 0x2044, 0x2044, 0x28D },
    { 0x2070, 0x2070, 0x28E },
    { 0x2074, 0x2079, 0x28F },
    { 0x2080, 0x2089, 0x295 },
    { 0x20AC, 0x20AC, 0x29F },
    { 0x20AE, 0x20AE, 0x2A0 },
    { 0x20B4, 0x20B4, 0x2A1 },
    { 0x20B9, 0x20B9, 0x2A2 },
    { 0x2202, 0x2202, 0x2A3 },
    { 0x2206, 0x2206, 0x2A4 },
    { 0x220F, 0x220F, 0x2A5 },
    { 0x2211, 0x2212, 0x2A6 },
    { 0x2215, 0x2215, 0x2A8 },
    { 0x2219, 0x221A, 0x2A9 },
    { 0x221E, 0x221E, 0x2AB },
    { 0x222B, 0x222B, 0x2AC },
    { 0x2248, 0x2248, 0x2AD },
    { 0x2260, 0x2260, 0x2AE },
    { 0x2264, 0x2265, 0x2AF },
    { 0x3000, 0x303F, 0x2B1 },
    { 0x3041, 0x3096, 0x2F1 },
    { 0x3099, 0x309F, 0x347 },
    { 0x30A0, 0x30FF, 0x34E },
    { 0x4E00, 0x4E00, 0x3AE },
    { 0x4E0A, 0x4E0B, 0x3AF },
    { 0x4E21, 0x4E21, 0x3B1 },
    { 0x4E2D, 0x4E2D, 0x3B2 },
    { 0x4E86, 0x4E86, 0x3B3 },
    { 0x4ED6, 0x4ED6, 0x3B4 },
    { 0x4ED8, 0x4ED8, 0x3B5 },
    { 0x4EF6, 0x4EF6, 0x3B6 },
    { 0x4F4D, 0x4F4D, 0x3B7 },
    { 0x4F53, 0x4F53, 0x3B8 },
    { 0x4F59, 0x4F59, 0x3B9 },
    { 0x4F5C, 0x4F5C, 0x3BA },
    { 0x4F7F, 0x4F7F, 0x3BB },
    { 0x4FDD, 0x4FDD, 0x3BC },
    { 0x4FE1, 0x4FE1, 0x3BD },
    { 0x5099, 0x5099, 0x3BE },
    { 0x50BE, 0x50BE, 0x3BF },
    { 0x50CF, 0x50CF, 0x3C0 },
    { 0x5148, 0x5149, 0x3C1 },
    { 0x5165, 0x5165, 0x3C3 },
    { 0x5168, 0x5168, 0x3C4 },
    { 0x5185, 0x5185, 0x3C5 },
    { 0x518D, 0x518D, 0x3C6 },
    { 0x51FA, 0x51FA, 0x3C7 },
    { 0x5206, 0x5207, 0x3C8 },
    { 0x523B, 0x523B, 0x3CA },
    { 0x524A, 0x524A, 0x3CB },
    { 0x524D, 0x524D, 0x3CC },
    { 0x526F, 0x526F, 0x3CD },
    { 0x5272, 0x5272, 0x3CE },
    { 0x529B, 0x529B, 0x3CF },
    { 0x529F, 0x52A0, 0x3D0 },
    { 0x52B9, 0x52B9, 0x3D2 },
    { 0x52D5, 0x52D5, 0x3D3 },
    { 0x5316, 0x5316, 0x3D4 },
    { 0x539F, 0x539F, 0x3D5 },
    { 0x53BB, 0x53BB, 0x3D6 },
    { 0x53CD, 0x53CE, 0x3D7 },
    { 0x53D6, 0x53D7, 0x3D9 },
    { 0x53F3, 0x53F3, 0x3DB },
    { 0x53F7, 0x53F7, 0x3DC },
    { 0x5404, 0x5404, 0x3DD },
    { 0x5408, 0x5408, 0x3DE },
    { 0x540C, 0x540D, 0x3DF },
    { 0x5411, 0x5411, 0x3E1 },
    { 0x544A, 0x544A, 0x3E2 },
    { 0x56DE, 0x56DE, 0x3E3 },
    { 0x56E0, 0x56E0, 0x3E4 },
    { 0x56F2, 0x56F2, 0x3E5 },
    { 0x5728, 0x5728, 0x3E6 },
    { 0x57CB, 0x57CB, 0x3E7 },
    { 0x5831, 0x5831, 0x3E8 },
    { 0x5834, 0x5834, 0x3E9 },
    { 0x5909, 0x5909, 0x3EA },
    { 0x5916, 0x5916, 0x3EB },
    { 0x5927, 0x5927, 0x3EC },
    { 0x592A, 0x592A, 0x3ED },
    { 0x592E, 0x592E, 0x3EE },
    { 0x5931, 0x5931, 0x3EF },
    { 0x5B57, 0x5B58, 0x3F0 },
    { 0x5B8C, 0x5B8C, 0x3F2 },
    { 0x5B9A, 0x5B9B, 0x3F3 },
    { 0x5BB3, 0x5BB3, 0x3F5 },
    { 0x5C0E, 0x5C0F, 0x3F6 },
    { 0x5C3E, 0x5C3E, 0x3F8 },
    { 0x5DE6, 0x5DE6, 0x3F9 },
    { 0x5E38, 0x5E38, 0x3FA },
    { 0x5E83, 0x5E83, 0x3FB },
    { 0x5EA6, 0x5EA6, 0x3FC },
    { 0x5F53, 0x5F53, 0x3FD },
    { 0x5F79, 0x5F79, 0x3FE },
    { 0x5F97, 0x5F97, 0x3FF },
    { 0x5FC5, 0x5FC5, 0x400 },
    { 0x60C5, 0x60C5, 0x401 },
    { 0x614B, 0x614B, 0x402 },
    { 0x6210, 0x6210, 0x403 },
    { 0x623B, 0x623B, 0x404 },
    { 0x629C, 0x629C, 0x405 },
    { 0x629E, 0x629E, 0x406 },
    { 0x62BC, 0x62BC, 0x407 },
    { 0x6357, 0x6357, 0x408 },
    { 0x63A5, 0x63A5, 0x409 },
    { 0x63C3, 0x63C3, 0x40A },
    { 0x64CD, 0x64CD, 0x40B },
    { 0x6557, 0x6557, 0x40C },
    { 0x6570, 0x6570, 0x40D },
    { 0x6587, 0x6587, 0x40E },
    { 0x65B0, 0x65B0, 0x40F },
    { 0x65E2, 0x65E2, 0x410 },
    { 0x65E5, 0x65E5, 0x411 },
    { 0x6642, 0x6642, 0x412 },
    { 0x6697, 0x6697, 0x413 },
    { 0x66F4, 0x66F4, 0x414 },
    { 0x66F8, 0x66F8, 0x415 },
    { 0x66FF, 0x6700, 0x416 },
    { 0x671F, 0x671F, 0x418 },
    { 0x672A, 0x672C, 0x419 },
    { 0x6790, 0x6790, 0x41C },
    { 0x691C, 0x691C, 0x41D },
    { 0x69CB, 0x69CB, 0x41E },
    { 0x6A19, 0x6A19, 0x41F },
    { 0x6A2A, 0x6A2A, 0x420 },
    { 0x6B21, 0x6B21, 0x421 },
    { 0x6B62, 0x6B63, 0x422 },
    { 0x6B8B, 0x6B8B, 0x424 },
    { 0x6BB5, 0x6BB5, 0x425 },
    { 0x6BCE, 0x6BCE, 0x426 },
    { 0x6C7A, 0x6C7A, 0x427 },
    { 0x6CE8, 0x6CE8, 0x428 },
    { 0x6D88, 0x6D88, 0x429 },
    { 0x6DFB, 0x6DFB, 0x42A },
    { 0x6E08, 0x6E08, 0x42B },
    { 0x6E90, 0x6E90, 0x42C },
    { 0x6E96, 0x6E96, 0x42D },
    { 0x7121, 0x7121, 0x42E },
    { 0x7167, 0x7167, 0x42F },
    { 0x7279, 0x7279, 0x430 },
    { 0x72B6, 0x72B6, 0x431 },
    { 0x72ED, 0x72ED, 0x432 },
    { 0x7387, 0x7387, 0x433 },
    { 0x73FE, 0x73FE, 0x434 },
    { 0x7528, 0x7528, 0x435 },
    { 0x753B, 0x753B, 0x436 },
    { 0x756A, 0x756A, 0x437 },
    { 0x767D, 0x767D, 0x438 },
    { 0x7684, 0x7684, 0x439 },
    { 0x76EE, 0x76EE, 0x43A },
    { 0x77ED, 0x77ED, 0x43B },
    { 0x78BA, 0x78BA, 0x43C },
    { 0x793A, 0x793A, 0x43D },
    { 0x79D2, 0x79D2, 0x43E },
    { 0x79FB, 0x79FB, 0x43F },
    { 0x7A7A, 0x7A7A, 0x440 },
    { 0x7AE0, 0x7AE0, 0x441 },
    { 0x7AEF, 0x7AEF, 0x442 },
    { 0x7B2C, 0x7B2C, 0x443 },
    { 0x7B97, 0x7B97, 0x444 },
    { 0x7BC4, 0x7BC4, 0x445 },
    { 0x7C4D, 0x7C4D, 0x446 },
    { 0x7D19, 0x7D19, 0x447 },
    { 0x7D22, 0x7D22, 0x448 },
    { 0x7D30, 0x7D30, 0x449 },
    { 0x7D42, 0x7D42, 0x44A },
    { 0x7D9A, 0x7D9A, 0x44B },
    { 0x7DE8, 0x7DE8, 0x44C },
    { 0x7E26, 0x7E26, 0x44D },
    { 0x7F6E, 0x7F6E, 0x44E },
    { 0x811A, 0x811A, 0x44F },
    { 0x81EA, 0x81EA, 0x450 },
    { 0x822C, 0x822C, 0x451 },
    { 0x8272, 0x8272, 0x452 },
    { 0x843D, 0x843D, 0x453 },
    { 0x884C, 0x884C, 0x454 },
    { 0x8868, 0x8868, 0x455 },
    { 0x88DC, 0x88DC, 0x456 },
    { 0x8981, 0x8981, 0x457 },
    { 0x898B, 0x898B, 0x458 },
    { 0x8996, 0x8996, 0x459 },
    { 0x89E3, 0x89E3, 0x45A },
    { 0x8A00, 0x8A00, 0x45B },
    { 0x8A08, 0x8A08, 0x45C },
    { 0x8A18, 0x8A18, 0x45D },
    { 0x8A2D, 0x8A2D, 0x45E },
    { 0x8A3C, 0x8A3C, 0x45F },
    { 0x8A66, 0x8A66, 0x460 },
    { 0x8A73, 0x8A73, 0x461 },
    { 0x8A8D, 0x8A8D, 0x462 },
    { 0x8A9E, 0x8A9E, 0x463 },
    { 0x8AAD, 0x8AAD, 0x464 },
    { 0x8D77, 0x8D77, 0x465 },
    { 0x8EE2, 0x8EE2, 0x466 },
    { 0x8FBC, 0x8FBC, 0x467 },
    { 0x8FD1, 0x8FD1, 0x468 },
    { 0x8FFD, 0x8FFD, 0x469 },
    { 0x9000, 0x9001, 0x46A },
    { 0x9006, 0x9006, 0x46C },
    { 0x9032, 0x9032, 0x46D },
    { 0x9069, 0x9069, 0x46E },
    { 0x9078, 0x9078, 0x46F },
    { 0x914D, 0x914D, 0x470 },
    { 0x91CF, 0x91CF, 0x471 },
    { 0x9332, 0x9332, 0x472 },
    { 0x9577, 0x9577, 0x473 },
    { 0x958B, 0x958B, 0x474 },
    { 0x9593, 0x9593, 0x475 },
    { 0x9664, 0x9664, 0x476 },
    { 0x969B, 0x969C, 0x477 },
    { 0x96A0, 0x96A0, 0x479 },
    { 0x96C6, 0x96C6, 0x47A },
    { 0x96FB, 0x96FB, 0x47B },
    { 0x975E, 0x975E, 0x47C },
    { 0x9762, 0x9762, 0x47D },
    { 0x9805, 0x9805, 0x47E },
    { 0x983B, 0x983B, 0x47F },
    { 0xFB00, 0xFB04, 0x480 },
};

static const EpdLigaturePair ubuntu_10_regularLigaturePairs[] = {
    { 0x00660066, 0xFB00 }, // f f -> U+FB00
    { 0x00660069, 0xFB01 }, // f i -> U+FB01
    { 0x0066006C, 0xFB02 }, // f l -> U+FB02
    { 0xFB000069, 0xFB03 }, // U+FB00 i -> U+FB03
    { 0xFB00006C, 0xFB04 }, // U+FB00 l -> U+FB04
};

static const EpdFontData ubuntu_10_regular = {
    ubuntu_10_regularBitmaps,
    ubuntu_10_regularGlyphs,
    ubuntu_10_regularIntervals,
    241,
    24,
    20,
    -4,
    false,
    nullptr,
    0,
    nullptr,
    nullptr,
    nullptr,
    nullptr,
    0,
    0,
    0,
    0,
    ubuntu_10_regularLigaturePairs,
    5,
};
